pair_id,side,source_record_id,actor_name,source_summary,speaker_marker,turn_start,turn_end,evidence_start,evidence_end,evidence_text,lexical_score,candidate_rank
8b9017a72effb414,earlier,52,Alexandre da Silva,"Exemplificou os diversos tipos de idadismo: estrutural, cultural e internalizado.",O SR. ALEXANDRE DA SILVA,2733,17002,7222,7262,E o idadismo também pode ser estrutural.,0.3636,1
8b9017a72effb414,earlier,52,Alexandre da Silva,"Exemplificou os diversos tipos de idadismo: estrutural, cultural e internalizado.",O SR. ALEXANDRE DA SILVA,2733,17002,9301,9354,E a pior manifestação do idadismo é a internalização.,0.1818,2
8b9017a72effb414,earlier,52,Alexandre da Silva,"Exemplificou os diversos tipos de idadismo: estrutural, cultural e internalizado.",O SR. ALEXANDRE DA SILVA,2733,17002,7902,7961,"Há também o idadismo institucional, que ocorre diariamente.",0.1667,3
8b9017a72effb414,earlier,52,Alexandre da Silva,"Exemplificou os diversos tipos de idadismo: estrutural, cultural e internalizado.",O SR. ALEXANDRE DA SILVA,2733,17002,4651,4740,Nós temos algo em torno de 13% a 15% de pessoas idosas nos diversos Municípios do Brasil.,0.1333,4
8b9017a72effb414,earlier,52,Alexandre da Silva,"Exemplificou os diversos tipos de idadismo: estrutural, cultural e internalizado.",O SR. ALEXANDRE DA SILVA,2733,17002,6755,6861,"É importante, nesta discussão sobre o idadismo, trazer um novo significado para as palavras velho e velha.",0.1176,5
8b9017a72effb414,later,41,Alexandre da Silva,Lembrou que tratados relativos a pessoas com deficiência e contra o racismo foram aprovados de maneira qualificada.,O SR. ALEXANDRE DA SILVA,33151,42327,36137,36326,"5º da Constituição Federal, para garantir ostatusde emenda constitucional, o que já foi feito para outros grupos, como o de pessoas com deficiência, e também na questão da igualdade racial.",0.1429,1
8b9017a72effb414,later,41,Alexandre da Silva,Lembrou que tratados relativos a pessoas com deficiência e contra o racismo foram aprovados de maneira qualificada.,O SR. ALEXANDRE DA SILVA,33151,42327,33151,33190,Boa tarde a todas as pessoas presentes.,0.125,2
8b9017a72effb414,later,41,Alexandre da Silva,Lembrou que tratados relativos a pessoas com deficiência e contra o racismo foram aprovados de maneira qualificada.,O SR. ALEXANDRE DA SILVA,56859,57969,57101,57171,Quero lembrar que falar do envelhecimento é falar de todas as pessoas.,0.1176,3
8b9017a72effb414,later,41,Alexandre da Silva,Lembrou que tratados relativos a pessoas com deficiência e contra o racismo foram aprovados de maneira qualificada.,O SR. ALEXANDRE DA SILVA,56859,57969,57249,57323,E que as pessoas que já chegaram aos 60 anos possam também envelhecer bem.,0.1111,4
8b9017a72effb414,later,41,Alexandre da Silva,Lembrou que tratados relativos a pessoas com deficiência e contra o racismo foram aprovados de maneira qualificada.,O SR. ALEXANDRE DA SILVA,33151,42327,33473,33534,"Todas as pessoas idosas presentes, que bom encontrá-las aqui!",0.1053,5
370ab0f946469bab,earlier,52,Alexandre da Silva,Idadismo cultural ocorre quando quem é velho é sempre tido como ultrapassado.,O SR. ALEXANDRE DA SILVA,2733,17002,6291,6497,"A discriminação pode ser cultural, por exemplo, quando percebemos que velho sempre é a outra pessoa, que velho é uma coisa ruim, que velho é uma coisa ultrapassada, que velho é uma coisa que não serve mais.",0.3077,1
370ab0f946469bab,earlier,52,Alexandre da Silva,Idadismo cultural ocorre quando quem é velho é sempre tido como ultrapassado.,O SR. ALEXANDRE DA SILVA,2733,17002,7902,7961,"Há também o idadismo institucional, que ocorre diariamente.",0.2667,2
370ab0f946469bab,earlier,52,Alexandre da Silva,Idadismo cultural ocorre quando quem é velho é sempre tido como ultrapassado.,O SR. ALEXANDRE DA SILVA,2733,17002,5746,5867,"No entanto, quando você é mais velho e sofre idadismo por isso, no próximo ano será pior, porque estará mais velho ainda.",0.24,3
370ab0f946469bab,earlier,52,Alexandre da Silva,Idadismo cultural ocorre quando quem é velho é sempre tido como ultrapassado.,O SR. ALEXANDRE DA SILVA,2733,17002,6755,6861,"É importante, nesta discussão sobre o idadismo, trazer um novo significado para as palavras velho e velha.",0.2,4
370ab0f946469bab,earlier,52,Alexandre da Silva,Idadismo cultural ocorre quando quem é velho é sempre tido como ultrapassado.,O SR. ALEXANDRE DA SILVA,2733,17002,5423,5510,"Os mais jovens também sofrem o idadismo quando dizem:""Ah, você é muito jovem para isso!",0.1905,5
370ab0f946469bab,later,155,Alexandre da Silva,"Apontou a relevância do trabalho e da aposentadoria como papel social e citou a discriminação quanto à idade, chamada de idadismo, etarismo ou ageísmo, como uma barreira: ""Os espaços onde as pessoas idosas possam ocupar, a forma como elas podem desenvolver a sua cidadania é, sim, muito marcada por essa discriminação que as afeta constantemente. E isso vai gerando inseguranças e um cenário muito ruim. A gente vê, infelizmente, algumas flexibilizações das leis trabalhistas que as deixam mais inseguras de poder ter uma aposentadoria, ter uma pensão.""",O SR. ALEXANDRE DA SILVA,33453,52063,36749,36966,"Então, os espaços que as pessoas idosas possam ocupar, os direitos que elas possam ter, a forma como elas podem desenvolver a sua cidadania são, sim, muito marcados por essa discriminação, que as afeta constantemente.",0.4932,1
370ab0f946469bab,later,155,Alexandre da Silva,"Apontou a relevância do trabalho e da aposentadoria como papel social e citou a discriminação quanto à idade, chamada de idadismo, etarismo ou ageísmo, como uma barreira: ""Os espaços onde as pessoas idosas possam ocupar, a forma como elas podem desenvolver a sua cidadania é, sim, muito marcada por essa discriminação que as afeta constantemente. E isso vai gerando inseguranças e um cenário muito ruim. A gente vê, infelizmente, algumas flexibilizações das leis trabalhistas que as deixam mais inseguras de poder ter uma aposentadoria, ter uma pensão.""",O SR. ALEXANDRE DA SILVA,33453,52063,37038,37187,"Vemos, infelizmente, algumas flexibilizações a leis trabalhistas que deixam mais inseguras as pessoas de poder ter uma aposentadoria, ter uma pensão.",0.4,2
370ab0f946469bab,later,155,Alexandre da Silva,"Apontou a relevância do trabalho e da aposentadoria como papel social e citou a discriminação quanto à idade, chamada de idadismo, etarismo ou ageísmo, como uma barreira: ""Os espaços onde as pessoas idosas possam ocupar, a forma como elas podem desenvolver a sua cidadania é, sim, muito marcada por essa discriminação que as afeta constantemente. E isso vai gerando inseguranças e um cenário muito ruim. A gente vê, infelizmente, algumas flexibilizações das leis trabalhistas que as deixam mais inseguras de poder ter uma aposentadoria, ter uma pensão.""",O SR. ALEXANDRE DA SILVA,33453,52063,36967,37037,"Isso vai gerando inseguranças, isso vai gerando um cenário muito ruim.",0.2414,3
370ab0f946469bab,later,155,Alexandre da Silva,"Apontou a relevância do trabalho e da aposentadoria como papel social e citou a discriminação quanto à idade, chamada de idadismo, etarismo ou ageísmo, como uma barreira: ""Os espaços onde as pessoas idosas possam ocupar, a forma como elas podem desenvolver a sua cidadania é, sim, muito marcada por essa discriminação que as afeta constantemente. E isso vai gerando inseguranças e um cenário muito ruim. A gente vê, infelizmente, algumas flexibilizações das leis trabalhistas que as deixam mais inseguras de poder ter uma aposentadoria, ter uma pensão.""",O SR. ALEXANDRE DA SILVA,33453,52063,43065,43325,"Então, essa gestão está muito preocupada em fazer um diagnóstico, junto com o IBGE, junto com o MDS, para entender também quais são essas ILPIs, como elas estão funcionando e o quanto elas têm permitido dignidade e independência para essas pessoas mais velhas.",0.175,4
370ab0f946469bab,later,155,Alexandre da Silva,"Apontou a relevância do trabalho e da aposentadoria como papel social e citou a discriminação quanto à idade, chamada de idadismo, etarismo ou ageísmo, como uma barreira: ""Os espaços onde as pessoas idosas possam ocupar, a forma como elas podem desenvolver a sua cidadania é, sim, muito marcada por essa discriminação que as afeta constantemente. E isso vai gerando inseguranças e um cenário muito ruim. A gente vê, infelizmente, algumas flexibilizações das leis trabalhistas que as deixam mais inseguras de poder ter uma aposentadoria, ter uma pensão.""",O SR. ALEXANDRE DA SILVA,33453,52063,36229,36324,"E aqui falo do trabalho no sentido mais amplo, o trabalho como um papel social que nos envolve.",0.1639,5
62551a12ba0d40a1,earlier,149,Alexandre Lindenmeyer,"Preocupação com os recentes dados demográficos brasileiros que projetam para o ano de 2060 uma proporção de uma pessoa idosa (acima de 60 anos) para 1,6 pessoa na faixa de idade entre 14 e 59 anos: ""É importante que o Estado brasileiro se prepare, com ações de curto, médio e longo prazos, para uma outra realidade demográfica, com a diminuição da natalidade e o aumento da população idosa.""",O SR. PRESIDENTE(Alexandre Lindenmeyer. Bloco/PT - RS),57,4171,2861,3101,"Além disso, há alguns dados que nos preocupam, que nos chamam a atenção e que demandam a necessidade de que o Estado brasileiro, no curto, médio e longo prazo, possa estar preparado para uma outra realidade em relação à questão demográfica.",0.3273,1
62551a12ba0d40a1,earlier,149,Alexandre Lindenmeyer,"Preocupação com os recentes dados demográficos brasileiros que projetam para o ano de 2060 uma proporção de uma pessoa idosa (acima de 60 anos) para 1,6 pessoa na faixa de idade entre 14 e 59 anos: ""É importante que o Estado brasileiro se prepare, com ações de curto, médio e longo prazos, para uma outra realidade demográfica, com a diminuição da natalidade e o aumento da população idosa.""",O SR. PRESIDENTE(Alexandre Lindenmeyer. Bloco/PT - RS),57,4171,3336,3463,"E se projeta que, talvez, já em 2060, nós tenhamos, para cada pessoa com mais de 60 anos, 1,6 pessoas na faixa de 14 a 59 anos.",0.1905,2
62551a12ba0d40a1,earlier,149,Alexandre Lindenmeyer,"Preocupação com os recentes dados demográficos brasileiros que projetam para o ano de 2060 uma proporção de uma pessoa idosa (acima de 60 anos) para 1,6 pessoa na faixa de idade entre 14 e 59 anos: ""É importante que o Estado brasileiro se prepare, com ações de curto, médio e longo prazos, para uma outra realidade demográfica, com a diminuição da natalidade e o aumento da população idosa.""",O SR. PRESIDENTE(Alexandre Lindenmeyer. Bloco/PT - RS),57,4171,1936,2148,"Izabel Guimarães Marri, Gerente de Estudos e Análises da Dinâmica Demográfica da Coordenação de População e Indicadores Sociais da Diretoria de Pesquisas do Instituto Brasileiro de Geografia e Estatística — IBGE.",0.1176,3
62551a12ba0d40a1,earlier,149,Alexandre Lindenmeyer,"Preocupação com os recentes dados demográficos brasileiros que projetam para o ano de 2060 uma proporção de uma pessoa idosa (acima de 60 anos) para 1,6 pessoa na faixa de idade entre 14 e 59 anos: ""É importante que o Estado brasileiro se prepare, com ações de curto, médio e longo prazos, para uma outra realidade demográfica, com a diminuição da natalidade e o aumento da população idosa.""",O SR. PRESIDENTE(Alexandre Lindenmeyer. Bloco/PT - RS),64419,64867,64601,64815,"Izabel Guimarães Marri, Gerente de Estudos e Análises da Dinâmica Demográfica, da Coordenação de População e Indicadores Sociais, da Diretoria de Pesquisas do Instituto Brasileiro de Geografia e Estatística — IBGE.",0.1176,4
62551a12ba0d40a1,earlier,149,Alexandre Lindenmeyer,"Preocupação com os recentes dados demográficos brasileiros que projetam para o ano de 2060 uma proporção de uma pessoa idosa (acima de 60 anos) para 1,6 pessoa na faixa de idade entre 14 e 59 anos: ""É importante que o Estado brasileiro se prepare, com ações de curto, médio e longo prazos, para uma outra realidade demográfica, com a diminuição da natalidade e o aumento da população idosa.""",O SR. PRESIDENTE(Alexandre Lindenmeyer. Bloco/PT - RS),57,4171,101,201,Declaro aberta esta reunião de audiência pública da Comissão de Defesa dos Direitos da Pessoa Idosa.,0.093,5
62551a12ba0d40a1,later,120,Alexandre Lindenmeyer,"Lamentou a ausência de representantes das mineradoras que foram convidados para a audiência, mas não compareceram: ""Diante do contexto, nós não temos a participação do outro lado. É um tema que, por vezes, passa à margem do conhecimento da ampla maioria do povo brasileiro, mas é um tema recorrente para quem está vivendo na pele as suas dores e as suas perdas.""",O SR. PRESIDENTE(Alexandre Lindenmeyer. Bloco/PT - RS),100662,102840,101457,101555,"Este é um tema que passa, por vezes, à margem do conhecimento da ampla maioria do povo brasileiro.",0.4286,1
62551a12ba0d40a1,later,120,Alexandre Lindenmeyer,"Lamentou a ausência de representantes das mineradoras que foram convidados para a audiência, mas não compareceram: ""Diante do contexto, nós não temos a participação do outro lado. É um tema que, por vezes, passa à margem do conhecimento da ampla maioria do povo brasileiro, mas é um tema recorrente para quem está vivendo na pele as suas dores e as suas perdas.""",O SR. PRESIDENTE(Alexandre Lindenmeyer. Bloco/PT - RS),100662,102840,101556,101660,"Fica à margem, mas é um assunto recorrente para quem está vivendo na pele as suas dores, as suas perdas.",0.4186,2
62551a12ba0d40a1,later,120,Alexandre Lindenmeyer,"Lamentou a ausência de representantes das mineradoras que foram convidados para a audiência, mas não compareceram: ""Diante do contexto, nós não temos a participação do outro lado. É um tema que, por vezes, passa à margem do conhecimento da ampla maioria do povo brasileiro, mas é um tema recorrente para quem está vivendo na pele as suas dores e as suas perdas.""",O SR. PRESIDENTE(Alexandre Lindenmeyer. Bloco/PT - RS),100662,102840,101858,101929,"Existe então todo esse contexto, e não há a participação do outro lado.",0.2439,3
62551a12ba0d40a1,later,120,Alexandre Lindenmeyer,"Lamentou a ausência de representantes das mineradoras que foram convidados para a audiência, mas não compareceram: ""Diante do contexto, nós não temos a participação do outro lado. É um tema que, por vezes, passa à margem do conhecimento da ampla maioria do povo brasileiro, mas é um tema recorrente para quem está vivendo na pele as suas dores e as suas perdas.""",O SR. PRESIDENTE(Alexandre Lindenmeyer. Bloco/PT - RS),100662,102840,102547,102600,Quem poderia fazer o contraditório não está presente.,0.1538,4
62551a12ba0d40a1,later,120,Alexandre Lindenmeyer,"Lamentou a ausência de representantes das mineradoras que foram convidados para a audiência, mas não compareceram: ""Diante do contexto, nós não temos a participação do outro lado. É um tema que, por vezes, passa à margem do conhecimento da ampla maioria do povo brasileiro, mas é um tema recorrente para quem está vivendo na pele as suas dores e as suas perdas.""",O SR. PRESIDENTE(Alexandre Lindenmeyer. Bloco/PT - RS),57,4096,3441,3715,"Antes de passar a palavra aos nossos convidados, registro que recebi do Diretor-Presidente do Instituto Brasileiro de Mineração, Raul Jungmann, justificativa de sua ausência nesta audiência pública para debater as condições do trabalho em mineração, em razão de viagem de S.",0.1429,5
9a442461500dc62e,earlier,195,Any Ortiz,"Acredita que a audiência pública com especialistas estrangeiros é um movimento de vanguarda no Parlamento brasileiro: ""Nós estamos aqui tendo uma grande oportunidade de enriquecer o debate, aprendendo com o que já foi construído em outros países, e a experiência que têm, considerando o fato de que os mercados digitais têm se expandido de forma exponencial nas últimas décadas com serviços de tecnologia e informação se tornando cada vez mais presentes na vida cotidiana das pessoas e empresas.""",A SRA. PRESIDENTE(Any Ortiz. Bloco/CIDADANIA - RS),53,6030,4917,5145,"Considerando o fato de que os mercados digitais têm se expandido de forma exponencial nas últimas décadas, com serviços de tecnologia e informação se tornando cada vez mais presentes na vida cotidiana das pessoas e das empresas.",0.6667,1
9a442461500dc62e,earlier,195,Any Ortiz,"Acredita que a audiência pública com especialistas estrangeiros é um movimento de vanguarda no Parlamento brasileiro: ""Nós estamos aqui tendo uma grande oportunidade de enriquecer o debate, aprendendo com o que já foi construído em outros países, e a experiência que têm, considerando o fato de que os mercados digitais têm se expandido de forma exponencial nas últimas décadas com serviços de tecnologia e informação se tornando cada vez mais presentes na vida cotidiana das pessoas e empresas.""",A SRA. PRESIDENTE(Any Ortiz. Bloco/CIDADANIA - RS),53,6030,4733,4915,"Nós estamos aqui tendo uma grande oportunidade de poder enriquecer cada vez mais o nosso debate, aprendendo com o que já foi construído em outros países e a experiência que eles têm.",0.5312,2
9a442461500dc62e,earlier,195,Any Ortiz,"Acredita que a audiência pública com especialistas estrangeiros é um movimento de vanguarda no Parlamento brasileiro: ""Nós estamos aqui tendo uma grande oportunidade de enriquecer o debate, aprendendo com o que já foi construído em outros países, e a experiência que têm, considerando o fato de que os mercados digitais têm se expandido de forma exponencial nas últimas décadas com serviços de tecnologia e informação se tornando cada vez mais presentes na vida cotidiana das pessoas e empresas.""",A SRA. PRESIDENTE(Any Ortiz. Bloco/CIDADANIA - RS),53,6030,3404,3625,"Esta audiência pública tem como objetivo analisar as experiências internacionais no desenvolvimento e regulamentação dos mercados digitais, buscando compreender os avanços, obstáculos e lições aprendidas em outros países.",0.2154,3
9a442461500dc62e,earlier,195,Any Ortiz,"Acredita que a audiência pública com especialistas estrangeiros é um movimento de vanguarda no Parlamento brasileiro: ""Nós estamos aqui tendo uma grande oportunidade de enriquecer o debate, aprendendo com o que já foi construído em outros países, e a experiência que têm, considerando o fato de que os mercados digitais têm se expandido de forma exponencial nas últimas décadas com serviços de tecnologia e informação se tornando cada vez mais presentes na vida cotidiana das pessoas e empresas.""",A SRA. PRESIDENTE(Any Ortiz. Bloco/CIDADANIA - RS),53,6030,4295,4500,"A realização dessa audiência pública será uma oportunidade única para ouvir as visões desses especialistas, bem como para debater as melhores práticas internacionais de regulamentação de mercados digitais.",0.1875,4
9a442461500dc62e,earlier,195,Any Ortiz,"Acredita que a audiência pública com especialistas estrangeiros é um movimento de vanguarda no Parlamento brasileiro: ""Nós estamos aqui tendo uma grande oportunidade de enriquecer o debate, aprendendo com o que já foi construído em outros países, e a experiência que têm, considerando o fato de que os mercados digitais têm se expandido de forma exponencial nas últimas décadas com serviços de tecnologia e informação se tornando cada vez mais presentes na vida cotidiana das pessoas e empresas.""",A SRA. PRESIDENTE(Any Ortiz. Bloco/CIDADANIA - RS),53,6030,53,316,"Declaro aberta a reunião de audiência pública da Comissão de Desenvolvimento Econômico da Câmara dos Deputados, que tem como objetivo debater as experiências internacionais no desenvolvimento e regulamentação dos mercados digitais, matéria do Projeto de Lei nº 2.",0.1515,5
9a442461500dc62e,later,179,Any Ortiz,"""Esta sequência de audiências públicas foi extremamente importante.""",A SRA. PRESIDENTE(Any Ortiz. Bloco/CIDADANIA - RS),66106,69486,66134,66352,"Eu quero agradecer a presença de todas vocês e dizer que esta sequência de audiências públicas foi extremamente importante para podermos discutir toda a complexidade que esse PL traz, com os diferentes pontos de vista.",0.4828,1
9a442461500dc62e,later,179,Any Ortiz,"""Esta sequência de audiências públicas foi extremamente importante.""",A SRA. PRESIDENTE(Any Ortiz. Bloco/CIDADANIA - RS),66106,69486,66883,67014,"Encerramos aqui esta sequência de quatro audiências públicas que fizemos para tratar deste tema, mas ainda não se encerra o debate.",0.3478,2
9a442461500dc62e,later,179,Any Ortiz,"""Esta sequência de audiências públicas foi extremamente importante.""",A SRA. PRESIDENTE(Any Ortiz. Bloco/CIDADANIA - RS),66106,69486,67607,67710,"O impacto que ele, na forma como foi apresentado, traz para a nossa economia é extremamente importante.",0.3333,3
9a442461500dc62e,later,179,Any Ortiz,"""Esta sequência de audiências públicas foi extremamente importante.""",A SRA. PRESIDENTE(Any Ortiz. Bloco/CIDADANIA - RS),66106,69486,66832,66882,Esta audiência pública de hoje foi a nossa última.,0.2857,4
9a442461500dc62e,later,179,Any Ortiz,"""Esta sequência de audiências públicas foi extremamente importante.""",A SRA. PRESIDENTE(Any Ortiz. Bloco/CIDADANIA - RS),57190,57538,57279,57412,"Eu sempre faço essa pergunta porque ela está colocada no texto como sugestão e foi trazida muitas vezes, inclusive em notas técnicas.",0.16,5
1f862b43757396e1,earlier,80,Augusto Coutinho,"Considerará, além do principal e do apensado, o PL 1202/07, também de Carlos Zarattini e pronto para o Plenário: ""A gente tem como harmonizar os projetos, acho que essa será a solução para que possamos avançar.""",O SR. PRESIDENTE(Augusto Coutinho. REPUBLICANOS - PE),77746,78612,77978,78032,Acho que essa é a solução para que consigamos avançar.,0.3077,1
1f862b43757396e1,earlier,80,Augusto Coutinho,"Considerará, além do principal e do apensado, o PL 1202/07, também de Carlos Zarattini e pronto para o Plenário: ""A gente tem como harmonizar os projetos, acho que essa será a solução para que possamos avançar.""",O SR. PRESIDENTE(Augusto Coutinho. REPUBLICANOS - PE),77746,78612,77920,77977,Temos como harmonizar esses projetos que estão em debate.,0.2143,2
1f862b43757396e1,earlier,80,Augusto Coutinho,"Considerará, além do principal e do apensado, o PL 1202/07, também de Carlos Zarattini e pronto para o Plenário: ""A gente tem como harmonizar os projetos, acho que essa será a solução para que possamos avançar.""",O SR. PRESIDENTE(Augusto Coutinho. REPUBLICANOS - PE),11680,13636,11812,12025,"Esse projeto de lei é de autoria do Governo Federal e está apensado a ele um projeto do Deputado Carlos Zarattini, que inclusive já foi aprovado aqui na CTASP e na CCJ e que aguarda, desde 2018, a ida ao plenário.",0.1818,3
1f862b43757396e1,earlier,80,Augusto Coutinho,"Considerará, além do principal e do apensado, o PL 1202/07, também de Carlos Zarattini e pronto para o Plenário: ""A gente tem como harmonizar os projetos, acho que essa será a solução para que possamos avançar.""",O SR. PRESIDENTE(Augusto Coutinho. REPUBLICANOS - PE),13692,14210,14000,14180,"Nós não compusemos a Mesa porque há mais gente para falar do que lugares à mesa e também queremos um pouco de agilidade na audiência pública, senão perderemos a sessão no plenário.",0.1538,4
1f862b43757396e1,earlier,80,Augusto Coutinho,"Considerará, além do principal e do apensado, o PL 1202/07, também de Carlos Zarattini e pronto para o Plenário: ""A gente tem como harmonizar os projetos, acho que essa será a solução para que possamos avançar.""",O SR. PRESIDENTE(Augusto Coutinho. REPUBLICANOS - PE),56,4068,2565,2628,"Este plenário precisa ser liberado, tem hora para ser liberado.",0.1481,5
1f862b43757396e1,later,87,Augusto Coutinho,"[A gente] vai construir um relatório que tente ser harmonioso, para que a gente avance com essa matéria e que até o meio deste ano, antes do recesso, a gente consiga oferecer ao Brasil uma legislação justa e que atenda uma necessidade que hoje é real na nossa vida.",O SR. AUGUSTO COUTINHO(Bloco/REPUBLICANOS - PE),219832,222582,221715,221951,"Vamos tentar construir um relatório harmonioso, para que avancemos com essa matéria e consigamos, até o meio deste ano, antes do recesso, oferecer ao Brasil uma legislação que seja justa, que atenda a uma necessidade real na nossa vida.",0.7843,1
1f862b43757396e1,later,87,Augusto Coutinho,"[A gente] vai construir um relatório que tente ser harmonioso, para que a gente avance com essa matéria e que até o meio deste ano, antes do recesso, a gente consiga oferecer ao Brasil uma legislação justa e que atenda uma necessidade que hoje é real na nossa vida.",O SR. AUGUSTO COUTINHO(Bloco/REPUBLICANOS - PE),219832,222582,221951,222010,Os aplicativos estão inseridos na nossa vida de forma real.,0.1818,2
1f862b43757396e1,later,87,Augusto Coutinho,"[A gente] vai construir um relatório que tente ser harmonioso, para que a gente avance com essa matéria e que até o meio deste ano, antes do recesso, a gente consiga oferecer ao Brasil uma legislação justa e que atenda uma necessidade que hoje é real na nossa vida.",O SR. AUGUSTO COUTINHO(Bloco/REPUBLICANOS - PE),219832,222582,220566,220618,A necessidade de se avançar com esse projeto é real.,0.129,3
1f862b43757396e1,later,87,Augusto Coutinho,"[A gente] vai construir um relatório que tente ser harmonioso, para que a gente avance com essa matéria e que até o meio deste ano, antes do recesso, a gente consiga oferecer ao Brasil uma legislação justa e que atenda uma necessidade que hoje é real na nossa vida.",O SR. AUGUSTO COUTINHO(Bloco/REPUBLICANOS - PE),234390,235140,234734,234828,"E o Governo está aberto para construir, dentro deste projeto, o que vocês muito disseram aqui.",0.1081,4
1f862b43757396e1,later,87,Augusto Coutinho,"[A gente] vai construir um relatório que tente ser harmonioso, para que a gente avance com essa matéria e que até o meio deste ano, antes do recesso, a gente consiga oferecer ao Brasil uma legislação justa e que atenda uma necessidade que hoje é real na nossa vida.",O SR. AUGUSTO COUTINHO(Bloco/REPUBLICANOS - PE),234390,235140,234986,235138,"Esse acordo é o que o Legislativo tem com o Governo, para que este projeto avance e seja votado por nós, a fim de que seja regulamentada essa profissão.",0.1,5
56076bd074c74d1a,earlier,166,Caio Vianna,"O poder público brasileiro deve participar do esforço de pesquisa e aplicação da tecnologia blockchain: ""Acredito que estamos diante de uma grande possibilidade de inovação. O Brasil não pode e não deve ficar para traz nessa discussão"".",O SR. PRESIDENTE(Caio Vianna. Bloco/PSD - RJ),95047,97955,96371,96454,"Portanto, eu acho que o Brasil não pode e não deve ficar para trás nesta discussão.",0.3636,1
56076bd074c74d1a,earlier,166,Caio Vianna,"O poder público brasileiro deve participar do esforço de pesquisa e aplicação da tecnologia blockchain: ""Acredito que estamos diante de uma grande possibilidade de inovação. O Brasil não pode e não deve ficar para traz nessa discussão"".",O SR. PRESIDENTE(Caio Vianna. Bloco/PSD - RJ),95047,97955,96226,96369,"Eu acredito que nós estamos diante de outra grande possibilidade de inovação, a das redes de registros distribuídos, assim como a dablockchain.",0.3333,2
56076bd074c74d1a,earlier,166,Caio Vianna,"O poder público brasileiro deve participar do esforço de pesquisa e aplicação da tecnologia blockchain: ""Acredito que estamos diante de uma grande possibilidade de inovação. O Brasil não pode e não deve ficar para traz nessa discussão"".",O SR. PRESIDENTE(Caio Vianna. Bloco/PSD - RJ),118486,122802,120177,120235,Não dá para nós aqui no Brasil abdicarmos dessa discussão.,0.2069,3
56076bd074c74d1a,earlier,166,Caio Vianna,"O poder público brasileiro deve participar do esforço de pesquisa e aplicação da tecnologia blockchain: ""Acredito que estamos diante de uma grande possibilidade de inovação. O Brasil não pode e não deve ficar para traz nessa discussão"".",O SR. PRESIDENTE(Caio Vianna. Bloco/PSD - RJ),146534,146669,146599,146667,"Eu não acho que o Governo brasileiro está atrasado em inovação, não.",0.2,4
56076bd074c74d1a,earlier,166,Caio Vianna,"O poder público brasileiro deve participar do esforço de pesquisa e aplicação da tecnologia blockchain: ""Acredito que estamos diante de uma grande possibilidade de inovação. O Brasil não pode e não deve ficar para traz nessa discussão"".",O SR. PRESIDENTE(Caio Vianna. Bloco/PSD - RJ),153205,157247,153537,153654,"Não têm por que a possibilidade de simplesmente se apagar da história do Brasil os gastos públicos, os investimentos.",0.1818,5
56076bd074c74d1a,later,138,Caio Vianna,"Os dados são hoje um ativo valioso, e é preciso dar mais condições para a agência desenvolver seu trabalho: ""Muitas vezes a gente faz um cadastro e imediatamente nosso telefone já está tocando com uma outra empresa que a gente não fez o cadastro oferecendo algum tipo de serviço, ou mandando e-mail ou mandando SMS, importunando inclusive o dia-a-dia do cidadão que está trabalhando. Então, isso é uma questão que a gente precisa avançar, precisa ter apoio deste Parlamento para que a ANPD possa desenvolver esse trabalho com cada vez mais eficiência, para que a gente possa proteger os cidadãos brasileiros dessas investidas e proteger os seus dados também.""",O SR. PRESIDENTE(Caio Vianna. Bloco/PSD - RJ),48,3466,1928,2208,"Muitas vezes, fazemos um cadastro, e, imediatamente, o nosso telefone já está tocando, com outra empresa, com a qual não fizemos o cadastro, oferecendo algum tipo de serviço, ou mandandoe-mail, ou mandando SMS, importunando, inclusive, o dia a dia do cidadão que está trabalhando.",0.5349,1
56076bd074c74d1a,later,138,Caio Vianna,"Os dados são hoje um ativo valioso, e é preciso dar mais condições para a agência desenvolver seu trabalho: ""Muitas vezes a gente faz um cadastro e imediatamente nosso telefone já está tocando com uma outra empresa que a gente não fez o cadastro oferecendo algum tipo de serviço, ou mandando e-mail ou mandando SMS, importunando inclusive o dia-a-dia do cidadão que está trabalhando. Então, isso é uma questão que a gente precisa avançar, precisa ter apoio deste Parlamento para que a ANPD possa desenvolver esse trabalho com cada vez mais eficiência, para que a gente possa proteger os cidadãos brasileiros dessas investidas e proteger os seus dados também.""",O SR. PRESIDENTE(Caio Vianna. Bloco/PSD - RJ),48,3466,2210,2491,"Então, essa é uma questão na qual precisamos avançar, para a qual precisamos ter o apoio deste Parlamento, a fim de que a ANPD possa desenvolver esse trabalho com cada vez mais eficiência, com o objetivo de proteger o cidadão brasileiro dessas investidas, assim como os seus dados.",0.4773,2
56076bd074c74d1a,later,138,Caio Vianna,"Os dados são hoje um ativo valioso, e é preciso dar mais condições para a agência desenvolver seu trabalho: ""Muitas vezes a gente faz um cadastro e imediatamente nosso telefone já está tocando com uma outra empresa que a gente não fez o cadastro oferecendo algum tipo de serviço, ou mandando e-mail ou mandando SMS, importunando inclusive o dia-a-dia do cidadão que está trabalhando. Então, isso é uma questão que a gente precisa avançar, precisa ter apoio deste Parlamento para que a ANPD possa desenvolver esse trabalho com cada vez mais eficiência, para que a gente possa proteger os cidadãos brasileiros dessas investidas e proteger os seus dados também.""",O SR. PRESIDENTE(Caio Vianna. Bloco/PSD - RJ),48,3466,2839,3031,"Acho que é de conhecimento de todos que os dados são hoje um dos maiores ativos que nós temos; muitas vezes é até considerado um ativo mais valioso do que o petróleo, do que outrascommodities.",0.2078,3
56076bd074c74d1a,later,138,Caio Vianna,"Os dados são hoje um ativo valioso, e é preciso dar mais condições para a agência desenvolver seu trabalho: ""Muitas vezes a gente faz um cadastro e imediatamente nosso telefone já está tocando com uma outra empresa que a gente não fez o cadastro oferecendo algum tipo de serviço, ou mandando e-mail ou mandando SMS, importunando inclusive o dia-a-dia do cidadão que está trabalhando. Então, isso é uma questão que a gente precisa avançar, precisa ter apoio deste Parlamento para que a ANPD possa desenvolver esse trabalho com cada vez mais eficiência, para que a gente possa proteger os cidadãos brasileiros dessas investidas e proteger os seus dados também.""",O SR. PRESIDENTE(Caio Vianna. Bloco/PSD - RJ),48,3466,1664,1867,"Quando vamos fazer um cadastro, nós autorizamos que a empresa, obviamente, possa utilizar os nossos dados para aquela finalidade, para aquela operação, mas, às vezes, vemos que não é isso o que acontece.",0.1772,4
56076bd074c74d1a,later,138,Caio Vianna,"Os dados são hoje um ativo valioso, e é preciso dar mais condições para a agência desenvolver seu trabalho: ""Muitas vezes a gente faz um cadastro e imediatamente nosso telefone já está tocando com uma outra empresa que a gente não fez o cadastro oferecendo algum tipo de serviço, ou mandando e-mail ou mandando SMS, importunando inclusive o dia-a-dia do cidadão que está trabalhando. Então, isso é uma questão que a gente precisa avançar, precisa ter apoio deste Parlamento para que a ANPD possa desenvolver esse trabalho com cada vez mais eficiência, para que a gente possa proteger os cidadãos brasileiros dessas investidas e proteger os seus dados também.""",O SR. PRESIDENTE(Caio Vianna. Bloco/PSD - RJ),26359,28876,28716,28874,"Eu também não sei quais são ainda, mas me parece que estão faltando mais instrumentos para que vocês consigam ter mais celeridade até para haver esta punição.",0.1519,5
16c67be32f60e074,earlier,91,Danilo Forte,"O debate sobre as contas de luz precisa ser ampliado: ""O problema é grave, mas vejo disposição de todos em buscar soluções, que passarão pelas energias renováveis.""",O SR. PRESIDENTE(Danilo Forte. UNIÃO - CE),136647,140338,136842,136912,Entendo e vejo em todos a preocupação em busca da solução do problema.,0.25,1
16c67be32f60e074,earlier,91,Danilo Forte,"O debate sobre as contas de luz precisa ser ampliado: ""O problema é grave, mas vejo disposição de todos em buscar soluções, que passarão pelas energias renováveis.""",O SR. PRESIDENTE(Danilo Forte. UNIÃO - CE),124148,131879,124180,124246,Agradeço a todos os participantes desta primeira rodada de debate.,0.1667,2
16c67be32f60e074,earlier,91,Danilo Forte,"O debate sobre as contas de luz precisa ser ampliado: ""O problema é grave, mas vejo disposição de todos em buscar soluções, que passarão pelas energias renováveis.""",O SR. PRESIDENTE(Danilo Forte. UNIÃO - CE),136647,140338,136778,136841,"O debate, às vezes, é um pouco ríspido, duro, mas é necessário.",0.1667,3
16c67be32f60e074,earlier,91,Danilo Forte,"O debate sobre as contas de luz precisa ser ampliado: ""O problema é grave, mas vejo disposição de todos em buscar soluções, que passarão pelas energias renováveis.""",O SR. PRESIDENTE(Danilo Forte. UNIÃO - CE),124148,131879,131672,131857,"De antemão, já agradeço a todos que participaram deste debate, inclusive aos Deputados que estão em conjunto conosco, diretamente na Comissão de Minas e Energia na Câmara dos Deputados.",0.1212,4
16c67be32f60e074,earlier,91,Danilo Forte,"O debate sobre as contas de luz precisa ser ampliado: ""O problema é grave, mas vejo disposição de todos em buscar soluções, que passarão pelas energias renováveis.""",O SR. PRESIDENTE(Danilo Forte. UNIÃO - CE),136647,140338,137482,137684,"Isso precisa ser respondido para que possamos construir uma alternativa de equação e para que possamos fortalecer a transição energética, não na busca da dependência, mas na busca da soberania nacional.",0.1212,5
16c67be32f60e074,later,104,Danilo Forte,Já existe consenso entre os parlamentares de que o modelo atual das concessionárias precisa ser mudado.,O SR. DANILO FORTE(Bloco/UNIÃO - CE),117374,120965,118243,118337,Um deles é que o modelo atual das concessionárias de energia no Brasil precisa ser modificado.,0.4706,1
16c67be32f60e074,later,104,Danilo Forte,Já existe consenso entre os parlamentares de que o modelo atual das concessionárias precisa ser mudado.,O SR. DANILO FORTE(Bloco/UNIÃO - CE),117374,120965,118338,118462,O modelo de negócio atual faz com que todas as empresas tenham um reconhecimento negativo por parte da sociedade brasileira.,0.1905,2
16c67be32f60e074,later,104,Danilo Forte,Já existe consenso entre os parlamentares de que o modelo atual das concessionárias precisa ser mudado.,O SR. DANILO FORTE(Bloco/UNIÃO - CE),117374,120965,119145,119185,Há diferença entre incentivo e subsídio.,0.1538,3
16c67be32f60e074,later,104,Danilo Forte,Já existe consenso entre os parlamentares de que o modelo atual das concessionárias precisa ser mudado.,O SR. DANILO FORTE(Bloco/UNIÃO - CE),117374,120965,120245,120284,Esse é um debate que precisa continuar.,0.1538,4
16c67be32f60e074,later,104,Danilo Forte,Já existe consenso entre os parlamentares de que o modelo atual das concessionárias precisa ser mudado.,O SR. DANILO FORTE(Bloco/UNIÃO - CE),117374,120965,119889,119941,O debate precisa ser feito em torno dessas questões.,0.1333,5
e2e808118c9ee9de,earlier,68,Dr. Zacharias Calil,O Ministério da Saúde está 'lavando as mãos' e jogando a responsabilidade para estados e municípios.,O SR. PRESIDENTE(Dr. Zacharias Calil. UNIÃO - GO),53180,53957,53207,53255,Eu acho que o Ministério da Saúde lavou as mãos!,0.4286,1
e2e808118c9ee9de,earlier,68,Dr. Zacharias Calil,O Ministério da Saúde está 'lavando as mãos' e jogando a responsabilidade para estados e municípios.,O SR. PRESIDENTE(Dr. Zacharias Calil. UNIÃO - GO),46102,47110,47044,47108,"Patrícia Peres de Souza, do Ministério da Saúde, por 10 minutos.",0.2667,2
e2e808118c9ee9de,earlier,68,Dr. Zacharias Calil,O Ministério da Saúde está 'lavando as mãos' e jogando a responsabilidade para estados e municípios.,O SR. PRESIDENTE(Dr. Zacharias Calil. UNIÃO - GO),67107,67497,67107,67177,"Eu agradeço muito, Patrícia, a disponibilidade do Ministério da Saúde.",0.2667,3
e2e808118c9ee9de,earlier,68,Dr. Zacharias Calil,O Ministério da Saúde está 'lavando as mãos' e jogando a responsabilidade para estados e municípios.,O SR. PRESIDENTE(Dr. Zacharias Calil. UNIÃO - GO),52,1581,1304,1398,"Ana Patrícia de Paula, Coordenadora-Geral de Atenção Especializada do Ministério da Saúde; Dr.",0.2222,4
e2e808118c9ee9de,earlier,68,Dr. Zacharias Calil,O Ministério da Saúde está 'lavando as mãos' e jogando a responsabilidade para estados e municípios.,O SR. PRESIDENTE(Dr. Zacharias Calil. UNIÃO - GO),12801,13861,13678,13768,Mas realmente é muito importante que o Ministério da Saúde responda a esse questionamento.,0.2222,5
e2e808118c9ee9de,later,60,Dr. Zacharias Calil,"""Com o envelhecimento da população brasileira e no contexto da pandemia de Covid-19, que postergou o tratamento de diversas doenças, é preciso estimular os cuidados com a saúde e com as doenças cardíacas complexas relacionadas à idade.""",O SR. PRESIDENTE(Dr. Zacharias Calil. UNIÃO - GO),69184,70746,70074,70280,"Ao propor ajustes ao SUS, pensando na longevidade da população, entendemos que as doenças valvares cardíacas precisam do atendimento adequado via SUS sobre três pilares: prevenção, diagnóstico e tratamento.",0.2162,1
e2e808118c9ee9de,later,60,Dr. Zacharias Calil,"""Com o envelhecimento da população brasileira e no contexto da pandemia de Covid-19, que postergou o tratamento de diversas doenças, é preciso estimular os cuidados com a saúde e com as doenças cardíacas complexas relacionadas à idade.""",O SR. PRESIDENTE(Dr. Zacharias Calil. UNIÃO - GO),10830,12080,11724,11839,"O próprio SUS, que é essencial para a população, tem que fazer essa promoção da saúde em relação ao envelhecimento.",0.2069,2
e2e808118c9ee9de,later,60,Dr. Zacharias Calil,"""Com o envelhecimento da população brasileira e no contexto da pandemia de Covid-19, que postergou o tratamento de diversas doenças, é preciso estimular os cuidados com a saúde e com as doenças cardíacas complexas relacionadas à idade.""",O SR. PRESIDENTE(Dr. Zacharias Calil. UNIÃO - GO),69184,70746,69420,69538,"É importante divulgarmos essas doenças complexas do coração, que surgem com o envelhecimento e têm pouca visibilidade.",0.2069,3
e2e808118c9ee9de,later,60,Dr. Zacharias Calil,"""Com o envelhecimento da população brasileira e no contexto da pandemia de Covid-19, que postergou o tratamento de diversas doenças, é preciso estimular os cuidados com a saúde e com as doenças cardíacas complexas relacionadas à idade.""",O SR. PRESIDENTE(Dr. Zacharias Calil. UNIÃO - GO),52,1901,1143,1250,"Fernando Silveira, Presidente da Associação Brasileira da Indústria de Tecnologia para Saúde — ABIMED; Dra.",0.1429,4
e2e808118c9ee9de,later,60,Dr. Zacharias Calil,"""Com o envelhecimento da população brasileira e no contexto da pandemia de Covid-19, que postergou o tratamento de diversas doenças, é preciso estimular os cuidados com a saúde e com as doenças cardíacas complexas relacionadas à idade.""",O SR. PRESIDENTE(Dr. Zacharias Calil. UNIÃO - GO),41946,42799,42011,42140,"Realmente, as doenças degenerativas estão aí para que possamos acompanhar, pela própria evolução da nossa idade que vai chegando.",0.1333,5
42af9ecf027d72bc,earlier,200,Erika Kokay,"A adoção da Política Nacional de Saúde Funcional será de extrema importância: ""A CIF é uma ferramenta que pode ajudar na compreensão das necessidades das pessoas com doenças crônicas e na definição de políticas públicas.""",A SRA. PRESIDENTE(Erika Kokay. Bloco/PT - DF),48,1956,260,416,"673, de 2021, que dispõe sobre a Política Nacional de Saúde Funcional, baseada na Classificação Internacional de Funcionalidade, Incapacidade e Saúde — CIF.",0.303,1
42af9ecf027d72bc,earlier,200,Erika Kokay,"A adoção da Política Nacional de Saúde Funcional será de extrema importância: ""A CIF é uma ferramenta que pode ajudar na compreensão das necessidades das pessoas com doenças crônicas e na definição de políticas públicas.""",A SRA. PRESIDENTE(Erika Kokay. Bloco/PT - DF),85124,89400,86270,86541,"Além disso, nós temos o projeto de uma política nacional para as pessoas com fibromialgia e com fadiga crônica; e também um projeto, que foi a pauta desta discussão, para agregarmos a Classificação Internacional de Funcionalidade à Classificação Internacional de Doenças.",0.2,2
42af9ecf027d72bc,earlier,200,Erika Kokay,"A adoção da Política Nacional de Saúde Funcional será de extrema importância: ""A CIF é uma ferramenta que pode ajudar na compreensão das necessidades das pessoas com doenças crônicas e na definição de políticas públicas.""",A SRA. PRESIDENTE(Erika Kokay. Bloco/PT - DF),48,1956,988,1146,"Eu gostaria de convidar, para compor a Mesa, Nadja Waléria Vilela Camara, da CIF Brasil, e Djane da Silva Bento, da Associação Nacional das Pessoas com Lúpus.",0.1622,3
42af9ecf027d72bc,earlier,200,Erika Kokay,"A adoção da Política Nacional de Saúde Funcional será de extrema importância: ""A CIF é uma ferramenta que pode ajudar na compreensão das necessidades das pessoas com doenças crônicas e na definição de políticas públicas.""",A SRA. PRESIDENTE(Erika Kokay. Bloco/PT - DF),85124,89400,88175,88414,"É preciso haver uma política de saúde laboral, é preciso haver uma política no local de trabalho ou trabalho, a ser efetivada tanto na iniciativa pública quanto na iniciativa privada, que considere que há pessoas que vivem com dor crônica.",0.1579,4
42af9ecf027d72bc,earlier,200,Erika Kokay,"A adoção da Política Nacional de Saúde Funcional será de extrema importância: ""A CIF é uma ferramenta que pode ajudar na compreensão das necessidades das pessoas com doenças crônicas e na definição de políticas públicas.""",A SRA. PRESIDENTE(Erika Kokay. Bloco/PT - DF),85124,89400,85887,85954,"Djane da Silva Bento, da Associação Nacional das Pessoas com Lúpus.",0.1481,5
42af9ecf027d72bc,later,127,Erika Kokay,"""Cuidar com a centralidade nas pessoas porque o cuidar não pode ser apropriado pelo mercado, as vezes se cuida mais das mercadorias do que das pessoas e, ao mesmo tempo, se mercantiliza as próprias pessoas.""",A SRA. PRESIDENTE(Erika Kokay. Bloco/PT - DF),58258,59563,58980,59121,"Às vezes, cuida-se mais dos produtos ou das mercadorias do que das próprias pessoas; e, ao mesmo tempo, mercantilizam-se as próprias pessoas.",0.6154,1
42af9ecf027d72bc,later,127,Erika Kokay,"""Cuidar com a centralidade nas pessoas porque o cuidar não pode ser apropriado pelo mercado, as vezes se cuida mais das mercadorias do que das pessoas e, ao mesmo tempo, se mercantiliza as próprias pessoas.""",A SRA. PRESIDENTE(Erika Kokay. Bloco/PT - DF),58258,59563,58926,58979,Também o cuidar não pode ser apropriado pelo mercado.,0.4545,2
42af9ecf027d72bc,later,127,Erika Kokay,"""Cuidar com a centralidade nas pessoas porque o cuidar não pode ser apropriado pelo mercado, as vezes se cuida mais das mercadorias do que das pessoas e, ao mesmo tempo, se mercantiliza as próprias pessoas.""",A SRA. PRESIDENTE(Erika Kokay. Bloco/PT - DF),58258,59563,58787,58925,"Eu me lembro muito de Lula, quando diz que, mais do que administrar, precisamos cuidar — e cuidar com a centralidade nas próprias pessoas.",0.3571,3
42af9ecf027d72bc,later,127,Erika Kokay,"""Cuidar com a centralidade nas pessoas porque o cuidar não pode ser apropriado pelo mercado, as vezes se cuida mais das mercadorias do que das pessoas e, ao mesmo tempo, se mercantiliza as próprias pessoas.""",A SRA. PRESIDENTE(Erika Kokay. Bloco/PT - DF),58258,59563,58577,58642,"Para além disso, o cuidar envolve mais do que o próprio trabalho.",0.1739,4
42af9ecf027d72bc,later,127,Erika Kokay,"""Cuidar com a centralidade nas pessoas porque o cuidar não pode ser apropriado pelo mercado, as vezes se cuida mais das mercadorias do que das pessoas e, ao mesmo tempo, se mercantiliza as próprias pessoas.""",A SRA. PRESIDENTE(Erika Kokay. Bloco/PT - DF),99509,106620,101127,101214,"Porque assim rompe-se a invisibilidade e a solidão, porque muitas vezes há uma solidão.",0.1739,5
3ebdfd5f91baeb30,earlier,53,Erika Kokay,Defendeu a reserva de vagas para pessoas com deficiência em editais de fomento à cultura.,A SRA. PRESIDENTE(Erika Kokay. Bloco/PT - DF),61342,64947,61723,61817,Mas precisamos também ter a incorporação das pessoas com deficiência nas políticas de fomento.,0.3529,1
3ebdfd5f91baeb30,earlier,53,Erika Kokay,Defendeu a reserva de vagas para pessoas com deficiência em editais de fomento à cultura.,A SRA. PRESIDENTE(Erika Kokay. Bloco/PT - DF),61342,64947,63395,63498,Os editais têm que considerar as pessoas com deficiência para que possa haver uma política de inclusão.,0.3529,2
3ebdfd5f91baeb30,earlier,53,Erika Kokay,Defendeu a reserva de vagas para pessoas com deficiência em editais de fomento à cultura.,A SRA. PRESIDENTE(Erika Kokay. Bloco/PT - DF),61342,64947,61846,62046,"Da mesma forma que há vários recortes, que haja também um recorte das pessoas com deficiência para a disputa das políticas de fomento, dos espaços de fomento, que é o que o Luérgio falava aqui do FAC.",0.24,3
3ebdfd5f91baeb30,earlier,53,Erika Kokay,Defendeu a reserva de vagas para pessoas com deficiência em editais de fomento à cultura.,A SRA. PRESIDENTE(Erika Kokay. Bloco/PT - DF),61342,64947,62150,62473,"Então, é importante que possamos trazer como meta o que já foi falado aqui pelo Rafael, para termos não só todas as bibliotecas públicas com acessibilidade, mas também todos os espaços culturais com acessibilidade e que possamos ter cotas para as políticas de fomento, para a disputa de editais das pessoas com deficiência.",0.2162,4
3ebdfd5f91baeb30,earlier,53,Erika Kokay,Defendeu a reserva de vagas para pessoas com deficiência em editais de fomento à cultura.,A SRA. PRESIDENTE(Erika Kokay. Bloco/PT - DF),79332,80973,79597,79753,"Inclusive, eles nos provocaram para que fizéssemos um projeto para assegurar uma cota, em todas as campanhas publicitárias, para as pessoas com deficiência.",0.2,5
3ebdfd5f91baeb30,later,5,Erika Kokay,Sugeriu a criação de uma subcomissão na Comissão de Defesa dos Direitos das Pessoas com Deficiência com esse objetivo.,A SRA. ERIKA KOKAY(Bloco/PT - DF),87456,94451,89973,90271,"Em cada Assembleia Legislativa pode ser que não tenha uma Comissão de Defesa dos Direitos da Pessoa com Deficiência, mas pode haver uma Frente Parlamentar, uma Comissão de Direitos Humanos, enfim, que nós possamos fazer essa rede com foco nas políticas para a defesa dos direitos da pessoa com TEA.",0.2353,1
3ebdfd5f91baeb30,later,5,Erika Kokay,Sugeriu a criação de uma subcomissão na Comissão de Defesa dos Direitos das Pessoas com Deficiência com esse objetivo.,A SRA. ERIKA KOKAY(Bloco/PT - DF),87456,94451,92696,92871,"Então, proponho a criação de uma subcomissão para, com a ajuda da Consultoria da Casa, efetivarmos todas as políticas públicas e implementarmos as leis que já foram aprovadas.",0.16,2
3ebdfd5f91baeb30,later,5,Erika Kokay,Sugeriu a criação de uma subcomissão na Comissão de Defesa dos Direitos das Pessoas com Deficiência com esse objetivo.,A SRA. ERIKA KOKAY(Bloco/PT - DF),87456,94451,94032,94197,"Eu sei que há uma subcomissão ligada à Comissão de Saúde desta Casa que incorporou doenças raras, a trissomia do cromossomo 21 e uma série de outras especificidades.",0.16,3
3ebdfd5f91baeb30,later,5,Erika Kokay,Sugeriu a criação de uma subcomissão na Comissão de Defesa dos Direitos das Pessoas com Deficiência com esse objetivo.,A SRA. ERIKA KOKAY(Bloco/PT - DF),87456,94451,92223,92266,Tem que se assegurar realmente os direitos.,0.1429,4
3ebdfd5f91baeb30,later,5,Erika Kokay,Sugeriu a criação de uma subcomissão na Comissão de Defesa dos Direitos das Pessoas com Deficiência com esse objetivo.,A SRA. ERIKA KOKAY(Bloco/PT - DF),87456,94451,90273,90726,"Assim sendo, que nós possamos fazer esse encontro das Assembleias Legislativas para que vejamos como estão as proposições em cada Unidade da Federação, o que é preciso e possível para que nós possamos disseminar em todos os espaços, em todos os Legislativos Estaduais, e organizar nesta Comissão uma subcomissão para que nós possamos, Fernando, discutir e fazer um observatório sobre como anda a implementação das políticas e das leis que nós aprovamos.",0.1364,5
9b028d8dc263fd18,earlier,197,Gianna Sagazio,Citou o projeto de lei em tramitação no Senado (PLS 226/16) que concede autonomia financeira aos institutos de ciência e tecnologia públicos e dá segurança jurídica para a concessão de bolsas e isenção de impostos de importação para empresas em projetos de pesquisa e desenvolvimento.,A SRA. GIANNA CARDOSO SAGAZIO,62321,69932,67371,67549,"Também é preciso prover segurança jurídica para a concessão de bolsas aos preceptores de residências médicas e profissionais bolsistas de projetos de ensino, pesquisa e extensão.",0.2927,1
9b028d8dc263fd18,earlier,197,Gianna Sagazio,Citou o projeto de lei em tramitação no Senado (PLS 226/16) que concede autonomia financeira aos institutos de ciência e tecnologia públicos e dá segurança jurídica para a concessão de bolsas e isenção de impostos de importação para empresas em projetos de pesquisa e desenvolvimento.,A SRA. GIANNA CARDOSO SAGAZIO,62321,69932,67630,67794,"—, e trazer igualdade para as importações das empresas em projetos de P&D por meio da isenção do Imposto de Importação e do Imposto sobre Produtos Industrializados.",0.2222,2
9b028d8dc263fd18,earlier,197,Gianna Sagazio,Citou o projeto de lei em tramitação no Senado (PLS 226/16) que concede autonomia financeira aos institutos de ciência e tecnologia públicos e dá segurança jurídica para a concessão de bolsas e isenção de impostos de importação para empresas em projetos de pesquisa e desenvolvimento.,A SRA. GIANNA CARDOSO SAGAZIO,62321,69932,66181,66704,"Chegando aos avanços do marco legal — não vou entrar muito em detalhes —, podemos dizer que de fato existe o reconhecimento de que avançamos, principalmente com a maior facilidade de remanejamento dos recursos dentro dos projetos de ciência, tecnologia e inovação, com a possibilidade de uma maior dedicação dos professores a projetos cooperativos, com a isenção ou redução do imposto de importação para as empresas, com a participação minoritária do Estado no capital social das empresas, com a contratação direta de ICTs.",0.1791,3
9b028d8dc263fd18,earlier,197,Gianna Sagazio,Citou o projeto de lei em tramitação no Senado (PLS 226/16) que concede autonomia financeira aos institutos de ciência e tecnologia públicos e dá segurança jurídica para a concessão de bolsas e isenção de impostos de importação para empresas em projetos de pesquisa e desenvolvimento.,A SRA. GIANNA CARDOSO SAGAZIO,62321,69932,68249,68378,"26 da Lei de Inovação, a fim de garantir a inserção dos temas referentes à ciência, tecnologia e inovação na formação dos alunos.",0.1667,4
9b028d8dc263fd18,earlier,197,Gianna Sagazio,Citou o projeto de lei em tramitação no Senado (PLS 226/16) que concede autonomia financeira aos institutos de ciência e tecnologia públicos e dá segurança jurídica para a concessão de bolsas e isenção de impostos de importação para empresas em projetos de pesquisa e desenvolvimento.,A SRA. GIANNA CARDOSO SAGAZIO,62321,69932,68081,68200,"Essa é mais uma questão de segurança jurídica, para que as ICTs possam ter participação no capital social das empresas.",0.1622,5
9b028d8dc263fd18,later,184,Gianna Sagazio,"Solicitou que as empresas possam usar o excedente de recursos destinados à pesquisa tecnológica em anos posteriores para cumprimento da legislação: ""A gente está falando do único instrumento fiscal que o Brasil tem para apoiar as empresas a inovar""",A SRA. GIANNA CARDOSO SAGAZIO,40041,49753,42541,42637,Estamos falando do único instrumento fiscal que o Brasil tem para apoiar as empresas a inovarem.,0.4848,1
9b028d8dc263fd18,later,184,Gianna Sagazio,"Solicitou que as empresas possam usar o excedente de recursos destinados à pesquisa tecnológica em anos posteriores para cumprimento da legislação: ""A gente está falando do único instrumento fiscal que o Brasil tem para apoiar as empresas a inovar""",A SRA. GIANNA CARDOSO SAGAZIO,40041,49753,42747,42854,"Então, nós, setor empresarial, consideramos a Lei do Bem o principal instrumento para as empresas inovarem.",0.1212,2
9b028d8dc263fd18,later,184,Gianna Sagazio,"Solicitou que as empresas possam usar o excedente de recursos destinados à pesquisa tecnológica em anos posteriores para cumprimento da legislação: ""A gente está falando do único instrumento fiscal que o Brasil tem para apoiar as empresas a inovar""",A SRA. GIANNA CARDOSO SAGAZIO,98068,99566,98688,98789,"Os gastos com pesquisa científica e inovação tecnológica ficam em 13º lugar, com apenas 1,57% do PIB.",0.1212,3
9b028d8dc263fd18,later,184,Gianna Sagazio,"Solicitou que as empresas possam usar o excedente de recursos destinados à pesquisa tecnológica em anos posteriores para cumprimento da legislação: ""A gente está falando do único instrumento fiscal que o Brasil tem para apoiar as empresas a inovar""",A SRA. GIANNA CARDOSO SAGAZIO,40041,49753,41987,42337,"A fragmentação do sistema de educação e pesquisa e do sistema de produção e inovação e a ineficiência, muitas vezes, dos subsistemas de política e regulação, isso requer importantes reformas relacionadas à tributação, à regulação das empresas e à política macroeconômica, que não tem, algumas vezes, uma visão de longo prazo desvinculada da inovação.",0.12,4
9b028d8dc263fd18,later,184,Gianna Sagazio,"Solicitou que as empresas possam usar o excedente de recursos destinados à pesquisa tecnológica em anos posteriores para cumprimento da legislação: ""A gente está falando do único instrumento fiscal que o Brasil tem para apoiar as empresas a inovar""",A SRA. GIANNA CARDOSO SAGAZIO,40041,49753,45875,45991,Aqui são as políticas de incentivo à cooperação entre as empresas para apoiar a inovação de maior risco tecnológico.,0.1143,5
982501e57fbbcdcc,earlier,118,Gilson Daniel,"Quer a derrubada do veto presidencial a artigo da Lei 14.691/23 que destinava 5% de multas por crimes ambientais e de acordos judiciais de reparação de danos socioambientais para o Fundo Nacional para Calamidades Públicas, Proteção e Defesa Civil: ""Nós trabalhamos muito bem na pronta resposta, mas realmente precisamos trabalhar na prevenção. Muitos desses acidentes e desastres poderiam ter sido evitados. A prevenção tem muito menos custo para o poder público.""",O SR. GILSON DANIEL(Bloco/PODE - ES),18274,26181,19855,19975,"Nós trabalhamos muito bem na pronta resposta, mas precisamos sair da pronta resposta e realmente trabalhar na prevenção.",0.3509,1
982501e57fbbcdcc,earlier,118,Gilson Daniel,"Quer a derrubada do veto presidencial a artigo da Lei 14.691/23 que destinava 5% de multas por crimes ambientais e de acordos judiciais de reparação de danos socioambientais para o Fundo Nacional para Calamidades Públicas, Proteção e Defesa Civil: ""Nós trabalhamos muito bem na pronta resposta, mas realmente precisamos trabalhar na prevenção. Muitos desses acidentes e desastres poderiam ter sido evitados. A prevenção tem muito menos custo para o poder público.""",O SR. GILSON DANIEL(Bloco/PODE - ES),18274,26181,19977,20103,"Muitos desses acidentes, desses desastres que aconteceram poderiam ter sido evitados se nós tivéssemos investido na prevenção.",0.3103,2
982501e57fbbcdcc,earlier,118,Gilson Daniel,"Quer a derrubada do veto presidencial a artigo da Lei 14.691/23 que destinava 5% de multas por crimes ambientais e de acordos judiciais de reparação de danos socioambientais para o Fundo Nacional para Calamidades Públicas, Proteção e Defesa Civil: ""Nós trabalhamos muito bem na pronta resposta, mas realmente precisamos trabalhar na prevenção. Muitos desses acidentes e desastres poderiam ter sido evitados. A prevenção tem muito menos custo para o poder público.""",O SR. GILSON DANIEL(Bloco/PODE - ES),18274,26181,20104,20220,"A prevenção tem muito menos custo, ou seja, é muito mais barato para o poder público investir recursos na prevenção.",0.2414,3
982501e57fbbcdcc,earlier,118,Gilson Daniel,"Quer a derrubada do veto presidencial a artigo da Lei 14.691/23 que destinava 5% de multas por crimes ambientais e de acordos judiciais de reparação de danos socioambientais para o Fundo Nacional para Calamidades Públicas, Proteção e Defesa Civil: ""Nós trabalhamos muito bem na pronta resposta, mas realmente precisamos trabalhar na prevenção. Muitos desses acidentes e desastres poderiam ter sido evitados. A prevenção tem muito menos custo para o poder público.""",O SR. GILSON DANIEL(Bloco/PODE - ES),18274,26181,22594,23006,"Quando tive a oportunidade de assumir aqui como Deputado Federal, o meu primeiro projeto foi para pegar parte desses recursos e destiná-la realmente à política pública na prevenção de desastres, na pronta resposta, no atendimento às vítimas, no atendimento à população, no atendimento aos Municípios, que é o Fundo para Calamidades Públicas, gerenciado pelo Governo Federal, por meio do Ministério da Integração.",0.2195,4
982501e57fbbcdcc,earlier,118,Gilson Daniel,"Quer a derrubada do veto presidencial a artigo da Lei 14.691/23 que destinava 5% de multas por crimes ambientais e de acordos judiciais de reparação de danos socioambientais para o Fundo Nacional para Calamidades Públicas, Proteção e Defesa Civil: ""Nós trabalhamos muito bem na pronta resposta, mas realmente precisamos trabalhar na prevenção. Muitos desses acidentes e desastres poderiam ter sido evitados. A prevenção tem muito menos custo para o poder público.""",O SR. GILSON DANIEL(Bloco/PODE - ES),18274,26181,18455,18510,"Wolnei, Secretário Nacional de Proteção e Defesa Civil.",0.1538,5
982501e57fbbcdcc,later,107,Gilson Daniel,"Ressaltou que o Fundo Nacional de Calamidade Pública foi criado em 1969, mas nunca contou com fonte própria de recursos. Até hoje as emergências são atendidas por meio de medidas provisórias.",O SR. PRESIDENTE(Gilson Daniel. Bloco/PODE - ES),110760,113016,111867,112026,"Eu trabalhei fortemente pelo financiamento, para colocar recursos no Fundo de Calamidade Pública, que foi criado em 1969, mas nunca foi abastecido de recursos.",0.5,1
982501e57fbbcdcc,later,107,Gilson Daniel,"Ressaltou que o Fundo Nacional de Calamidade Pública foi criado em 1969, mas nunca contou com fonte própria de recursos. Até hoje as emergências são atendidas por meio de medidas provisórias.",O SR. PRESIDENTE(Gilson Daniel. Bloco/PODE - ES),3249,9881,4071,4292,"Hoje o Ministro Waldez esteve na Comissão de Integração Nacional e Desenvolvimento Regional e falou muito das alterações legislativas necessárias, que precisam ser feitas, principalmente no FUNCAP, que foi criado em 1969.",0.2326,2
982501e57fbbcdcc,later,107,Gilson Daniel,"Ressaltou que o Fundo Nacional de Calamidade Pública foi criado em 1969, mas nunca contou com fonte própria de recursos. Até hoje as emergências são atendidas por meio de medidas provisórias.",O SR. PRESIDENTE(Gilson Daniel. Bloco/PODE - ES),114106,115328,114812,115216,"Vocês viram que não conseguimos convidar todos os representantes dos Estados, mas, na nossa nova audiência pública para discutir sobre alerta e sobre o novo Plano Nacional de Proteção e Defesa Civil, esperamos convidar todos os representantes e ter a participação de todos, para construirmos nesta Comissão um relatório em que todas as demandas sejam atendidas, principalmente as demandas de cada Estado.",0.1404,3
982501e57fbbcdcc,later,107,Gilson Daniel,"Ressaltou que o Fundo Nacional de Calamidade Pública foi criado em 1969, mas nunca contou com fonte própria de recursos. Até hoje as emergências são atendidas por meio de medidas provisórias.",O SR. PRESIDENTE(Gilson Daniel. Bloco/PODE - ES),110760,113016,112027,112131,"Em 1969, o legislador já havia percebido a necessidade de recursos para prevenção, para pronta resposta.",0.129,4
982501e57fbbcdcc,later,107,Gilson Daniel,"Ressaltou que o Fundo Nacional de Calamidade Pública foi criado em 1969, mas nunca contou com fonte própria de recursos. Até hoje as emergências são atendidas por meio de medidas provisórias.",O SR. PRESIDENTE(Gilson Daniel. Bloco/PODE - ES),3249,9881,4293,4393,"Há muitas alterações ainda a serem feitas, inclusive com relação à destinação dos recursos do fundo.",0.125,5
06f6bf71ce0746e2,earlier,118,Gilson Daniel,"Quer a derrubada do veto presidencial a artigo da Lei 14.691/23 que destinava 5% de multas por crimes ambientais e de acordos judiciais de reparação de danos socioambientais para o Fundo Nacional para Calamidades Públicas, Proteção e Defesa Civil: ""Nós trabalhamos muito bem na pronta resposta, mas realmente precisamos trabalhar na prevenção. Muitos desses acidentes e desastres poderiam ter sido evitados. A prevenção tem muito menos custo para o poder público.""",O SR. GILSON DANIEL(Bloco/PODE - ES),18274,26181,19855,19975,"Nós trabalhamos muito bem na pronta resposta, mas precisamos sair da pronta resposta e realmente trabalhar na prevenção.",0.3509,1
06f6bf71ce0746e2,earlier,118,Gilson Daniel,"Quer a derrubada do veto presidencial a artigo da Lei 14.691/23 que destinava 5% de multas por crimes ambientais e de acordos judiciais de reparação de danos socioambientais para o Fundo Nacional para Calamidades Públicas, Proteção e Defesa Civil: ""Nós trabalhamos muito bem na pronta resposta, mas realmente precisamos trabalhar na prevenção. Muitos desses acidentes e desastres poderiam ter sido evitados. A prevenção tem muito menos custo para o poder público.""",O SR. GILSON DANIEL(Bloco/PODE - ES),18274,26181,19977,20103,"Muitos desses acidentes, desses desastres que aconteceram poderiam ter sido evitados se nós tivéssemos investido na prevenção.",0.3103,2
06f6bf71ce0746e2,earlier,118,Gilson Daniel,"Quer a derrubada do veto presidencial a artigo da Lei 14.691/23 que destinava 5% de multas por crimes ambientais e de acordos judiciais de reparação de danos socioambientais para o Fundo Nacional para Calamidades Públicas, Proteção e Defesa Civil: ""Nós trabalhamos muito bem na pronta resposta, mas realmente precisamos trabalhar na prevenção. Muitos desses acidentes e desastres poderiam ter sido evitados. A prevenção tem muito menos custo para o poder público.""",O SR. GILSON DANIEL(Bloco/PODE - ES),18274,26181,20104,20220,"A prevenção tem muito menos custo, ou seja, é muito mais barato para o poder público investir recursos na prevenção.",0.2414,3
06f6bf71ce0746e2,earlier,118,Gilson Daniel,"Quer a derrubada do veto presidencial a artigo da Lei 14.691/23 que destinava 5% de multas por crimes ambientais e de acordos judiciais de reparação de danos socioambientais para o Fundo Nacional para Calamidades Públicas, Proteção e Defesa Civil: ""Nós trabalhamos muito bem na pronta resposta, mas realmente precisamos trabalhar na prevenção. Muitos desses acidentes e desastres poderiam ter sido evitados. A prevenção tem muito menos custo para o poder público.""",O SR. GILSON DANIEL(Bloco/PODE - ES),18274,26181,22594,23006,"Quando tive a oportunidade de assumir aqui como Deputado Federal, o meu primeiro projeto foi para pegar parte desses recursos e destiná-la realmente à política pública na prevenção de desastres, na pronta resposta, no atendimento às vítimas, no atendimento à população, no atendimento aos Municípios, que é o Fundo para Calamidades Públicas, gerenciado pelo Governo Federal, por meio do Ministério da Integração.",0.2195,4
06f6bf71ce0746e2,earlier,118,Gilson Daniel,"Quer a derrubada do veto presidencial a artigo da Lei 14.691/23 que destinava 5% de multas por crimes ambientais e de acordos judiciais de reparação de danos socioambientais para o Fundo Nacional para Calamidades Públicas, Proteção e Defesa Civil: ""Nós trabalhamos muito bem na pronta resposta, mas realmente precisamos trabalhar na prevenção. Muitos desses acidentes e desastres poderiam ter sido evitados. A prevenção tem muito menos custo para o poder público.""",O SR. GILSON DANIEL(Bloco/PODE - ES),18274,26181,18455,18510,"Wolnei, Secretário Nacional de Proteção e Defesa Civil.",0.1538,5
06f6bf71ce0746e2,later,113,Gilson Daniel,"Cobrou maior número de contratos no novo PAC Encostas e reforço orçamentário: ""O País necessita organizar fontes de recursos específicas para a prevenção de desastres. Ao longo dos anos, temos recebido medidas provisórias que só chegam após o acontecimento do desastre, depois que a gente perde vidas e patrimônio.""",O SR. PRESIDENTE(Gilson Daniel. Bloco/PODE - ES),3861,7371,4618,4817,"Ao longo dos anos, temos recebido, na Câmara dos Deputados, medidas provisórias que somente chegam aqui após o acontecimento dos desastres, depois que se perdem vidas, depois que se perde patrimônio.",0.549,1
06f6bf71ce0746e2,later,113,Gilson Daniel,"Cobrou maior número de contratos no novo PAC Encostas e reforço orçamentário: ""O País necessita organizar fontes de recursos específicas para a prevenção de desastres. Ao longo dos anos, temos recebido medidas provisórias que só chegam após o acontecimento do desastre, depois que a gente perde vidas e patrimônio.""",O SR. PRESIDENTE(Gilson Daniel. Bloco/PODE - ES),3861,7371,4496,4617,"O País necessita de recursos financeiros, precisa organizar fontes de recursos específicas para a prevenção de desastres.",0.381,2
06f6bf71ce0746e2,later,113,Gilson Daniel,"Cobrou maior número de contratos no novo PAC Encostas e reforço orçamentário: ""O País necessita organizar fontes de recursos específicas para a prevenção de desastres. Ao longo dos anos, temos recebido medidas provisórias que só chegam após o acontecimento do desastre, depois que a gente perde vidas e patrimônio.""",O SR. PRESIDENTE(Gilson Daniel. Bloco/PODE - ES),3861,7371,4148,4333,"Essa é uma pauta que nós temos trabalhado constantemente nesta Casa, que tem sido chamada à discussão e, quase sempre, para pronta resposta, ou seja, após o acontecimento dos desastres.",0.1569,3
06f6bf71ce0746e2,later,113,Gilson Daniel,"Cobrou maior número de contratos no novo PAC Encostas e reforço orçamentário: ""O País necessita organizar fontes de recursos específicas para a prevenção de desastres. Ao longo dos anos, temos recebido medidas provisórias que só chegam após o acontecimento do desastre, depois que a gente perde vidas e patrimônio.""",O SR. PRESIDENTE(Gilson Daniel. Bloco/PODE - ES),3861,7371,5466,5701,"Nós sabemos que há uma informação de investimentos por intermédio do PAC, mas a Comissão precisa tomar conhecimento até para ver qual o trabalho que precisa ser feito nesta Casa, para alocar mais recursos para a prevenção de desastres.",0.1481,4
06f6bf71ce0746e2,later,113,Gilson Daniel,"Cobrou maior número de contratos no novo PAC Encostas e reforço orçamentário: ""O País necessita organizar fontes de recursos específicas para a prevenção de desastres. Ao longo dos anos, temos recebido medidas provisórias que só chegam após o acontecimento do desastre, depois que a gente perde vidas e patrimônio.""",O SR. PRESIDENTE(Gilson Daniel. Bloco/PODE - ES),3861,7371,3861,4146,"Agradeço ao Deputado Federal Leo Prates, que preside esse trabalho da nossa Comissão e nos orienta a organizar audiências como essa, em função de trabalharmos, ao final, um relatório que consiga proporcionar um arcabouço de prevenção de desastres e de calamidade pública no nosso País.",0.1333,5
892d7d3a6e934091,earlier,15,Jorge Solla,"Há uma queda nos índices de vacinação devido à falta de credibilidade dos imunizantes perante parte da população: ""Eu fico muito preocupado porque nós não podemos contribuir para piorar ainda mais a cobertura da vacinação não só de Covid-19, mas de todas as vacinas. É responsabilidade dessa Casa, dos profissionais de saúde e do Estado brasileiro"".",O SR. JORGE SOLLA(Bloco/PT - BA),77769,78946,78681,78846,"Mas eu fico muito preocupado, Presidente Bia Kicis, porque nós não podemos contribuir para piorar ainda mais a cobertura de vacinação, não só da COVID, mas de todas.",0.6,1
892d7d3a6e934091,earlier,15,Jorge Solla,"Há uma queda nos índices de vacinação devido à falta de credibilidade dos imunizantes perante parte da população: ""Eu fico muito preocupado porque nós não podemos contribuir para piorar ainda mais a cobertura da vacinação não só de Covid-19, mas de todas as vacinas. É responsabilidade dessa Casa, dos profissionais de saúde e do Estado brasileiro"".",O SR. JORGE SOLLA(Bloco/PT - BA),77769,78946,78847,78933,"Isso é responsabilidade desta Casa, dos profissionais de saúde e do Estado brasileiro.",0.3,2
892d7d3a6e934091,earlier,15,Jorge Solla,"Há uma queda nos índices de vacinação devido à falta de credibilidade dos imunizantes perante parte da população: ""Eu fico muito preocupado porque nós não podemos contribuir para piorar ainda mais a cobertura da vacinação não só de Covid-19, mas de todas as vacinas. É responsabilidade dessa Casa, dos profissionais de saúde e do Estado brasileiro"".",O SR. JORGE SOLLA(Bloco/PT - BA),75123,77473,77057,77258,"Mas uma coisa ainda não foi recuperada — e isso não acontecerá se nós não fizermos um esforço muito grande e não tivermos muito compromisso e responsabilidade —, a confiança na vacinação em nosso País.",0.2353,3
892d7d3a6e934091,earlier,15,Jorge Solla,"Há uma queda nos índices de vacinação devido à falta de credibilidade dos imunizantes perante parte da população: ""Eu fico muito preocupado porque nós não podemos contribuir para piorar ainda mais a cobertura da vacinação não só de Covid-19, mas de todas as vacinas. É responsabilidade dessa Casa, dos profissionais de saúde e do Estado brasileiro"".",O SR. JORGE SOLLA(Bloco/PT - BA),77769,78946,78432,78560,"Talvez seja algum indicador muito específico da imunologia da escola onde ele estudou, porque não consigo entender o que é isso.",0.125,4
892d7d3a6e934091,earlier,15,Jorge Solla,"Há uma queda nos índices de vacinação devido à falta de credibilidade dos imunizantes perante parte da população: ""Eu fico muito preocupado porque nós não podemos contribuir para piorar ainda mais a cobertura da vacinação não só de Covid-19, mas de todas as vacinas. É responsabilidade dessa Casa, dos profissionais de saúde e do Estado brasileiro"".",O SR. JORGE SOLLA(Bloco/PT - BA),75123,77473,76976,77056,A credibilidade e a liderança técnica o Ministério da Saúde também já recuperou.,0.1026,5
892d7d3a6e934091,later,129,Jorge Solla,Ressaltou que municípios onde há dez anos se alcançava uma cobertura vacinal de 90% hoje chegam a apresentar um índice de apenas 40% da população vacinada.,O SR. JORGE SOLLA(Bloco/PT - BA),72168,79784,75565,75664,"Há Municípios, Deputado Chico, que tinham 90%, 95% de cobertura 10 anos atrás, e hoje têm 35%, 40%.",0.3333,1
892d7d3a6e934091,later,129,Jorge Solla,Ressaltou que municípios onde há dez anos se alcançava uma cobertura vacinal de 90% hoje chegam a apresentar um índice de apenas 40% da população vacinada.,O SR. JORGE SOLLA(Bloco/PT - BA),72168,79784,75520,75564,Nós estivemos ontem vendo cobertura vacinal.,0.2,2
892d7d3a6e934091,later,129,Jorge Solla,Ressaltou que municípios onde há dez anos se alcançava uma cobertura vacinal de 90% hoje chegam a apresentar um índice de apenas 40% da população vacinada.,O SR. JORGE SOLLA(Bloco/PT - BA),72168,79784,79345,79643,"Então, repito: não é como Deputado que estou falando aqui, não; eu estou falando aqui como profissional da saúde pública que durante anos ajudou a elevar a cobertura vacinal, que comemorou a eliminação da pólio, que comemorou a retirada do sarampo da nossa vida, do nosso País, das nossas crianças.",0.1395,3
892d7d3a6e934091,later,129,Jorge Solla,Ressaltou que municípios onde há dez anos se alcançava uma cobertura vacinal de 90% hoje chegam a apresentar um índice de apenas 40% da população vacinada.,O SR. JORGE SOLLA(Bloco/PT - BA),72168,79784,76425,76661,"Agora, crime sanitário, derrubar a cobertura vacinal, criar a possibilidade de voltar a aparecer poliomielite, de pessoas voltarem a morrer neste País por tétano neonatal, de voltar a haver crianças recém-nascidas sem cobertura vacinal?",0.1053,4
892d7d3a6e934091,later,129,Jorge Solla,Ressaltou que municípios onde há dez anos se alcançava uma cobertura vacinal de 90% hoje chegam a apresentar um índice de apenas 40% da população vacinada.,O SR. JORGE SOLLA(Bloco/PT - BA),72168,79784,73277,73316,"Chegam aqui e dizem:""É terapia gênica"".",0.1,5
90a4cc8b19325243,earlier,140,Jorge Solla,"Além da recuperação dos percentuais de cobertura vacinal, outro desafio é enfrentar a ampliação das desigualdades sociais tanto no Brasil quanto no resto do mundo, que impacta a saúde da população.",O SR. JORGE SOLLA(Bloco/PT - BA),33571,42269,36417,36539,Eu diria que essa recuperação da cobertura vacinal talvez seja o maior desafio que nós temos pela frente ainda a alcançar.,0.25,1
90a4cc8b19325243,earlier,140,Jorge Solla,"Além da recuperação dos percentuais de cobertura vacinal, outro desafio é enfrentar a ampliação das desigualdades sociais tanto no Brasil quanto no resto do mundo, que impacta a saúde da população.",O SR. JORGE SOLLA(Bloco/PT - BA),33571,42269,35308,35443,"E de todos os indicadores de saúde em que nós tivemos impacto negativo, a cobertura vacinal, sem sombra de dúvida, foi o maior estrago.",0.1818,2
90a4cc8b19325243,earlier,140,Jorge Solla,"Além da recuperação dos percentuais de cobertura vacinal, outro desafio é enfrentar a ampliação das desigualdades sociais tanto no Brasil quanto no resto do mundo, que impacta a saúde da população.",O SR. JORGE SOLLA(Bloco/PT - BA),33571,42269,37765,37820,Havia várias crianças que não tinham cobertura vacinal.,0.1538,3
90a4cc8b19325243,earlier,140,Jorge Solla,"Além da recuperação dos percentuais de cobertura vacinal, outro desafio é enfrentar a ampliação das desigualdades sociais tanto no Brasil quanto no resto do mundo, que impacta a saúde da população.",O SR. JORGE SOLLA(Bloco/PT - BA),33571,42269,37622,37701,"Havia Municípios que tinham boa cobertura vacinal, mas havia essa concentração.",0.1429,4
90a4cc8b19325243,earlier,140,Jorge Solla,"Além da recuperação dos percentuais de cobertura vacinal, outro desafio é enfrentar a ampliação das desigualdades sociais tanto no Brasil quanto no resto do mundo, que impacta a saúde da população.",O SR. JORGE SOLLA(Bloco/PT - BA),33571,42269,35608,35730,"Já na cobertura vacinal, em muitas situações, o retrocesso foi de 20 anos, ou mais, com o que aconteceu mais recentemente.",0.1379,5
90a4cc8b19325243,later,129,Jorge Solla,Ressaltou que municípios onde há dez anos se alcançava uma cobertura vacinal de 90% hoje chegam a apresentar um índice de apenas 40% da população vacinada.,O SR. JORGE SOLLA(Bloco/PT - BA),72168,79784,75565,75664,"Há Municípios, Deputado Chico, que tinham 90%, 95% de cobertura 10 anos atrás, e hoje têm 35%, 40%.",0.3333,1
90a4cc8b19325243,later,129,Jorge Solla,Ressaltou que municípios onde há dez anos se alcançava uma cobertura vacinal de 90% hoje chegam a apresentar um índice de apenas 40% da população vacinada.,O SR. JORGE SOLLA(Bloco/PT - BA),72168,79784,75520,75564,Nós estivemos ontem vendo cobertura vacinal.,0.2,2
90a4cc8b19325243,later,129,Jorge Solla,Ressaltou que municípios onde há dez anos se alcançava uma cobertura vacinal de 90% hoje chegam a apresentar um índice de apenas 40% da população vacinada.,O SR. JORGE SOLLA(Bloco/PT - BA),72168,79784,79345,79643,"Então, repito: não é como Deputado que estou falando aqui, não; eu estou falando aqui como profissional da saúde pública que durante anos ajudou a elevar a cobertura vacinal, que comemorou a eliminação da pólio, que comemorou a retirada do sarampo da nossa vida, do nosso País, das nossas crianças.",0.1395,3
90a4cc8b19325243,later,129,Jorge Solla,Ressaltou que municípios onde há dez anos se alcançava uma cobertura vacinal de 90% hoje chegam a apresentar um índice de apenas 40% da população vacinada.,O SR. JORGE SOLLA(Bloco/PT - BA),72168,79784,76425,76661,"Agora, crime sanitário, derrubar a cobertura vacinal, criar a possibilidade de voltar a aparecer poliomielite, de pessoas voltarem a morrer neste País por tétano neonatal, de voltar a haver crianças recém-nascidas sem cobertura vacinal?",0.1053,4
90a4cc8b19325243,later,129,Jorge Solla,Ressaltou que municípios onde há dez anos se alcançava uma cobertura vacinal de 90% hoje chegam a apresentar um índice de apenas 40% da população vacinada.,O SR. JORGE SOLLA(Bloco/PT - BA),72168,79784,73277,73316,"Chegam aqui e dizem:""É terapia gênica"".",0.1,5
3f649c16713f4c6f,earlier,165,Lêda Borges,Manifestou preocupação com a pulverização dos recursos. O Ministério das Mulheres deveria concentrar mais ações.,A SRA. PRESIDENTE(Lêda Borges. Bloco/PSDB - GO),141150,143794,142586,142647,Não há ninguém que dê conta disso no Ministério das Mulheres!,0.25,1
3f649c16713f4c6f,earlier,165,Lêda Borges,Manifestou preocupação com a pulverização dos recursos. O Ministério das Mulheres deveria concentrar mais ações.,A SRA. PRESIDENTE(Lêda Borges. Bloco/PSDB - GO),108885,113481,111423,111523,"O Ministério das Mulheres priorizou, junto com o Ministério da Justiça, a Casa da Mulher Brasileira.",0.2222,2
3f649c16713f4c6f,earlier,165,Lêda Borges,Manifestou preocupação com a pulverização dos recursos. O Ministério das Mulheres deveria concentrar mais ações.,A SRA. PRESIDENTE(Lêda Borges. Bloco/PSDB - GO),108885,113481,111600,111702,Sabemos mais ou menos o que o Ministério do Planejamento e o nosso Ministério já definiram como metas.,0.2105,3
3f649c16713f4c6f,earlier,165,Lêda Borges,Manifestou preocupação com a pulverização dos recursos. O Ministério das Mulheres deveria concentrar mais ações.,A SRA. PRESIDENTE(Lêda Borges. Bloco/PSDB - GO),140125,141100,140672,140869,"Em vez de eu cobrar a execução do Ministério da Justiça acerca das patrulhas, acerca da Casa da Mulher Brasileira, por que não passar esse recurso direto para a gerência do Ministério das Mulheres?",0.1481,4
3f649c16713f4c6f,earlier,165,Lêda Borges,Manifestou preocupação com a pulverização dos recursos. O Ministério das Mulheres deveria concentrar mais ações.,A SRA. PRESIDENTE(Lêda Borges. Bloco/PSDB - GO),108885,113481,112764,112810,Qual o orçamento real do Ministério da Mulher?,0.1333,5
3f649c16713f4c6f,later,154,Lêda Borges,"Disse: 'É necessário debater a promoção da saúde da mulher para esse ciclo da vida, buscando criar políticas públicas efetivas que melhorem a qualidade de vida dessas mulheres.'",A SRA. PRESIDENTE(Lêda Borges. Bloco/PSDB - GO),50,5865,1446,1614,"É necessário debater a promoção da saúde da mulher para esse ciclo da vida, buscando criar políticas públicas efetivas que melhorem a qualidade de vida dessas mulheres.",0.9714,1
3f649c16713f4c6f,later,154,Lêda Borges,"Disse: 'É necessário debater a promoção da saúde da mulher para esse ciclo da vida, buscando criar políticas públicas efetivas que melhorem a qualidade de vida dessas mulheres.'",A SRA. PRESIDENTE(Lêda Borges. Bloco/PSDB - GO),50,5865,2432,2648,"A ciência, a tecnologia e o mundo evoluíram sobre esse tema e acreditamos ser necessário discutir sobre as várias formas de tratamentos e medicações de promoção da saúde feminina existentes para esse período da vida.",0.2703,2
3f649c16713f4c6f,later,154,Lêda Borges,"Disse: 'É necessário debater a promoção da saúde da mulher para esse ciclo da vida, buscando criar políticas públicas efetivas que melhorem a qualidade de vida dessas mulheres.'",A SRA. PRESIDENTE(Lêda Borges. Bloco/PSDB - GO),110709,111161,110855,110945,Temos certeza de que as discussões se efetivarão como políticas públicas para as mulheres.,0.2308,3
3f649c16713f4c6f,later,154,Lêda Borges,"Disse: 'É necessário debater a promoção da saúde da mulher para esse ciclo da vida, buscando criar políticas públicas efetivas que melhorem a qualidade de vida dessas mulheres.'",A SRA. PRESIDENTE(Lêda Borges. Bloco/PSDB - GO),50,5865,2781,2976,Acredito que esta audiência pública possa contribuir para o aprofundamento da discussão e do aprimoramento das políticas públicas em prol do amparo à saúde da mulher no climatério e na menopausa.,0.2286,4
3f649c16713f4c6f,later,154,Lêda Borges,"Disse: 'É necessário debater a promoção da saúde da mulher para esse ciclo da vida, buscando criar políticas públicas efetivas que melhorem a qualidade de vida dessas mulheres.'",A SRA. PRESIDENTE(Lêda Borges. Bloco/PSDB - GO),49005,50029,49543,49631,"Estão participando virtualmente, porque a vida dessas mulheres e desse homem é preciosa.",0.2143,5
a9bdcddb335a5a07,earlier,203,Lêda Borges,A melhor maneira de quebrar o ciclo da violência é a independência econômica das mulheres. Medidas como casas de acolhimento e inserção no mercado de trabalho são fundamentais.,A SRA. LÊDA BORGES(Bloco/PSDB - GO),47507,54263,50603,50756,"Mas, na minha visão, se começamos a quebrar o ciclo da violência com a independência econômica dessa mulher, nós já estaremos contribuindo objetivamente.",0.3226,1
a9bdcddb335a5a07,earlier,203,Lêda Borges,A melhor maneira de quebrar o ciclo da violência é a independência econômica das mulheres. Medidas como casas de acolhimento e inserção no mercado de trabalho são fundamentais.,A SRA. LÊDA BORGES(Bloco/PSDB - GO),47507,54263,49700,49865,"Nós precisamos avançar no ciclo da violência para que ele seja interrompido, principalmente na independência econômica, porque essa é mais palpável para nós, Denise.",0.25,2
a9bdcddb335a5a07,earlier,203,Lêda Borges,A melhor maneira de quebrar o ciclo da violência é a independência econômica das mulheres. Medidas como casas de acolhimento e inserção no mercado de trabalho são fundamentais.,A SRA. LÊDA BORGES(Bloco/PSDB - GO),47507,54263,53921,54027,Essas são as minhas palavras: é assustador o que vivemos hoje de violência contra as mulheres e os idosos.,0.2143,3
a9bdcddb335a5a07,earlier,203,Lêda Borges,A melhor maneira de quebrar o ciclo da violência é a independência econômica das mulheres. Medidas como casas de acolhimento e inserção no mercado de trabalho são fundamentais.,A SRA. LÊDA BORGES(Bloco/PSDB - GO),47507,54263,51138,51215,Ela tem que sair de casa e ser imediatamente inserida no mercado de trabalho.,0.16,4
a9bdcddb335a5a07,earlier,203,Lêda Borges,A melhor maneira de quebrar o ciclo da violência é a independência econômica das mulheres. Medidas como casas de acolhimento e inserção no mercado de trabalho são fundamentais.,A SRA. LÊDA BORGES(Bloco/PSDB - GO),47507,54263,51724,51825,"Elas são necessárias, inclusive se tivéssemos casas pequenininhas em todos os Municípios brasileiros.",0.1481,5
a9bdcddb335a5a07,later,165,Lêda Borges,Manifestou preocupação com a pulverização dos recursos. O Ministério das Mulheres deveria concentrar mais ações.,A SRA. PRESIDENTE(Lêda Borges. Bloco/PSDB - GO),141150,143794,142586,142647,Não há ninguém que dê conta disso no Ministério das Mulheres!,0.25,1
a9bdcddb335a5a07,later,165,Lêda Borges,Manifestou preocupação com a pulverização dos recursos. O Ministério das Mulheres deveria concentrar mais ações.,A SRA. PRESIDENTE(Lêda Borges. Bloco/PSDB - GO),108885,113481,111423,111523,"O Ministério das Mulheres priorizou, junto com o Ministério da Justiça, a Casa da Mulher Brasileira.",0.2222,2
a9bdcddb335a5a07,later,165,Lêda Borges,Manifestou preocupação com a pulverização dos recursos. O Ministério das Mulheres deveria concentrar mais ações.,A SRA. PRESIDENTE(Lêda Borges. Bloco/PSDB - GO),108885,113481,111600,111702,Sabemos mais ou menos o que o Ministério do Planejamento e o nosso Ministério já definiram como metas.,0.2105,3
a9bdcddb335a5a07,later,165,Lêda Borges,Manifestou preocupação com a pulverização dos recursos. O Ministério das Mulheres deveria concentrar mais ações.,A SRA. PRESIDENTE(Lêda Borges. Bloco/PSDB - GO),140125,141100,140672,140869,"Em vez de eu cobrar a execução do Ministério da Justiça acerca das patrulhas, acerca da Casa da Mulher Brasileira, por que não passar esse recurso direto para a gerência do Ministério das Mulheres?",0.1481,4
a9bdcddb335a5a07,later,165,Lêda Borges,Manifestou preocupação com a pulverização dos recursos. O Ministério das Mulheres deveria concentrar mais ações.,A SRA. PRESIDENTE(Lêda Borges. Bloco/PSDB - GO),108885,113481,112764,112810,Qual o orçamento real do Ministério da Mulher?,0.1333,5
379d85fc73b5d187,earlier,187,Luizianne Lins,"Apesar de habitarem o Brasil há mais de 400 anos, os ciganos ainda são invisíveis para a maior parte da população: ""Esses grupos honram sua ancestralidade, lutam por direitos para manterem suas origens, uma vez que hábitos nômades dificultam seus registros e organização. Hábitos nômades muitas vezes seguidos de expulsões para manter a invisibilidade e silenciar a população, quando não se trata muitas vezes de conflito de terra""",A SRA. PRESIDENTE(Luizianne Lins. Bloco/PT - CE),51,7765,4518,4777,"Esses grupos honram sua ancestralidade, lutam por direitos para manter suas origens, uma vez que hábitos nômades dificultam seus registros e organização, hábitos nômades, muitas vezes seguidos de expulsões para manter a invisibilidade e silenciar a população.",0.7,1
379d85fc73b5d187,earlier,187,Luizianne Lins,"Apesar de habitarem o Brasil há mais de 400 anos, os ciganos ainda são invisíveis para a maior parte da população: ""Esses grupos honram sua ancestralidade, lutam por direitos para manterem suas origens, uma vez que hábitos nômades dificultam seus registros e organização. Hábitos nômades muitas vezes seguidos de expulsões para manter a invisibilidade e silenciar a população, quando não se trata muitas vezes de conflito de terra""",A SRA. PRESIDENTE(Luizianne Lins. Bloco/PT - CE),51,7765,4778,4970,"Quando não se trata, muitas vezes, como estamos vendo, de conflito de terra, como é o caso, infelizmente, do assassinato da irmã Bernadete, que também esta Comissão está acompanhando de perto.",0.2373,2
379d85fc73b5d187,earlier,187,Luizianne Lins,"Apesar de habitarem o Brasil há mais de 400 anos, os ciganos ainda são invisíveis para a maior parte da população: ""Esses grupos honram sua ancestralidade, lutam por direitos para manterem suas origens, uma vez que hábitos nômades dificultam seus registros e organização. Hábitos nômades muitas vezes seguidos de expulsões para manter a invisibilidade e silenciar a população, quando não se trata muitas vezes de conflito de terra""",A SRA. PRESIDENTE(Luizianne Lins. Bloco/PT - CE),50753,54406,53542,53762,"Se você for atrás, de muitas coisas que são recorrentes aqui no Brasil a impunidade está por trás, porque essas pessoas não são punidas, principalmente quando violam um dos direitos mais significativos, a questão racial.",0.2188,3
379d85fc73b5d187,earlier,187,Luizianne Lins,"Apesar de habitarem o Brasil há mais de 400 anos, os ciganos ainda são invisíveis para a maior parte da população: ""Esses grupos honram sua ancestralidade, lutam por direitos para manterem suas origens, uma vez que hábitos nômades dificultam seus registros e organização. Hábitos nômades muitas vezes seguidos de expulsões para manter a invisibilidade e silenciar a população, quando não se trata muitas vezes de conflito de terra""",A SRA. PRESIDENTE(Luizianne Lins. Bloco/PT - CE),51,7765,6448,6645,"A ausência de dados efetivos dificulta a sistematização das estatísticas sobre os povos ciganos do Brasil e, muitas vezes, contribui para aumentar essa vulnerabilidade e essa invisibilidade social.",0.1786,4
379d85fc73b5d187,earlier,187,Luizianne Lins,"Apesar de habitarem o Brasil há mais de 400 anos, os ciganos ainda são invisíveis para a maior parte da população: ""Esses grupos honram sua ancestralidade, lutam por direitos para manterem suas origens, uma vez que hábitos nômades dificultam seus registros e organização. Hábitos nômades muitas vezes seguidos de expulsões para manter a invisibilidade e silenciar a população, quando não se trata muitas vezes de conflito de terra""",A SRA. PRESIDENTE(Luizianne Lins. Bloco/PT - CE),51,7765,4126,4401,"Como povo tradicional, a população cigana que chegou ao Brasil no início do período colonial, infelizmente, ainda tem que conviver com preconceito, muitas vezes discriminação, desigualdade, o que causa sofrimento, racismo institucional e muitas vezes até abuso de autoridade.",0.1538,5
379d85fc73b5d187,later,26,Luizianne Lins,"Lamentou que somente agora o País comece a tratar do tema: ""É uma questão invisível que, no Brasil, toma proporções gigantescas, também pela dimensão territorial e por outros problemas sociais, muitos agravados nos últimos anos.""",A SRA. PRESIDENTE(Luizianne Lins. Bloco/PT - CE),51,9838,1888,2378,"É também por essa razão que estamos realizando esta audiência, uma das últimas da nossa Comissão de Direitos Humanos este ano, para dar visibilidade a uma questão invisível e que no Brasil toma proporções gigantescas, até maiores do que em muitos países que já resolveram o problema ou pelo menos vêm tentando resolvê-lo há um tempo, em razão da nossa dimensão territorial e dos problemas sociais que o nosso País carrega principalmente nos últimos anos, que foram anos de muita destruição.",0.4348,1
379d85fc73b5d187,later,26,Luizianne Lins,"Lamentou que somente agora o País comece a tratar do tema: ""É uma questão invisível que, no Brasil, toma proporções gigantescas, também pela dimensão territorial e por outros problemas sociais, muitos agravados nos últimos anos.""",A SRA. PRESIDENTE(Luizianne Lins. Bloco/PT - CE),51,9838,4148,4592,"Percebemos que, nos últimos anos, é quase impossível falar em direitos humanos no Brasil sem destacar os desafios que foram impostos e que vivenciamos diretamente e definitivamente todo dia nesta Comissão, como o enfrentamento às pautas conservadoras, que sistematicamente tentam calar e invisibilizar as vozes dos segmentos sociais mais oprimidos e mais sofridos, principalmente diante de tantas violações que observamos durante todo este ano.",0.1212,2
379d85fc73b5d187,later,26,Luizianne Lins,"Lamentou que somente agora o País comece a tratar do tema: ""É uma questão invisível que, no Brasil, toma proporções gigantescas, também pela dimensão territorial e por outros problemas sociais, muitos agravados nos últimos anos.""",A SRA. PRESIDENTE(Luizianne Lins. Bloco/PT - CE),26713,30578,29620,29737,"Hoje, está a cargo tanto do Ministério do Desenvolvimento Social como também do Ministério das Mulheres essa questão.",0.1143,3
379d85fc73b5d187,later,26,Luizianne Lins,"Lamentou que somente agora o País comece a tratar do tema: ""É uma questão invisível que, no Brasil, toma proporções gigantescas, também pela dimensão territorial e por outros problemas sociais, muitos agravados nos últimos anos.""",A SRA. PRESIDENTE(Luizianne Lins. Bloco/PT - CE),51,9838,4594,4970,"O Parlamento brasileiro é uma lupa dessa realidade que atinge mulheres, população negra, população indígena, população LGBTQIA+ e tantos outros segmentos sociais que chegam a esta Comissão com as suas dores, com os seus amores, com os seus problemas e com as suas denúncias, além de pessoas com deficiência e pessoas em situação de rua, que vivenciam cotidianamente violações.",0.1132,4
379d85fc73b5d187,later,26,Luizianne Lins,"Lamentou que somente agora o País comece a tratar do tema: ""É uma questão invisível que, no Brasil, toma proporções gigantescas, também pela dimensão territorial e por outros problemas sociais, muitos agravados nos últimos anos.""",A SRA. PRESIDENTE(Luizianne Lins. Bloco/PT - CE),51,9838,1404,1541,"Também está presente a Rosane da Silva, nossa companheira que está no Ministério das Mulheres tratando de temas relativos a esta questão.",0.1111,5
e13d509a937ffa5f,earlier,73,Marcelo de Souza do Nascimento,"Comentou que 'quando o idoso vai contratar, ele não obtém as informações claras, legíveis e ostensivas. Geralmente nos contratos essas cláusulas restritivas de direitos são colocadas em letras miúdas'.",O SR. MARCELO DE SOUZA DO NASCIMENTO,13578,21667,20066,20151,"Quando o idoso vai contratar, ele não obtém informações claras, legíveis, ostensivas.",0.6667,1
e13d509a937ffa5f,earlier,73,Marcelo de Souza do Nascimento,"Comentou que 'quando o idoso vai contratar, ele não obtém as informações claras, legíveis e ostensivas. Geralmente nos contratos essas cláusulas restritivas de direitos são colocadas em letras miúdas'.",O SR. MARCELO DE SOUZA DO NASCIMENTO,13578,21667,20152,20381,"Geralmente, nos contratos, essas cláusulas, principalmente as que são restritivas de direitos, são colocadas em letras miúdas — o consumidor muitas vezes não consegue lê-las — e são de difícil compreensão para o consumidor médio.",0.5238,2
e13d509a937ffa5f,earlier,73,Marcelo de Souza do Nascimento,"Comentou que 'quando o idoso vai contratar, ele não obtém as informações claras, legíveis e ostensivas. Geralmente nos contratos essas cláusulas restritivas de direitos são colocadas em letras miúdas'.",O SR. MARCELO DE SOUZA DO NASCIMENTO,13578,21667,19093,19131,Ele não fica sabendo daquele reajuste.,0.1429,3
e13d509a937ffa5f,earlier,73,Marcelo de Souza do Nascimento,"Comentou que 'quando o idoso vai contratar, ele não obtém as informações claras, legíveis e ostensivas. Geralmente nos contratos essas cláusulas restritivas de direitos são colocadas em letras miúdas'.",O SR. MARCELO DE SOUZA DO NASCIMENTO,13578,21667,18207,18269,"Esses 60 dias são no período de 12 meses, consecutivos ou não.",0.1379,4
e13d509a937ffa5f,earlier,73,Marcelo de Souza do Nascimento,"Comentou que 'quando o idoso vai contratar, ele não obtém as informações claras, legíveis e ostensivas. Geralmente nos contratos essas cláusulas restritivas de direitos são colocadas em letras miúdas'.",O SR. MARCELO DE SOUZA DO NASCIMENTO,13578,21667,14467,14565,"Quando o Código de Defesa do Consumidor foi lançado, ele tratava da vulnerabilidade do consumidor.",0.129,5
e13d509a937ffa5f,later,192,Marcelo de Souza do Nascimento,"No Brasil, não há condenação coletiva, mas há decisões individuais favoráveis. O consumidor pode fazer valer o seu direito para casos assim: ""O Judiciário tem entendido, inclusive, que, após o fim do prazo de garantia contratual legal, não cessa a responsabilidade civil do fornecedor para conserto ou troca daquele produto quando é identificado que o produto teve a vida útil abreviada de forma proposital.""",O SR. MARCELO DE SOUZA DO NASCIMENTO,12397,16914,16137,16463,"E o Judiciário tem entendido inclusive que, mesmo após a expiração do prazo de garantia contratual e legal, não cessa a responsabilidade civil do fornecedor para o reparo, conserto ou troca daquele produto e, principalmente, quando se identifica que se trata de um produto que teve sua vida útil abreviada de forma proposital.",0.6944,1
e13d509a937ffa5f,later,192,Marcelo de Souza do Nascimento,"No Brasil, não há condenação coletiva, mas há decisões individuais favoráveis. O consumidor pode fazer valer o seu direito para casos assim: ""O Judiciário tem entendido, inclusive, que, após o fim do prazo de garantia contratual legal, não cessa a responsabilidade civil do fornecedor para conserto ou troca daquele produto quando é identificado que o produto teve a vida útil abreviada de forma proposital.""",O SR. MARCELO DE SOUZA DO NASCIMENTO,57432,60681,60379,60587,"Já tinha sido ultrapassado o prazo de garantia contratual e legal, mas, em razão do curto tempo em que o que o produto apresentou defeito, nós fizemos valer a regra do vício oculto e da vida útil do aparelho.",0.2857,2
e13d509a937ffa5f,later,192,Marcelo de Souza do Nascimento,"No Brasil, não há condenação coletiva, mas há decisões individuais favoráveis. O consumidor pode fazer valer o seu direito para casos assim: ""O Judiciário tem entendido, inclusive, que, após o fim do prazo de garantia contratual legal, não cessa a responsabilidade civil do fornecedor para conserto ou troca daquele produto quando é identificado que o produto teve a vida útil abreviada de forma proposital.""",O SR. MARCELO DE SOUZA DO NASCIMENTO,57432,60681,59767,59872,"Ele não tem garantia contratual, mas quer passar ao consumidor a impressão de que aquela garantia é dele.",0.2264,3
e13d509a937ffa5f,later,192,Marcelo de Souza do Nascimento,"No Brasil, não há condenação coletiva, mas há decisões individuais favoráveis. O consumidor pode fazer valer o seu direito para casos assim: ""O Judiciário tem entendido, inclusive, que, após o fim do prazo de garantia contratual legal, não cessa a responsabilidade civil do fornecedor para conserto ou troca daquele produto quando é identificado que o produto teve a vida útil abreviada de forma proposital.""",O SR. MARCELO DE SOUZA DO NASCIMENTO,12397,16914,15911,16136,"Existem diversos casos desses no Poder Judiciário, principalmente aqui no Distrito Federal, que reconhece a prática da obsolescência programada, justamente em produtos após expirar o seu prazo de garantia legal ou contratual.",0.2222,4
e13d509a937ffa5f,later,192,Marcelo de Souza do Nascimento,"No Brasil, não há condenação coletiva, mas há decisões individuais favoráveis. O consumidor pode fazer valer o seu direito para casos assim: ""O Judiciário tem entendido, inclusive, que, após o fim do prazo de garantia contratual legal, não cessa a responsabilidade civil do fornecedor para conserto ou troca daquele produto quando é identificado que o produto teve a vida útil abreviada de forma proposital.""",O SR. MARCELO DE SOUZA DO NASCIMENTO,57432,60681,59581,59766,"Eu vejo que muitos lojistas, quando vão vender o seu produto, não só de telefonia móvel, querem se vangloriar para o consumidor e dizem:""Não, mas eu vou te dar uma garantia de 90 dias"".",0.2,5
3d382d16e23d6fe6,earlier,188,Mercedes Bustamante,"Nos programas de pós-graduação das universidades, dados de 2021 da plataforma Capes mostram que elas representavam 42% dos pesquisadores. Porém, no doutorado acadêmico, eram apenas 38%. Já no pós-doutorado, as mulheres representam 54% dos pesquisadores.",A SRA. MERCEDES BUSTAMANTE,6065,18920,15442,15647,"Quando nós consideramos hoje as bolsistas no exterior, no âmbito do Sistema Nacional de Pós-Graduação, com dados de 2019, as mulheres já representam 55% das bolsistas no exterior em nível de pós-graduação.",0.2941,1
3d382d16e23d6fe6,earlier,188,Mercedes Bustamante,"Nos programas de pós-graduação das universidades, dados de 2021 da plataforma Capes mostram que elas representavam 42% dos pesquisadores. Porém, no doutorado acadêmico, eram apenas 38%. Já no pós-doutorado, as mulheres representam 54% dos pesquisadores.",A SRA. MERCEDES BUSTAMANTE,6065,18920,7725,7847,Eu trago agora alguns dados da CAPES sobre a participação de docentes e pós-doutoras no Sistema Nacional de Pós-Graduação.,0.2581,2
3d382d16e23d6fe6,earlier,188,Mercedes Bustamante,"Nos programas de pós-graduação das universidades, dados de 2021 da plataforma Capes mostram que elas representavam 42% dos pesquisadores. Porém, no doutorado acadêmico, eram apenas 38%. Já no pós-doutorado, as mulheres representam 54% dos pesquisadores.",A SRA. MERCEDES BUSTAMANTE,6065,18920,10114,10397,"Novamente, nós observamos que, apesar de a média nacional da participação de docentes mulheres, na pós-graduação, ser em torno de 42%, contra 58% dos homens, nós temos uma participação feminina menor naqueles níveis de formação de pós-graduação de doutorado acadêmico e profissional.",0.2439,3
3d382d16e23d6fe6,earlier,188,Mercedes Bustamante,"Nos programas de pós-graduação das universidades, dados de 2021 da plataforma Capes mostram que elas representavam 42% dos pesquisadores. Porém, no doutorado acadêmico, eram apenas 38%. Já no pós-doutorado, as mulheres representam 54% dos pesquisadores.",A SRA. MERCEDES BUSTAMANTE,6065,18920,12802,12974,"Considerando dados de 2015, já com uma certa defasagem, nós tínhamos apenas 7% de mulheres negras com bolsa de produtividade CNPq, e as indígenas representavam menos de 1%.",0.2353,4
3d382d16e23d6fe6,earlier,188,Mercedes Bustamante,"Nos programas de pós-graduação das universidades, dados de 2021 da plataforma Capes mostram que elas representavam 42% dos pesquisadores. Porém, no doutorado acadêmico, eram apenas 38%. Já no pós-doutorado, as mulheres representam 54% dos pesquisadores.",A SRA. MERCEDES BUSTAMANTE,6065,18920,11393,11627,"Apesar de as mulheres terem uma participação maior como discentes na pós-graduação — eu vou mostrar esses dados daqui a pouco —, as universidades têm contratado menos mulheres para substituição das vagas dentro do quadro das docentes.",0.2326,5
3d382d16e23d6fe6,later,168,Mercedes Bustamante,"Dados da Capes mostram que o Brasil conta com mais de 4.500 programas de pós-graduação, e quase 7 mil cursos. No ano que vem, outros 300 cursos devem entrar no sistema.",A SRA. MERCEDES BUSTAMANTE,20597,36929,23360,23668,"Foram mais de 4 mil e 500 programas de pós-graduação; quase 7 mil cursos — esse número vai subir, porque cerca de 300 cursos devem entrar no sistema no próximo ano, divididos entre mestrados, doutorados, acadêmicos e profissionais —; quase 113 mil ingressantes; e aproximadamente 80 mil titulados no período.",0.5,1
3d382d16e23d6fe6,later,168,Mercedes Bustamante,"Dados da Capes mostram que o Brasil conta com mais de 4.500 programas de pós-graduação, e quase 7 mil cursos. No ano que vem, outros 300 cursos devem entrar no sistema.",A SRA. MERCEDES BUSTAMANTE,86162,88199,86937,87112,"A CAPES, infelizmente, vem, para 2024, na proposta de Lei Orçamentária, com um orçamento menor que 2023 apesar de o sistema de pós-graduação estar crescendo de 2023 para 2024.",0.2778,2
3d382d16e23d6fe6,later,168,Mercedes Bustamante,"Dados da Capes mostram que o Brasil conta com mais de 4.500 programas de pós-graduação, e quase 7 mil cursos. No ano que vem, outros 300 cursos devem entrar no sistema.",A SRA. MERCEDES BUSTAMANTE,20597,36929,34591,34963,"A CAPES vem investindo num aspecto importante, ou seja, na gestão e na governança da informação, com o lançamento do Programa de Governança Colaborativa de Informações da Pós-Graduação — GOPG, que esperamos torne mais transparente, mais claro e menos oneroso o processo de inserção, pelos programas, das informações sobre seus funcionamentos dentro da plataforma da CAPES.",0.2353,3
3d382d16e23d6fe6,later,168,Mercedes Bustamante,"Dados da Capes mostram que o Brasil conta com mais de 4.500 programas de pós-graduação, e quase 7 mil cursos. No ano que vem, outros 300 cursos devem entrar no sistema.",A SRA. MERCEDES BUSTAMANTE,20597,36929,27892,27935,São aproximadamente 300 mil pós-graduandos.,0.2308,4
3d382d16e23d6fe6,later,168,Mercedes Bustamante,"Dados da Capes mostram que o Brasil conta com mais de 4.500 programas de pós-graduação, e quase 7 mil cursos. No ano que vem, outros 300 cursos devem entrar no sistema.",A SRA. MERCEDES BUSTAMANTE,20597,36929,23277,23338,Esta é a dimensão do nosso Sistema Nacional de Pós-Graduação.,0.2222,5
597ab529d9e58c55,earlier,199,Nísia Trindade,"Elencou medidas tomadas para recuperar os seis hospitais federais do Rio de Janeiro, incluindo a reabertura de 305 leitos e a contratação de novos profissionais.",A SRA. MINISTRA NÍSIA TRINDADE LIMA,19286,22679,20255,20338,Os hospitais federais do Rio de Janeiro são outro ponto importante do requerimento.,0.32,1
597ab529d9e58c55,earlier,199,Nísia Trindade,"Elencou medidas tomadas para recuperar os seis hospitais federais do Rio de Janeiro, incluindo a reabertura de 305 leitos e a contratação de novos profissionais.",A SRA. MINISTRA NÍSIA TRINDADE LIMA,19286,22679,20571,20671,"Reabrimos 305 leitos, de janeiro até junho de 2023; aumentamos consultas e cirurgias, sendo mais 15.",0.2143,2
597ab529d9e58c55,earlier,199,Nísia Trindade,"Elencou medidas tomadas para recuperar os seis hospitais federais do Rio de Janeiro, incluindo a reabertura de 305 leitos e a contratação de novos profissionais.",A SRA. MINISTRA NÍSIA TRINDADE LIMA,175497,177409,176746,176888,"Mas, só para resumir, eu quero lhe dizer que reabrimos 305 leitos de janeiro até junho, o que representa 51% dos leitos que estavam impedidos.",0.2,3
597ab529d9e58c55,earlier,199,Nísia Trindade,"Elencou medidas tomadas para recuperar os seis hospitais federais do Rio de Janeiro, incluindo a reabertura de 305 leitos e a contratação de novos profissionais.",A SRA. MINISTRA NÍSIA TRINDADE LIMA,25756,28244,26407,26554,"O ex-Ministro Temporão dizia que os hospitais são a esfinge do Rio de Janeiro, porque precisamos encontrar o modelo mais adequado para essa gestão.",0.1875,4
597ab529d9e58c55,earlier,199,Nísia Trindade,"Elencou medidas tomadas para recuperar os seis hospitais federais do Rio de Janeiro, incluindo a reabertura de 305 leitos e a contratação de novos profissionais.",A SRA. MINISTRA NÍSIA TRINDADE LIMA,19286,22679,20804,20943,"Esse trabalho tem sido intenso, e agradeço o esforço do nosso diretor-geral de hospitais no Rio de Janeiro, aqui presente em nossa reunião.",0.1818,5
597ab529d9e58c55,later,171,Nísia Trindade,"Citou o incremento de R$ 86 milhões no orçamento dos hospitais filantrópicos; a garantia de R$ 540 milhões na Política Nacional de Saúde da Pessoa com Deficiência, com foco nos centros de reabilitação; o apoio ao Rio Grande do Sul na recuperação das estruturas de saúde destruídas por enchentes e ciclones; e a reabertura de 321 leitos nos hospitais federais do Rio de Janeiro.",A SRA. MINISTRA NÍSIA TRINDADE,11053,30164,16771,16881,Há uma grande expectativa em relação ao Brasil definir a Política Nacional de Saúde da Pessoa com Deficiência.,0.3,1
597ab529d9e58c55,later,171,Nísia Trindade,"Citou o incremento de R$ 86 milhões no orçamento dos hospitais filantrópicos; a garantia de R$ 540 milhões na Política Nacional de Saúde da Pessoa com Deficiência, com foco nos centros de reabilitação; o apoio ao Rio Grande do Sul na recuperação das estruturas de saúde destruídas por enchentes e ciclones; e a reabertura de 321 leitos nos hospitais federais do Rio de Janeiro.",A SRA. MINISTRA NÍSIA TRINDADE,11053,30164,17175,17361,"Temos um orçamento de 540 milhões de reais para essas ações, pensando muito nos centros de reabilitação, pensando também no aumento do custeio dos serviços já existentes na faixa de 35%.",0.2128,2
597ab529d9e58c55,later,171,Nísia Trindade,"Citou o incremento de R$ 86 milhões no orçamento dos hospitais filantrópicos; a garantia de R$ 540 milhões na Política Nacional de Saúde da Pessoa com Deficiência, com foco nos centros de reabilitação; o apoio ao Rio Grande do Sul na recuperação das estruturas de saúde destruídas por enchentes e ciclones; e a reabertura de 321 leitos nos hospitais federais do Rio de Janeiro.",A SRA. MINISTRA NÍSIA TRINDADE,11053,30164,18549,18851,"Outro ponto de destaque é que o Ministério da Saúde tem responsabilidade direta, não mediada pelo Estado, mas sempre combinando naturalmente com a regulação estadual dos hospitais federais do Rio de Janeiro, do Grupo Hospitalar Conceição, e responsabilidade direta na atenção primária à saúde indígena.",0.1754,3
597ab529d9e58c55,later,171,Nísia Trindade,"Citou o incremento de R$ 86 milhões no orçamento dos hospitais filantrópicos; a garantia de R$ 540 milhões na Política Nacional de Saúde da Pessoa com Deficiência, com foco nos centros de reabilitação; o apoio ao Rio Grande do Sul na recuperação das estruturas de saúde destruídas por enchentes e ciclones; e a reabertura de 321 leitos nos hospitais federais do Rio de Janeiro.",A SRA. MINISTRA NÍSIA TRINDADE,100029,108656,107173,107219,Termino com isso falando do Rio Grande do Sul.,0.1667,4
597ab529d9e58c55,later,171,Nísia Trindade,"Citou o incremento de R$ 86 milhões no orçamento dos hospitais filantrópicos; a garantia de R$ 540 milhões na Política Nacional de Saúde da Pessoa com Deficiência, com foco nos centros de reabilitação; o apoio ao Rio Grande do Sul na recuperação das estruturas de saúde destruídas por enchentes e ciclones; e a reabertura de 321 leitos nos hospitais federais do Rio de Janeiro.",A SRA. MINISTRA NÍSIA TRINDADE,11053,30164,15782,16001,Eu quero expressar o sentido de urgência do Governo Federal de agir junto ao Governo do Estado para mitigar a situação gravíssima no Rio Grande do Sul e também contribuir para soluções de recuperação econômica e social.,0.1569,5
87fa10a79fe070e0,earlier,59,Padre João,"Reclamou da falta de responsabilidade, principalmente por parte de autoridades públicas, como os promotores, que deveriam ter comparecido.",O SR. PRESIDENTE(Padre João. Bloco/PT - MG),39783,43087,42135,42204,"Como eu disse antes, o agricultor familiar vai retomando a atividade.",0.1,1
87fa10a79fe070e0,earlier,59,Padre João,"Reclamou da falta de responsabilidade, principalmente por parte de autoridades públicas, como os promotores, que deveriam ter comparecido.",O SR. PRESIDENTE(Padre João. Bloco/PT - MG),39783,43087,40604,40696,"Como ele poderia garantir dignidade a esses trabalhadores, que exercem atividades seculares?",0.0909,2
87fa10a79fe070e0,earlier,59,Padre João,"Reclamou da falta de responsabilidade, principalmente por parte de autoridades públicas, como os promotores, que deveriam ter comparecido.",O SR. PRESIDENTE(Padre João. Bloco/PT - MG),50163,51151,50473,50576,"A outra questão, como eu já disse, junto ao IEF, será buscar o apoio do Ministério Público do Trabalho.",0.0833,3
87fa10a79fe070e0,earlier,59,Padre João,"Reclamou da falta de responsabilidade, principalmente por parte de autoridades públicas, como os promotores, que deveriam ter comparecido.",O SR. PRESIDENTE(Padre João. Bloco/PT - MG),39783,43087,40483,40603,"Mais uma ação, que foge de se ter uma força maior, superior, seria recorrermos também ao Ministério Público do Trabalho.",0.08,4
87fa10a79fe070e0,earlier,59,Padre João,"Reclamou da falta de responsabilidade, principalmente por parte de autoridades públicas, como os promotores, que deveriam ter comparecido.",O SR. PRESIDENTE(Padre João. Bloco/PT - MG),39783,43087,40697,40828,"Como não entendê-los como povos tradicionais, porque essa é uma atividade tradicional, uma das primeiras da história da humanidade.",0.08,5
87fa10a79fe070e0,later,13,Padre João,Reforçou as críticas à paralisação nas negociações.,O SR. PADRE JOÃO(Bloco/PT - MG),153809,167230,160809,161484,"Obrigações para as mineradoras de sistema de monitoramento automatizado: instalação compulsória, a expensas do empreendedor, para barragens consideradas como alto risco e alto dano potencial — em situação de emergencialidade ou quando ocorrer alteração de categoria de risco —, de sistema de automatização dos principais instrumentos para monitoramento de barragens de mineração, com disponibilização dos dados gerados por eles à organização por protocolo de comunicação na Internet, com a posterior integração no sistema de análise geotécnica, gerando informaçõeson-linee disponíveis para consulta pública, sistema público de monitoramento e anomalias em barragens críticas.",0.0392,1
87fa10a79fe070e0,later,13,Padre João,Reforçou as críticas à paralisação nas negociações.,O SR. PADRE JOÃO(Bloco/PT - MG),113879,118048,113903,114001,", os demais colegas, o Deputado Pedro Aihara, o Deputado Helder e todos que participam desta Mesa.",0.0,2
87fa10a79fe070e0,later,13,Padre João,Reforçou as críticas à paralisação nas negociações.,O SR. PADRE JOÃO(Bloco/PT - MG),113879,118048,114003,114339,"Se em 2022 conseguimos impedir de certa forma a conclusão da repactuação, se foi uma vitória do segmento não ter permitido a repactuação em 2022, eu entendo que é uma derrota concluirmos 2023 sem fazer essa reputação, até porque ela foi trabalhada, inclusive com o próprio Governo Federal, em diligências em que as pessoas eram ouvidas.",0.0,3
87fa10a79fe070e0,later,13,Padre João,Reforçou as críticas à paralisação nas negociações.,O SR. PADRE JOÃO(Bloco/PT - MG),113879,118048,114340,114424,"É lamentável esse controle das empresas, esse grande controle do capital financeiro.",0.0,4
87fa10a79fe070e0,later,13,Padre João,Reforçou as críticas à paralisação nas negociações.,O SR. PADRE JOÃO(Bloco/PT - MG),113879,118048,114426,114495,Eu venho dizendo e denunciando que quem mais mata hoje é a mineração.,0.0,5
e8fa709c49d4cf21,earlier,199,Padre João,Questionou sobre a incorporação do canabidiol ao SUS.,O SR. PADRE JOÃO(Bloco/PT - MG),189256,190879,189760,189873,"Eu acredito muito, por exemplo, Ministra, porque somos testemunha dela, na importância do canabidiol, da maconha.",0.1333,1
e8fa709c49d4cf21,earlier,199,Padre João,Questionou sobre a incorporação do canabidiol ao SUS.,O SR. PADRE JOÃO(Bloco/PT - MG),189256,190879,189280,189350,", assim como a Ministra Nísia e o companheiro e colega Chico d'Angelo.",0.0,2
e8fa709c49d4cf21,earlier,199,Padre João,Questionou sobre a incorporação do canabidiol ao SUS.,O SR. PADRE JOÃO(Bloco/PT - MG),189256,190879,189352,189511,"Peço, primeiro, desculpas à Ministra por alguns colegas que, infelizmente, poderiam usar a palavra para fazer propostas, mas questionam ainda o sexo dos anjos.",0.0,3
e8fa709c49d4cf21,earlier,199,Padre João,Questionou sobre a incorporação do canabidiol ao SUS.,O SR. PADRE JOÃO(Bloco/PT - MG),189256,190879,189566,189618,A saúde é fundamental na reconstrução do nosso País.,0.0,4
e8fa709c49d4cf21,earlier,199,Padre João,Questionou sobre a incorporação do canabidiol ao SUS.,O SR. PADRE JOÃO(Bloco/PT - MG),189256,190879,189619,189758,"Muitas pesquisas não podem ficar congeladas, por receio de melindres, sobretudo pela hipocrisia religiosa, que vem contaminando a política.",0.0,5
e8fa709c49d4cf21,later,146,Padre João,"Cobrou a modernização da legislação, uma vez que os medicamentos disponíveis, que são importados, têm um preço muito elevado, não sendo acessíveis às famílias mais vulneráveis: ""Muitos países já avançaram no processo do uso da maconha, não só medicinal, mas também cosmético, na indústria têxtil e na agricultura. E estamos aqui, acuados por uma hipocrisia religiosa, negando aos pobres um medicamento tão importante"".",O SR. PRESIDENTE(Padre João. Bloco/PT - MG),46,9115,4542,4695,"Quantos países avançaram no processo do uso da maconha, não só medicinal, mas também na área de cosméticos, na indústria têxtil e na própria agricultura?",0.4211,1
e8fa709c49d4cf21,later,146,Padre João,"Cobrou a modernização da legislação, uma vez que os medicamentos disponíveis, que são importados, têm um preço muito elevado, não sendo acessíveis às famílias mais vulneráveis: ""Muitos países já avançaram no processo do uso da maconha, não só medicinal, mas também cosmético, na indústria têxtil e na agricultura. E estamos aqui, acuados por uma hipocrisia religiosa, negando aos pobres um medicamento tão importante"".",O SR. PRESIDENTE(Padre João. Bloco/PT - MG),46,9115,4696,4840,"Quantos avanços estão acontecendo, enquanto estamos aqui acuados por uma hipocrisia religiosa, negando aos pobres um medicamento tão importante?",0.3571,2
e8fa709c49d4cf21,later,146,Padre João,"Cobrou a modernização da legislação, uma vez que os medicamentos disponíveis, que são importados, têm um preço muito elevado, não sendo acessíveis às famílias mais vulneráveis: ""Muitos países já avançaram no processo do uso da maconha, não só medicinal, mas também cosmético, na indústria têxtil e na agricultura. E estamos aqui, acuados por uma hipocrisia religiosa, negando aos pobres um medicamento tão importante"".",O SR. PRESIDENTE(Padre João. Bloco/PT - MG),30998,31646,31436,31644,"O preço que já foi colocado aqui, Diego, continua discriminando os mais pobres deste País, um medicamento que é comprovadamente importante para garantir qualidade de vida, seja para o idoso ou para a criança.",0.1967,3
e8fa709c49d4cf21,later,146,Padre João,"Cobrou a modernização da legislação, uma vez que os medicamentos disponíveis, que são importados, têm um preço muito elevado, não sendo acessíveis às famílias mais vulneráveis: ""Muitos países já avançaram no processo do uso da maconha, não só medicinal, mas também cosmético, na indústria têxtil e na agricultura. E estamos aqui, acuados por uma hipocrisia religiosa, negando aos pobres um medicamento tão importante"".",O SR. PRESIDENTE(Padre João. Bloco/PT - MG),46,9115,5033,5218,"Às vezes, debate-se muito o CBD porque é mais fácil discutir o uso para a saúde, já que a questão do uso medicinal encontra o maior apoio popular, mas não se enfrenta esse outro debate.",0.1935,4
e8fa709c49d4cf21,later,146,Padre João,"Cobrou a modernização da legislação, uma vez que os medicamentos disponíveis, que são importados, têm um preço muito elevado, não sendo acessíveis às famílias mais vulneráveis: ""Muitos países já avançaram no processo do uso da maconha, não só medicinal, mas também cosmético, na indústria têxtil e na agricultura. E estamos aqui, acuados por uma hipocrisia religiosa, negando aos pobres um medicamento tão importante"".",O SR. PRESIDENTE(Padre João. Bloco/PT - MG),30998,31646,31334,31434,"Nessa importação, nós estamos excluindo os pobres de terem acesso a esse medicamento tão importante.",0.1923,5
ffe531755c6def2e,earlier,112,Paulo Xavier,Defendeu a rejeição integral da proposta do Executivo.,O SR. PAULO XAVIER,23565,24921,24600,24651,"Então, nós queremos a rejeição total desse projeto.",0.1818,1
ffe531755c6def2e,earlier,112,Paulo Xavier,Defendeu a rejeição integral da proposta do Executivo.,O SR. PAULO XAVIER,19959,23004,20004,20077,"Cumprimento todos os Deputados, as autoridades presentes e os motoristas.",0.0,2
ffe531755c6def2e,earlier,112,Paulo Xavier,Defendeu a rejeição integral da proposta do Executivo.,O SR. PAULO XAVIER,19959,23004,20105,20288,Queria perguntar — e eu ouvi o Jair falar que praticamente todo o auditório ou boa parte dele é formada por motoristas — quais de vocês foram ouvidos nesse processo da regulamentação?,0.0,3
ffe531755c6def2e,earlier,112,Paulo Xavier,Defendeu a rejeição integral da proposta do Executivo.,O SR. PAULO XAVIER,19959,23004,20315,20369,"Existe, Deputado, nositeda Câmara mesmo, uma pesquisa.",0.0,4
ffe531755c6def2e,earlier,112,Paulo Xavier,Defendeu a rejeição integral da proposta do Executivo.,O SR. PAULO XAVIER,19959,23004,20370,20430,O resultado mostra que 98% dos motoristas não foram ouvidos.,0.0,5
ffe531755c6def2e,later,87,Paulo Xavier,Rechaça a proposta do governo.,O SR. PAULO XAVIER,40988,48330,47701,47776,O próprio Governo chegou ao entendimento de que 25% representam ganho real.,0.2,1
ffe531755c6def2e,later,87,Paulo Xavier,Rechaça a proposta do governo.,O SR. PAULO XAVIER,40988,48330,43076,43143,"O Governo pode, sim, criar mecanismos para que o MEI seja ampliado.",0.1818,2
ffe531755c6def2e,later,87,Paulo Xavier,Rechaça a proposta do governo.,O SR. PAULO XAVIER,40988,48330,46686,46761,"A elaboração da proposta 536, esta sim, teve a participação dos motoristas.",0.1818,3
ffe531755c6def2e,later,87,Paulo Xavier,Rechaça a proposta do governo.,O SR. PAULO XAVIER,40988,48330,47777,47960,"Nosso ganho real é, de fato, muito baixo, portanto o Imposto de Renda também precisa passar por uma equiparação neste modelo, nesta proposta, na aprovação que o Governo precisa fazer.",0.1739,4
ffe531755c6def2e,later,87,Paulo Xavier,Rechaça a proposta do governo.,O SR. PAULO XAVIER,40988,48330,44398,44496,Entendemos que o Governo tem uma grande oportunidade de criar um projeto que atenda o trabalhador.,0.1667,5
7d09d414bbbcee5f,earlier,199,Priscila Costa,"Criticou orientações da Resolução 715/23 relacionadas à maconha, à população LGBTQIA+ e ao aborto.",A SRA. PRISCILA COSTA(PL - CE),205659,207336,206628,206686,"Vamos, então, à Resolução nº 715, de 2023, assinada por V.",0.2667,1
7d09d414bbbcee5f,earlier,199,Priscila Costa,"Criticou orientações da Resolução 715/23 relacionadas à maconha, à população LGBTQIA+ e ao aborto.",A SRA. PRISCILA COSTA(PL - CE),208773,209913,208773,208886,"Bem, sendo bem clara, digo que nós acabamos vendo aqui o caráter político-religioso dessa peça que é a resolução.",0.0909,2
7d09d414bbbcee5f,earlier,199,Priscila Costa,"Criticou orientações da Resolução 715/23 relacionadas à maconha, à população LGBTQIA+ e ao aborto.",A SRA. PRISCILA COSTA(PL - CE),208773,209913,209155,209281,"Pois bem, a resolução brinca também com a vida de crianças, oferecendo terapia hormonal para adolescentes a partir de 14 anos.",0.0909,3
7d09d414bbbcee5f,earlier,199,Priscila Costa,"Criticou orientações da Resolução 715/23 relacionadas à maconha, à população LGBTQIA+ e ao aborto.",A SRA. PRISCILA COSTA(PL - CE),208773,209913,208887,209153,"Não há nada de técnico, nada de científico, visto que a Ministra não apresentou nenhum estudo científico que elevasse certas religiões à categoria de promotores de saúde e cura e fizesse com que outras religiões fossem preteridas por essa resolução, que ela assinou.",0.0606,4
7d09d414bbbcee5f,earlier,199,Priscila Costa,"Criticou orientações da Resolução 715/23 relacionadas à maconha, à população LGBTQIA+ e ao aborto.",A SRA. PRISCILA COSTA(PL - CE),208773,209913,209638,209911,"Apresentar, nessa resolução assinada pela Ministra do Governo Lula, uma hormonoterapia no processo de puberdade, quando essas crianças estão vulneráveis e confusas, conforme oManual de Sexualidade e Psicologia,da Associação Pediátrica Americana, não seria uma perversidade?",0.0571,5
7d09d414bbbcee5f,later,171,Priscila Costa,"Questionou resoluções oriundas da 17ª Conferência Nacional de Saúde, realizada em junho, como a 'revisão da cartilha de pessoas trans' e 'redução da idade de início de hormonização para 14 anos'.",A SRA. PRISCILA COSTA(PL - CE),108861,111605,109970,110058,"São iniciativas como esta que, se nós estamos falando de saúde, estamos falando de vida.",0.1481,1
7d09d414bbbcee5f,later,171,Priscila Costa,"Questionou resoluções oriundas da 17ª Conferência Nacional de Saúde, realizada em junho, como a 'revisão da cartilha de pessoas trans' e 'redução da idade de início de hormonização para 14 anos'.",A SRA. PRISCILA COSTA(PL - CE),114164,117031,114720,114781,", como Presidente da FIOCRUZ, era responsável aqui no Brasil?",0.0769,2
7d09d414bbbcee5f,later,171,Priscila Costa,"Questionou resoluções oriundas da 17ª Conferência Nacional de Saúde, realizada em junho, como a 'revisão da cartilha de pessoas trans' e 'redução da idade de início de hormonização para 14 anos'.",A SRA. PRISCILA COSTA(PL - CE),114164,117031,116031,116107,"Um dos motivos foi pôr em risco a vida, a segurança ou a saúde da população.",0.0769,3
7d09d414bbbcee5f,later,171,Priscila Costa,"Questionou resoluções oriundas da 17ª Conferência Nacional de Saúde, realizada em junho, como a 'revisão da cartilha de pessoas trans' e 'redução da idade de início de hormonização para 14 anos'.",A SRA. PRISCILA COSTA(PL - CE),117531,118088,117923,118013,"Era uma emissora, alcançando milhões e milhões de pessoas, mandando-as ir para o carnaval.",0.0769,4
7d09d414bbbcee5f,later,171,Priscila Costa,"Questionou resoluções oriundas da 17ª Conferência Nacional de Saúde, realizada em junho, como a 'revisão da cartilha de pessoas trans' e 'redução da idade de início de hormonização para 14 anos'.",A SRA. PRISCILA COSTA(PL - CE),111638,113786,112028,112117,fala enfaticamente que são divulgações que trazem efeitos negativos à saúde da população.,0.0714,5
6a7b7af41cec3ff3,earlier,142,Prof. Paulo Fernando,"Os contratantes de cartão consignado estão em grande risco: ""Quando você tem uma parcela restrita, de 5% da remuneração para pagar o saldo devedor, é comum que a fatura não seja paga integralmente. Isso leva a multas e juros sobre a parcela restante; que, obviamente, também não será paga.""",O SR. PRESIDENTE(Prof. Paulo Fernando. Bloco/REPUBLICANOS - DF),83104,85518,84372,84880,"E o risco maior advém desse descasamento entre o saldo devedor e a margem exclusiva, ou seja, quando você tem uma parcela muito restrita, a 5% da remuneração para pagar o saldo devedor, é muito comum que a fatura não seja paga integralmente, o que enseja obviamente numa cobrança de multa sobre o valor líquido da fatura e o acréscimo cada vez maior de juros à parcela restante, que provavelmente também não será paga na sua totalidade, gerando o que nós chamamos de bola de neve, ou seja, uma dívida eterna.",0.56,1
6a7b7af41cec3ff3,earlier,142,Prof. Paulo Fernando,"Os contratantes de cartão consignado estão em grande risco: ""Quando você tem uma parcela restrita, de 5% da remuneração para pagar o saldo devedor, é comum que a fatura não seja paga integralmente. Isso leva a multas e juros sobre a parcela restante; que, obviamente, também não será paga.""",O SR. PRESIDENTE(Prof. Paulo Fernando. Bloco/REPUBLICANOS - DF),54433,54589,54523,54587,"Quer dizer que não tem VAR na SUSEP, não tem para onde recorrer?",0.1081,2
6a7b7af41cec3ff3,earlier,142,Prof. Paulo Fernando,"Os contratantes de cartão consignado estão em grande risco: ""Quando você tem uma parcela restrita, de 5% da remuneração para pagar o saldo devedor, é comum que a fatura não seja paga integralmente. Isso leva a multas e juros sobre a parcela restante; que, obviamente, também não será paga.""",O SR. PRESIDENTE(Prof. Paulo Fernando. Bloco/REPUBLICANOS - DF),66,3901,3403,3709,"Feitos esses esclarecimentos, a audiência pública tem como escopo subsidiar o Relator e também os demais membros da Comissão para que tenhamos subsídios necessários não só para a confecção do futuro parecer, mas também para que tenhamos elementos para melhor discutir a matéria no âmbito da nossa Comissão.",0.1053,3
6a7b7af41cec3ff3,earlier,142,Prof. Paulo Fernando,"Os contratantes de cartão consignado estão em grande risco: ""Quando você tem uma parcela restrita, de 5% da remuneração para pagar o saldo devedor, é comum que a fatura não seja paga integralmente. Isso leva a multas e juros sobre a parcela restante; que, obviamente, também não será paga.""",O SR. PRESIDENTE(Prof. Paulo Fernando. Bloco/REPUBLICANOS - DF),29551,29975,29866,29973,"Eu queria saber se isso é um aspecto contratual ou se há um seguro obrigatório, se o cliente paga por isso.",0.1053,4
6a7b7af41cec3ff3,earlier,142,Prof. Paulo Fernando,"Os contratantes de cartão consignado estão em grande risco: ""Quando você tem uma parcela restrita, de 5% da remuneração para pagar o saldo devedor, é comum que a fatura não seja paga integralmente. Isso leva a multas e juros sobre a parcela restante; que, obviamente, também não será paga.""",O SR. PRESIDENTE(Prof. Paulo Fernando. Bloco/REPUBLICANOS - DF),83104,85518,83175,83277,"O horário foi cumprido rigorosamente, não apenas o de início, mas também o de cada um dos expositores.",0.1,5
6a7b7af41cec3ff3,later,137,Prof. Paulo Fernando,"A medida tem o sentido de assegurar a liberdade de escolha do professor: ""Uma vez tendo a devida qualificação, compete a ele, profissional, escolher se quer trabalhar 20 horas, 40 horas, 60 horas. O texto apresentado não está falando da dedicação exclusiva, ele não define o que é cargo técnico nem cientifico, não está voltado apenas para o ensino superior - essa PEC abrange todo o exercício do magistério, em toda a sua amplitude.""",O SR. PROF. PAULO FERNANDO(Bloco/REPUBLICANOS - DF),44162,47679,44754,44922,"Pois bem, uma vez tendo a devida qualificação, compete a ele, profissional, escolher se quer trabalhar 20 horas, se quer trabalhar 40 horas, se quer trabalhar 60 horas.",0.4,1
6a7b7af41cec3ff3,later,137,Prof. Paulo Fernando,"A medida tem o sentido de assegurar a liberdade de escolha do professor: ""Uma vez tendo a devida qualificação, compete a ele, profissional, escolher se quer trabalhar 20 horas, 40 horas, 60 horas. O texto apresentado não está falando da dedicação exclusiva, ele não define o que é cargo técnico nem cientifico, não está voltado apenas para o ensino superior - essa PEC abrange todo o exercício do magistério, em toda a sua amplitude.""",O SR. PROF. PAULO FERNANDO(Bloco/REPUBLICANOS - DF),44162,47679,46620,46859,"Esta PEC abrange todo o exercício do magistério, em toda a sua amplitude, de tal sorte que, uma vez colocando a expressão ""de qualquer outro cargo"" no texto da Constituição, incluiremos inclusive os cargos técnicos e os cargos científicos.",0.3385,2
6a7b7af41cec3ff3,later,137,Prof. Paulo Fernando,"A medida tem o sentido de assegurar a liberdade de escolha do professor: ""Uma vez tendo a devida qualificação, compete a ele, profissional, escolher se quer trabalhar 20 horas, 40 horas, 60 horas. O texto apresentado não está falando da dedicação exclusiva, ele não define o que é cargo técnico nem cientifico, não está voltado apenas para o ensino superior - essa PEC abrange todo o exercício do magistério, em toda a sua amplitude.""",O SR. PROF. PAULO FERNANDO(Bloco/REPUBLICANOS - DF),44162,47679,46427,46512,"Ele não define o que é cargo técnico, nem científico, que não é o objeto aqui da PEC.",0.3077,3
6a7b7af41cec3ff3,later,137,Prof. Paulo Fernando,"A medida tem o sentido de assegurar a liberdade de escolha do professor: ""Uma vez tendo a devida qualificação, compete a ele, profissional, escolher se quer trabalhar 20 horas, 40 horas, 60 horas. O texto apresentado não está falando da dedicação exclusiva, ele não define o que é cargo técnico nem cientifico, não está voltado apenas para o ensino superior - essa PEC abrange todo o exercício do magistério, em toda a sua amplitude.""",O SR. PROF. PAULO FERNANDO(Bloco/REPUBLICANOS - DF),44162,47679,46354,46426,"Presidente, o texto apresentado não está falando da dedicação exclusiva.",0.28,4
6a7b7af41cec3ff3,later,137,Prof. Paulo Fernando,"A medida tem o sentido de assegurar a liberdade de escolha do professor: ""Uma vez tendo a devida qualificação, compete a ele, profissional, escolher se quer trabalhar 20 horas, 40 horas, 60 horas. O texto apresentado não está falando da dedicação exclusiva, ele não define o que é cargo técnico nem cientifico, não está voltado apenas para o ensino superior - essa PEC abrange todo o exercício do magistério, em toda a sua amplitude.""",O SR. PROF. PAULO FERNANDO(Bloco/REPUBLICANOS - DF),44162,47679,44523,44605,Esta é a palavra-chave desta PEC: a liberdade de escolha que o professor deve ter.,0.1923,5
f8189fa4faeb557c,earlier,197,Ricardo Galvão,"A legislação precisa ser revista para ser melhor executada: ""Um instrumento de pesquisa, um supercomputador, só tem um fabricante. Só tem ele. Quando fui instruir o processo para comprar partes para modernizar o computador, não foi aceito. 'Por que você não faz uma concorrência pública? Você abre um jornal, tem preço de laptop', perguntaram.""",O SR. RICARDO MAGNUS OSÓRIO GALVÃO,45948,53722,51480,51587,"Então, quando eu fui instruir um processo para comprar partes para modernizar um computador, não aceitaram.",0.4286,1
f8189fa4faeb557c,earlier,197,Ricardo Galvão,"A legislação precisa ser revista para ser melhor executada: ""Um instrumento de pesquisa, um supercomputador, só tem um fabricante. Só tem ele. Quando fui instruir o processo para comprar partes para modernizar o computador, não foi aceito. 'Por que você não faz uma concorrência pública? Você abre um jornal, tem preço de laptop', perguntaram.""",O SR. RICARDO MAGNUS OSÓRIO GALVÃO,45948,53722,51379,51479,"Quando se compra um instrumento de pesquisa, um supercomputador, só há aquele fabricante; só há ele.",0.3077,2
f8189fa4faeb557c,earlier,197,Ricardo Galvão,"A legislação precisa ser revista para ser melhor executada: ""Um instrumento de pesquisa, um supercomputador, só tem um fabricante. Só tem ele. Quando fui instruir o processo para comprar partes para modernizar o computador, não foi aceito. 'Por que você não faz uma concorrência pública? Você abre um jornal, tem preço de laptop', perguntaram.""",O SR. RICARDO MAGNUS OSÓRIO GALVÃO,45948,53722,51588,51651,E me perguntaram por que eu não fazia uma concorrência pública.,0.2222,3
f8189fa4faeb557c,earlier,197,Ricardo Galvão,"A legislação precisa ser revista para ser melhor executada: ""Um instrumento de pesquisa, um supercomputador, só tem um fabricante. Só tem ele. Quando fui instruir o processo para comprar partes para modernizar o computador, não foi aceito. 'Por que você não faz uma concorrência pública? Você abre um jornal, tem preço de laptop', perguntaram.""",O SR. RICARDO MAGNUS OSÓRIO GALVÃO,45948,53722,51762,51803,"""Ele não sabe o que é um supercomputador.",0.1714,4
f8189fa4faeb557c,earlier,197,Ricardo Galvão,"A legislação precisa ser revista para ser melhor executada: ""Um instrumento de pesquisa, um supercomputador, só tem um fabricante. Só tem ele. Quando fui instruir o processo para comprar partes para modernizar o computador, não foi aceito. 'Por que você não faz uma concorrência pública? Você abre um jornal, tem preço de laptop', perguntaram.""",O SR. RICARDO MAGNUS OSÓRIO GALVÃO,45948,53722,51695,51738,"""Eu abro o jornal e vejo o preço de laptop.",0.1667,5
f8189fa4faeb557c,later,184,Ricardo Galvão,"Sem integração, há barreiras para os investimentos necessários: ""Temos uma dificuldade muito grande, por exemplo, de colocar contratos direto nas empresas para desenvolver componentes. Nunca era reconhecido pela consultoria jurídica da União como uma coisa possível de ser realizada. E isso é um problema seríssimo""",O SR. RICARDO MAGNUS OSÓRIO GALVÃO,11968,22304,15924,16053,"Isso não era reconhecido pela consultoria jurídica da União como uma coisa possível de ser feita, e isso é um problema seríssimo.",0.5238,1
f8189fa4faeb557c,later,184,Ricardo Galvão,"Sem integração, há barreiras para os investimentos necessários: ""Temos uma dificuldade muito grande, por exemplo, de colocar contratos direto nas empresas para desenvolver componentes. Nunca era reconhecido pela consultoria jurídica da União como uma coisa possível de ser realizada. E isso é um problema seríssimo""",O SR. RICARDO MAGNUS OSÓRIO GALVÃO,11968,22304,15714,15923,"Eu, como Diretor do Instituto Nacional de Pesquisas Espaciais, sempre tive muita dificuldade de colocar contratos diretos nas empresas para desenvolver componentes de satélites, para fazer partes de satélites.",0.2917,2
f8189fa4faeb557c,later,184,Ricardo Galvão,"Sem integração, há barreiras para os investimentos necessários: ""Temos uma dificuldade muito grande, por exemplo, de colocar contratos direto nas empresas para desenvolver componentes. Nunca era reconhecido pela consultoria jurídica da União como uma coisa possível de ser realizada. E isso é um problema seríssimo""",O SR. RICARDO MAGNUS OSÓRIO GALVÃO,11968,22304,15678,15713,Temos uma dificuldade muito grande.,0.2424,3
f8189fa4faeb557c,later,184,Ricardo Galvão,"Sem integração, há barreiras para os investimentos necessários: ""Temos uma dificuldade muito grande, por exemplo, de colocar contratos direto nas empresas para desenvolver componentes. Nunca era reconhecido pela consultoria jurídica da União como uma coisa possível de ser realizada. E isso é um problema seríssimo""",O SR. RICARDO MAGNUS OSÓRIO GALVÃO,105319,107098,106354,106510,"Para trabalharmos com a indústria, para fazermos projetos, nós temos a ambição muito grande de colocar mais chamadas de interação entre empresa e indústria.",0.186,4
f8189fa4faeb557c,later,184,Ricardo Galvão,"Sem integração, há barreiras para os investimentos necessários: ""Temos uma dificuldade muito grande, por exemplo, de colocar contratos direto nas empresas para desenvolver componentes. Nunca era reconhecido pela consultoria jurídica da União como uma coisa possível de ser realizada. E isso é um problema seríssimo""",O SR. RICARDO MAGNUS OSÓRIO GALVÃO,11968,22304,15131,15187,Mas isso nunca foi empregado da forma como a lei coloca.,0.1579,5
99ca50f2ecb70ba4,earlier,44,Rodrigo Agostinho,A Petrobras é o empreendedor brasileiro com maior número de licenças ambientais e já foi autorizada a exploração de petróleo em outras áreas da Margem Equatorial.,O SR. RODRIGO AGOSTINHO,21967,36382,28200,28276,Nenhum empreendedor no Brasil tem mais licenças do IBAMA do que a PETROBRAS.,0.2609,1
99ca50f2ecb70ba4,earlier,44,Rodrigo Agostinho,A Petrobras é o empreendedor brasileiro com maior número de licenças ambientais e já foi autorizada a exploração de petróleo em outras áreas da Margem Equatorial.,O SR. RODRIGO AGOSTINHO,21967,36382,31551,31743,"Nessa área da Margem Equatorial, nós temos duas bacias com exploração: a Bacia Potiguar, com poços, onde existe até uma refinaria que foi vendida no Governo passado, a refinaria Clara Camarão.",0.2222,2
99ca50f2ecb70ba4,earlier,44,Rodrigo Agostinho,A Petrobras é o empreendedor brasileiro com maior número de licenças ambientais e já foi autorizada a exploração de petróleo em outras áreas da Margem Equatorial.,O SR. RODRIGO AGOSTINHO,21967,36382,28533,28651,"Hoje, fora da área da Margem Equatorial, o IBAMA está analisando cerca de 100 processos de licenciamento da PETROBRAS.",0.2143,3
99ca50f2ecb70ba4,earlier,44,Rodrigo Agostinho,A Petrobras é o empreendedor brasileiro com maior número de licenças ambientais e já foi autorizada a exploração de petróleo em outras áreas da Margem Equatorial.,O SR. RODRIGO AGOSTINHO,21967,36382,23732,24002,"Neste caso específico, na região da Margem Equatorial — a Margem Equatorial vai do Amapá ao Rio Grande do Norte, é uma região grande, na Linha do Equador —, nós tivemos quase cem poços de petróleo perfurados, quase todos pela PETROBRAS, dois com licenciamento ambiental.",0.2051,4
99ca50f2ecb70ba4,earlier,44,Rodrigo Agostinho,A Petrobras é o empreendedor brasileiro com maior número de licenças ambientais e já foi autorizada a exploração de petróleo em outras áreas da Margem Equatorial.,O SR. RODRIGO AGOSTINHO,21967,36382,33254,33479,"Eu acho importante deixarmos claro tudo isso porque, como eu disse mais de uma vez, a decisão é técnica, mas não é e não foi, em momento nenhum, no sentido de que nunca será autorizada a exploração de petróleo naquela região.",0.1951,5
99ca50f2ecb70ba4,later,183,Rodrigo Agostinho,"Não existe ""nenhuma perseguição"" à Petrobras: ""Nenhuma empresa brasileira, nenhum empreendedor brasileiro tem mais licenças do que a Petrobras.""",O SR. RODRIGO ANTONIO DE AGOSTINHO MENDONÇA,83328,85138,83951,84259,"Em relação aos questionamentos dos Deputados Welter, do Paraná, e Leo Prates, sobre as licenças da PETROBRAS, nós brincamos no IBAMA, do ponto de vista positivo, que ela é a maior cliente do IBAMA, pois nenhuma empresa brasileira, nenhum empreendedor brasileiro tem mais licenças do IBAMA do que a PETROBRAS.",0.5128,1
99ca50f2ecb70ba4,later,183,Rodrigo Agostinho,"Não existe ""nenhuma perseguição"" à Petrobras: ""Nenhuma empresa brasileira, nenhum empreendedor brasileiro tem mais licenças do que a Petrobras.""",O SR. RODRIGO ANTONIO DE AGOSTINHO MENDONÇA,85245,88571,85921,85992,"Portanto, apenas quero deixar claro que não existe nenhuma perseguição.",0.3636,2
99ca50f2ecb70ba4,later,183,Rodrigo Agostinho,"Não existe ""nenhuma perseguição"" à Petrobras: ""Nenhuma empresa brasileira, nenhum empreendedor brasileiro tem mais licenças do que a Petrobras.""",O SR. RODRIGO ANTONIO DE AGOSTINHO MENDONÇA,134415,139939,137967,138070,"Existe uma série de problemas relacionados à obra, à construção, o que não tem a ver com licenciamento.",0.2609,3
99ca50f2ecb70ba4,later,183,Rodrigo Agostinho,"Não existe ""nenhuma perseguição"" à Petrobras: ""Nenhuma empresa brasileira, nenhum empreendedor brasileiro tem mais licenças do que a Petrobras.""",O SR. RODRIGO ANTONIO DE AGOSTINHO MENDONÇA,38773,47757,42260,42434,"Embora exista uma controvérsia com relação ao Rio Nilo, nenhum rio manda mais água para o Oceano Atlântico e não há nenhuma força hídrica maior do que o próprio Rio Amazonas.",0.25,4
99ca50f2ecb70ba4,later,183,Rodrigo Agostinho,"Não existe ""nenhuma perseguição"" à Petrobras: ""Nenhuma empresa brasileira, nenhum empreendedor brasileiro tem mais licenças do que a Petrobras.""",O SR. RODRIGO ANTONIO DE AGOSTINHO MENDONÇA,134415,139939,139478,139579,"Quando não têm ou quando não temos informação sobre a área, a situação fica um pouco mais complicada.",0.25,5
57626a6d567bbd22,earlier,70,Rodrigo Agostinho,Criticou o 'tempo recorde' com que o Inea concedeu as licenças para o empreendimento.,O SR. PRESIDENTE(Rodrigo Agostinho. PSB - SP),59552,63834,61885,61962,"O INEA tem se mostrado bastante omisso em todo esse processo, desde o início.",0.1176,1
57626a6d567bbd22,earlier,70,Rodrigo Agostinho,Criticou o 'tempo recorde' com que o Inea concedeu as licenças para o empreendimento.,O SR. PRESIDENTE(Rodrigo Agostinho. PSB - SP),37006,38124,37318,37541,"É o caso de Carlos Frederico Saturnino, Promotor de Justiça do Ministério Público do Rio de Janeiro, do Philipe Campello Costa Brondi da Silva, Presidente do INEA — Instituto Estadual do Ambiente do Rio de Janeiro, e do Sr.",0.0741,2
57626a6d567bbd22,earlier,70,Rodrigo Agostinho,Criticou o 'tempo recorde' com que o Inea concedeu as licenças para o empreendimento.,O SR. PRESIDENTE(Rodrigo Agostinho. PSB - SP),19127,20154,19127,19222,"Deputada, é um grande prazer poder sucedê-la na condução dos trabalhos desta audiência pública.",0.0,3
57626a6d567bbd22,earlier,70,Rodrigo Agostinho,Criticou o 'tempo recorde' com que o Inea concedeu as licenças para o empreendimento.,O SR. PRESIDENTE(Rodrigo Agostinho. PSB - SP),19127,20154,19224,19318,Trata-se de um tema que realmente tirou o sono de todos que trabalham com a questão ambiental.,0.0,4
57626a6d567bbd22,earlier,70,Rodrigo Agostinho,Criticou o 'tempo recorde' com que o Inea concedeu as licenças para o empreendimento.,O SR. PRESIDENTE(Rodrigo Agostinho. PSB - SP),19127,20154,19319,19386,Nós temos assistido à importância da transição energética no mundo.,0.0,5
57626a6d567bbd22,later,183,Rodrigo Agostinho,"Não existe ""nenhuma perseguição"" à Petrobras: ""Nenhuma empresa brasileira, nenhum empreendedor brasileiro tem mais licenças do que a Petrobras.""",O SR. RODRIGO ANTONIO DE AGOSTINHO MENDONÇA,83328,85138,83951,84259,"Em relação aos questionamentos dos Deputados Welter, do Paraná, e Leo Prates, sobre as licenças da PETROBRAS, nós brincamos no IBAMA, do ponto de vista positivo, que ela é a maior cliente do IBAMA, pois nenhuma empresa brasileira, nenhum empreendedor brasileiro tem mais licenças do IBAMA do que a PETROBRAS.",0.5128,1
57626a6d567bbd22,later,183,Rodrigo Agostinho,"Não existe ""nenhuma perseguição"" à Petrobras: ""Nenhuma empresa brasileira, nenhum empreendedor brasileiro tem mais licenças do que a Petrobras.""",O SR. RODRIGO ANTONIO DE AGOSTINHO MENDONÇA,85245,88571,85921,85992,"Portanto, apenas quero deixar claro que não existe nenhuma perseguição.",0.3636,2
57626a6d567bbd22,later,183,Rodrigo Agostinho,"Não existe ""nenhuma perseguição"" à Petrobras: ""Nenhuma empresa brasileira, nenhum empreendedor brasileiro tem mais licenças do que a Petrobras.""",O SR. RODRIGO ANTONIO DE AGOSTINHO MENDONÇA,134415,139939,137967,138070,"Existe uma série de problemas relacionados à obra, à construção, o que não tem a ver com licenciamento.",0.2609,3
57626a6d567bbd22,later,183,Rodrigo Agostinho,"Não existe ""nenhuma perseguição"" à Petrobras: ""Nenhuma empresa brasileira, nenhum empreendedor brasileiro tem mais licenças do que a Petrobras.""",O SR. RODRIGO ANTONIO DE AGOSTINHO MENDONÇA,38773,47757,42260,42434,"Embora exista uma controvérsia com relação ao Rio Nilo, nenhum rio manda mais água para o Oceano Atlântico e não há nenhuma força hídrica maior do que o próprio Rio Amazonas.",0.25,4
57626a6d567bbd22,later,183,Rodrigo Agostinho,"Não existe ""nenhuma perseguição"" à Petrobras: ""Nenhuma empresa brasileira, nenhum empreendedor brasileiro tem mais licenças do que a Petrobras.""",O SR. RODRIGO ANTONIO DE AGOSTINHO MENDONÇA,134415,139939,139478,139579,"Quando não têm ou quando não temos informação sobre a área, a situação fica um pouco mais complicada.",0.25,5
406f53bbc7b4086a,earlier,94,Roselene Alves,"""A minha família me estimulou muito, ela não me tratou como um fardo. Quando a pessoa com deficiência, principalmente a pessoa autista, tem um suporte mínimo, ela vai longe.""",A SRA. ROSELENE CANDIDA ALVES,50022,52336,51806,51941,"Dessa forma, quando a pessoa com deficiência, principalmente a pessoa autista, tem um suporte mínimo, ela vai longe, ela pode, ela voa.",0.6471,1
406f53bbc7b4086a,earlier,94,Roselene Alves,"""A minha família me estimulou muito, ela não me tratou como um fardo. Quando a pessoa com deficiência, principalmente a pessoa autista, tem um suporte mínimo, ela vai longe.""",A SRA. ROSELENE CANDIDA ALVES,50022,52336,51942,52095,"E quando o suporte de acessibilidade é concedido a qualquer pessoa com deficiência, sobretudo à pessoa autista,oralizada ou não oralizada, ela vai longe.",0.5455,2
406f53bbc7b4086a,earlier,94,Roselene Alves,"""A minha família me estimulou muito, ela não me tratou como um fardo. Quando a pessoa com deficiência, principalmente a pessoa autista, tem um suporte mínimo, ela vai longe.""",A SRA. ROSELENE CANDIDA ALVES,50022,52336,51463,51804,"Eu tenho um emprego no serviço público, sou doutoranda da Universidade de Brasília e eu sou um pleno exemplo de que a Convenção Internacional sobre os Direitos da Pessoa com Deficiência e a Lei Brasileira de Inclusão podem ser aplicadas em sua integralidade, porque a minha família me estimulou muito a isso; ela não me tratou como um fardo.",0.4314,3
406f53bbc7b4086a,earlier,94,Roselene Alves,"""A minha família me estimulou muito, ela não me tratou como um fardo. Quando a pessoa com deficiência, principalmente a pessoa autista, tem um suporte mínimo, ela vai longe.""",A SRA. ROSELENE CANDIDA ALVES,50022,52336,50904,51413,"O meu depoimento, como pessoa autista, é mostrar que qualquer pessoa com deficiência pode ocupar espaços importantes na sociedade, quando as pessoas não enxergam a deficiência como um fardo, porque o problema é que, quando você fala que você é autista ou quando você tem uma deficiência, as pessoas enxergam isso como um fardo e acabam segregando você em um espaço e dificultando o seu acesso não só aos serviços, mas também a questões importantes, como a dignidade da pessoa humana, que são deixadas de lado.",0.2807,4
406f53bbc7b4086a,earlier,94,Roselene Alves,"""A minha família me estimulou muito, ela não me tratou como um fardo. Quando a pessoa com deficiência, principalmente a pessoa autista, tem um suporte mínimo, ela vai longe.""",A SRA. ROSELENE CANDIDA ALVES,50022,52336,52097,52153,É por isso que não podemos ser enxergados como um fardo.,0.24,5
406f53bbc7b4086a,later,5,Roselene Alves,"Acredita que é preciso reconhecer a neurodiversidade, ou seja, reconhecer que cada pessoa com TEA é diferente: ""Pessoas autistas são diversas em várias experiências sensoriais, como a seletividade alimentar, o padrão sensorial, a questão de gênero, classe, raça/etnia, entre outras situações existentes.""",A SRA. ROSELENE CANDIDA ALVES,25351,31261,28563,28754,"Pessoas autistas são diversas em várias experiências sensoriais, como a seletividade alimentar, o padrão sensorial, a questão de gênero, classe, raça/etnia, entre outras situações existentes.",0.8235,1
406f53bbc7b4086a,later,5,Roselene Alves,"Acredita que é preciso reconhecer a neurodiversidade, ou seja, reconhecer que cada pessoa com TEA é diferente: ""Pessoas autistas são diversas em várias experiências sensoriais, como a seletividade alimentar, o padrão sensorial, a questão de gênero, classe, raça/etnia, entre outras situações existentes.""",A SRA. ROSELENE CANDIDA ALVES,25351,31261,28339,28562,"A neurodiversidade implica o conhecimento do indivíduo em toda a sua integridade, além de permitir a noção de que várias pessoas autistas são diferentes entre si e possuem percepções e experiências sensoriais diferenciadas.",0.32,2
406f53bbc7b4086a,later,5,Roselene Alves,"Acredita que é preciso reconhecer a neurodiversidade, ou seja, reconhecer que cada pessoa com TEA é diferente: ""Pessoas autistas são diversas em várias experiências sensoriais, como a seletividade alimentar, o padrão sensorial, a questão de gênero, classe, raça/etnia, entre outras situações existentes.""",A SRA. ROSELENE CANDIDA ALVES,25351,31261,30812,30969,"E 70% de pessoas autistas LGBTQIA+, dados que são desconsiderados pela sociedade insistem em desqualificar a questão de gênero no acompanhamento terapêutico.",0.2326,3
406f53bbc7b4086a,later,5,Roselene Alves,"Acredita que é preciso reconhecer a neurodiversidade, ou seja, reconhecer que cada pessoa com TEA é diferente: ""Pessoas autistas são diversas em várias experiências sensoriais, como a seletividade alimentar, o padrão sensorial, a questão de gênero, classe, raça/etnia, entre outras situações existentes.""",A SRA. ROSELENE CANDIDA ALVES,25351,31261,27887,28109,"E, nesta perspectiva, considero que o movimento da neurodiversidade promove entre as pessoas autistas um autocuidado não somente entre si, mas entre outras pessoas autistas, principalmente relacionadas a diversos cuidados.",0.2083,4
406f53bbc7b4086a,later,5,Roselene Alves,"Acredita que é preciso reconhecer a neurodiversidade, ou seja, reconhecer que cada pessoa com TEA é diferente: ""Pessoas autistas são diversas em várias experiências sensoriais, como a seletividade alimentar, o padrão sensorial, a questão de gênero, classe, raça/etnia, entre outras situações existentes.""",A SRA. ROSELENE CANDIDA ALVES,25351,31261,30971,31233,"Por essas e outras questões é que a neurodiversidade nos lembra de que pessoas autistas são protagonistas de seus próprios caminhos e que o Ministério dos Direitos Humanos e da Cidadania, a partir dessa iniciativa, caminha de braços dados com a neurodiversidade.",0.1961,5
b4a84fb6380ec371,earlier,170,Suelaine Carneiro,"Necessidade de desconstruir indiferenças e enfrentar a permanente desigualdade em relação a acesso a serviços de saúde, creche, pré-escola, saneamento básico e condições adequadas de moradia: ""Compreendemos que abordar os efeitos socioeconômicos e psicossociais do racismo desde a primeira infância possibilita alterar as relações sociais, assim como as práticas nos serviços e equipamentos públicos, de forma que os serviços prestados atendam as necessidade e especificidades das famílias negras e indígenas"".",A SRA. SUELAINE CARNEIRO,3074,7869,7159,7626,"Compreendemos que abordar os efeitos socioeconômicos e psicossociais do racismo desde a primeira infância possibilita alterar as relações sociais, assim como as práticas nos serviços e equipamentos públicos de forma que os serviços prestados atendam às necessidades, especificidades das famílias negras e indígenas, da realização de ações que valorizem suas histórias e culturas, as contribuições materiais e imateriais de negros e indígenas no passado e no presente.",0.642,1
b4a84fb6380ec371,earlier,170,Suelaine Carneiro,"Necessidade de desconstruir indiferenças e enfrentar a permanente desigualdade em relação a acesso a serviços de saúde, creche, pré-escola, saneamento básico e condições adequadas de moradia: ""Compreendemos que abordar os efeitos socioeconômicos e psicossociais do racismo desde a primeira infância possibilita alterar as relações sociais, assim como as práticas nos serviços e equipamentos públicos, de forma que os serviços prestados atendam as necessidade e especificidades das famílias negras e indígenas"".",A SRA. SUELAINE CARNEIRO,3074,7869,5480,6192,"Então, cientes da necessidade de ampliar as compreensões e ações contra o racismo desde a primeira infância, elaboramos uma carta compromisso, que entregamos aos Parlamentares no ano passado, em 2022, e também no início deste ano, assim como disponibilizamos para toda a sociedade, na qual demonstramos, por meio de dados quantitativos e qualitativos, o diagnóstico sobre a situação das crianças negras e indígenas no que diz respeito à permanente desigualdade no acesso ao serviço de saúde, à creche pré-escola, à habitação com saneamento básico e a condições adequadas de moradia, à permanência nos dados de mortalidade por doenças preveníveis e evitáveis ou em razão da violência letal, entre outras questões.",0.3889,2
b4a84fb6380ec371,earlier,170,Suelaine Carneiro,"Necessidade de desconstruir indiferenças e enfrentar a permanente desigualdade em relação a acesso a serviços de saúde, creche, pré-escola, saneamento básico e condições adequadas de moradia: ""Compreendemos que abordar os efeitos socioeconômicos e psicossociais do racismo desde a primeira infância possibilita alterar as relações sociais, assim como as práticas nos serviços e equipamentos públicos, de forma que os serviços prestados atendam as necessidade e especificidades das famílias negras e indígenas"".",A SRA. SUELAINE CARNEIRO,3074,7869,4545,4887,"É nosso desejo desconstruir as indiferenças que cercam os debates sobre as violações e violências que marcam a vida de crianças negras e indígenas, assim como ampliar o compromisso com a proteção integral delas, pois suas trajetórias e possibilidades são marcadas pelo pertencimento racial, implicando no acesso diferenciado aos bens sociais.",0.2133,3
b4a84fb6380ec371,earlier,170,Suelaine Carneiro,"Necessidade de desconstruir indiferenças e enfrentar a permanente desigualdade em relação a acesso a serviços de saúde, creche, pré-escola, saneamento básico e condições adequadas de moradia: ""Compreendemos que abordar os efeitos socioeconômicos e psicossociais do racismo desde a primeira infância possibilita alterar as relações sociais, assim como as práticas nos serviços e equipamentos públicos, de forma que os serviços prestados atendam as necessidade e especificidades das famílias negras e indígenas"".",A SRA. SUELAINE CARNEIRO,3074,7869,6724,7157,"Também atuamos localmente nas cidades em que estamos sediadas com a realização de ações de articulação e formação comunitária, incidência política nas instâncias do Legislativo, Executivo e Judiciário, para os quais apresentamos um conjunto de informações e propostas a serem incorporadas nas políticas públicas com o objetivo de realizarem o princípio da proteção integral para crianças negras e indígenas desde a primeira infância.",0.125,4
b4a84fb6380ec371,earlier,170,Suelaine Carneiro,"Necessidade de desconstruir indiferenças e enfrentar a permanente desigualdade em relação a acesso a serviços de saúde, creche, pré-escola, saneamento básico e condições adequadas de moradia: ""Compreendemos que abordar os efeitos socioeconômicos e psicossociais do racismo desde a primeira infância possibilita alterar as relações sociais, assim como as práticas nos serviços e equipamentos públicos, de forma que os serviços prestados atendam as necessidade e especificidades das famílias negras e indígenas"".",A SRA. SUELAINE CARNEIRO,3074,7869,3211,3493,"É uma iniciativa que coloca o racismo como um tema que deve integrar o debate sobre as políticas públicas para a primeira infância, colocando essa questão sobre a primeira infância em outro patamar, ou seja, a questão racial deve ser parte integrante de todas as políticas públicas.",0.1231,5
b4a84fb6380ec371,later,163,Suelaine Carneiro,"Apresentou pesquisa mostrando que as meninas negras foram as mais prejudicadas na vida escolar na pandemia de Covid-19: ""A grande maioria delas não tinha acesso às plataformas digitais, que foi a opção tanto de governo municipal quanto estadual frente à inoperância do governo federal.""",A SRA. SUELAINE CARNEIRO,61578,70467,62838,63048,"A pesquisa mostrou que a grande maioria delas não tinha acesso às plataformas digitais, que foi aquela opção, tanto de Governos Municipais quanto de Governos Estaduais, perante a inoperância do Governo Federal.",0.6154,1
b4a84fb6380ec371,later,163,Suelaine Carneiro,"Apresentou pesquisa mostrando que as meninas negras foram as mais prejudicadas na vida escolar na pandemia de Covid-19: ""A grande maioria delas não tinha acesso às plataformas digitais, que foi a opção tanto de governo municipal quanto estadual frente à inoperância do governo federal.""",A SRA. SUELAINE CARNEIRO,61578,70467,63164,63265,"Segundo a pesquisa, as meninas negras foram as que menos conseguiram se dedicar às tarefas escolares.",0.2,2
b4a84fb6380ec371,later,163,Suelaine Carneiro,"Apresentou pesquisa mostrando que as meninas negras foram as mais prejudicadas na vida escolar na pandemia de Covid-19: ""A grande maioria delas não tinha acesso às plataformas digitais, que foi a opção tanto de governo municipal quanto estadual frente à inoperância do governo federal.""",A SRA. SUELAINE CARNEIRO,61578,70467,66663,66809,"Além dessas questões do cotidiano escolar, outros temas interferem na vida de meninas negras, e é necessário que a educação se debruce sobre eles.",0.1778,3
b4a84fb6380ec371,later,163,Suelaine Carneiro,"Apresentou pesquisa mostrando que as meninas negras foram as mais prejudicadas na vida escolar na pandemia de Covid-19: ""A grande maioria delas não tinha acesso às plataformas digitais, que foi a opção tanto de governo municipal quanto estadual frente à inoperância do governo federal.""",A SRA. SUELAINE CARNEIRO,61578,70467,67573,67638,"Então, as famílias negras não possuem o direito a uma vida digna.",0.1579,4
b4a84fb6380ec371,later,163,Suelaine Carneiro,"Apresentou pesquisa mostrando que as meninas negras foram as mais prejudicadas na vida escolar na pandemia de Covid-19: ""A grande maioria delas não tinha acesso às plataformas digitais, que foi a opção tanto de governo municipal quanto estadual frente à inoperância do governo federal.""",A SRA. SUELAINE CARNEIRO,61578,70467,67393,67572,"Além disso, precisamos pensar o quanto mulheres negras, chefes de família, mães solo são criminalizadas, porque as meninas também têm que ser o apoio delas nas funções domésticas.",0.1569,5
8034e650e53050e1,earlier,118,Tarcísio Motta,Comprometeu-se com a derrubada do veto presidencial a artigo da Lei 14.691/23.,O SR. TARCÍSIO MOTTA(Bloco/PSOL - RJ),44155,48686,45140,45204,Não é apenas a derrubada do veto que vai resolver essa situação.,0.2667,1
8034e650e53050e1,earlier,118,Tarcísio Motta,Comprometeu-se com a derrubada do veto presidencial a artigo da Lei 14.691/23.,O SR. TARCÍSIO MOTTA(Bloco/PSOL - RJ),44155,48686,44810,45139,"E conte com o nosso voto, Deputado, pela derrubada desse veto, porque, sem sombra de dúvidas — e aqui eu queria entrar no conteúdo que acho importante —, o tema dos recursos públicos destinados à questão da prevenção, da pronta resposta e do acompanhamento posterior aos desastres socioambientais é e será central nesta Comissão.",0.1,2
8034e650e53050e1,earlier,118,Tarcísio Motta,Comprometeu-se com a derrubada do veto presidencial a artigo da Lei 14.691/23.,O SR. TARCÍSIO MOTTA(Bloco/PSOL - RJ),44155,48686,44155,44193,"Muito obrigado, Presidente Leo Prates.",0.0,3
8034e650e53050e1,earlier,118,Tarcísio Motta,Comprometeu-se com a derrubada do veto presidencial a artigo da Lei 14.691/23.,O SR. TARCÍSIO MOTTA(Bloco/PSOL - RJ),44155,48686,44220,44292,"e também o Deputado Gilson Daniel pelas perguntas, pela explanação aqui.",0.0,4
8034e650e53050e1,earlier,118,Tarcísio Motta,Comprometeu-se com a derrubada do veto presidencial a artigo da Lei 14.691/23.,O SR. TARCÍSIO MOTTA(Bloco/PSOL - RJ),44155,48686,44294,44338,Agradeço ao Secretário Wolnei pela presença.,0.0,5
8034e650e53050e1,later,115,Tarcísio Motta,"Defendeu a aprovação da proposta de emenda à Constituição (PEC 44/23) que reserva 5% das emendas para emergências climáticas: ""Os desastres não são naturais. São socioambientais e quem morrem são os mais pobres, são os negros e negras. Portanto, é preparar as cidades e adaptá-las para o que vai acontecer cada vez mais.""",O SR. PRESIDENTE(Tarcísio Motta. Bloco/PSOL - RJ),95310,100291,99726,99992,"É preciso pensar orçamento, é preciso pensar políticas, é preciso pensar a lógica de enfrentar a questão climática e, ao mesmo tempo — portanto, é trocar a roda do carro com ele em movimento —, preparar as cidades e adaptá-las para o que vai acontecer cada vez mais.",0.3636,1
8034e650e53050e1,later,115,Tarcísio Motta,"Defendeu a aprovação da proposta de emenda à Constituição (PEC 44/23) que reserva 5% das emendas para emergências climáticas: ""Os desastres não são naturais. São socioambientais e quem morrem são os mais pobres, são os negros e negras. Portanto, é preparar as cidades e adaptá-las para o que vai acontecer cada vez mais.""",O SR. PRESIDENTE(Tarcísio Motta. Bloco/PSOL - RJ),95310,100291,100105,100202,"Quem morre são os mais pobres, são os negros e negras, e nós temos responsabilidade diante disso.",0.2927,2
8034e650e53050e1,later,115,Tarcísio Motta,"Defendeu a aprovação da proposta de emenda à Constituição (PEC 44/23) que reserva 5% das emendas para emergências climáticas: ""Os desastres não são naturais. São socioambientais e quem morrem são os mais pobres, são os negros e negras. Portanto, é preparar as cidades e adaptá-las para o que vai acontecer cada vez mais.""",O SR. PRESIDENTE(Tarcísio Motta. Bloco/PSOL - RJ),95310,100291,100048,100104,"Os desastres não são naturais, eles são socioambientais.",0.2778,3
8034e650e53050e1,later,115,Tarcísio Motta,"Defendeu a aprovação da proposta de emenda à Constituição (PEC 44/23) que reserva 5% das emendas para emergências climáticas: ""Os desastres não são naturais. São socioambientais e quem morrem são os mais pobres, são os negros e negras. Portanto, é preparar as cidades e adaptá-las para o que vai acontecer cada vez mais.""",O SR. PRESIDENTE(Tarcísio Motta. Bloco/PSOL - RJ),95310,100291,97875,97947,"Os mais pobres estão morrendo, e os negros e negras estão morrendo mais.",0.2222,4
8034e650e53050e1,later,115,Tarcísio Motta,"Defendeu a aprovação da proposta de emenda à Constituição (PEC 44/23) que reserva 5% das emendas para emergências climáticas: ""Os desastres não são naturais. São socioambientais e quem morrem são os mais pobres, são os negros e negras. Portanto, é preparar as cidades e adaptá-las para o que vai acontecer cada vez mais.""",O SR. PRESIDENTE(Tarcísio Motta. Bloco/PSOL - RJ),95310,100291,97722,97810,"Este mundo seguirá terminando cada vez mais rápido, exatamente para aqueles mais pobres.",0.1951,5
8c2dfcbfad142a02,earlier,95,Vanessa Negrini,O governo está empenhado em implementar políticas públicas que atrelem o bem-estar animal aos Objetivos do Desenvolvimento Sustentável (ODS) e às estratégias de superação dos desafios ambientais.,A SRA. VANESSA NEGRINI,57854,60294,58502,58835,"Na Resolução Nexus, a ONU reconheceu que o bem-estar animal pode, sim, contribuir para o enfrentamento dos desafios ambientais e promover essa abordagemone health— saúde única —, bem como alcançar os Objetivos de Desenvolvimento Sustentável, por tudo isso que já foi posto e debatido aqui brilhantemente por todos que me antecederam.",0.3137,1
8c2dfcbfad142a02,earlier,95,Vanessa Negrini,O governo está empenhado em implementar políticas públicas que atrelem o bem-estar animal aos Objetivos do Desenvolvimento Sustentável (ODS) e às estratégias de superação dos desafios ambientais.,A SRA. VANESSA NEGRINI,60399,63593,62991,63308,"Também é fundamental que pensemos, do ponto de vista de políticas públicas, de leis e incentivos, formas de incluir o bem-estar animal no debate público sobre consumo sustentável, atrelando aí os seus componentes ambientais, climáticos, nutricionais, de saúde única e, claro, pela ótica também da vida desses animais.",0.2917,2
8c2dfcbfad142a02,earlier,95,Vanessa Negrini,O governo está empenhado em implementar políticas públicas que atrelem o bem-estar animal aos Objetivos do Desenvolvimento Sustentável (ODS) e às estratégias de superação dos desafios ambientais.,A SRA. VANESSA NEGRINI,57854,60294,59014,59085,"O bem-estar animal é, sim, um componente essencial da sustentabilidade.",0.24,3
8c2dfcbfad142a02,earlier,95,Vanessa Negrini,O governo está empenhado em implementar políticas públicas que atrelem o bem-estar animal aos Objetivos do Desenvolvimento Sustentável (ODS) e às estratégias de superação dos desafios ambientais.,A SRA. VANESSA NEGRINI,60399,63593,60465,60560,"Em termos de políticas públicas, em termos de prioridade para o Governo, o que podemos debater?",0.24,4
8c2dfcbfad142a02,earlier,95,Vanessa Negrini,O governo está empenhado em implementar políticas públicas que atrelem o bem-estar animal aos Objetivos do Desenvolvimento Sustentável (ODS) e às estratégias de superação dos desafios ambientais.,A SRA. VANESSA NEGRINI,60399,63593,60561,60733,"Eu penso que podemos colocar nos nossos debates, nos nossos projetos, nas nossas discussões, a promoção do bem-estar animal como requisito essencial do consumo sustentável.",0.2286,5
8c2dfcbfad142a02,later,191,Vanessa Negrini,"A causa do bem-estar animal deve ser um tema de Estado: ""Esse tema do bem-estar animal precisa ser debatido no conjunto dos interesses da sociedade, nos vários órgãos que discutem isso. É pelo bem dos animais? Sim, é pelo bem dos animais. Mas, não se iludam, é sobretudo pela vida humana na Terra.""",A SRA. VANESSA NEGRINI,2375,9279,9169,9251,"É pelo bem dos animais, mas, não se iludam, é sobretudo pela vida humana na Terra.",0.5143,1
8c2dfcbfad142a02,later,191,Vanessa Negrini,"A causa do bem-estar animal deve ser um tema de Estado: ""Esse tema do bem-estar animal precisa ser debatido no conjunto dos interesses da sociedade, nos vários órgãos que discutem isso. É pelo bem dos animais? Sim, é pelo bem dos animais. Mas, não se iludam, é sobretudo pela vida humana na Terra.""",A SRA. VANESSA NEGRINI,2375,9279,2704,3238,"Muito me anima e me deixa cheia de esperanças ver aqui na plateia, acompanhando-nos, não só nós do departamento, mas também os nossos colegas representantes do MAPA: o Fernando, a Valéria, o Lucas, a Natercia, que estão à frente desse olhar do bem-estar animal lá; a Natiela, do Grupo Técnico de Saúde Única, do Ministério da Saúde; a Sabrina, da EMBRAPA, mostrando que esse tema do bem-estar animal não faz parte só de uma Pasta, ele precisa ser debatido, no conjunto dos interesses da sociedade, nos vários órgãos que discutem isso.",0.4103,2
8c2dfcbfad142a02,later,191,Vanessa Negrini,"A causa do bem-estar animal deve ser um tema de Estado: ""Esse tema do bem-estar animal precisa ser debatido no conjunto dos interesses da sociedade, nos vários órgãos que discutem isso. É pelo bem dos animais? Sim, é pelo bem dos animais. Mas, não se iludam, é sobretudo pela vida humana na Terra.""",A SRA. VANESSA NEGRINI,2375,9279,3240,3337,"O bem-estar animal já não é de hoje que não é mais só uma pauta de quem ama os animais, Deputado.",0.2703,3
8c2dfcbfad142a02,later,191,Vanessa Negrini,"A causa do bem-estar animal deve ser um tema de Estado: ""Esse tema do bem-estar animal precisa ser debatido no conjunto dos interesses da sociedade, nos vários órgãos que discutem isso. É pelo bem dos animais? Sim, é pelo bem dos animais. Mas, não se iludam, é sobretudo pela vida humana na Terra.""",A SRA. VANESSA NEGRINI,2375,9279,5904,5945,"Sim, bem-estar animal dialoga com a fome!",0.25,4
8c2dfcbfad142a02,later,191,Vanessa Negrini,"A causa do bem-estar animal deve ser um tema de Estado: ""Esse tema do bem-estar animal precisa ser debatido no conjunto dos interesses da sociedade, nos vários órgãos que discutem isso. É pelo bem dos animais? Sim, é pelo bem dos animais. Mas, não se iludam, é sobretudo pela vida humana na Terra.""",A SRA. VANESSA NEGRINI,2375,9279,4219,4361,"Então, essa é uma pauta que perpassa não só uma questão de quem gosta ou não gosta dos animais, é uma pauta de Estado e precisa ser discutida.",0.2105,5
d336204af6200b5c,earlier,68,Vanessa Pirolo,"""A pessoa com diabetes, no mínimo, tem que passar uma vez ao ano para fazer o exame adequado nos olhos e para ver como está o controle da doença.""",A SRA. VANESSA PIROLO,4115,12749,7102,7377,"Eu queria sensibilizar o Ministério da Saúde no sentido de conseguirmos fazer esse tipo de coisa, como podemos encaminhá-las, porque a pessoa com diabetes tem que, no mínimo, uma vez ao ano, fazer um exame adequado nos olhos e constatar como ela está com relação ao diabetes.",0.5455,1
d336204af6200b5c,earlier,68,Vanessa Pirolo,"""A pessoa com diabetes, no mínimo, tem que passar uma vez ao ano para fazer o exame adequado nos olhos e para ver como está o controle da doença.""",A SRA. VANESSA PIROLO,4115,12749,6201,6267,Hoje ele está numa fila de espera para fazer a cirurgia nos olhos.,0.24,2
d336204af6200b5c,earlier,68,Vanessa Pirolo,"""A pessoa com diabetes, no mínimo, tem que passar uma vez ao ano para fazer o exame adequado nos olhos e para ver como está o controle da doença.""",A SRA. VANESSA PIROLO,4115,12749,5946,6042,"Uma amiga minha tem um filho que está com diabetes, além de um problema de visão há alguns anos.",0.2222,3
d336204af6200b5c,earlier,68,Vanessa Pirolo,"""A pessoa com diabetes, no mínimo, tem que passar uma vez ao ano para fazer o exame adequado nos olhos e para ver como está o controle da doença.""",A SRA. VANESSA PIROLO,4115,12749,11846,12007,"Primeira questão: como podemos sensibilizar os médicos, todos eles, a indicarem um oftalmologista ao paciente, para que ele o visite, pelo menos, uma vez ao ano?",0.1875,4
d336204af6200b5c,earlier,68,Vanessa Pirolo,"""A pessoa com diabetes, no mínimo, tem que passar uma vez ao ano para fazer o exame adequado nos olhos e para ver como está o controle da doença.""",A SRA. VANESSA PIROLO,70066,71167,70594,70648,"Acho que ele tem apenas 30 anos, ele está desesperado.",0.1739,5
d336204af6200b5c,later,105,Vanessa Pirolo,"Os gastos hoje com diabetes superam 43 bilhões de dólares ao ano, e 60% desse valor cobre complicações da doença.",A SRA. VANESSA PIROLO,7673,16415,9937,10056,"Os gastos hoje com diabetes superam 43 milhões de dólares ao ano, e 60% desses gastos são com complicações do diabetes.",0.6364,1
d336204af6200b5c,later,105,Vanessa Pirolo,"Os gastos hoje com diabetes superam 43 bilhões de dólares ao ano, e 60% desse valor cobre complicações da doença.",A SRA. VANESSA PIROLO,5565,7650,6427,6519,Nós envolvemos hoje 26 organizações de diabetes para trabalhar as nossas políticas públicas.,0.2,2
d336204af6200b5c,later,105,Vanessa Pirolo,"Os gastos hoje com diabetes superam 43 bilhões de dólares ao ano, e 60% desse valor cobre complicações da doença.",A SRA. VANESSA PIROLO,7673,16415,10976,11073,"""Para que eu vou prescrever esse tratamento para essa pessoa se o valor não cobre os meus custos?",0.1739,3
d336204af6200b5c,later,105,Vanessa Pirolo,"Os gastos hoje com diabetes superam 43 bilhões de dólares ao ano, e 60% desse valor cobre complicações da doença.",A SRA. VANESSA PIROLO,5565,7650,6845,6977,"Hoje, estamos aqui para falar dos problemas de retina, especificamente de uma complicação do diabetes chamada retinopatia diabética.",0.1667,4
d336204af6200b5c,later,105,Vanessa Pirolo,"Os gastos hoje com diabetes superam 43 bilhões de dólares ao ano, e 60% desse valor cobre complicações da doença.",A SRA. VANESSA PIROLO,5565,7650,6647,6844,"A nossa ideia é trabalhar políticas públicas para melhorar o acesso, no País, ao tratamento adequado do diabetes, da obesidade e de todas as doenças associadas, que são as complicações do diabetes.",0.1379,5
