hearing_id,actor_index,actor_id,actor_name,cargo,party_cargo,uf_cargo,actor_type,publication_date,government_period,speech_match_method,matched_speaker,n_turns,speech_chars,lds_opinions
1,0,michael shellenberger,Michael Shellenberger,Jornalista norte-americano,,,CIVIL_SOCIETY_OR_OTHER,2024-04-16,LULA,EXACT,MICHAEL SHELLENBERGER,2,6445,"Acusou Alexandre de Moraes de censura ao solicitar o bloqueio de contas na rede social X. | Divulgou, no início do mês, um compilado de e-mails trocados por funcionários da plataforma X a respeito de decisões judiciais brasileiras que envolviam a rede social e investigações ao longo do período de 2020 a 2022. O caso ficou conhecido como Twitter Files Brasil | Defendeu a liberdade de expressão de forma ampla, incluindo o direito de nazistas e fascistas defenderem suas ideias: ""A gente quer debater e vencer as ideias ruins deles."""
1,1,glenn greenwald,Glenn Greenwald,"Jornalista norte-americano, colunista do jornal Folha de S. Paulo e fundador do site The Intercept",,,CIVIL_SOCIETY_OR_OTHER,2024-04-16,LULA,FIRST_LAST,GLENN EDWARD GREENWALD,4,15775,"Acredita que Alexandre de Moraes agiu sem base legal ao exigir a remoção de postagens e o banimento de contas, inclusive de parlamentares. | Afirmou que as pessoas não receberam aviso prévio do banimento nem explicações dos motivos. | Acrescentou que essas ordens de banimento foram sigilosas e sem o devido processo legal."
1,2,marcel van hattem,Marcel van Hattem,Deputado (Novo-RS),NOVO,RS,DEPUTY,2024-04-16,LULA,EXACT,MARCEL VAN HATTEM,3,23409,"Destacou que foi um dos parlamentares alvo de pedidos de remoção de conteúdo em processo sigiloso e que vai solicitar o fim do sigilo. | Afirmou que está em curso ""um processo industrial de censura"" e de ""perseguição covarde contra desafetos"" do ministro Alexandre de Moraes. | ""A censura não pode prevalecer, e a liberdade de expressão tem que ser regra, porque sem liberdade de expressão não há democracia, sem devido processo legal não há democracia."" | Afirmou que uma convidada indicada por Chinaglia foi convidada, mas não compareceu, assim como o representante da plataforma X."
1,3,arlindo chinaglia,Arlindo Chinaglia,Deputado (PT-SP),PT,SP,DEPUTY,2024-04-16,LULA,EXACT,ARLINDO CHINAGLIA,5,6582,"Lamentou a ausência de contraditório na audiência, já que todos os convidados defenderam o mesmo ponto de vista. | Apontou que, de 2012 a 2021, na soma das solicitações de remoção por país recebidas pela plataforma X, o Brasil figura em antepenúltimo da lista: ""Portanto, tentar caracterizar que, no Brasil de hoje, e desde 2012, haja uma atitude de censura é um exagero retórico que se transforma em mentira."" | Argumentou que, assim como fez com Alexandre de Moraes no Brasil, o dono da rede X promoveu ataques do tipo em outros países. | Citou que a Comissão Europeia abriu processo contra o X por possíveis violações da recente lei de serviços digitais. | ""A resposta do Musk foi atacar a presidente da comissão, que é eleita por todos os países da Comunidade Europeia."""
1,4,filipe barros,Filipe Barros,Deputado (PL-PR),PL,PR,DEPUTY,2024-04-16,LULA,EXACT,FILIPE BARROS,2,2479,"Ressaltou que o Marco Civil da Internet é muito claro ao estabelecer que, se houver afronta à legislação, deve-se censurar uma publicação específica mediante decisão judicial motivada. ""Nós não vimos isso em nenhuma das decisões que vieram a público até agora"". Apontou que as decisões são genéricas, visando retirar do ar o perfil de usuários por tempo indeterminado."
1,5,florentino neto,Florentino Neto,Deputado (PT-PI),PT,PI,DEPUTY,2024-04-16,LULA,EXACT,FLORENTINO NETO,1,1887,"Argumentou que não há censura em curso, porque os processos podem ser contestados no âmbito do Supremo Tribunal Federal: ""Não podemos ter uma sociedade baseada em ameaças e mentiras. Temos que estabelecer parâmetros mínimos para a convivência nessas plataformas."" | Defendeu a regulamentação das redes sociais, para proteger os usuários contra excessos praticados: ""Não vejo razão para termos dificuldades em colocarmos à disposição dos usuários recursos para que eles possam denunciar serviços ilegais da plataforma."""
1,6,eli vieira junior,Eli Vieira Junior,Jornalista da Gazeta do Povo,,,CIVIL_SOCIETY_OR_OTHER,2024-04-16,LULA,FIRST_LAST,ELI VIEIRA ARAUJO JÚNIOR,2,11272,"Afirmou que em nenhum lugar da legislação brasileira está escrito que é proibido produzir ou propagar fake news, desinformação ou discurso de ódio: ""Esses termos são particulares de uma determinada visão política, que, não satisfeita que essas expressões não são tipificadas como crimes, planeja usar o aparato burocrático do País para fazer valer a sua opinião"". ""É a lei que deve mandar, e não a opinião política em voga no momento."" | Acredita que permitir que preconceituosos falem com liberdade não é um endosso ao conteúdo que eles falam e não causam aumento do preconceito e da discriminação. | Na visão dele, mentir não deve ser um crime no Brasil, assim como odiar, até que isso culmine em ações danosas concretas, ameaças credíveis ou difamação e calúnia."
1,7,david agape,David Ágape,Jornalista freelancer,,,CIVIL_SOCIETY_OR_OTHER,2024-04-16,LULA,EXACT,DAVID ÁGAPE,4,17281,"Avaliou que, por meio do caso 'Twitter Files', o Judiciário brasileiro exige que a plataforma X descumpra a lei e entregue dados de cidadãos, em desconformidade com o Marco Civil da Internet e com a proteção da privacidade garantida em lei. | A atitude da plataforma de não entregar os dados é correta diante das 'demandas ilegais da Justiça brasileira'. | Acredita que o combate às fake news está sendo direcionado apenas à direita. | Embora os conteúdos de alguns atores de esquerda tenham sido removidos judicialmente, no caso dos atores de direita, muitos perfis foram bloqueados e continuam bloqueados, o que seria censura prévia. | Criticou o Projeto de Lei 2630/20, conhecido como PL das Fake News, e defendeu o Marco Civil da Internet."
2,0,alexandre silveira,Alexandre Silveira,Ministro de Minas e Energia,,,FEDERAL_EXECUTIVE,2023-08-29,LULA,TOKEN_SUBSET,MINISTRO ALEXANDRE SILVEIRA DE OLIVEIRA,18,77134,"O governo deverá enviar pelo menos dois projetos de lei em breve para o Congresso. Um projeto de lei vai 'dividir melhor a conta' entre a energia paga pelos consumidores em geral e os grandes consumidores. Outro projeto tratará da transição energética no setor de transportes. | No Pará, a Aneel havia autorizado um reajuste de 16%, mas após uma negociação, o aumento ficou em 11%. | Nos últimos anos, a maior conta tem ficado com o chamado 'mercado regulado' que abrange os consumidores comuns. | Os grandes consumidores compram energia no mercado livre e conseguem pagar menos. | O projeto de lei vai tentar reestruturar o setor. | ""Nós estamos chegando perto do colapso do preço da energia elétrica para o consumidor brasileiro regulado. Nós fomos criando encargos para o consumidor regulado e agora chegou no limite"". | O outro projeto vai atuar na transição energética do setor de transporte com projetos como o chamado 'diesel verde'. Devem ser investidos R$ 60 bilhões no produto. | O sistema ficará ainda mais seguro com os novos leilões de linhas de transmissão e até a implantação de baterias nos sistemas de energia intermitente como a energia solar. | ""Nós não podemos tirar do povo brasileiro este direito. Nós não vivemos em Doha, nós não vivemos em Dubai. Nós vivemos no Brasil. O nosso grande desafio é combater desigualdade"". | Repetiu sua posição contrária ao formato de privatização da Eletrobras. | Critica o fato de a União ter 43% das ações, mas pouca influência sobre os destinos de uma empresa considerada estratégica."
2,1,rodrigo de castro,Rodrigo de Castro,Deputado presidente da Comissão de Minas e Energia (União-MG),UNIAO,MG,DEPUTY,2023-08-29,LULA,EXACT,Rodrigo de Castro,42,11996,Questionou sobre o 'apagão' ocorrido no dia 15 de agosto e as medidas para que isso não se repita no futuro.
2,2,luiz carlos ciocchi,Luiz Carlos Ciocchi,Diretor do Operador Nacional do Sistema Elétrico,,,CIVIL_SOCIETY_OR_OTHER,2023-08-29,LULA,EXACT,LUIZ CARLOS CIOCCHI,9,17204,"Disse que não saiu o relatório final sobre as causas do 'apagão' ocorrido no dia 15 de agosto. | Afirmou que o desligamento inicial ocorreu na linha que liga Quixadá a Fortaleza, no Ceará. Em seguida, ocorreram outros desligamentos que atingiram todo o País. | Explicou que no momento está sendo restringido o fluxo de energia entre a região Nordeste e a grande região Sul-Sudeste-Centro-Oeste até que saia o relatório. | Afirmou que a recuperação do sistema após o 'apagão' ocorreu conforme o planejado."
3,0,luiz marinho,Luiz Marinho,Ministro do Trabalho e Emprego,,,FEDERAL_EXECUTIVE,2024-04-17,LULA,TOKEN_SUBSET,MINISTRO LUIZ MARINHO,4,56601,"O governo estuda nova modalidade de crédito consignado como alternativa ao saque-aniversário no FGTS. | ""Estou convencido de que é melhor acabar com o saque-aniversário."" | O FGTS voltará a servir como proteção para o trabalhador no desemprego e como fonte de financiamento da infraestrutura. | A nova modalidade de crédito com base na folha de pagamento será dirigida a trabalhadores do setor privado e operacionalizada por meio de plataformas digitais (do e-Social e do FGTS). | Não há condições de manter as duas modalidades de crédito – o novo consignado e o saque-aniversário – em razão do risco de endividamento excessivo do trabalhador. | ""Antes de mandar um projeto de lei, queremos conversar com o Congresso, ouvir e combinar o jogo antes, para saber se tem aderência ou não"". ""É preciso que a gente enfrente esse debate."" | ""A nova modalidade não trará prejuízos, pelo contrário. O trabalhador terá crédito barato, a partir da folha de pagamento, e preservará o FGTS se vier a perder o emprego. Será muito melhor."""
3,1,capitao alberto neto,Capitão Alberto Neto,Deputado (PL-AM),PL,AM,DEPUTY,2024-04-17,LULA,EXACT,CAPITÃO ALBERTO NETO,2,9513,"Criticou a possibilidade de extinção do saque-aniversário. 57% dos recursos são usados hoje para quitar dívidas. ""O saque-aniversário é como se fosse o 14º salário do trabalhador."""
4,0,carlos manuel baigorri,Carlos Manuel Baigorri,Presidente da Agência Nacional de Telecomunicações (Anatel),,,CIVIL_SOCIETY_OR_OTHER,2023-11-08,LULA,EXACT,CARLOS MANUEL BAIGORRI,11,31726,"A agência trabalha junto às operadoras de telefonia para evitar uma pane generalizada no sistema de telecomunicações em São Paulo. | ""Nós temos algo em torno de 51 municípios em São Paulo com algum tipo de afetação, mas não há um caladão generalizado."" | A falta de energia elétrica pode prejudicar o fornecimento dos serviços no estado: ""O setor de telecomunicações usa equipamentos que dependem de energia, como as torres, e muitos param de funcionar."" | A Anatel monitora o uso de baterias e geradores pelas empresas de telefonia em situações de crise para evitar a interrupção do fornecimento do serviço. Após cinco dias sem energia elétrica, é possível que grande parte da reserva de baterias e geradores chegue ao fim. | Defendeu a reforma das leis do setor de telecomunicações. | Criticou a assimetria entre os clássicos meios de comunicação (rádio e TV) e os novos (streaming e mídias sociais): ""A gente tem um setor de radiodifusão com uma série de obrigações, como restrições sobre publicidade e obrigações de responsabilidade editorial, e por outro lado, a gente vê diversas mídias onde não há qualquer tipo de restrição e total ausência de um sistema de responsabilização."" | Informou que a Anatel, junto com o Ministério de Comunicações e a Universidade de Brasília (UnB), estão articulados para apresentar no primeiro semestre de 2025 uma proposta para reformular a Lei Geral de Telecomunicações, entre outros marcos legais."
4,1,amaro neto,Amaro Neto,Deputado (Republicanos-ES),REPUBLICANOS,ES,DEPUTY,2023-11-08,LULA,EXACT,Amaro Neto,10,11092,"Apoiou a modernização legislativa: ""Para que a radiodifusão e o serviço de TV a cabo não fiquem tão presos e que as novas mídias possam ser taxadas ou cumprir algumas determinações como as outras."""
5,0,andreia siqueira,Andreia Siqueira,Deputada (MDB-PA),MDB,PA,DEPUTY,2024-04-09,LULA,EXACT,ANDREIA SIQUEIRA,16,7495,"Pediu apoio do governo federal para que os municípios menores tenham centro de reabilitação para pessoas com TEA. | Destacou que faltam profissionais especializados: ""A dificuldade de ter um neuropediatra em cada município, a dificuldade de ter uma equipe multidisciplinar, que é o fonoaudiólogo, terapeuta ocupacional, estas são duas categorias que são raras."" | ""Eu vi muitas mães lutando para conseguir um laudo para seus filhos, e a luta maior é conseguir atendimento nos centros."""
5,1,amom mandel,Amom Mandel,Deputado (Cidadania-AM),CIDADANIA,AM,DEPUTY,2024-04-09,LULA,EXACT,AMOM MANDEL,1,7103,"Acredita que a Casa acena positivamente para os familiares das pessoas com TEA, mas os parlamentares não aprovam de fato os projetos de lei que beneficiam essas pessoas. | ""Muito embora eu hoje, como pessoa com Transtorno do Espectro Autista, tenha ocupado um espaço de poder que outros não tenham conseguido até hoje na história do Brasil, isso não significa infelizmente que os direitos e as necessidades das pessoas com TEA e de outras pessoas com determinadas necessidades serão atendidas."" | Mesmo quando se consegue a aprovação de direitos, as pessoas com TEA não conseguem acesso a eles de forma efetiva nas cidades."
5,2,fernando cotta,Fernando Cotta,Presidente de honra do Movimento Orgulho Autista Brasil,,,CIVIL_SOCIETY_OR_OTHER,2024-04-09,LULA,EXACT,FERNANDO COTTA,2,4634,É preciso mapear os gargalos em cada área – na educação e na saúde – que impedem a plena concretização dos direitos das pessoas com autismo.
5,3,francisco dourado,Francisco Dourado,Diretor de Políticas de Educação Especial na Perspectiva Inclusiva do Ministério da Educação,,,CIVIL_SOCIETY_OR_OTHER,2024-04-09,LULA,TOKEN_SUBSET,FRANCISCO ALEXANDRE DOURADO MAPURUNGA,1,5970,"Reforçou o compromisso do governo federal com a causa e a defesa da política nacional de educação especial na perspectiva inclusiva. | Lembrou que o governo atual revogou o decreto do governo anterior que abria margem para que escolas negassem a matrícula de alunos com deficiência. | O ministério discute ações para fortalecer essa política, como a lista de equipamentos e tecnologias assistivas para as escolas e a formação de profissionais de apoio escolar com foco em TEA. | Afirmou que é necessário enfrentar o capacitismo - ou seja, a discriminação e o preconceito social contra pessoas com alguma deficiência: ""Ser autista numa sociedade capacitista significa enfrentar barreiras diárias que nos desumanizam e excluem de maneira sistemática, inclusive muitas vezes no seio de nossas próprias famílias, e a gente enfrenta barreiras para acessar as políticas públicas de educação, de proteção social, de saúde."""
5,4,viviani guimaraes,Viviani Guimarães,Diretora do Grupo Mais Inclusão,,,CIVIL_SOCIETY_OR_OTHER,2024-04-09,LULA,EXACT,VIVIANI GUIMARÃES,3,3205,"Destacou a importância do plano educacional individualizado para que os alunos com TEA efetivamente aprendam na escola: ""A gente recebe inúmeras denúncias de pessoas que se encontram em escolas enrolando bolinhas, fazendo massinha, dormindo na sala de aula."" | Ressaltou que não basta receber o estudante na escola, mas é preciso de um planejamento para que cada estudante realmente aprenda e se desenvolva: ""Se a criança não estiver aprendendo, não é inclusão."""
5,5,roselene alves,Roselene Alves,Representante da Secretaria Nacional dos Direitos das Pessoas com Deficiência do Ministério dos Direitos Humanos e da Cidadania,,,FEDERAL_EXECUTIVE,2024-04-09,LULA,EXACT,ROSELENE CANDIDA ALVES,1,5908,"Acredita que é preciso reconhecer a neurodiversidade, ou seja, reconhecer que cada pessoa com TEA é diferente: ""Pessoas autistas são diversas em várias experiências sensoriais, como a seletividade alimentar, o padrão sensorial, a questão de gênero, classe, raça/etnia, entre outras situações existentes."" | Lembrou que autista negro tem mais dificuldade de ter acompanhamento adequado do que um branco. | Na visão de Roselene, a sociedade subjuga a capacidade das pessoas autistas: ""Suas potencialidades são descartadas ou sequer imaginadas por várias pessoas da sociedade, que mantém ainda a imagem pueril de um autista inocente, angelical e desprovido de consciência crítica acerca da sua própria realidade. Autistas adultos podem se casar, ter filhos, fazer uma pós-graduação, trabalhar e ter sua dignidade e direitos garantidos. Sim, autistas podem ser pesquisadores, cientistas, gestores públicos, chefes de família, pessoas capazes de tomar decisões a seu próprio respeito e de outras pessoas. Eu mesma sou uma autista que faz doutorado."""
5,6,maria do carmo ribeiro,Maria do Carmo Ribeiro,Associação Brasileira de Autismo,,,CIVIL_SOCIETY_OR_OTHER,2024-04-09,LULA,FIRST_LAST,MARIA DO CARMO TOURINHO RIBEIRO,1,8518,"Concorda que há muitas leis, mas falta atendimento, e as mães precisam de ajuda: ""Qualquer mãe que está aqui vai concordar comigo: nosso maior medo é morrer e deixar nossos filhos. Nós queremos garantia de direito, garantia de Estado, que nós tenhamos centros de reabilitação, centros de convivência, onde nossos filhos possam ficar e ser atendidos. Até para morrer, a mãe de autista não morre em paz."""
5,7,erika kokay,Erika Kokay,Deputada (PT-DF),PT,DF,DEPUTY,2024-04-09,LULA,EXACT,ERIKA KOKAY,1,6993,A comissão deve fiscalizar a implementação das leis. | Sugeriu a criação de uma subcomissão na Comissão de Defesa dos Direitos das Pessoas com Deficiência com esse objetivo.
5,8,aline costa,Aline Costa,Coordenação-Geral de Saúde da Pessoa com Deficiência do Ministério da Saúde,,,CIVIL_SOCIETY_OR_OTHER,2024-04-09,LULA,NONE,,0,0,"Informou que em 2023 foi atualizada a Política Nacional de Atenção Integral à Saúde da Pessoa com Deficiência, criada em 2002. | O desafio agora é implementar as ações previstas, como expandir os serviços e fortalecer grupos condutores dos estados e municípios responsáveis pelas ações."
6,0,ramiro madureira,Ramiro Madureira,Sócio da 123milhas,,,CIVIL_SOCIETY_OR_OTHER,2023-09-06,LULA,FIRST_LAST,RAMIRO JULIO SOARES MADUREIRA,425,66822,"A empresa teve que suspender a emissão de passagens aéreas da linha promocional porque os preços das passagens não se comportaram conforme o previsto. O produto dependia de um fluxo de novas compras no site, que teria sido menor que o esperado: ""Acreditávamos que o custo do 'promo' diminuiria com o tempo, à medida que ganhávamos eficiência na tecnologia de sua operação e que o mercado de aviação fosse se recuperando dos efeitos da pandemia. Uma tendência que projetamos à época e que se revelou precisamente o oposto"". ""Ao contrário do que prevíamos, o mercado tem se comportado permanentemente como se estivesse em alta temporada. E isso abalou os fundamentos não só do 'promo' quanto de toda a 123milhas."" | Confia na continuidade da empresa, que agora está em recuperação judicial. A empresa resolveu pedir a recuperação judicial para manter o negócio. | É preciso que a 123milhas continue funcionando para que os 150 mil consumidores que viajariam agora em 2023 sejam ressarcidos dentro do plano de recuperação, que será discutido com os credores. | Quem comprou passagens para 2024 também estará incluído no plano, mas ainda não sabe quantos são. | Será feita uma reunião com a Secretaria Nacional do Consumidor (Senacom) do Ministério da Justiça para negociar um acordo para a compensação dos clientes. | Deverão ser organizadas prioridades para clientes que precisam viajar por problemas de saúde. | Devem ser feitas mais demissões nas empresas do grupo. | A empresa suspendeu a venda de passagens e pacotes da linha promocional em 18 de agosto e disse que compensaria os clientes com vouchers. | A linha promocional contava com uma redução da necessidade de marketing, que foi a única parte que correspondeu ao esperado. | Negou que a empresa teria gasto mais de R$ 1 bilhão em publicidade no ano anterior | A linha promocional era apenas 15% do negócio. | ""Aquilo ali [Nova York ida e volta a R$ 1.089] era pontual. De forma geral, do preço que nós pegávamos da nossa tabela de dados, que a gente via como estava o comportamento do preço, nós abaixávamos dentro da curva. Achávamos que veríamos a janela de oportunidade de emissão, de 20% a 35% abaixo do que foi vendido."" | Pela sua experiência, a janela para emissão de passagens mais baratas ocorria entre 30 e 45 dias antes da viagem. | Pediu desculpas pelos transtornos causados aos clientes. | A empresa tem 14 anos de atuação, sendo 7 anos sob a marca 123milhas e que, apenas em 2021, foi responsável por 10% das passagens emitidas no País."
6,1,aureo ribeiro,Aureo Ribeiro,Deputado (Solidariedade-RJ) e presidente da CPI,SOLIDARIEDADE,RJ,DEPUTY,2023-09-06,LULA,EXACT,Aureo Ribeiro,669,107033,"Quis saber por que clientes que venderam milhas para a empresa através da Hotmilhas também não receberam pela transação. | Leu e-mails que seriam da empresa Hotmilhas para clientes, nos quais a empresa pedia a eles que não dissessem à companhia aérea que tinham vendido suas milhas para terceiros."
6,2,tania madureira,Tânia Madureira,Dona da Hotmilhas,,,CIVIL_SOCIETY_OR_OTHER,2023-09-06,LULA,FIRST_LAST,TANIA SILVA SANTOS MADUREIRA,311,24844,A empresa tem um estoque de cerca de 500 milhões de milhas não utilizadas de 15 mil pessoas e que a ideia é negociar a devolução disso durante a recuperação judicial. | As companhias aéreas não permitem a venda de milhas e até entraram na Justiça contra a Hotmilhas. A Justiça deu ganho de causa à Hotmilhas.
6,3,ricardo silva,Ricardo Silva,Deputado (PSD-SP) e relator da CPI,PSD,SP,DEPUTY,2023-09-06,LULA,EXACT,RICARDO SILVA,462,68686,"Disse que a 123milhas teria gasto mais de R$ 1 bilhão em publicidade no ano anterior | Mostrou várias promoções da 123milhas, como passagens para Nova York ida e volta a R$ 1.089, e questionou se os sócios da empresa teriam lucrado com isso."
6,4,caio vianna,Caio Vianna,Deputado (PSD-RJ),PSD,RJ,DEPUTY,2023-09-06,LULA,EXACT,CAIO VIANNA,546,79168,"""Não faz sentido. Se o senhor tinha saúde financeira, com suas finanças saudáveis. E aí o senhor chega nesse ponto, pedindo uma recuperação judicial, dizendo que era um percentual pequeno da operação. Se era um percentual pequeno, o senhor tinha caixa suficiente para pagar isso."""
6,5,alfredo gaspar,Alfredo Gaspar,Deputado (União-AL),UNIAO,AL,DEPUTY,2023-09-06,LULA,EXACT,ALFREDO GASPAR,634,64828,"O modelo de negócios da empresa é irregular: ""Mas eu tenho certeza absoluta, depois de tudo o que o senhor respondeu, da forma agressiva de marketing, da captação de clientes, do produto totalmente insustentável na sua empresa, dos problemas que ocorreram desde o ano passado, que os senhores fizeram uma grande pirâmide financeira."""
6,6,max oliveira,Max Oliveira,Fundador da Maxmilhas,,,CIVIL_SOCIETY_OR_OTHER,2023-09-06,LULA,FIRST_LAST,MAX GAUDERETO OLIVEIRA,323,53138,"Vendeu a empresa para a Novum, que também controla a 123milhas, em 2022. | Hoje é apenas diretor-executivo da Maxmilhas em um contrato de prestação de serviços. | A empresa teve reflexos da crise da 123milhas, mas opera de forma independente e pretende cumprir suas obrigações."
7,0,danilo forte,Danilo Forte,Presidente da Comissão de Desenvolvimento Econômico,,,CIVIL_SOCIETY_OR_OTHER,2024-04-17,LULA,EXACT,Danilo Forte,18,16095,"""O trabalho das frentes parlamentares coloca os pagadores de imposto e consumidores dentro do Parlamento, contribuindo para o debate e o avanço das propostas legislativas."" | ""A gente precisa ter a nossa legislação compatível, já que nossa carga tributária é excessiva, principalmente sobre os ombros do setor produtivo, impede o Brasil de crescer, de desenvolver, de gerar emprego, gerar oportunidade e ter crescimento econômico sustentável."""
7,1,aguinaldo ribeiro,Aguinaldo Ribeiro,"Relator da reforma tributária, deputado (PP-PB)",PP,PB,DEPUTY,2024-04-17,LULA,EXACT,AGUINALDO RIBEIRO,2,15236,"Apontou para a necessidade de a regulamentação manter os acordos feitos na aprovação da emenda constitucional: ""Este é o nosso desafio: mantermos os princípios e conceitos que foram aprovados, nesta longa construção, e fazer com que estes princípios estejam salvaguardados."" | Elogiou a iniciativa das frentes parlamentares de promover o debate com a sociedade: ""A gente está diante de um calendário eleitoral que vem por aí em julho. Toda esta estratégia tem de estar coordenada pelo Executivo e pelo Legislativo para que a gente possa com muito serenidade, com muita segurança, ter um debate maduro."""
7,2,pedro lupion,Pedro Lupion,"Presidente da Frente Parlamentar da Agropecuária, deputado (PP-PR)",PP,PR,DEPUTY,2024-04-17,LULA,EXACT,PEDRO LUPION,2,11978,"Explicou que os projetos congregam interesses de diversos setores da sociedade | ""O texto permite que governo reduza desde já a alíquota de PIS e Cofins para todos os produtos listados da cesta nacional de alimentos. Estamos enfrentando uma alta de alimentos e o governo tem todas as condições, por um ato executivo, de já enfrentar o problema imediatamente."" | ""Elaboramos uma lista, sujeita a alterações, que trata da saúde alimentar do brasileiro. Estamos falando de proteína, leite, cerais, produtos que têm de estar na cesta básica. A gente precisa deixar o produto mais barato na gôndola para o consumidor."""
7,3,arnaldo jardim,Arnaldo Jardim,"Presidente da Frente Parlamentar Mista do Brasil Competitivo, deputado (Cidadania-SP)",CIDADANIA,SP,DEPUTY,2024-04-17,LULA,EXACT,ARNALDO JARDIM,2,4588,"Considera um dos principais benefícios da reforma tributária a não cumulatividade de impostos: ""Quando você entra neste período da regulamentação, com diferentes dispositivos, você tem o risco de isso reincidir. Temos de ter o cuidado com a não cumulatividade e a preocupação de não aumentar a carga tributária."""
7,4,joaquim passarinho,Joaquim Passarinho,"Presidente da Frente Parlamentar Mista do Empreendedorismo, deputado (PL-PA)",PL,PA,DEPUTY,2024-04-17,LULA,EXACT,JOAQUIM PASSARINHO,1,6750,"Ponderou que as propostas de regulamentação apresentadas anteriormente não antagonizam os projetos do governo: ""Primeiro não pode ser contra o governo, porque não sabemos qual é a proposta do governo."" | ""A partir do momento em que o governo apresentou seus grupos de trabalho, e não houve uma abertura para discutir com a sociedade, resolvemos fazer grupos paralelos, não antagônicos, ouvindo a sociedade, para apresentar as propostas."" | ""A adesão foi até maior do que a gente pensava no início, mostrando a força que o Parlamento tem quando chama a sociedade para debater os temas."" | Observou que o governo já perdeu prazo para apresentação de alguns projetos. | ""Não podemos chegar às vésperas de uma votação desinformados."""
7,5,domingos savio,Domingos Sávio,"Presidente da Frente Parlamentar da Defesa do Comércio e Serviços, deputado",,,CIVIL_SOCIETY_OR_OTHER,2024-04-17,LULA,EXACT,DOMINGOS SÁVIO,1,8871,"Apontou para a necessidade de a regulamentação da reforma tributária promover o diálogo entre deputados da base governista e da oposição, acima de disputas ideológicas e partidárias: ""A responsabilidade é muito grande e o espírito cívico tem de estar presente nos debates. Se gastarmos uma legislação inteira para fazer a reforma tributária não tem nenhum exagero. Não podemos ser açodados, principalmente agora que há muitas dúvidas na transição."""
7,6,nilto tatto,Nilto Tatto,Deputado (PT-SP),PT,SP,DEPUTY,2024-04-17,LULA,EXACT,NILTO TATTO,1,2809,"Defendeu que o Estado tem um papel importante para promover justiça tributária. ""Quem paga imposto reclama da quantidade que paga. Mas por outro lado este Parlamento também olha para a perspectiva de quem consome os produtos e serviços que a reforma tributária tem o potencial de fomentar."" | Ele espera que a reforma tributária gere oportunidades e abra o caminho para transição energética do País."
8,0,otavio damaso,Otávio Damaso,Diretor de Regulação do Banco Central,,,CIVIL_SOCIETY_OR_OTHER,2023-08-31,LULA,FIRST_LAST,OTÁVIO RIBEIRO DAMASO,5,27285,"A regulação do mercado de criptomoedas no País deverá ser concluída até o 1º semestre de 2024. | O banco vem debatendo o tema com diversos setores e espera colocar uma proposta em consulta pública até o final do ano. | ""A segregação patrimonial é um ponto que defendemos. Se o Congresso tiver interesse em retomar o debate, o BC e outros órgãos do governo gostariam de contribuir. Podemos fazer alguma coisa no âmbito da regulação, mas não a blindagem legal que caberia ao Congresso."" | A regulação está sendo montada com base em recomendações do Fundo Monetário Internacional (FMI), do Financial Stability Board e do Grupo de Ação Financeira Internacional (Gafi). | Entre os desafios da regulação como maneira de evitar crimes com ativos digitais, apontou a diversidade do mercado, com empresas de porte e constituição bastante diferentes, e, principalmente, a existência de empresas que operam fora do País, as chamadas offshore: ""Tem um conjunto de empresas que está fora do País, fora da nossa jurisdição, não poderemos regulá-las nem puni-las."" | Cerca de 2 milhões de pessoas e 70 mil empresas utilizam criptomoedas no Brasil. | A regulação deverá garantir aos investidores acesso a informações detalhadas dos negócios, como já ocorre com investimentos tradicionais em fundos e ações. ""O importante é que o investidor saiba o risco que está correndo."" | Em relação a pirâmides financeiras e outras fraudes, o BC terá, como regulador, instrumentos para punir instituições e dirigentes que descumpram regras de operação."
8,1,aureo ribeiro,Aureo Ribeiro,Deputado (Solidariedade-RJ) e presidente da CPI das Pirâmides Financeiras,SOLIDARIEDADE,RJ,DEPUTY,2023-08-31,LULA,EXACT,Aureo Ribeiro,15,5433,Questionou de que maneira a regulação poderá impedir que corretoras de moedas virtuais se envolvam em esquemas de pirâmide financeira e de lavagem de dinheiro. | Questionou como proteger as pessoas que investem nesses ativos.
8,2,thiago bueno,Thiago Bueno,Procurador da República e integrante do Grupo de Combate a Crimes Cibernéticos do Ministério Público Federal,,,CIVIL_SOCIETY_OR_OTHER,2023-08-31,LULA,EXACT,THIAGO BUENO,3,10602,"A regulação vai facilitar investigações: ""Após a regulação, serão estendidas às empresas que operarem criptomoedas algumas obrigações de atores do sistema bancário e financeiro, como fazer o registro das transações, conhecer os clientes, prestar informações às autoridades quando verificarem indícios de crimes. Tudo isso vai ser exigido e facilitará o trabalho do MPF."" | Mais do que a regulação, é importante que também sejam feitas auditorias e inspeções para fiscalizar o cumprimento das regras: ""É importante um instrumento de auditoria, avaliação e penalidades, como já existe hoje no mercado tradicional regulado pela CVM."""
8,3,alexandre dos santos,Alexandre dos Santos,Superintendente-geral da Comissão de Valores Mobiliários (CVM),,,CIVIL_SOCIETY_OR_OTHER,2023-08-31,LULA,FIRST_LAST,ALEXANDRE PINHEIRO DOS SANTOS,6,44496,"Atualmente as instituições reguladas pela autarquia cometem crime quando ofertam publicamente criptomoedas sem autorização da entidade: ""É possível ofertar contratos de investimento coletivo que tenham ativos virtuais, que são lícitos em si, vai ter até uma regulação agora. O que não se pode é levar isso a público não tendo registro e sem respeitar o princípio do direito do investidor à plena informação para decisão sobre o investimento."""
9,0,monize marques,Monize Marques,"Juíza, coordenadora da Central Judicial do Idoso no Distrito Federal",,,CIVIL_SOCIETY_OR_OTHER,2024-05-07,LULA,FIRST_LAST,MONIZE DA SILVA FREITAS MARQUES,3,13577,"A certidão não deveria ser obrigatória para os cuidadores. | Defendeu a análise do empregador sobre a pertinência do documento: ""A depender das funções exercidas, sabemos que o cuidador poderá exercer mais ou menos influência sobre a pessoa idosa. Se já foi preso por estelionato, há um risco maior de que haja algum tipo de comprometimento."""
9,1,kenio lima,Kenio Lima,Coordenador-geral de Política de Envelhecimento Ativo e Saudável e Desenho Universal do Ministério dos Direitos Humanos e da Cidadania,,,CIVIL_SOCIETY_OR_OTHER,2024-05-07,LULA,FIRST_LAST,KENIO COSTA DE LIMA,2,11694,"A certidão de antecedentes criminais é exigida de trabalhadores formais. | Grande parte dos cuidadores no Brasil corresponde hoje a trabalhadores informais e empregados domésticos, sobretudo mulheres negras. | A solicitação da certidão não tem fundamentação legal clara: ""Muitas vezes, essa solicitação poderá ser considerada um ato discriminatório, inclusive relacionado ao assédio moral a esses cuidadores."" | É preciso discutir antes alguma forma de regulamentação para a atividade. | Qualquer território em que a população com mais de 60 anos ultrapassa os 15% do total deve ser considerado envelhecido | ""As pessoas idosas precisam de cuidado, mas é necessário olhar também para quem está cuidando delas. A gente precisa apoiar os cuidadores, não criminalizar essas pessoas."""
9,2,pinheirinho,Pinheirinho,Deputado (PP-MG),PP,MG,DEPUTY,2024-05-07,LULA,EXACT,Pinheirinho,12,7880,"""Também não haveria impeditivo em caso de certidão positiva, o empregador decidiria prosseguir ou não com a contração."""
10,0,carlos augusto simoes,Carlos Augusto Simões,Secretário de Proteção ao Trabalhador do Ministério do Trabalho e Emprego,,,FEDERAL_EXECUTIVE,2024-04-26,LULA,TOKEN_SUBSET,CARLOS AUGUSTO SIMÕES GONÇALVEZ JÚNIOR,15,34467,"O Ministério do Trabalho e Emprego informou que pretende acabar com o saque-aniversário do Fundo de Garantia do Tempo de Serviço (FGTS) e, em seu lugar, criar um empréstimo consignado ao trabalhador por meio do E-Social | O aumento de operações do saque-aniversário ameaça a sustentabilidade do FGTS. | O novo consignado em estudo poderá ter taxas semelhantes às oferecidas pelas operações de antecipação de saques: ""Nós vamos apresentar uma taxa que seja a mais próxima possível da antecipação. Com a vantagem de o trabalhador poder contar com o sonho de ter uma moradia no futuro. Hoje, esse sonho está em risco."" | 66,3% dos trabalhadores que têm contas ativas no FGTS possuem saldo de até quatro salários mínimos, ou R$ 5.648,00. Quase metade deles está no saque-aniversário."
10,1,capitao alberto neto,Capitão Alberto Neto,Deputado (PL-AM),PL,AM,DEPUTY,2024-04-26,LULA,EXACT,Capitão Alberto Neto,37,14693,"Vai requerer do governo informações sobre os cálculos atuariais do FGTS que evidenciem a insustentabilidade do fundo com a manutenção do saque-aniversário. | O saque-aniversário tem sido importante para atender diversas necessidades do trabalhador, mas pode passar por aperfeiçoamentos."
10,2,renato correia,Renato Correia,Presidente da Câmara Brasileira da Indústria da Construção,,,CIVIL_SOCIETY_OR_OTHER,2024-04-26,LULA,FIRST_LAST,RENATO DE SOUSA CORREIA,2,6281,O saque-aniversário pode inviabilizar o financiamento de moradias para famílias de baixa renda. | Os trabalhadores contratam operações bancárias de antecipação dos saques com juros de 23% ao ano e deixam de ter a oportunidade de usar os recursos para a compra da casa própria a 4% ao ano.
10,3,henrique lian,Henrique Lian,Diretor da organização Euroconsumers-Brasil,,,CIVIL_SOCIETY_OR_OTHER,2024-04-26,LULA,EXACT,HENRIQUE LIAN,2,5981,"75% dos beneficiados por operações de antecipação de saque-aniversário estavam negativados ao contratar os empréstimos. Essas pessoas podem ser recusadas pelos bancos no novo empréstimo consignado. | ""Cada vez que o princípio da livre iniciativa é ferido, fere-se também o princípio da defesa do consumidor. Portanto, no presente caso, se o Estado quer apresentar a sua solução para capitalizar os consumidores, que o faça sem acabar com uma ótima solução de mercado."""
10,4,clovis scherer,Clóvis Scherer,Representante da bancada dos trabalhadores no Conselho Curador do FGTS,,,CIVIL_SOCIETY_OR_OTHER,2024-04-26,LULA,FIRST_LAST,CLÓVIS ROBERTO SCHERER,4,8479,"É preciso rever o saque-aniversário porque alguns trabalhadores fazem até 28 operações de antecipações de saques, comprometendo quase todo o saldo. | Os juros cobrados pelos bancos nas antecipações são excessivos, porque não existe risco para o recebimento."
11,0,jose almir cirilo,José Almir Cirilo,Secretário de Recursos Hídricos e de Saneamento de Pernambuco,,,SUBNATIONAL_OR_OTHER_STATE,2023-12-14,LULA,EXACT,JOSE ALMIR CIRILO,2,10352,"Admitiu preocupação: ""A situação é grave. A Agência Pernambucana de Águas e Clima tem a visão de que a conjunção de eventos climáticos pode efetivamente trazer uma extensão significativa desse processo. O momento de agir é esse, enquanto ainda podemos ter o mínimo de antecipação entre a ação e o efeito."""
11,1,carlos nobre,Carlos Nobre,Pesquisador do Instituto de Estudos Avançados da Universidade de São Paulo (IEA-USP),,,CIVIL_SOCIETY_OR_OTHER,2023-12-14,LULA,EXACT,CARLOS NOBRE,1,10569,"Nos últimos 60 anos, houve aumento de cerca de 80 mil quilômetros quadrados no semiárido brasileiro, avançando sobretudo em áreas de Cerrado. | Em cenário de manutenção de elevadas emissões de gases do efeito estufa, há risco de que 30% do semiárido se tornem semidesertos, com apenas 300 a 400 mm de chuva por ano, concentrada e intensa. | ""Desertificação é um fenômeno físico-geológico em que se tem um solo muito degradado e chuva muito intensa que causa megaerosão: perde-se mais de um metro de solo, atingindo um solo profundo com enorme quantidade de alumínio. Esse solo não permite o crescimento de vegetação. É muito preocupante. Com as mudanças climáticas, essa dinâmica de desertificação vai aumentar muito"". | A solução para a região passa por incentivos a modelos agrícolas que valorizem as características da Caatinga."
11,2,paulo pedro de carvalho,Paulo Pedro de Carvalho,Coordenador da Articulação do Semiárido Brasileiro,,,CIVIL_SOCIETY_OR_OTHER,2023-12-14,LULA,TOKEN_SUBSET,PAULO PEDRO,2,12158,"""O bioma Caatinga já é um grande estocador de alimentos. É preciso a gente seguir o exemplo do bioma, estocando água e alimentos: recaatingar as regiões que estão em processo de desertificação. Para nós, a base é a convivência com o semiárido, é a agroecologia e recuperar os solos""."
11,3,fernando mineiro,Fernando Mineiro,Deputado (PT-RN),PT,RN,DEPUTY,2023-12-14,LULA,EXACT,Fernando Mineiro,16,11497,"""Nós precisamos dar continuidade a essa discussão, buscando integrar monitoramento com ações concretas e planejamento dos entes federados para enfrentar aquilo que a ciência nos indica""."
11,4,regina alvala,Regina Alvalá,Diretora do Cemaden,,,CIVIL_SOCIETY_OR_OTHER,2023-12-14,LULA,FIRST_LAST,REGINA CÉLIA DOS SANTOS ALVALÁ,2,15185,"A tendência é de manutenção da seca no semiárido em dezembro, mas com possibilidade de chuva em janeiro: ""Isso se explica pelo fato de a temperatura do Oceano Atlântico já estar um pouco mais quente: aí, tem mais evaporação para a atmosfera, mais umidade e vento de leste, neutralizando os impactos do El Niño que impediam a chuva na região"". | O fenômeno El Niño deve se estender até maio, porém com tendência mais branda em comparação a 2023."
12,0,anna paula feminella,Anna Paula Feminella,Secretária nacional dos Direitos das Pessoas com Deficiência do Ministério dos Direitos Humanos,,,FEDERAL_EXECUTIVE,2023-12-19,LULA,EXACT,ANNA PAULA FEMINELLA,2,14237,"""A exclusão acontece muito cedo. Desde a sala do parto, quando da falta de tato de agentes de saúde ao informarem um diagnóstico de deficiência como um luto e não como vida; passa pela falta de um intérprete de libras para parturiente surda; pela ausência de descrição dos procedimentos para a mulher cega ou de maca acessível para mulher cadeirante; passa pelo consultório médico em que muitos preferem falar com os nossos acompanhantes e não diretamente conosco."" | Cita casos de determinação de esterilização sem consentimento, tendo como única justificativa a condição de deficiência. | O Atlas da Violência de 2023 mostra que as taxas mais elevadas de notificação foram de agressões a pessoas com deficiência. Foram 8.303 casos de agressões a mulheres com deficiência, mais que o dobro do observado para homens na mesma condição, com 3.896 casos. | O grupo mais afetado foi o de mulheres com deficiência intelectual, com 45 registros para cada 10 mil pessoas com alguma desconformidade. | No caso de violência doméstica, mulheres com deficiência representaram 65,4% dos registros do Atlas. | Formação de 15 mil conselheiros tutelares para trabalhar com crianças e adolescentes com deficiência. | Adoção de serviço 24 horas de interpretação de libras em órgãos públicos federais. | O Executivo irá promover 120 mil novos contratos de trabalho para pessoas com deficiência em empresas obrigadas a cumprirem a Lei de Cotas."
12,1,pagu rodrigues,Pagu Rodrigues,Coordenadora-geral de Prevenção de Violência contra as Mulheres do Ministério das Mulheres,,,CIVIL_SOCIETY_OR_OTHER,2023-12-19,LULA,NONE,,0,0,62% das pessoas com deficiência são mulheres.
12,2,arthur de almeida medeiros,Arthur de Almeida Medeiros,Coordenador-geral de Saúde da Pessoa com Deficiência do Ministério da Saúde,,,CIVIL_SOCIETY_OR_OTHER,2023-12-19,LULA,EXACT,ARTHUR DE ALMEIDA MEDEIROS,2,10306,"Construção de 90 policlínicas equipadas com macas e mamógrafos acessíveis. Unidades básicas de saúde também serão equipadas com macas adaptadas. | O governo irá desenvolver ações nas escolas contra o capacitismo e treinamento de profissionais de saúde para identificar e combater violências contra pessoas com deficiência: ""Nós temos o programa Saúde na Escola e agora a gente vai incluir a pauta da pessoa com deficiência e a pauta do enfrentamento ao capacitismo. Sobre os profissionais de saúde, é preciso lembrar que a gente só melhora o cuidado através da qualificação dos profissionais, para que eles não exerçam posturas violentas, mas, sobretudo, que estejam qualificados para identificar a violência."""
13,0,junior divino fideles,Junior Divino Fideles,Advogado-adjunto da Advocacia-Geral da União (AGU),,,CIVIL_SOCIETY_OR_OTHER,2023-12-20,LULA,EXACT,JUNIOR DIVINO FIDELES,2,11655,"""Não assumiremos essas obrigações sem a correspondente contraprestação financeira das mineradoras que seja minimamente capaz de custear todas essas ações, que, como já foi divulgado na imprensa, está na ordem de R$ 126 bilhões."" | ""A contraproposta que as mineradoras apresentaram, de R$ 42 bilhões em medidas compensatórias, é, de fato, aviltante, vergonhosa e desrespeitosa com o poder público."" | ""Se não tivermos uma mudança significativa na posição das empresas, não acredito na repactuação em março, nem em junho nem em momento algum. O que não significa dizer, da parte do poder público e da União, que vamos abrir mão de buscar a reparação efetiva pelos danos socioambientais cometidos."""
13,1,ricardo rabelo,Ricardo Rabelo,Desembargador do Tribunal Regional Federal,,,CIVIL_SOCIETY_OR_OTHER,2023-12-20,LULA,NONE,,0,0,Previsão de nova data final para repactuação até março.
13,2,helder salomao,Helder Salomão,"Deputado (PT-ES), relator parcial da comissão externa",PT,ES,DEPUTY,2023-12-20,LULA,EXACT,HELDER SALOMÃO,2,10079,Manifestou indignação com a nova paralisação nas negociações.
13,3,pedro aihara,Pedro Aihara,Deputado (Patriota-MG),PATRIOTA,MG,DEPUTY,2023-12-20,LULA,EXACT,PEDRO AIHARA,3,7526,Reforçou as críticas à paralisação nas negociações.
13,4,padre joao,Padre João,Deputado (PT-MG),PT,MG,DEPUTY,2023-12-20,LULA,EXACT,PADRE JOÃO,6,30140,Reforçou as críticas à paralisação nas negociações.
13,5,thais vilas boas,Thais Vilas Boas,Coordenadora-adjunta do Comitê Pró-Rio Doce,,,CIVIL_SOCIETY_OR_OTHER,2023-12-20,LULA,FIRST_LAST,THAÍS CRISTINA LOPES DE ARAÚJO VILAS BOAS,2,4392,Ainda acredita na efetivação do acordo final | Cobrou maior rigor do Judiciário diante dos oito anos do crime socioambiental e dos quase três anos de processo de repactuação.
13,6,carlos bruno da silva,Carlos Bruno da Silva,Procurador do Ministério Público Federal em Minas Gerais,,,CIVIL_SOCIETY_OR_OTHER,2023-12-20,LULA,FIRST_LAST,CARLOS BRUNO FERREIRA DA SILVA,1,8898,"Está espantado com o fato de as mineradoras não levarem os acordos a sério. | Citou novo laudo pericial que atesta a contaminação de produtos agropecuários pela lama tóxica e os novos pedidos de condenação judicial contra as empresas: ""O poder público novamente peticionou a condenação das empresas em valor que pode chegar a R$ 100 bilhões. Vale, BHP e Samarco: eu gosto de citar o nome das mineradoras porque não é uma tragédia sem dono, é uma tragédia com culpado, com responsável."""
13,7,isabella simoes,Isabella Simões,Representante da Defensoria Pública da União na repactuação,,,CIVIL_SOCIETY_OR_OTHER,2023-12-20,LULA,FIRST_LAST,ISABELLA KAREN ARAÚJO SIMÕES,1,6997,"A demora só beneficia as mineradoras: ""São oito anos em que esses recursos estão sendo investidos no próprio lucro da empresa, gerando dividendos e aumentando o capital exatamente por conta do benefício do atraso."""
13,8,rogerio correia,Rogério Correia,"Deputado (PT-MG), coordenador da comissão externa",PT,MG,DEPUTY,2023-12-20,LULA,EXACT,Rogério Correia,28,40644,"Cobrou mais rigor da Justiça por meio de documento formal: ""Solicitamos ao Poder Judiciário fixar prazo final para o fim da repactuação, priorizar o julgamento das ações judiciais coletivas e individuais que buscam a reparação, bem como agilizar os processos criminais, já que, após oito anos, não houve punição para os crimes cometidos."""
13,9,thiago alves,Thiago Alves,Coordenador do Movimento dos Atingidos por Barragens (MAB),,,CIVIL_SOCIETY_OR_OTHER,2023-12-20,LULA,EXACT,THIAGO ALVES,2,8234,"A repactuação se arrasta por quase três anos sem ter garantido a efetiva participação dos representantes das vítimas. | ""Nós já podemos usar a PNAB como referência para garantir a participação dos atingidos e ter isso como espaço criativo dentro da legislação brasileira."""
13,10,vitor saback,Vitor Saback,Secretário nacional de Mineração,,,FEDERAL_EXECUTIVE,2023-12-20,LULA,FIRST_LAST,VITOR EDUARDO DE ALMEIDA SABACK,3,7511,"O Ministério de Minas e Energia participa das negociações pela repactuação com foco em sustentabilidade ambiental e segurança para as comunidades. | A prevenção de novas tragédias passa pela reestruturação da Agência Nacional de Mineração (ANM), que ainda convive com problemas de orçamento e pessoal para fiscalizar as 926 barragens sob acompanhamento."
14,0,diego alves,Diego Alves,Defensor público da União,,,CIVIL_SOCIETY_OR_OTHER,2023-12-20,LULA,FIRST_LAST,DIEGO BRUNO MARTINS ALVES,5,13041,"O colapso parcial de uma das 35 minas de sal-gema, no início do mês, ocorreu com menor impacto graças a várias ações preventivas, como a interdição de área correspondente a cinco vezes o raio de cada poço e os acordos para desocupação de imóveis e indenizações, iniciados em 2019: ""Caso esse acordo não tivesse sido formulado lá atrás, nós teríamos uma situação de desastre muito mais grave hoje"". | Cerca de 18 mil moradores fecharam acordos com a empresa e o índice de aceitação do programa de compensação financeira chega a 99%. | Ainda há ações em curso para reparações em torno das cinco escolas e do hospital de referência em tratamento mental que funcionavam nos bairros isolados."
14,1,cassio araujo,Cássio Araújo,Coordenador do Movimento Unificado das Vítimas da Braskem (MUVB),,,CIVIL_SOCIETY_OR_OTHER,2023-12-20,LULA,EXACT,CÁSSIO ARAÚJO,1,4499,"""Há ausência de participação das vítimas nas várias decisões que se tem tomado em nome delas."""
14,2,alexandre sampaio,Alexandre Sampaio,Presidente da Associação dos Empreendedores e Vítimas da Mineração em Maceió,,,CIVIL_SOCIETY_OR_OTHER,2023-12-20,LULA,EXACT,ALEXANDRE SAMPAIO,1,4966,"A Associação dos Empreendedores e Vítimas da Mineração em Maceió se queixou de falta de ação do Ministério Público para punir os responsáveis. | A instituição já havia apresentado notícia-crime em que acusa a Braskem por crime ambiental e fraude em licenciamento ambiental; a Agência Nacional de Mineração por omissão na fiscalização; o Instituto do Meio Ambiente de Alagoas (IMA) por emissão de licenciamento em desacordo com a lei; e o BNDES por financiamento de atividade criminosa: ""Com o colapso da Mina 18, pedimos de novo ao Ministério Público Federal e comunicamos à Terceira Vara da Justiça Federal que havia um crime ambiental em andamento. O mundo inteiro viu o mangue afundando e pedimos a prisão em flagrante dos responsáveis da Braskem."""
14,3,roberta bomfim,Roberta Bomfim,Procuradora-chefe do Ministério Público Federal em Alagoas,,,CIVIL_SOCIETY_OR_OTHER,2023-12-20,LULA,FIRST_LAST,ROBERTA LIMA BARBOSA BOMFIM,3,6217,"Descartou uso comercial da região: ""Essa área não tem condição de exploração. Ela é um passivo da Braskem para ser administrado: existem atividades de descomissionamento e a própria estabilização das cavidades demanda a entrada em toda essa área"". | O Parlamento também tem o desafio de superar lacunas na legislação para lidar com tragédias como a de Maceió, com efeitos sem previsão de duração."
14,4,dilson ferreira,Dilson Ferreira,Professor da Universidade Federal de Alagoas (UFAL),,,CIVIL_SOCIETY_OR_OTHER,2023-12-20,LULA,EXACT,DILSON FERREIRA,1,5819,"Cobrou imediata ampliação da área isolada, com a inclusão dos Flexais, área às margens da Lagoa Mundaú e isolada com a interdição dos demais bairros: ""Em caso de algum sismo lá nas minas, pode sim impactar os Flexais e fazer a encosta deslizar sobre a população. Então, tudo isso culmina para que essa população seja sim realocada, apesar de não estar no mapa da Defesa Civil""."
14,5,ricardo oliveira,Ricardo Oliveira,Coordenador de gerenciamento costeiro do instituto ambiental do estado,,,CIVIL_SOCIETY_OR_OTHER,2023-12-20,LULA,FIRST_LAST,RICARDO CÉSAR DE BARROS OLIVEIRA,1,2680,"Voltou a eximir o órgão de responsabilidade no crime da Braskem: ""Nós só fomos notificados dos fenômenos a partir de 2018/19. Antes, nenhuma denúncia, nenhuma constatação de alteração havia. Por isso, as licenças eram renovadas na parte de exploração""."
14,6,ivan valente,Ivan Valente,Deputado (Psol-SP),PSOL,SP,DEPUTY,2023-12-20,LULA,EXACT,Ivan Valente,13,13402,"Criticou a atuação dos órgãos públicos e defendeu a criação de CPI na Câmara para investigar o caso, como já ocorreu no Senado: ""Eu considerei absolutamente frouxa a posição da Defensoria Pública da União e do Ministério Público Federal. O Ministério Público é o dono da ação penal. Presidente de empresa que tem responsabilidade sobre vidas humanas e sobre possíveis desastres deve ir às barras dos tribunais""."
14,7,professora luciene cavalcante,Professora Luciene Cavalcante,Deputada (Psol-SP),PSOL,SP,DEPUTY,2023-12-20,LULA,EXACT,PROFESSORA LUCIENE CAVALCANTE,6,7363,"Listou as cobranças de providência que encaminhou a várias autoridades federais e estaduais com focos em reparação, fiscalização e responsabilização."
14,8,duda salabert,Duda Salabert,Deputada (PDT-MG),PDT,MG,DEPUTY,2023-12-20,LULA,EXACT,DUDA SALABERT,1,3060,"Lamentou que, até agora, ninguém foi preso pelos crimes socioambientais de Mariana, Brumadinho e Maceió, que, segundo ela, revelam o ""modo criminoso e irresponsável das mineradoras""."
15,0,eder gatti,Éder Gatti,Diretor do Programa Nacional de Imunizações (PNI),,,CIVIL_SOCIETY_OR_OTHER,2023-11-08,LULA,EXACT,EDER GATTI,20,21425,"A obrigatoriedade da vacinação contra Covid-19 em crianças está mantida. | Mesmo neste ano, depois da fase mais aguda da pandemia, existem casos de hospitalização e óbitos por Covid-19 entre menores de 19 anos. | A Lei 6.259/75 diz que cabe ao PNI a definição das vacinas de caráter obrigatório. | O Estatuto da Criança e do Adolescente prevê a vacinação obrigatória nos casos recomendados pelas autoridades sanitárias. | ""Para o PNI, é um procedimento normal, baseado em evidências epidemiológicas, evidências de segurança, imunogenicidade, efetividade. Enfim, coisas que embasam essa decisão e que inclusive foram discutidas por uma câmara técnica. Então, o PNI está cumprindo a lei""."
15,1,francisco cardoso,Francisco Cardoso,Infectologista,,,CIVIL_SOCIETY_OR_OTHER,2023-11-08,LULA,TOKEN_SUBSET,FRANCISCO EDUARDO CARDOSO ALVES,5,27310,"A Organização Mundial da Saúde (OMS) classifica crianças de 0 a 5 anos como grupo de baixo risco para Covid-19. | A vacina não imuniza contra novas variantes. | Apontou efeitos colaterais das vacinas feitas com a técnica do RNA Mensageiro, como problemas cardíacos. | A vacina não impede a transmissão da doença: ""Todos os estudos feitos até hoje de eficiência e eficácia da vacina da Covid-19 medem apenas a produção de anticorpo neutralizante, mas não medem a redução de carga viral, que é o que vai dizer se houve eficiência ou não da vacina""."
15,2,bia kicis,Bia Kicis,Deputada (PL-DF) e Presidente da Comissão de Fiscalização Financeira e Controle,PL,DF,DEPUTY,2023-11-08,LULA,EXACT,Bia Kicis,44,23534,"Os parlamentares não são 'antivacinas'. | A discussão não deve ser politizada: ""Existe uma elite globalista que quer, sim, forçar essa vacinação, inclusive em bebês, e o Brasil está sendo pioneiro nessa obrigação. No resto do mundo, até pode se recomendar, mas não se obriga. Vão começar pelo Brasil pra depois começar a obrigar nos outros lugares também?"""
15,3,jorge solla,Jorge Solla,Deputado (PT-BA) e Médico sanitarista,PT,BA,DEPUTY,2023-11-08,LULA,EXACT,JORGE SOLLA,4,3588,"Há uma queda nos índices de vacinação devido à falta de credibilidade dos imunizantes perante parte da população: ""Eu fico muito preocupado porque nós não podemos contribuir para piorar ainda mais a cobertura da vacinação não só de Covid-19, mas de todas as vacinas. É responsabilidade dessa Casa, dos profissionais de saúde e do Estado brasileiro""."
16,0,silvio almeida,Sílvio Almeida,Ministro dos Direitos Humanos,,,FEDERAL_EXECUTIVE,2023-12-05,LULA,TOKEN_SUBSET,MINISTRO SILVIO ALMEIDA,62,56998,"O ministério custeou diárias de cerca de 70 pessoas para o Encontro de Comitês e Mecanismos de Prevenção e Combate à Tortura, seguindo as regras de uma portaria do governo anterior. | Os comitês funcionam com o apoio do ministério, mas têm autonomia: ""No encontro do qual participou a mencionada senhora – que eu nunca vi, com a qual eu não me reuni, nem meus secretários nem meus assessores diretos –, foram os comitês estaduais que indicaram seus representantes. Este é o ofício recebido do estado do Amazonas. Mesmo que o ministério contasse com qualquer serviço de inteligência, o nome da mencionada senhora foi recebido no dia 3 de outubro pelo ministério e ela só veio a sofrer condenação no dia 8 de outubro."" | Pediu ao setor de Controle Interno do governo o aprimoramento das regras de emissão de passagens. | O Ministério Público do Amazonas fez recomendações de maior rigor por parte das autoridades do estado. | Reclamou da oposição por “requentar artificialmente” o tema a fim de “prejudicar um governo que enfrenta o tráfico, as milícias e o armamentismo irresponsável e selvagem”. | ""Gostaria de repudiar com veemência notícias e insinuações maliciosas, e eu diria até criminosas. Sou professor de Direito há mais de 20 anos, reconhecido nacional e internacionalmente. A difamadores, restará o rigor da lei e é nesse campo que serão por mim tratados."" | Mostrou as 26 recomendações encaminhadas pelo Mecanismo Nacional de Prevenção e Combate à Tortura para as detenções do Distrito Federal. | Falou de problemas sistêmicos que levam à média de 60 mortes por dia nos presídios brasileiros. | Quer conciliar ações de segurança pública e direitos humanos: ""Proteger a população contra a criminalidade, agindo com base nos ditames da lei, é parte essencial de toda e qualquer política de direitos humanos"". ""Junto ao Observatório dos Direitos Humanos, que vamos lançar em 11 de dezembro, iremos construir uma política nacional para as vítimas de violência e uma política nacional voltada para a proteção dos direitos humanos dos policiais, dos agentes de segurança pública."" | Destacou as ações da pasta relativas a idosos, crianças e adolescentes, pessoas com deficiência e população em situação de rua."
16,1,adriana ventura,Adriana Ventura,Deputada (Novo-SP),NOVO,SP,DEPUTY,2023-12-05,LULA,EXACT,ADRIANA VENTURA,3,4767,"""Ela é esposa de líder do Comando Vermelho, condenada em segunda instância por organização criminosa, associação para o tráfico e lavagem de dinheiro. Nos causou muito desconforto, principalmente porque houve audiência com servidores e o ministério pagou diárias e viagens. Nós fizemos requerimento de informação, denúncia na Comissão de Ética Pública e projeto de lei para que a não publicização de agenda e compromisso seja configurada como improbidade administrativa."""
16,2,eduardo bolsonaro,Eduardo Bolsonaro,Deputado (PL-SP),PL,SP,DEPUTY,2023-12-05,LULA,EXACT,EDUARDO BOLSONARO,6,14086,Participou de momentos de bate-boca durante a audiência.
16,3,kim kataguiri,Kim Kataguiri,Deputado (União-SP),UNIAO,SP,DEPUTY,2023-12-05,LULA,EXACT,KIM KATAGUIRI,6,8920,Participou de momentos de bate-boca durante a audiência.
16,4,marcos pollon,Marcos Pollon,Deputado (PL-MS),PL,MS,DEPUTY,2023-12-05,LULA,EXACT,MARCOS POLLON,23,8540,"""A segunda pergunta que eu lhe faço, senhor ministro, é se a relação do senhor com o Comando Vermelho antecede o seu exercício no ministério ou se ela veio após a sua posse no Ministério dos Direitos Humanos."""
16,5,chico alencar,Chico Alencar,Deputado (Psol-RJ),PSOL,RJ,DEPUTY,2023-12-05,LULA,EXACT,CHICO ALENCAR,1,1720,Elogiou a gestão de Sílvio Almeida no Ministério dos Direitos Humanos.
16,6,pedro aihara,Pedro Aihara,Deputado (Patriota-MG),PATRIOTA,MG,DEPUTY,2023-12-05,LULA,EXACT,PEDRO AIHARA,1,7091,Elogiou a gestão de Sílvio Almeida no Ministério dos Direitos Humanos.
16,7,jorge solla,Jorge Solla,Deputado (PT-BA),PT,BA,DEPUTY,2023-12-05,LULA,EXACT,JORGE SOLLA,22,3997,Elogiou a gestão de Sílvio Almeida no Ministério dos Direitos Humanos.
17,0,rodrigo saraiva,Rodrigo Saraiva,Professor da Fundação Escola Superior de Advocacia do Ceará e da Pós-Graduação da Universidade de Fortaleza,,,CIVIL_SOCIETY_OR_OTHER,2023-12-06,LULA,EXACT,RODRIGO SARAIVA,2,25290,"Levou exemplos do que considera indevido ativismo judicial: o julgamento sobre a possibilidade de interromper a gestação até o terceiro mês; a ação que proibiu operações em favelas no Rio de Janeiro durante a pandemia; e a suspensão da nomeação de Alexandre Ramagem (pelo ex-presidente Jair Bolsonaro) para a diretoria-geral da Polícia Federal. | Acredita que a situação ultrapassou todos os ditames legais: ""A pergunta é se o nome ainda é esse. Dá pra chamar hoje tudo aquilo que o Supremo faz de ativismo? Ele não passou completamente de todos os ditames constitucionais, legais? Não deveriam estar restritos àquilo que deveria ser determinado a eles, como guardiões da Constituição?"""
17,1,pedro estevam,Pedro Estevam,Professor de Direito no mestrado e doutorado da PUC-SP,,,CIVIL_SOCIETY_OR_OTHER,2023-12-06,LULA,EXACT,PEDRO ESTEVAM,3,26721,"As constituições existem para limitar decisões políticas, ""porque foi na democracia em que o nazifascismo ascendeu"". As constituições precisam estar acima das decisões políticas justamente para limitá-las. | São necessários mecanismos de defesa da constituição e da democracia, como a Suprema Corte. | O Parlamento também tem o poder de controlar o Supremo: ""O Senado Federal tem que assumir sua competência para autorizar a nomeação de ministros [do STF]. E o Senado tem competência para estabelecer casos de impeachment, não por divergir da interpretação de ministros, mas se houver outro tipo de abuso, se se caracterizarem atuações de abuso de poder, atuações políticas indevidas."""
17,2,lafayette de andrada,Lafayette de Andrada,Deputado (Republicanos-MG),REPUBLICANOS,MG,DEPUTY,2023-12-06,LULA,EXACT,LAFAYETTE DE ANDRADA,3,6796,"O Parlamento deve tratar sobre certos assuntos, ainda que seja ao não votar nada sobre o tema: ""Quem tem competência e quem deve exprimir a voz da população, os anseios do povo, da sociedade, é o Poder Legislativo. Ele que foi votado, ele que foi escolhido para isso. E, se o Poder Legislativo silencia em função de determinado tema, muitas vezes é um silêncio eloquente, é porque não há o amadurecimento necessário ainda para legislar sobre aquilo."""
17,3,alencar santana,Alencar Santana,Deputado (PT-SP),PT,SP,DEPUTY,2023-12-06,LULA,EXACT,ALENCAR SANTANA,2,6079,"Se for para se mudarem as regras, todos devem participar dessa discussão: ""Se o Parlamento tiver esse desejo, essa vontade de alterar o sistema judicial brasileiro, a gente não pode fazer isso de maneira repentina. A gente tem que promover alguns debates, seminários como esse, algumas audiências públicas, mas também trazer a essa mesa o representante desses poderes. E fazermos esse debate sem revanchismo."""
18,0,mercedes maria da cunha bustamante,Mercedes Maria da Cunha Bustamante,Presidente da Coordenação de Aperfeiçoamento de Pessoal de Nível Superior (Capes),,,CIVIL_SOCIETY_OR_OTHER,2023-12-11,LULA,EXACT,MERCEDES MARIA DA CUNHA BUSTAMANTE,2,15008,"Pediu aos parlamentares aporte adicional de R$ 150 milhões no Orçamento de 2024 para financiar a formação de professores. | Com os recursos extras seria possível lançar um edital do Pibid para a oferta de 90 mil bolsas de licenciatura em pedagogia, somando-se às 10 mil bolsas do Programa Residência Docente, totalizando 100 mil bolsas para a formação de docentes no próximo ano. | ""Hoje se estima a necessidade de o Brasil formar um bilhão de novos professores, então com o Pibid nós estaríamos contemplando 10% da formação de professores necessária"". ""A ampliação do Pibid garantiria à iniciação à docência uma dimensão semelhante ao aporte conferido pela Capes às bolsas de pós-graduação."""
18,1,rogerio correia,Rogério Correia,Deputado (PT-MG) e relator do Projeto de Lei 7552/14,PT,MG,DEPUTY,2023-12-11,LULA,EXACT,ROGÉRIO CORREIA,1,3032,"É favorável à institucionalização do Pibid: ""O Pibid é um programa que conseguiu um curso de licenciatura com crescimento muito grande, articulando teoria e prática por meio de aproximações do ensino superior e escola pública de educação básica."""
18,2,mariana breim,Mariana Breim,Diretora de políticas educacionais do Instituto Península,,,CIVIL_SOCIETY_OR_OTHER,2023-12-11,LULA,EXACT,MARIANA BREIM,2,11974,"Acredita que a institucionalização do Pibid pode reforçar a garantia de pagamento das bolsas: ""O aluno precisa ter essa garantia de continuidade, ele precisa que o programa o acompanhe durante esses quatro anos de sua formação e para que ele não precise trabalhar e possa dedicar seu tempo para se formar."""
18,3,dandara,Dandara,Deputada (PT-MG),PT,MG,DEPUTY,2023-12-11,LULA,EXACT,Dandara,18,20515,"Chamou a atenção para a finalidade de corrigir desigualdades sociais. | Elogiou a nova regra da Capes que permite o acúmulo de bolsas financiadas com recursos federais: ""Nesse momento em que a vida está tão precarizada, nós sabemos a dificuldade dos nossos estudantes de conseguir retornar para a universidade neste contexto pós pandemia, muitos retornaram a suas cidades e assumiram o papel de chefia das suas famílias."""
19,0,jilmar tatto,Jilmar Tatto,Deputado (PT-SP),PT,SP,DEPUTY,2023-12-14,LULA,EXACT,JILMAR TATTO,1,4391,Apresentou o projeto de lei que reduz de 80 para 60 km/h a velocidade nas vias urbanas de trânsito rápido e de 60 para 50 km/h nas vias arteriais.
19,1,juninho do pneu,Juninho do Pneu,Deputado (União-RJ),UNIAO,RJ,DEPUTY,2023-12-14,LULA,EXACT,Juninho do Pneu,14,11713,"Propôs a criação de um grupo de trabalho para dar agilidade à tramitação do projeto de lei: ""Vamos criar um grupo de trabalho. Acho que é muito importante para a gente encaminhar o assunto."""
19,2,leticia cardoso,Letícia Cardoso,Representante do Ministério da Saúde,,,FEDERAL_EXECUTIVE,2023-12-14,LULA,FIRST_LAST,LETÍCIA DE OLIVEIRA CARDOSO,1,8630,"Defendeu a redução da velocidade nas vias urbanas. | Citou a experiência bem-sucedida de Fortaleza, onde a medida foi implantada pela prefeitura em maio. ""Existe um mito de que, se a gente reduz a velocidade dentro do perímetro urbano, os engarrafamentos aumentam"".  Afirmou que um estudo recente do trânsito em Fortaleza mostra que a readequação de velocidade não impactou no tempo de viagens."
19,3,victor pavarino,Victor Pavarino,Técnico em Segurança Viária da Organização Pan-Americana da Saúde (Opas),,,CIVIL_SOCIETY_OR_OTHER,2023-12-14,LULA,EXACT,VICTOR PAVARINO,1,9019,"Citou conclusões de conferências internacionais sobre o assunto: ""De todos os fatores de risco que a gente tem, de longe a velocidade continua sendo o principal."" | Afirmou que a velocidade perpassa todos os demais fatores de risco, como não usar capacete ou dirigir depois de beber: ""Quanto maior a velocidade, tanto maior são as consequências dos demais fatores."""
19,4,carlos henrique carvalho,Carlos Henrique Carvalho,Representante do Instituto de Pesquisa Econômica Aplicada (Ipea),,,CIVIL_SOCIETY_OR_OTHER,2023-12-14,LULA,FIRST_LAST,CARLOS HENRIQUE RIBEIRO DE CARVALHO,3,6701,"Defendeu mais educação aos motociclistas como uma importante medida: ""Nos últimos 25 anos, a participação das motocicletas em mortes por sinistros de trânsito eram menos de 5%, hoje já são 30%."" | Afirmou que o Parlamento precisa modernizar as leis para se igualar aos modelos adotados em outros países. | Defendeu a redução da velocidade média e a fiscalização da aplicação dos recursos públicos destinados a melhorar o trânsito, como o DPVAT e a Cide."
20,0,maira pankararu,Maíra Pankararu,Conselheira da Comissão de Anistia e advogada,,,CIVIL_SOCIETY_OR_OTHER,2023-04-27,LULA,NONE,,0,0,"Tornou-se comum o emprego de expressões como 'mineração sustável' e 'uso sustável do solo e de recursos naturais em terras indígenas' em propostas que significam a legalização do desmatamento ou de invasão de territórios tradicionais. Trata-se de 'ludibriação com palavras bonitas', sem nunca consultar os povos afetados. | A Constituição de 1988 acabou com a tutela sobre indígenas e garantiu que sempre tomem parte nas decisões que os afetam. | Esses projetos guardam a sanha desenvolvimentista, como se as terras de povos tradicionais não fossem produtivas, 'apesar de garantirem água limpa e ar puro para o Brasil e o mundo'. | Sustenta que 'legislar é uma forma bonita de tentar matar' os povos indígenas."
20,1,celia xakriaba,Célia Xakriabá,"Deputada, presidente da Comissão da Amazônia e de Povos Originários e Tradicionais (Psol-MG)",PSOL,MG,DEPUTY,2023-04-27,LULA,EXACT,Célia Xakriabá,11,12908,"É urgente 'superar o racismo da ausência' de indígenas em espaços de poder para acabar com essa política de morte: 'É um genocídio legislado, é quando se usa o poder da caneta para matar direitos. É muito triste, vocês não imaginam a nossa presença aqui, na responsabilidade enquanto parlamentar, quando nós vimos passar a emenda à medida provisória da flexibilização do desmatamento da Mata Atlântica, quando nós vimos passar aqui nessa Casa a emenda à medida provisória do direito de poluir do mercado de carbono. É como se convidassem a gente a assistir uma matança de direito.'"
20,2,adriana ramos,Adriana Ramos,Consultora do Programa de Política e Direito Socioambiental do Instituto Socioambiental (ISA),,,CIVIL_SOCIETY_OR_OTHER,2023-04-27,LULA,NONE,,0,0,"Há um 'grande número' de projetos que tentam transformar o que hoje é considerado desmatamento ilegal em legal. | É imperativo não aceitar que o Brasil assuma o compromisso de combater apenas o desatamento ilegal, 'porque com uma palavra', numa lei, ele pode se tornar legal."
20,3,roberta amanajas,Roberta Amanajás,"Professora do Instituto Brasileiro de Ensino, Desenvolvimento e Pesquisa (IDP)",,,CIVIL_SOCIETY_OR_OTHER,2023-04-27,LULA,NONE,,0,0,"Toda proposta restritiva de direitos deve passar por consulta a esses povos: 'Além de constar na Constituição, o direito à consulta é previsto em tratados internacionais de que o Brasil é signatário.' | Projetos como o (PL 490/07) que retoma a tese do chamado marco temporal deveriam passar por debate com as populações indígenas. Sem isso, a lei resultante não tem validade. Mesmo que seja aprovado, o texto é inconstitucional: 'A Constituição de 1988 não atribui um marco de tempo para reconhecer o direito territorial. O que ela reconhece é o direito ao território como originário, e que compete hoje ao Estado brasileiro reconhecer. É um procedimento meramente administrativo. E esse procedimento já foi considerado constitucional pelo Supremo Tribunal Federal no caso da terra indígena Raposa Serra do Sol.'"
20,4,joaquim paulo de lima kaxinawa,Joaquim Paulo de Lima Kaxinawá,Doutor em Linguística pela Universidade de Brasília (UnB),,,CIVIL_SOCIETY_OR_OTHER,2023-04-27,LULA,NONE,,0,0,"É importante promover alianças entre as diferentes etnias indígenas e os demais povos tradicionais, como quilombolas e extrativistas. | Os não indígenas só se lembram deles quando estão presentes. Por isso, é fundamental eleger pelo menos dez parlamentares em 2026 para evitar perdas de direitos ainda mais profundas."
21,0,juvandia moreira,Juvandia Moreira,Presidente da Confederação Nacional dos Trabalhadores do Ramo Financeiro da CUT (Contraf-CUT),,,CIVIL_SOCIETY_OR_OTHER,2024-04-03,LULA,TOKEN_SUBSET,JUVANDIA MOREIRA LEITE,2,10925,"Defende o controle integral da Caixa sobre as loterias. | Destacou a destinação de parte da arrecadação das loterias para programas sociais e ações nas áreas de seguridade social, esporte, educação e cultura. | Destacou que, em 2023, dos R$ 23,4 bilhões arrecadados com loterias da Caixa, R$ 9,2 bilhões retornaram para a sociedade na forma de investimentos: ""Esses valores chegam a programas como o Fies [Fundo de Financiamento Estudantil], então o estudante o brasileiro que está lá estudando ou tem seu filho no Fies está sendo beneficiado por essa arrecadação."""
21,1,ricardo costa,Ricardo Costa,Vice-presidente da Federação Brasileira das Empresas Lotéricas (Febralot),,,CIVIL_SOCIETY_OR_OTHER,2024-04-03,LULA,FIRST_LAST,RICARDO AMADO COSTA,2,8867,"Defende o aumento da participação da Caixa no segmento de loterias e apostas em vez da privatização. | ""O que está em jogo para nós é a necessidade de modernização, de agilidade, de conseguir competir de forma forte, organizada, com as loterias que estão vindo aí. Senão, perdem a Caixa, a União, a população e a rede lotérica, que eu não sei nem se sobrevive."" | Além do surgimento de loterias estaduais e municipais, as apostas esportivas chegaram como um “tsunami” no mercado de loterias: ""Estima-se que o faturamento das empresas foi de R$ 100 bilhões a R$ 150 bilhões. Quer dizer, não se pode imaginar a Caixa fora desse mercado."""
21,2,simone vicentini,Simone Vicentini,Secretária adjunta de Prêmios e Apostas do Ministério da Fazenda,,,FEDERAL_EXECUTIVE,2024-04-03,LULA,FIRST_LAST,SIMONE APARECIDA VICENTINI,2,4440,"Informou que o tema da subsidiária já vem sendo discutido internamente pelo banco desde 2018, mas até o momento, nenhuma proposta foi formalizada. | Minimizou as chances de privatização das loterias argumentando que, por se tratar de serviço público exclusivo da União, atualmente delegado à Caixa, só poderia ser explorado por uma subsidiária também 100% pública: ""Caso se pretenda formalizar essa transferência, desde que seja para uma subsidiária integral [pública], por precaução, nós consultaríamos novamente a Procuradoria-Geral da Fazenda Nacional (PGFN), porque o nosso entendimento é de que não poderia haver essa exploração [pela iniciativa privada]."" | Ressaltou que, em qualquer caso, não deve haver alterações na destinação dos recursos, já que os percentuais e os destinos estão previstos em lei, mesmo para as apostas esportivas."
21,3,erika kokay,Erika Kokay,Deputada (PT-DF),PT,DF,DEPUTY,2024-04-03,LULA,EXACT,ERIKA KOKAY,4,18161,"Demonstrou preocupação com a eventual privatização das loterias da Caixa sem qualquer autorização do Congresso. | Sugeriu que o banco retire a proposta e abra um diálogo para esclarecer os detalhes da criação da subsidiária: ""É uma proposta que não tem clareza de quais são os parâmetros. A partir dessa subsidiária, como é que se discute, por exemplo, com os lotéricos, que são quem operam, pela Caixa, as loterias e nos permitem ter a maior rede de atendimento de todas as instituições financeiras, para que a população tenha acesso a benefícios, a serviços bancários?"""
21,4,tadeu veneri,Tadeu Veneri,Deputado (PT-PR),PT,PR,DEPUTY,2024-04-03,LULA,EXACT,Tadeu Veneri,24,19289,Demonstrou preocupação com a eventual privatização das loterias da Caixa sem qualquer autorização do Congresso. | Sugeriu que o banco retire a proposta e abra um diálogo para esclarecer os detalhes da criação da subsidiária.
22,0,jorge goncalves,Jorge Gonçalves,Presidente do Instituto para o Desenvolvimento do Varejo,,,CIVIL_SOCIETY_OR_OTHER,2023-06-21,LULA,TOKEN_SUBSET,JORGE GONÇALVES FILHO,3,13231,"Houve um aumento de mais de 100% no número de pacotes de encomendas de pequeno valor recebidos do exterior pelos Correios entre 2018 e 2022. Eram 70 milhões em 2018 e 170 milhões em 2022. No entanto, menos de 10% desses volumes foram fiscalizados. | Pediu apoio dos parlamentares para a instrução normativa da Receita Federal que altera os procedimentos de controle aduaneiro aplicáveis às remessas internacionais: ""Eu pediria que a Câmara dos Deputados apoiasse duas medidas que estão para entrar em vigor: a IN 2124 que, a partir de 1 de julho, vai regular a questão dos Correios; e o plano de conformidade feito com a participação das plataformas. Não temos porque postergar mais. Quem está sofrendo e deixando de arrecadar é o País."""
22,1,guilherme santos,Guilherme Santos,Representante da Associação Brasileira de Comércio Eletrônico,,,CIVIL_SOCIETY_OR_OTHER,2023-06-21,LULA,FIRST_LAST,GUILHERME HENRIQUE MARTINS SANTOS,2,11617,"A questão fiscal é um grande desafio para o comércio digital. | Não entende como problema a isenção de impostos para compras de até 50 dólares que existe no Brasil. | O problema é o mau uso da ferramenta de forma intencional e a impossibilidade de controle, que não deve ser feito penalizando o consumidor."
22,2,ze neto,Zé Neto,Deputado (PT-BA),PT,BA,DEPUTY,2023-06-21,LULA,EXACT,ZÉ NETO,3,7986,"O setor precisa de um marco regulatório o mais rapidamente possível, capaz de garantir uma competição adequada, e proteger o setor produtivo brasileiro. | A expectativa é que o segmento cresça 24% neste ano."
22,3,adriana azevedo,Adriana Azevedo,"Representante do Ministério do Desenvolvimento, Indústria e Comércio",,,FEDERAL_EXECUTIVE,2023-06-21,LULA,EXACT,ADRIANA AZEVEDO,7,10440,"A pasta lançou um painel de dados que traz informações sobre produtos comercializados pela internet em todo o território nacional. | A ideia é tentar, dentro do chamado Observatório do Comércio Eletrônico, consolidar ações voltada para o e-commerce nacional: ""Gostaria de reforçar o nosso compromisso, como MDIC, com o comércio leal de modo que os benefícios do e-commerce possam ser aproveitados por todos de forma bem adequada."" | O comércio eletrônico veio para ficar: ""Ele traz diversas vantagens e o momento é de adequar, de arrumar aquilo que estiver, eventualmente, fora do lugar."""
22,4,lucas ramos,Lucas Ramos,Deputado (PSB-PE),PSB,PE,DEPUTY,2023-06-21,LULA,EXACT,Lucas Ramos,18,17745,"O Poder Legislativo não pode mais ignorar a necessidade de uma regulamentação eficaz para o setor: ""Esse debate está aberto, é um primeiro encontro que nós fazemos e, com certeza, não vai ser o último para a construção de uma legislação que torne esse ambiente favorável para o desenvolvimento de negócios."""
23,0,hugo leal,Hugo Leal,Deputado (PSD-RJ),PSD,RJ,DEPUTY,2024-04-23,LULA,EXACT,Hugo Leal,26,19061,"O mercado de biometano já é uma realidade no País, apesar de ser pouco conhecido da população, e precisa ser dinamizado. | Aposta no uso do biocombustível no setor de transportes pesados, já que tem a mesma composição do gás veicular, com a diferença de ser renovável: ""Quanto mais nós utilizamos o gás natural para os veículos pesados, menos dependência nós vamos ter do diesel importado."""
23,1,marcelo mendonca,Marcelo Mendonça,Diretor da Associação Brasileira das Empresas Distribuidoras de Gás Canalizado (Abegás),,,CIVIL_SOCIETY_OR_OTHER,2024-04-23,LULA,EXACT,MARCELO MENDONÇA,2,13615,"Vê no setor de transportes a saída para impulsionar o mercado de biometano: ""O elétrico não é a única solução. O veículo a gás custa três vezes menos do que o veículo elétrico."" | Outra vantagem do uso do combustível é poder aproveitar a infraestrutura de gasodutos (43 mil quilômetros) e os mais de 1,7 mil postos que já operam com gás natural veicular."
23,2,gustavo bonini,Gustavo Bonini,Diretor institucional da montadora Scania e representante da Abiogás,,,CIVIL_SOCIETY_OR_OTHER,2024-04-23,LULA,EXACT,GUSTAVO BONINI,5,24440,"O Brasil tem vocação para produzir o combustível, principalmente a partir de resíduos e esgoto: ""Talvez seja o combustível que mais tem enraizado o que a gente chama de economia circular: você transforma um passivo ambiental, um problema, num ativo energético."""
23,3,leonidas cristino,Leônidas Cristino,Deputado (PDT-CE),PDT,CE,DEPUTY,2024-04-23,LULA,EXACT,LEÔNIDAS CRISTINO,9,9304,"Propôs que outros setores da economia, além dos transportes, também possam usar o biometano: ""Temos abranger todos os segmentos da economia, para que a gente possa tirar o gás carbônico da atmosfera, caso contrário o mundo não vai suportar."""
24,0,rafaela reis de oliveira,Rafaela Reis de Oliveira,Dirigente da Associação Brasileira de Ensino de Ciências Sociais (ABECS),,,CIVIL_SOCIETY_OR_OTHER,2024-04-12,LULA,FIRST_LAST,RAFAELA REIS AZEVEDO DE OLIVEIRA,2,11414,"Os conteúdos de filosofia e sociologia, sobretudo sociologia, são cobrados no Exame Nacional do Ensino Médio (Enem) e em outras avaliações para ingresso no ensino superior: ""Em vez de ampliar a presença, estão apagando essas disciplinas do currículo. É o que estamos observando em vários estados, especialmente no Paraná, Rio de Janeiro, São Paulo e Goiás."""
24,1,luiza martins,Luiza Martins,Presidente da União Paulista dos Estudantes Secundaristas (Upes),,,CIVIL_SOCIETY_OR_OTHER,2024-04-12,LULA,EXACT,LUIZA MARTINS,1,8589,"Há dificuldade dos alunos de escolas públicas no acesso aos conteúdos de filosofia e sociologia: ""O que está acontecendo nas escolas do nosso estado é um grande absurdo: a galera do 1º ano tem três aulas de filosofia na semana, o 2º ano não tem nenhuma e o terceiro ano, às vezes, tem uma aula"". ""Nós defendemos que a Reforma do Ensino Médio seja revogada integralmente."""
24,2,neuza peres,Neuza Peres,Presidente da Associação dos Professores de Filosofia e Filósofos do Brasil (Aproffib),,,CIVIL_SOCIETY_OR_OTHER,2024-04-12,LULA,FIRST_LAST,NEUZA APARECIDA DE OLIVEIRA PERES,3,6737,"Reivindica o ensino da disciplina de filosofia durante toda a vida estudantil: ""Nós queremos a filosofia desde a creche, porque sem filosofia não há pensamento, não há reflexão, não há como mudar esse mundo."""
24,3,professora luciene cavalcante,Professora Luciene Cavalcante,Deputada (Psol-SP),PSOL,SP,DEPUTY,2024-04-12,LULA,EXACT,Professora Luciene Cavalcante,26,19309,"Anunciou a articulação de uma 'Carta ao Senado' para influenciar a votação pelos senadores da nova reforma do ensino médio. | Pretende criar a Frente Parlamentar em Defesa de Filosofia e Sociologia na Educação Básica: ""Essas disciplinas [filosofia e sociologia] são fundamentais para que os nossos estudantes tenham formação crítica e consigam entender o processo histórico do País."" | A ausência de filosofia e sociologia no currículo reforça as desigualdades entre as escolas públicas e privadas."
24,4,christy gomes pato,Christy Gomes Pato,Coordenador nacional de estratégia da educação básica do Ministério da Educação,,,CIVIL_SOCIETY_OR_OTHER,2024-04-12,LULA,FIRST_LAST,CHRISTY GANZERT GOMES PATO,2,10762,"O MEC tenta reconstruir conteúdos curriculares que foram enfraquecidos em governos passados. | O novo Plano Nacional do Livro Didático (PNLD) prevê obras referenciais com conteúdo de filosofia e sociologia. | O projeto de lei (PL 5230/23) do Executivo com a nova reforma do ensino médio reconhece a importância de filosofia e sociologia: ""Pelo menos, os princípios básicos de retomada das disciplinas estão colocados. Temos de estar vigilantes para que isso não seja revisto e não tenhamos retrocesso."" | Salientou a importância de adequar o currículo às realidades e ao mercado de trabalho locais."
25,0,tales domingos vieira,Tales Domingos Vieira,Representante da Emater Minas,,,CIVIL_SOCIETY_OR_OTHER,2023-12-20,LULA,EXACT,TALES DOMINGOS VIEIRA,1,7075,"A situação é muito grave: ""Temos um ano muito atípico em Minas Gerais, especificamente no norte de Minas. Nunca tivemos uma seca, um evento tão dramático como o que a gente vive agora."""
25,1,ricardo demichelli,Ricardo Demichelli,Subsecretário de Agricultura de Minas Gerais,,,CIVIL_SOCIETY_OR_OTHER,2023-12-20,LULA,NONE,,0,0,"Nunca viu situação semelhante: ""Fui de carro cortando o estado. Deparamos com um cenário de gado comendo terra, magro, coro e o osso e sem saída."" | Não é um problema do produtor, que maneja bem sua convivência com a seca: ""Mas chegar ao fim do ano sem ter chovido, não há reserva estratégica nem metodologia de convivência com a seca que suporte."""
25,2,ze silva,Zé Silva,"Deputado (Solidariedade-MG), presidente da Comissão de Legislação Participativa",SOLIDARIEDADE,MG,DEPUTY,2023-12-20,LULA,EXACT,Zé Silva,39,42886,"Vai entregar o documento com 14 medidas emergenciais ao ministro da Agricultura, Carlos Fávaro, e ao Ministro do Desenvolvimento Agrário, Paulo Teixeira: ""A nossa preocupação é que não seja uma audiência que não gere medidas concretas."""
26,0,rosane silva,Rosane Silva,Secretária Nacional de Autonomia Econômica e Políticas de Cuidado no Ministério das Mulheres,,,FEDERAL_EXECUTIVE,2023-12-14,LULA,EXACT,ROSANE SILVA,2,7305,"""Incluir os cálculos relativos ao trabalho não remunerado de cuidado nas contas nacionais, além de dar visibilidade ao que já vem sendo executado, poderá contribuir para a mudar a concepção da sociedade sobre a importância desse trabalho."" | A tradicional divisão entre o que se considera trabalho econômico e trabalho não econômico resulta de uma intensa marginalização e desvalorização do trabalho de cuidado."
26,1,luizianne lins,Luizianne Lins,Deputada (PT-CE),PT,CE,DEPUTY,2023-12-14,LULA,EXACT,Luizianne Lins,10,24948,"Lamentou que somente agora o País comece a tratar do tema: ""É uma questão invisível que, no Brasil, toma proporções gigantescas, também pela dimensão territorial e por outros problemas sociais, muitos agravados nos últimos anos."""
26,2,lais abramo,Laís Abramo,"Secretária da Política Nacional de Cuidados e Família do Ministério do Desenvolvimento e Assistência Social, Família e Combate à Fome",,,FEDERAL_EXECUTIVE,2023-12-14,LULA,EXACT,LAÍS ABRAMO,2,8299,"Citou dados que apontam o cuidado do lar como o principal motivo de mulheres desempregadas sequer tentarem entrar no mercado de trabalho: ""Mulheres em idade ativa que não estão no mercado de trabalho nem procurando emprego tem como razão principal o fato terem que fazer o trabalho de cuidado dentro da suas casas. Para os homens, esse percentual é de apenas 2%."""
26,3,katia magalhaes arruda,Kátia Magalhães Arruda,Ministra do Tribunal Superior do Trabalho,,,SUBNATIONAL_OR_OTHER_STATE,2023-12-14,LULA,TOKEN_SUBSET,MINISTRA KÁTIA MAGALHÃES ARRUDA,1,4893,"Políticas públicas voltadas ao cuidado impactam em pontos que são mais importantes até mesmo que a economia: ""Mais importante que pensar noção de PIB é pensar no impacto que uma boa política de cuidados pode trazer para o IDH [Índice de Desenvolvimento Humano]. O que queremos, na verdade, é uma melhor vida para todas e todos."""
27,0,emerson saraiva,Emerson Saraiva,Representante da Associação dos Profissionais do Marketing Político,,,CIVIL_SOCIETY_OR_OTHER,2023-12-12,LULA,EXACT,EMERSON SARAIVA,5,25535,"Os perigos vão além da capacidade das novas tecnologias de produzir vídeos com imagens e sons falsos, o chamado deep fake. O maior risco está na capacidade de entendimento e de manipulação dos sentimentos dos eleitores. | ""Nas próximas eleições, dependendo da tecnologia utilizada, das ferramentas, das forças que forem empreendidas, será possível em muitos casos entender, saber qual é o resultado da eleição bem antes da eleição, baseado nas ferramentas que a inteligência artificial oferece hoje."""
27,1,fernando bueno,Fernando Bueno,Membro da Comissão de Direito Eleitoral da OAB do Paraná,,,CIVIL_SOCIETY_OR_OTHER,2023-12-12,LULA,TOKEN_SUBSET,FERNANDO BUENO DE CASTRO,3,10371,"Esse tipo de punição acaba ocorrendo somente depois que o prejuízo eleitoral já foi causado.: ""A corte eleitoral, gostemos ou não, vai ter uma postura extremamente rígida sobre quem utilizar qualquer ferramenta de IA. Mas transparece que a cassação será após a eleição. Se pessoa já tomou posse do mandato, já causou o dano, talvez irreparável, a quem foi a vítima da ferramenta e à própria coletividade."""
27,2,prof paulo fernando,Prof. Paulo Fernando,Deputado (Republicanos-DF),REPUBLICANOS,DF,DEPUTY,2023-12-12,LULA,EXACT,Prof. Paulo Fernando,23,12727,"Considerou insuficiente a pena de multa estipulada em projeto de lei que tramita na Câmara. Está preocupado que se estabeleça como sanção apenas uma multa, de R$ 5 mil a R$ 30 mil: ""Muitas vezes, dentro desse ringue que é a disputa eleitoral, às vezes é melhor você ter uma atividade de inteligência e contrainteligência e é melhor pagar a multa, porque o resultado às vezes é compensatório."""
28,0,celso mattos,Celso Mattos,Presidente do Sindicato da Indústria de Reparação de Veículos e Acessórios do Rio de Janeiro (Sindirepa-RJ),,,CIVIL_SOCIETY_OR_OTHER,2023-11-29,LULA,EXACT,CELSO MATTOS,5,5326,"""O consumidor tem o direito de ter o carro reparado da forma correta, até por razões de segurança."" | ""Se o reparador não tem todas as informações para fazer a adequada correção do veículo, ele e o consumidor poderão colocar em risco a segurança de quem está dirigindo e de quem está transitando nas vias."""
28,1,marcelo gabriel,Marcelo Gabriel,Assessor especial do Sindirepa nacional,,,CIVIL_SOCIETY_OR_OTHER,2023-11-29,LULA,FIRST_LAST,MARCELO LUIZ DIAS DA SILVA GABRIEL,4,6735,"""O Brasil é o quarto mercado de substituição automotiva do mundo, só atrás de Estados Unidos, China e Japão, o que mostra a relevância do setor."""
28,2,gilberto martins,Gilberto Martins,Gerente de Assuntos Técnicos da Associação Nacional dos Fabricantes de Veículos Automotores (Anfavea),,,CIVIL_SOCIETY_OR_OTHER,2023-11-29,LULA,EXACT,GILBERTO MARTINS,4,13343,"Os carros são hoje 'computadores sobre rodas', e as montadoras se preocupam com os riscos decorrentes da eventual liberação ampla do acesso às centrais eletrônicas e à tecnologia embarcada. | Alterações em códigos poderiam aumentar a poluição emitida pelo carro. A eliminação equivocada de alguns deles afetaria o funcionamento de airbags, enquanto a introdução de outros permitiria o uso de chaves falsas."
28,3,jorge braz,Jorge Braz,"Deputado (Republicanos-RJ), presidente da Comissão de Defesa do Consumidor",REPUBLICANOS,RJ,DEPUTY,2023-11-29,LULA,EXACT,Jorge Braz,19,17117,"""É claro que precisamos de segurança, aprimoramento e treinamento, mas a liberação do acesso é necessária. É lógico que não será para qualquer um, mas o consumidor precisa ter o leque de opções."" | ""O brasileiro, criativo como é, sempre dá um jeito, e na verdade essas coisas já acontecem, ainda que informalmente, até porque, quando a pessoa leva o carro numa concessionária, o preço dos serviços vai lá para cima."""
29,0,benedita da silva,Benedita da Silva,Deputada (PT-RJ),PT,RJ,DEPUTY,2023-11-24,LULA,EXACT,Benedita da Silva,1,8468,"""Eu fiquei muito emocionada porque no momento da Constituinte foram defesas feitas com muita qualidade e muito conteúdo dos movimentos sociais, carregando assim sua luta e trazendo esperança e expectativa de que as leis poderiam protegê-los"""
29,1,rafael moreira da silva,Rafael Moreira da Silva,Representante do Ministério dos Direitos Humanos,,,FEDERAL_EXECUTIVE,2023-11-24,LULA,TOKEN_SUBSET,RAFAEL MOREIRA DA SILVA DE OLIVEIRA,3,12278,"Disse que em um País que mata quase 40 mil negros por ano, os outros negros são apenas sobreviventes: ""A condição de vida de um sobrevivente não permite a vida plena que o mundo e a nossa existência podem proporcionar. Não nos permite viver com felicidade"""
29,2,yuri silva,Yuri Silva,Representante do Ministério da Igualdade Racial,,,FEDERAL_EXECUTIVE,2023-11-24,LULA,EXACT,YURI SILVA,2,10492,"Falou sobre o Plano Juventude Negra Viva, que está para ser lançado pelo governo: ""O decreto prevê a vinculação da pauta de juventude negra com os próximos planos plurianuais, ou seja, a institucionalização, dentro do instrumento de planejamento e orçamento do governo federal, de uma prioridade"""
29,3,tamires sampaio,Tamires Sampaio,Assessora especial do Ministério da Justiça,,,CIVIL_SOCIETY_OR_OTHER,2023-11-24,LULA,EXACT,TAMIRES SAMPAIO,2,10897,"Falou do Pronasci Juventude, um programa do Poder Executivo de prevenção à morte violenta de jovens: O projeto tem como foco jovens que passaram pelo sistema socioeducativo, que estão em situação de violência doméstica, que são filhos de mulheres com medidas protetivas, ou vivem em famílias que estão no cadastro único. | ""Queremos articular o acompanhamento multidisciplinar da formação em direito para esses jovens e da capacitação profissional, inclusive, ligado à inclusão produtiva que está sendo construída junto ao Ministério do Trabalho e ao Sebrae"""
29,4,paulao,Paulão,Deputado (PT-AL),PT,AL,DEPUTY,2023-11-24,LULA,EXACT,Paulão,27,30473,"É preciso melhorar a formação dos policiais: ""Enquanto houver polícias militares dependentes da doutrina das Forças Armadas a gente continuará tendo problema. Essa estrutura de segurança tem que ser repensada. A população tem medo da polícia e a polícia tem medo da população"""
30,0,ana paula lima,Ana Paula Lima,Deputada (PT-SC),PT,SC,DEPUTY,2023-11-21,LULA,EXACT,Ana Paula Lima,12,14551,"As cinco emendas no projeto de Lei de Diretrizes Orçamentárias (LDO) de 2024 para combater a violência contra crianças e adolescentes foram aceitas pelo relator da LDO. | Destacou a proposta de incluir a marcação no plano orçamentário de todas as despesas relacionadas com crianças e adolescentes: ""A emenda é fundamental para ampliar a transparência do orçamento e possibilitar a análise total de investimentos em prevenção e resposta à violência contra crianças e adolescentes."""
30,1,lucas jose ramos lopes,Lucas José Ramos Lopes,Coordenador da Coalizão pelo Fim da Violência contra Crianças e Adolescentes,,,CIVIL_SOCIETY_OR_OTHER,2023-11-21,LULA,EXACT,LUCAS JOSÉ RAMOS LOPES,2,8221,"Disse que ainda não foi definido o financiamento das ações de prevenção à violência propostas à LDO. | ""É preciso discutir a capacidade executória dessas ações e principalmente a qualidade executória dessas ações. Investir em prevenção de violência contra crianças e adolescentes exige o uso de evidências, o que de fato funciona, o que amplia a proteção e o que reduz os fatores de risco."""
30,2,santiago falluh varella,Santiago Falluh Varella,Especialista em políticas sociais do Fundo das Nações Unidas pela Infância (Unicef),,,CIVIL_SOCIETY_OR_OTHER,2023-11-21,LULA,EXACT,SANTIAGO FALLUH VARELLA,2,5628,"Mostrou que a parcela do orçamento federal destinada à proteção de crianças e adolescentes variou entre R$ 99 bilhões e R$120 bilhões nos últimos oito anos. | Ressaltou que a proporção do PIB destinado a esses gastos diminuiu. | ""Hoje, a gente tem um gasto de 5% do orçamento geral e isso é estável. Mas a gente precisa dar algum passo adicional para que essas crianças sejam prioridade"". Acrescentou que até outubro deste ano já foram gastos R$ 7 bilhões a mais que no ano passado."
30,3,clara maria guimaraes marinho pereira,Clara Maria Guimarães Marinho Pereira,Coordenadora da Secretaria de Orçamento Federal do Ministério do Planejamento,,,FEDERAL_EXECUTIVE,2023-11-21,LULA,EXACT,CLARA MARIA GUIMARÃES MARINHO PEREIRA,2,5183,"Informou que um mapeamento da lei orçamentária de 2020-2024 mostra que foram aplicados R$ 24 bilhões na agenda de crianças e adolescentes. | Reiterou que a aplicação das verbas poderá ser acompanhada pela sociedade civil: ""Uma vez que a lei entre em execução, nós teremos um painel em tempo real demonstrando quais foram as ações marcadas para a agenda de crianças e adolescentes."" | A intenção é garantir a transparência e o controle social a qualquer tempo."
31,0,socorro neri,Socorro Neri,Deputada (PP-AC),PP,AC,DEPUTY,2023-11-09,LULA,EXACT,Socorro Neri,13,10792,"Afirmou que o assunto (mudanças no Parfor sem a participação de entidades educacionais) deve ser levado ao ministro da Educação, Camilo Santana. | Disse que a Comissão de Educação deve ficar atenta para que as questões discutidas não se constituam retrocessos."
31,1,suzane goncalves,Suzane Gonçalves,Presidente da Associação Nacional pela Formação dos Profissionais da Educação (Anfope),,,CIVIL_SOCIETY_OR_OTHER,2023-11-09,LULA,FIRST_LAST,SUZANE DA ROCHA VIEIRA GONÇALVES,2,13203,"Defendeu que o Parfor precisa se constituir como o braço de uma política de estado para a educação: ""Quando nós trocamos políticas por programas, a descontinuidade, a descaracterização desse programa fica no interesse daqueles que assumem o governo a cada período."""
31,2,romilson siqueira,Romilson Siqueira,Diretor-executivo da Associação Nacional de Política e Administração da Educação (Anpae),,,CIVIL_SOCIETY_OR_OTHER,2023-11-09,LULA,FIRST_LAST,ROMILSON MARTINS SIQUEIRA,2,11991,"Manifestou opinião parecida com a de Suzane Gonçalves: ""Não podemos ficar a cada governo, retomando, voltando, discutindo, lutando para o retorno e a manutenção desse programa."""
31,3,mark clark assen,Mark Clark Assen,Presidente do Fórum Nacional de Coordenadores Institucionais do Parfor,,,CIVIL_SOCIETY_OR_OTHER,2023-11-09,LULA,TOKEN_SUBSET,MARK CLARK ASSEN DE CARVALHO,2,12940,"Apontou como um dos entraves do plano de formação a existência de muitos professores temporários na educação básica dos estados e municípios. | O professor que faz o curso de formação pode ser demitido ao final: ""Muitos deles não têm a garantia de que no ano seguinte vão retornar."" | Disse que é preciso repensar os termos do regime de colaboração entre a União, estados e municípios. | Pediu o aumento da verba de custeio para os professores, que geralmente precisam viajar para assistir às aulas."
31,4,marcia serra ferreira,Marcia Serra Ferreira,Diretora de Formação de Professores da Educação Básica da Coordenação de Aperfeiçoamento de Pessoal de Nível Superior (Capes),,,CIVIL_SOCIETY_OR_OTHER,2023-11-09,LULA,EXACT,MARCIA SERRA FERREIRA,2,20312,"Afirmou que um dos principais desafios do programa é a ampliação do orçamento: ""A gente consegue hoje, com o orçamento previsto para 2024, a manutenção das turmas do Parfor. A gente não consegue um novo edital, nem ampliar o custeio."""
32,0,clarissa teixeira,Clarissa Teixeira,"Coordenadora-geral de Promoção dos Direitos de Migrantes, Refugiados e Apátridas do Ministério dos Direitos Humanos",,,CIVIL_SOCIETY_OR_OTHER,2023-10-31,LULA,TOKEN_SUBSET,CLARISSA TEIXEIRA ARAUJO DO CARMO,2,8117,"O Brasil avançou ao passar do Estatuto do Estrangeiro para a Lei de Migração, mas ainda é preciso implementar políticas sociais de continuidade, como as que garantam a saúde da mulher migrante e oportunidades de trabalho: ""Precisamos virar a chave e parar de tratar a migração pela lógica emergencial, como algo que requer um atendimento que vai se encerrar no tempo, como uma calamidade. Precisamos avançar com o acesso às políticas públicas, mas sobretudo com a permanência, com políticas de continuidade. Olhar para o migrante como um patrimônio cultural e histórico, e não como um problema."" | A migração é um direito que não pode ser criminalizado, ou seja, não se pode falar em migrantes ilegais, e sim em pessoas que estão em uma situação administrativa irregular no País."
32,1,paulo illes,Paulo Illes,Coordenador-geral de Política Migratória do Ministério da Justiça,,,CIVIL_SOCIETY_OR_OTHER,2023-10-31,LULA,EXACT,PAULO ILLES,2,10360,"O Brasil passa por um período de redefinição de sua política migratória: ""Temos a oportunidade de passar de uma política que é muito voltada ao controle migratório para uma política de inclusão de fato das pessoas migrantes, em que eles sejam protagonistas."" | Neste ano foram aceitas 8,5 mil naturalizações, contra 3,4 mil naturalizações deferidas no ano passado. | O ministro da Justiça, Flávio Dino, criou um grupo de trabalho responsável por elaborar a nova política migratória brasileira com ênfase na ""gestão compartilhada das migrações com participação dos entes federados e da sociedade civil"". Nesse esforço, foram ouvidas mais de 200 organizações da sociedade civil, na maioria de migrantes."
32,2,leticia carvalho,Letícia Carvalho,Representante da ONG Missão Paz,,,CIVIL_SOCIETY_OR_OTHER,2023-10-31,LULA,EXACT,LETÍCIA CARVALHO,1,6272,"Há atraso na emissão de vistos humanitários para pessoas em vulnerabilidade econômica. | Existem embargos à concessão dos vistos de reunião. | Imigrantes africanos que procuram se reunir com familiares no Brasil têm o pedido de visto negado pelas representações diplomáticas brasileiras, com a justificativa de que os documentos oferecidos são insuficientes ou, até mesmo, sem apresentar justificativas para o indeferimento."
32,3,amanda pilon barsoumian,Amanda Pilon Barsoumian,Defensora pública do estado de São Paulo,,,CIVIL_SOCIETY_OR_OTHER,2023-10-31,LULA,EXACT,AMANDA PILON BARSOUMIAN,1,4880,"Há exclusão dos imigrantes de cargos do serviço público, ainda que tenham seus diplomas reconhecidos por instituições brasileiras e sejam aprovados em concurso público. | Não há legislação que proíba o acesso de imigrantes a esses cargos, mas é necessário regulamentar o tema: ""Nós entendemos que essas limitações legais constituem violação ao direito fundamental da isonomia e especificamente à Lei de Migrações, que prevê como diretrizes da política migratória a inclusão social, laboral e produtiva do imigrante por meio de políticas públicas."" | Lei municipal de São Paulo permite o acesso de imigrantes aos cargos e empregos públicos desde 2002. | Em setembro deste ano, estavam empregados na administração direta do município 90 imigrantes (71 efetivos, 16 comissionados e 3 temporários)."
32,4,erika hilton,Erika Hilton,Deputada (Psol-SP),PSOL,SP,DEPUTY,2023-10-31,LULA,EXACT,Erika Hilton,9,13189,"O trabalho de acolhimento dos migrantes e refugiados deve consistir em esforço conjunto de diversos ministérios, da iniciativa privada e da sociedade civil: ""É um trabalho multidisciplinar que precisa envolver muitos agentes públicos para minimizar essas violações de direitos ou negação de acesso a esses direitos básicos."""
33,0,samira cunha,Samira Cunha,Presidente da Federação Nacional dos Jornalistas (Fenaj),,,CIVIL_SOCIETY_OR_OTHER,2023-10-26,LULA,FIRST_LAST,SAMIRA DE CASTRO CUNHA,3,11355,"""Em um cenário onde a gente tem a maioria da população se informando por redes sociais, nós precisamos qualificar cada vez mais o jornalismo praticado no Brasil."" | Acredita que o jornalismo profissional é o antídoto contra a desinformação e notícias falsas: ""Vivemos em uma sociedade que se baseia em mentiras propagadas em larga escala e com objetivos específicos, e deixamos de lado o papel de um profissional que se capacita, no mínimo, por quatro anos para exercer um papel fundamental na democracia."" | Revelou que atualmente, sem a necessidade de diploma, há casos de menores de idade e de analfabetos com registro profissional de jornalista no País."
33,1,marluce zacariotti,Marluce Zacariotti,Presidente da Associação Brasileira de Ensino de Jornalismo,,,CIVIL_SOCIETY_OR_OTHER,2023-10-26,LULA,FIRST_LAST,MARLUCE EVANGELISTA CARVALHO ZACARIOTTI,3,11800,"Defende que a obrigatoriedade do diploma em jornalismo não compromete a liberdade de expressão: ""O jornalista não manifesta sua opinião nas notícias e reportagens que escreve, portanto a exigência do diploma não lhe garante a alegada exclusividade no direito à manifestação do pensamento pela mídia ou por qualquer outro meio."""
33,2,armando rollemberg,Armando Rollemberg,Diretor da Associação Brasileira de Imprensa (ABI),,,CIVIL_SOCIETY_OR_OTHER,2023-10-26,LULA,FIRST_LAST,ARMANDO SOBRAL ROLLEMBERG,3,6698,"Considera a decisão do STF de acabar com a obrigatoriedade do diploma um retrocesso. | Alerta para as consequências desastrosas para a sociedade devido à desinformação: ""O jornalismo é tudo que não tem a ver com a mentira. Dentro do jornalismo cabe a liberdade de expressão, mas na liberdade de expressão não cabe a mentira"". ""A mentira interesseira, odienta, articulada, em um pouco mais de 24 horas, pode trazer prejuízos enormes para a sociedade. Às vezes não é nem possível fazer uma retratação equivalente."""
33,3,samuel pantoja,Samuel Pantoja,Presidente da Associação Brasileira de Pesquisadores em Jornalismo (SBPJor),,,CIVIL_SOCIETY_OR_OTHER,2023-10-26,LULA,TOKEN_SUBSET,SAMUEL PANTOJA LIMA,3,19503,"Citou dados de uma pesquisa que revela que 1 em cada 5 brasileiros acredita que a terra é plana. | 1 em cada 5 brasileiros acredita que vacinas fazem mais mal do que bem para crianças: ""Essas pessoas podem, por exemplo, contribuir para o retorno de doenças que pareciam estar superadas pelo Plano Nacional de Imunização."""
33,4,amaro neto,Amaro Neto,"Deputado (Republicanos-ES), jornalista e professor",REPUBLICANOS,ES,DEPUTY,2023-10-26,LULA,EXACT,Amaro Neto,15,16244,"Defendeu a formação em jornalismo como instrumento de garantia da qualidade do trabalho: ""Eu acredito que um grande passo para acelerar o combate às fake news é tornar o diploma de jornalismo obrigatório por meio dessa PEC que está parada aqui na Casa."""
33,5,daniel trzeciak,Daniel Trzeciak,"Deputado (PSDB-RS), jornalista",PSDB,RS,DEPUTY,2023-10-26,LULA,EXACT,DANIEL TRZECIAK,1,6452,"Criticou a decisão do STF de acabar com a obrigatoriedade do diploma. | Defendeu a PEC que reinstitui a obrigatoriedade do diploma: ""Queria perguntar ao ministro Gilmar Mendes se ele faria uma cirurgia com algum médico que não tivesse sentado nas cadeiras do curso de medicina."" | Afirmou que o fim da obrigatoriedade do diploma desvalorizou a função dos cursos de jornalismo: ""Hoje ninguém mais quer fazer faculdade de jornalismo. Para que ficar quatro anos estudando jornalismo se nem do diploma precisa?"""
34,0,bruno ziller,Bruno Ziller,Representante do Instituto Cactus,,,CIVIL_SOCIETY_OR_OTHER,2023-09-21,LULA,EXACT,BRUNO ZILLER,2,15744,"Defendeu ações de prevenção, como a moderação de conteúdo para jovens e a educação sobre como o mundo virtual pode distorcer a realidade. | ""A maior parte dos transtornos mentais não são biológicos, mas determinantes sociais. A gente pode então incidir para mitigar alguma condição mental para que ela dure menos ou se agrave menos."" | O uso excessivo de redes sociais pode levar a problemas de atenção, sono e sentimento de pertencimento: ""É por isso que especialistas defendem estabelecer um limite de tempo de uso para incentivar que o jovem desenvolva atividades fora da tela."""
34,1,thais hagge,Thais Hagge,Executiva da Unilever,,,CIVIL_SOCIETY_OR_OTHER,2023-09-21,LULA,EXACT,THAIS HAGGE,4,10743,"Falou de campanha promovida pela empresa na qual influencers passaram um período sem usar filtros em suas publicações, alertando para o fato de que rostos e corpos perfeitos não existem: ""Não é uma questão sobre usar ou não filtro, mas entender os impacto que a distorção de imagem pode gerar na autoestima, principalmente para as meninas mais jovens."" | Apresentou levantamento da Unilever mostrando que 97% dos jovens de 10 a 17 anos entrevistados foram expostos a conteúdos tóxicos de beleza nas mídias sociais. Desses jovens, 74% disseram que foram expostos a conteúdos que incentivam a perda de peso."
34,2,rosangela moro,Rosângela Moro,Deputada (União-SP),UNIAO,SP,DEPUTY,2023-09-21,LULA,EXACT,ROSÂNGELA MORO,1,5521,"Acredita que a necessidade de exibir uma imagem perfeita pode impactar na saúde psíquica: ""Esse padrão de beleza estabelecido pela cultura das redes sociais muitas vezes promove uma imagem que é idealizada e inatingível, e isso pode ter sérios efeitos na saúde mental."""
34,3,maria aparecida cina da silva,Maria Aparecida Cina da Silva,Representante da Secretaria de Informação e Saúde Digital do Ministério da Saúde,,,FEDERAL_EXECUTIVE,2023-09-21,LULA,EXACT,MARIA APARECIDA CINA DA SILVA,1,7609,"Destacou a dificuldade de se falar das emoções, um tema que ainda é considerado tabu no ambiente familiar e escolar: ""É impossível estabelecer qualquer aspecto de saúde, se a gente não fala de um processo de alfabetização emocional."""
34,4,joana de vilhena novaes,Joana de Vilhena Novaes,Psicóloga e pesquisadora da PUC-Rio,,,CIVIL_SOCIETY_OR_OTHER,2023-09-21,LULA,EXACT,JOANA DE VILHENA NOVAES,2,14295,"Falou da positividade tóxica presente nas redes sociais, a qual desencadeia sentimento de inadequação nos jovens: ""Precisamos falar sobre dor e sofrimento dos nossos jovens e precisamos falar sobre isso nas escolas, não só no âmbito dos consultórios particulares"". ""Ter uma vida instagramável, sem sofrimento, não diminui a ansiedade dos jovens."""
35,0,walber agra,Walber Agra,Livre docente pela Universidade de São Paulo (USP),,,CIVIL_SOCIETY_OR_OTHER,2023-08-31,LULA,EXACT,WALBER AGRA,3,12141,"Defende a previsão de tempo maior para registro de candidaturas. | Explicou que as convenções partidárias ocorrem entre 20 de julho e 5 de agosto, e o prazo para registro se encerra em 15 de agosto. | Afirmou que o prazo extremamente curto provoca o que chama de 'terceiro turno das eleições', com o questionamento das decisões da Justiça Eleitoral. | Sugeriu que as convenções partidárias ocorram entre 1º e 20 de junho dos anos eleitorais, com o fim do período de registro dos candidatos em 1º de julho, proporcionando 45 dias a mais para o julgamento da regularidade das candidaturas."
35,1,anne cabral,Anne Cabral,Advogada eleitoral,,,CIVIL_SOCIETY_OR_OTHER,2023-08-31,LULA,EXACT,ANNE CABRAL,1,10819,"Concorda com o professor Walber Agra e considera fundamental a antecipação do período de registro de candidaturas: ""Quem acompanha no dia a dia o registro de candidatura, é uma loucura com os prazos exíguos que a gente tem, e termina isso ensejando análises superficiais."" | Defendeu que as verbas destinadas às mulheres para a realização de campanhas eleitorais possam cobrir custos com segurança e economia do cuidado."
35,2,samara castro,Samara Castro,Diretora de promoção da liberdade de expressão da Presidência da República,,,CIVIL_SOCIETY_OR_OTHER,2023-08-31,LULA,EXACT,SAMARA CASTRO,1,7663,"Defende a adoção de regras claras para a propaganda eleitoral nas redes sociais. | Acredita que uma medida fundamental é obrigar as plataformas a manter um cadastro público em tempo real que permita a identificação de todos os financiadores das campanhas. | Os bancos de dados devem conter informações como nome de quem pagou a propaganda, conteúdo veiculado e valor gasto, que deveriam ser guardadas por pelo menos um ano: ""Até para evitar qualquer tipo de desvio ou de ataques que muitas vezes acontecem sem a gente conseguir, de fato, ter provas suficientes para eventual responsabilização."" | Sugeriu que o grupo estenda a proteção contra violência a todas as mulheres envolvidas em atividades políticas e partidárias, não apenas às candidatas. | Defendeu que as verbas destinadas às mulheres para a realização de campanhas eleitorais possam cobrir custos com segurança e economia do cuidado."
35,3,melillo diniz nascimento,Melillo Diniz Nascimento,Representante do Movimento de Combate à Corrupção Eleitoral,,,CIVIL_SOCIETY_OR_OTHER,2023-08-31,LULA,FIRST_LAST,MELILLO DINIS DO NASCIMENTO,2,10621,Defendeu a aplicação de multa a eleitores que publicarem notícias falsas de maneira intencional. | Sugeriu a criação de juizados especiais eleitorais em ambiente virtual com competência específica para julgar crimes de desinformação.
35,4,rubens pereira junior,Rubens Pereira Júnior,Deputado (PT-MA) e relator da minirreforma,PT,MA,DEPUTY,2023-08-31,LULA,EXACT,Rubens Pereira Júnior,7,17321,"Explicou que o grupo não trata de fake news, uma vez que o assunto é objeto de um projeto de lei específico em análise na Câmara. | Ressaltou que ataques virtuais podem, sim, ser abordados. | Reafirmou que a intenção é concluir os trabalhos do GT já na próxima semana: A previsão e o desafio do grupo é que na próxima quarta-feira, dia 6 de setembro, nós já conseguiremos poder votar e aprovar nosso relatório."" | Explicou que o grupo de trabalho foi instituído com o objetivo de promover ajustes no modelo eleitoral vigente, de modo a incorporar à legislação avanços trazidos por resoluções da Justiça Eleitoral, principalmente nas eleições do ano passado."
36,0,lilian schaefer,Lilian Schaefer,Representante da Confederação Nacional dos Transportes (CNT),,,CIVIL_SOCIETY_OR_OTHER,2023-09-01,LULA,EXACT,LILIAN SCHAEFER,2,5454,"O País já conta com regulamentação técnica para atuação nos portos, mas não há regulação econômica, o que tem gerado reclamações sobre abusos nos preços dessa atividade: ""É evidente que o vácuo normativo, nas palavras do Tribunal de Conta da União (TCU) no tocante à regulação econômica da praticagem, resulta nesse custo descontrolado ora experimentado, impactando negativamente os usuários dos serviços e, por consequência, o consumidor final dos produtos transportados."" | O TCU, o Conselho Administrativo de Defesa Econômica (Cade) e a Organização para a Cooperação e Desenvolvimento Econômico (OCDE) defendem a regulação econômica dos serviços de praticagem, legitimando a posição sustentada pela navegação, através da CNT."
36,1,murillo barbosa,Murillo Barbosa,Diretor-presidente da Associação de Terminais Portuários Privados,,,CIVIL_SOCIETY_OR_OTHER,2023-09-01,LULA,EXACT,MURILLO BARBOSA,4,10136,"A escala de rodízio único adotado na praticagem reforça o monopólio da prestação de serviços, que aumentou, nos últimos dez anos, quatro vezes o valor da inflação no mesmo período: ""Defendemos que os tomadores de serviço possam ter uma instância que coíba a abusividade na cobrança de serviços, que acompanhe os reajustes e principalmente arbitre conflitos. Nós não estamos pedindo tabela de preços em nenhum momento."" | A entidade é favorável ao PL 757/22, do Poder Executivo, que transfere para a Agência Nacional de Transportes Aquaviários (Antaq) a regulação econômica do serviço de praticagem, inclusive para definir o preço do serviço e fiscalizar o cumprimento de padrões adequados."
36,2,coronel meira,Coronel Meira,Deputado (PL-PE) e relator das propostas na Comissão de Administração e Serviço Público,PL,PE,DEPUTY,2023-09-01,LULA,EXACT,Coronel Meira,34,24008,"Por ser uma atividade estratégica, a prática da cabotagem e sua regulamentação devem ser discutidas no Congresso Nacional: ""Esta Casa aqui é o local para discutir. O que o povo brasileiro quer é exatamente que essa Casa debata e faça com que se chegue a uma solução de problemas sérios."""
36,3,ricardo falcao,Ricardo Falcão,Diretor-presidente do Conselho Nacional de Praticagem,,,CIVIL_SOCIETY_OR_OTHER,2023-09-01,LULA,EXACT,RICARDO FALCÃO,1,7354,"Não existe vácuo na legislação, e que se trata de uma relação privada o que os projetos de lei em análise querem tabelar: ""O TCU já concluiu que a Marinha regula e regulamenta muito corretamente a praticagem. Há, no entanto, considerações de que deveriam estar sendo regulados os terminais privados, o frete na cabotagem, os agentes intermediários. O TCU fez várias recomendações que ainda não foram aplicadas mas, especificamente sobre a praticagem, a ação da Marinha foi muito elogiada."" | O TCU e o Cade publicaram decisões afirmando que a praticagem no Brasil não extrapola os limites econômicos inerentes à profissão."
36,4,claudio loureiro,Cláudio Loureiro,Diretor-executivo do Centro Nacional de Navegação Transatlântica,,,CIVIL_SOCIETY_OR_OTHER,2023-09-01,LULA,TOKEN_SUBSET,CLAUDIO LOUREIRO DE SOUZA,2,8797,"Reconheceu a excelência técnica da praticagem do Brasil, mas defendeu a necessidade de uma regulação econômica, o que, para ele, não representa o tabelamento das atividades: ""Nós estamos falando da regulação de casos excepcionais, em que não há acordo e nem há possibilidade de acordo, como estamos vivendo agora em Manaus, onde há um pedido de aumento de 300% no preço. Não há quem possa considerar isso razoável sem uma argumentação, explicação ou uma transparência maior."""
37,0,fabio de araujo,Fábio de Araújo,Secretário Nacional de Paradesporto,,,FEDERAL_EXECUTIVE,2023-08-23,LULA,FIRST_LAST,FÁBIO AUGUSTO LIMA DE ARAUJO,5,22105,"Reclamou do orçamento de pouco mais de R$ 1,8 milhão para este ano. | Apontou a necessidade de conseguir mais emendas parlamentares, que, em 2023, somam R$ 6,9 milhões, sendo que 65% desse total já foram empenhados. | Esclareceu que o Paradesporto, que engloba 193 modalidades, é bem mais amplo do que os esportes paraolímpicos, que são apenas 22, mas têm mais visibilidade. | Divulgou pesquisa da Universidade Federal do Paraná mostrando que 75,38% dos municípios brasileiros não têm projetos esportivos para pessoas com deficiência. | Defendeu a corresponsabilidade entre estados, municípios e famílias nessa área: ""A gente busca sensibilizar estados e municípios a criar unidades específicas que cuidem do Paradesporto nas suas secretarias de Esporte ou nas suas secretarias estaduais de Educação""."
37,1,nayara falcao,Nayara Falcão,Advogada e atleta de Paracanoagem,,,CIVIL_SOCIETY_OR_OTHER,2023-08-23,LULA,TOKEN_SUBSET,NAYARA KARIN FALCÃO DE OLIVEIRA,1,7451,"Relatou que faltam maior acessibilidade, visibilidade e tratamento equitativo para os atletas com deficiência: ""Olham para o que falta na gente e não para o que nós somos capazes, para as nossas potencialidades""."
37,2,dr zacharias calil,Dr. Zacharias Calil,Deputado (União-GO),UNIAO,GO,DEPUTY,2023-08-23,LULA,EXACT,Dr. Zacharias Calil,9,9475,"Ressaltou a importância de estimular a prática esportiva para pessoas com deficiência em ambientes educacionais, o que pode promover a inclusão e o respeito à diversidade, derrubar estigmas e construir uma sociedade igualitária: ""O esporte é uma ferramenta poderosa para a transformação social e é nosso dever assegurar que as pessoas, independentemente de suas limitações, tenham acesso igualitário às práticas esportivas e possam desenvolver seu potencial máximo""."
37,3,luiz lima,Luiz Lima,Deputado e presidente da Comissão do Esporte da Câmara (PL-RJ),PL,RJ,DEPUTY,2023-08-23,LULA,EXACT,LUIZ LIMA,1,4140,"Destacou a qualidade das instalações do Centro de Treinamento Paraolímpico Brasileiro, que fica na zona sul de São Paulo."
38,0,daniel panizzi,Daniel Panizzi,Presidente da União Brasileira de Vitivinicultura (Uvibra),,,CIVIL_SOCIETY_OR_OTHER,2023-08-16,LULA,EXACT,DANIEL PANIZZI,5,9096,É preciso aproveitar o debate da reforma tributária para rever a taxação do setor.
38,1,deborah villas boas dadalt,Deborah Villas Bôas Dadalt,Sócia-diretora do Spa do Vinho Hotel e Condomínio Vitivinícola,,,CIVIL_SOCIETY_OR_OTHER,2023-08-16,LULA,TOKEN_SUBSET,DEBORAH VILLAS,4,8795,"""O vinho brasileiro foi usado como moeda de troca em muitos acordos internacionais, principalmente com nossos países irmãos do Mercosul, e isso causou, para nós produtores brasileiros, uma situação completamente desfavorável dentro do mercado."""
38,2,carlos gomes,Carlos Gomes,Deputado (Republicanos-RS),REPUBLICANOS,RS,DEPUTY,2023-08-16,LULA,EXACT,CARLOS GOMES,18,16770,"O objetivo principal do projeto de lei é incentivar o enoturismo. | ""Temos cerca de mil vinícolas no Brasil e a grande maioria tem foco no enoturismo, com vendas no varejo, na porta da vinícola"". A medida pode aumentar esse tipo de vendas: ""Fazer com que todo turista, ao chegar na zona franca, possa comprar com a isenção, o que daria uma redução interessante no preço final para comprarem em maior quantidade."" | A proposta previa isenção para nove garrafas, mas sofreu mudanças nas comissões em que já foi analisada e hoje prevê o benefício tributário para até 18 garrafas de vinho compradas na zona franca. | Produtores de vinho em todo o País poderão comercializar seus produtos nos 23 municípios gaúchos também com regime especial de tributação. | Na União Europeia, os vinhos já recebem a classificação de alimento. | Caso o acordo entre Mercosul e União Europeia entre em vigor, os vinhos da Europa, que contam com condições especiais de taxação, serão comercializados livremente na região. Com essa concorrência, a cadeia produtiva brasileira pode se tornar inviável."
39,0,rui falcao,Rui Falcão,"Deputado, presidente da Comissão de Constituição e Justiça e de Cidadania (CCJ)",,,DEPUTY,2023-08-16,LULA,EXACT,Rui Falcão,29,11365,"Nos dois últimos anos, surgiram interpretações do artigo 142 da Constituição que colocam as Forças Armadas como uma espécie de árbitro final dos três Poderes. | A interpretação que sempre prevaleceu é a de que cabe às Forças Armadas 'a defesa da Pátria, a garantia dos poderes constitucionais e, por iniciativa de qualquer destes, da lei e da ordem'."
39,1,raul jungmann,Raul Jungmann,Ex-deputado federal e ex-ministro da Defesa,,,CIVIL_SOCIETY_OR_OTHER,2023-08-16,LULA,EXACT,RAUL JUNGMANN,1,16342,"Citou pareceres emitidos pelo Supremo Tribunal Federal (STF) e pela Advocacia-Geral da União (AGU) que concluem que as Forças Armadas não detêm poder de atuação autônoma, estando constitucionalmente subordinadas ao presidente da República: ""As Forças Armadas não detêm e, creio eu, nem querem deter esse papel que lhe é atribuído"". ""Se houvesse essa capacidade autônoma, o Executivo se transformaria em um superpoder e estaria rompido um dos pilares fundamentais da Constituição, que é a harmonia entre os Poderes."" | Agentes de Estado, incluindo militares, devem ser desligados de suas corporações ao assumirem cargos políticos. | Lamentou o atraso e a pouca participação do Congresso na elaboração da Política de Defesa Nacional."
39,2,flavio nogueira,Flávio Nogueira,Deputado (PT-PI),PT,PI,DEPUTY,2023-08-16,LULA,EXACT,FLÁVIO NOGUEIRA,3,4122,"Ao longo da história, os episódios de intervenção militar sempre tiveram participação civil: ""O intervencionismo, de fato, mexe muito com a gente, é chocante, é uma invasão da privacidade e da liberdade, mas isso tem sempre como coadjuvante a política. Nunca as Forças Armadas foram instadas a intervir sem a participação de civis."""
39,3,felipe santa cruz,Felipe Santa Cruz,Mestre em Direito e ex-presidente nacional da Ordem dos Advogados do Brasil (OAB),,,CIVIL_SOCIETY_OR_OTHER,2023-08-16,LULA,EXACT,FELIPE SANTA CRUZ,3,16131,"Durante o período mais grave da pandemia de Covid-19 no Brasil, foi chamado para um debate sobre 'o poder moderador das Forças Armadas': ""Fomos obrigados, talvez no momento mais dramático do povo brasileiro, a elaborar um parecer, que, aliás, foi usado pelo ministro Luiz Fux nessa decisão citada pelo ex-ministro Jungman."" | A Constituição de 88 submeteu as Forças Armadas ao poder civil e não há outro entendimento possível: ""Não há poder moderador das Forças Armadas, visto que não são um poder, mas estão submetidas ao presidente da República."""
39,4,sergio etchegoyen,Sérgio Etchegoyen,Ex-ministro-chefe do Gabinete de Segurança Institucional da Presidência da República,,,CIVIL_SOCIETY_OR_OTHER,2023-08-16,LULA,FIRST_LAST,SÉRGIO WESTEPHALEN ETCHEGOYEN,4,24657,"Nunca, em 50 anos de vida militar, havia sido convidado a debater sobre o suposto poder moderador das Forças Armadas: ""O poder moderador, que passou a fazer parte de uma narrativa em um determinado momento, é o que eu chamo de não assunto, porque nunca esteve presente na minha vida."" | O acionamento das Forças Armadas, como em ações de garantia da lei e da ordem, depende de um comando político: ""Imaginar que as operações de garantia da lei e da ordem possam provocar algum protagonismo político do comandante militar que está lá é desconsiderar que ele está subordinado a autoridades civis."" | Concorda com a ideia de que militares que assumam cargos políticos sejam automaticamente desligados das forças. | Rebateu a afirmação de que as Forças Armadas sofrem de 'distúrbio de personalidade funcional', afirmando que obras de engenharia militar são as mesmas de uma engenharia militar em operações de campanha."
39,5,filipe barros,Filipe Barros,Deputado (PL-PR),PL,PR,DEPUTY,2023-08-16,LULA,EXACT,FILIPE BARROS,1,3102,"A tese das Forças Armadas como um poder moderador surgiu em meio a um contexto: ""Essa discussão sobre o artigo 142 teve um contexto que é do agigantamento do Poder Judiciário e a completa inação do Congresso Nacional quando suas competências e atribuições constitucionais passaram a ser vilipendiadas"". ""Esse pano de fundo não pode ser ignorado. Temos que redesenhar as instituições brasileiras de modo que todos os Poderes sejam harmônicos e independentes, como previsto na Constituição Federal."""
39,6,lindbergh farias,Lindbergh Farias,Deputado (PT-RJ),PT,RJ,DEPUTY,2023-08-16,LULA,EXACT,LINDBERGH FARIAS,2,4281,"É o momento para repensar o desenho constitucional em relação ao tema: ""Houve um processo de tentativa de cooptação das Forças Armadas como um todo. Eu não considero um fato banal ter algo em torno de 6 mil militares em cargos comissionados."""
39,7,general girao,General Girão,Deputado (PL-RN),PL,RN,DEPUTY,2023-08-16,LULA,EXACT,GENERAL GIRÃO,3,6981,"Se existe a falta de um poder moderador no País hoje, é porque esse poder está sendo exercido de maneira errada. | O Congresso deve retomar suas responsabilidades para evitar que Judiciário assuma a última palavra."
39,8,manuel domingos neto,Manuel Domingos Neto,Historiador e ex-deputado federal,,,CIVIL_SOCIETY_OR_OTHER,2023-08-16,LULA,EXACT,MANUEL DOMINGOS NETO,7,15235,"Criticou o 'distúrbio de personalidade funcional' das Forças Armadas, que assumiram diversas atribuições e acabaram se afastando de sua principal missão: ""A missão das Forças Armadas precisa ser clara: é o combate a eventual agressão externa. Se há outra missão, já começa a continuidade do distúrbio de personalidade funcional, que acomete as Forças Armadas desde que nasceram em 1822."""
40,0,marcio marinho,Márcio Marinho,Deputado (Republicanos-BA),REPUBLICANOS,BA,DEPUTY,2023-08-08,LULA,EXACT,Márcio Marinho,35,20964,"Defendeu apoio público para o estímulo da prática das artes marciais nas escolas e comunidades. Afirmou que é preciso investir em convênios nessa área: ""Se gasta tanto com armas, armando a população, armando o cidadão, ou até própria a polícia, e se gasta tão pouco numa arma muito mais poderosa que é a inclusão em projetos sociais""."
40,1,bernardino teixeira,Bernardino Teixeira,Professor na Secretaria de Educação do Distrito Federal,,,CIVIL_SOCIETY_OR_OTHER,2023-08-08,LULA,TOKEN_SUBSET,BERNARDINO TEIXEIRA FILHO,1,5121,"Afirmou que as políticas públicas para esporte não chegam às escolas: ""Muitas vezes o professor é obrigado a tirar do bolso dele, a arrumar o espaço dele, construir o dojô [local do ensino]. Assim como eu, aqui em Brasília têm vários senseis [professores] que estão tocando projetos sociais sozinhos""."
40,2,antonio da silva jesus toninho do judo,Antônio da Silva Jesus (Toninho do Judô),"Presidente da Associação Kamakura de Judô, em Irecê (BA)",,,CIVIL_SOCIETY_OR_OTHER,2023-08-08,LULA,TOKEN_SUBSET,ANTONIO DA SILVA JESUS,2,9804,"Corroborou a falta de apoio público para levar as artes marciais às escolas. | Coordena um projeto social para crianças em situação de vulnerabilidade. | Afirmou que o judô está dando uma nova perspectiva de vida para os alunos: ""A arte marcial faz a inclusão por meio da disciplina, dos valores e do respeito aos mais velhos. Ela proporciona às pessoas que não têm condição vislumbrar coisas que não poderiam realizar se não fosse a arte marcial""."
40,3,luiz lima,Luiz Lima,Deputado (PL-RJ) e Presidente da Comissão do Esporte,PL,RJ,DEPUTY,2023-08-08,LULA,EXACT,LUIZ LIMA,15,7717,"Afirmou que as artes marciais abrem novos caminhos para as crianças: ""A luta passa uma sensação para a criança, rapidamente, do que é respeito, do que é conhecer seus limites""."
40,4,diogo silva,Diogo Silva,Assessor especial do Ministério do Esporte,,,CIVIL_SOCIETY_OR_OTHER,2023-08-08,LULA,EXACT,DIOGO SILVA,5,20331,"Afirmou que as artes marciais integram o projeto Rede de Desenvolvimento do Esporte, que visa democratizar e massificar a prática esportiva pelo País. | Disse que o projeto deve entrar nos estados que desenvolvem escolas em período integral: ""Estamos propondo, em todos os projetos de escola em período integral, que se tenha esporte, e que se tenha a arte marcial. Na Bahia, por exemplo, a gente quer a capoeira dentro da escola""."
41,0,alexandre da silva,Alexandre da Silva,Secretário Nacional de Promoção e Defesa dos Direitos da Pessoa Idosa,,,FEDERAL_EXECUTIVE,2023-06-28,LULA,EXACT,ALEXANDRE DA SILVA,2,10284,"Lembrou que tratados relativos a pessoas com deficiência e contra o racismo foram aprovados de maneira qualificada. | É importante aprovar a ratificação antes de outubro. Dessa forma, será possível comemorar os 20 anos do Estatuto da Pessoa Idosa e a entrada em vigor da convenção."
41,1,aliel machado,Aliel Machado,Deputado (PV-PR),PV,PR,DEPUTY,2023-06-28,LULA,EXACT,Aliel Machado,4,6749,"Considera constrangedor que o projeto ainda não tenha sido aprovado: ""Nós estamos agora em um processo de articulação para a aprovação dessa que é uma necessidade para o nosso país, e nos constrange ter isso na pauta há tanto tempo e ainda não termos conseguido. Já me reuni com o presidente desta Casa, que se comprometeu em nos ajudar a pautar a matéria."""
41,2,caroline maciel da costa,Caroline Maciel da Costa,"Coordenadora do grupo de trabalho 'Mulher, Criança, Adolescente e Idoso: Proteção de Direitos' da Procuradoria Federal dos Direitos do Cidadão",,,CIVIL_SOCIETY_OR_OTHER,2023-06-28,LULA,EXACT,CAROLINE MACIEL DA COSTA,1,5163,"A convenção interamericana traz uma série de direitos que ainda não são previstos em lei no Brasil. | O texto inova na definição de conceitos como abuso, abandono, maus-tratos, negligência e discriminação, a partir de consensos internacionais. | O tratado seria inovador também em relação aos serviços a serem prestados pelo Estado à população idosa, assim como no estímulo à participação social do grupo. | ""A convenção estabelece princípios relacionados ao desenvolvimento de uma nova cultura de envelhecimento ativo em todas as esferas de vida dessa população. Consiste numa mudança de paradigma no processo de envelhecimento, que sempre foi concebido numa perspectiva biológica, centrada na doença e, especialmente, na perda gradativa de capacidades"". ""Com a convenção, o foco passa a ser centrado na cidadania dessas pessoas e no acesso a direitos e à educação continuada no curso de toda a vida."""
41,3,bibiana graeff,Bibiana Graeff,Professora da Escola de Artes Cênicas e Humanidades da Universidade de São Paulo (USP),,,CIVIL_SOCIETY_OR_OTHER,2023-06-28,LULA,TOKEN_SUBSET,BIBIANA GRAEFF CHAGAS PINTO FABRE,2,8947,"Ressaltou que o Brasil foi um dos primeiros países a assinar a convenção, que entrou em vigor em 2017. | Hoje, 11 países latino-americanos já ratificaram o acordo, enquanto no Brasil o texto permanece parado no Congresso."
41,4,pedro cisalpino pinheiro,Pedro Cisalpino Pinheiro,Analista do Programa em População e Desenvolvimento do Fundo de População das Nações Unidas,,,CIVIL_SOCIETY_OR_OTHER,2023-06-28,LULA,EXACT,PEDRO CISALPINO PINHEIRO,1,7005,"Atualmente estima-se que exista mais de 1 bilhão de pessoas com idade acima de 65 anos no mundo. | No Brasil, mais de 31 milhões de cidadãos têm mais de 60 anos. | A população idosa cresce no Brasil a um ritmo mais acelerado que no resto do mundo. | A estimativa é que, em 2040, o número de pessoas com 65 anos ou mais já seja maior que o grupo formado por menores de 24 anos."
42,0,cleomar manhas,Cleomar Manhas,Assessora política do Instituto de Estudos Socioeconômicos (Inesc),,,CIVIL_SOCIETY_OR_OTHER,2023-06-15,LULA,EXACT,CLEOMAR MANHAS,3,7288,"A implementação da tarifa zero no transporte público não é mais uma benesse para a população mais pobre, porque esse segmento paga proporcionalmente mais impostos do que as parcelas mais ricas. | A reforma tributária que está sendo discutida pelo Legislativo precisa corrigir essa distorção: ""O transporte coletivo hoje, junto com a alimentação, representa quase todo o gasto das famílias de baixa renda."""
42,1,celso haddad,Celso Haddad,Empresa Pública de Transporte de Maricá,,,CIVIL_SOCIETY_OR_OTHER,2023-06-15,LULA,EXACT,CELSO HADDAD,3,7544,"A tarifa zero já é adotada em 74 cidades do País, de diferentes tamanhos. | Em Maricá, o sistema de tarifa zero foi implementado em setembro de 2014, com 115 ônibus e 39 linhas que fazem cerca de 3,5 milhões de deslocamentos por mês. | Em 2022, os moradores de Maricá economizaram mais de R$ 161 milhões que gastariam no transporte público: ""Esse é o valor que a população de Maricá deixou de gastar no último ano de 2022 para injetar na economia da cidade: para comprar diferentes coisas no comércio, para fazer uma construção, para levar o seu filho numa escola, para fazer uma capacitação de emprego, para dar uma oportunidade melhor às pessoas."""
42,2,lucio gregori,Lucio Gregori,Ex-secretário de Obras da prefeitura de São Paulo na gestão Luiza Erundina (1989-1992),,,CIVIL_SOCIETY_OR_OTHER,2023-06-15,LULA,EXACT,LUCIO GREGORI,3,7244,"Fez um cálculo sobre a cobrança de taxa para a circulação de carros, um dos pressupostos do sistema de mobilidade única, usando números de 2019 da maior cidade do País. Mostrou que a arrecadação prevista de R$ 6,5 bilhões se aproximaria do custo do transporte coletivo na metrópole, que era de R$ 6,8 bilhões há quatro anos. | Os veículos particulares ocupam 75% do espaço de circulação das cidades."
42,3,millena nascimento,Millena Nascimento,Movimento Passe Livre,,,CIVIL_SOCIETY_OR_OTHER,2023-06-15,LULA,EXACT,MILLENA NASCIMENTO,2,5558,"A tarifa zero deve ser implantada por empresas públicas de transporte, como acontece em Maricá, porque os subsídios públicos às empresas privadas poderiam facilitar desvio de dinheiro. | O transporte precisa de uma gestão controlada pelos usuários e trabalhadores a partir de conselhos populares, pois só assim vai ser um transporte realmente público e de qualidade."
42,4,erika kokay,Erika Kokay,Deputada (PT-DF),PT,DF,DEPUTY,2023-06-15,LULA,EXACT,ERIKA KOKAY,2,8754,"O transporte coletivo ainda não é público e as concessões à iniciativa privada resultam em muitos monopólios e pouca transparência nos gastos. | Propõe mobilização para a aprovação da tarifa zero, com a formação de uma frente parlamentar e de uma rede de legislativos onde o tema está sendo discutido: ""Criar uma subcomissão, aqui na Comissão de Direitos Humanos, para a tarifa zero, que vai fazer um trabalho na perspectiva de apresentação de um relatório e de diálogo com os diversos Poderes da República."""
43,0,glauber braga,Glauber Braga,Deputado (Psol-RJ),PSOL,RJ,DEPUTY,2023-06-07,LULA,EXACT,GLAUBER BRAGA,5,9307,Cobra do Ministério da Defesa a criação de um grupo de trabalho para discutir o sistema de proteção social dos militares.
43,1,fernanda melchionna,Fernanda Melchionna,Deputada (Psol-RS),PSOL,RS,DEPUTY,2023-06-07,LULA,EXACT,Fernanda Melchionna,25,21258,"Cobra do Ministério da Defesa a criação de um grupo de trabalho para discutir o sistema de proteção social dos militares. | Contestou as mudanças decorrentes da Lei 13.954/19: ""Não só se aumentou a desigualdade nas remunerações, como tem gente que perdeu e, pelo que eu vi, muita gente perdeu muito, porque 10% no salário eu chamo de confisco""."
43,2,albuquerque,Albuquerque,Deputado (Republicanos-RR),REPUBLICANOS,RR,DEPUTY,2023-06-07,LULA,EXACT,Albuquerque,4,5271,Apoia a criação de um grupo de trabalho para discutir o sistema de proteção social dos militares.
43,3,sargento portugal,Sargento Portugal,Deputado (Pode-RJ),PODEMOS,RJ,DEPUTY,2023-06-07,LULA,EXACT,SARGENTO PORTUGAL,4,7776,Apoia a criação de um grupo de trabalho para discutir o sistema de proteção social dos militares.
43,4,heraldo luiz rodrigues,Heraldo Luiz Rodrigues,"Secretário de Pessoal, Saúde, Desporto e Projetos Sociais do Ministério da Defesa, tenente-brigadeiro do ar",,,FEDERAL_EXECUTIVE,2023-06-07,LULA,EXACT,HERALDO LUIZ RODRIGUES,9,27277,"Um estudo feito por militares da ativa em 2022 concluiu que os dispositivos da lei ainda estão sendo implantados e não há necessidade de ajustes neste momento. | Em resposta às queixas dos praças, disse que ""temos como conversar isso de uma maneira concreta, não vamos esquecer o assunto. Vou levar o assunto ao ministro da Defesa, José Múcio Monteiro, e conversar, vamos ver se um grupo de trabalho é a melhor solução ou não."""
43,5,george brito,George Brito,Representante de militares reformados,,,CIVIL_SOCIETY_OR_OTHER,2023-06-07,LULA,EXACT,GEORGE BRITO,2,17756,"Criticou a Lei 13.954/19 por aumentar a contribuição mensal para as pensões de 7,5% para 10,5%, e até 13,5% em alguns casos. | Ao mostrar o contracheque de um militar, George Brito detalhou os efeitos nas contribuições: ""Ele pagava R$ 430 para a pensão, os 7,5% por mês, depois passou a pagar um pouco mais, R$ 606. É matemática: caiu o salário! Foram retirados desse irmão R$ 176, que fazem falta na manteiga, no pão, na vida dele."""
43,6,vanderley goncalves,Vanderley Gonçalves,Representante de militares reformados,,,CIVIL_SOCIETY_OR_OTHER,2023-06-07,LULA,FIRST_LAST,VANDERLEY CARLOS GONÇALVES,12,13994,"Criticou a Lei 13.954/19 por aumentar a contribuição mensal para as pensões de 7,5% para 10,5%, e até 13,5% em alguns casos."
43,7,jessica rocha,Jéssica Rocha,"Advogada, representante de algumas pensionistas",,,CIVIL_SOCIETY_OR_OTHER,2023-06-07,LULA,EXACT,JÉSSICA ROCHA,3,15533,Avaliou que pontos da Lei 13.954/19 poderiam ser reexaminados.
43,8,claudio lino,Cláudio Lino,Advogado do Instituto Brasileiro de Análise de Legislações Militares,,,CIVIL_SOCIETY_OR_OTHER,2023-06-07,LULA,EXACT,CLAUDIO LINO,3,15652,Avaliou que pontos da Lei 13.954/19 poderiam ser reexaminados.
44,0,rodrigo agostinho,Rodrigo Agostinho,Presidente do Ibama,,,CIVIL_SOCIETY_OR_OTHER,2023-05-31,LULA,EXACT,RODRIGO AGOSTINHO,2,19376,"A Petrobras é o empreendedor brasileiro com maior número de licenças ambientais e já foi autorizada a exploração de petróleo em outras áreas da Margem Equatorial. | Enumerou motivos pelos quais a equipe técnica negou o pedido da Petrobras: o centro logístico para lidar com emergências ficaria em Belém, a 800 km dos testes; a região é pouco estudada; e o local fica próximo à fronteira com a Guiana. | ""Nós temos uma área sensível, uma área que tem pesca, com grande biodiversidade, com três unidades de conservação, com terras indígenas. Então, teremos que ser rigorosos."""
44,1,carlos agenor cabral,Carlos Agenor Cabral,Representante do Ministério de Minas e Energia,,,FEDERAL_EXECUTIVE,2023-05-31,LULA,FIRST_LAST,CARLOS AGENOR ONOFRE CABRAL,3,15391,"Uma preocupação é distribuir melhor a produção de petróleo no país: atualmente, enquanto o Rio de Janeiro é responsável por 84% do total, o Amazonas contribui com 2,5%. | Ressalta a necessidade de abrir novas fronteiras, fala da prospecção que está sendo feita em países vizinhos e salienta que o arcabouço de segurança operacional para a produção é tão rígido quanto o licenciamento ambiental. | ""Se a gente pegar aquele horizonte de 13 bilhões de barris esperados aí pra Guiana e Suriname, o que significa isso para o Brasil? Investimentos na ordem de R$ 56 bilhões, arrecadação estatal na ordem de US$ 200 bilhões, ou seja, R$ 1 trilhão, com geração de centenas de milhares de empregos. Hoje em dia, calhou que nós precisamos, pra segurança energética, desse petróleo da Margem Equatorial, do contrário o país corre o risco de voltar a ser importador de petróleo."""
44,2,carlos eduardo rezende,Carlos Eduardo Rezende,Pesquisador da Universidade Estadual do Norte Fluminense,,,CIVIL_SOCIETY_OR_OTHER,2023-05-31,LULA,EXACT,CARLOS EDUARDO REZENDE,7,16546,90% da área da Foz do Amazonas é sensível em termos sociais e econômicos e que um acidente com a produção de petróleo atingiria a costa brasileira em poucos dias.
44,3,suely araujo,Suely Araújo,"Ex-presidente do Ibama, Observatório do Clima",,,CIVIL_SOCIETY_OR_OTHER,2023-05-31,LULA,EXACT,SUELY ARAÚJO,1,10900,"Dadas as peculiaridades ambientais, a exploração de petróleo e gás na Margem Equatorial seja precedida por um tipo de estudo chamado de Avaliação Ambiental de Área Sedimentar (AAAS), já previsto em lei: ""Com a Avaliação Ambiental de Área Sedimentar, você daria muito mais segurança jurídica e técnica para os blocos que são ofertados. Essa avaliação mapeia áreas aptas à produção de petróleo, áreas não aptas e áreas em moratória. Para o leilão, para a oferta pública, só iriam as áreas consideradas aptas à produção de petróleo. Isso é garantia de licença ambiental futura? Não, mas diminui muito os riscos da não obtenção de licença."""
44,4,daniele lomba,Daniele Lomba,Gerente de Sustentabilidade e Meio Ambiente da Petrobras,,,CIVIL_SOCIETY_OR_OTHER,2023-05-31,LULA,NONE,,0,0,"A necessidade de novas reservas de petróleo foi destacada para garantir a soberania energética do país. | A área de testes no litoral do Amapá está distante da parte ambientalmente sensível e um suposto vazamento não levaria o óleo para a costa. | A intenção da estatal é buscar o diálogo. | ""A empresa tem atendido tempestivamente todas as demandas do Ibama, então vamos continuar dessa forma. A gente implantou uma estrutura de resposta à emergência bem condizente com a atividade que a gente quer fazer na região. O desenvolvimento da atividade na região pode gerar recursos pra gente canalizar e pra gente direcionar pra proteção ambiental, saneamento básico, pra comunidades tradicionais. E a gente busca atuar com impacto social e ambiental positivo nas nossas atividades."""
44,5,ivan valente,Ivan Valente,Deputado (Psol-SP),PSOL,SP,DEPUTY,2023-05-31,LULA,EXACT,IVAN VALENTE,5,13735,"Defende a capacidade estratégica da Petrobras. | A discussão é complexa e é preciso equilibrar a necessidade de produção de petróleo com a sustentabilidade ambiental: ""O Brasil, ao mesmo tempo que se tornou autossuficiente em petróleo, e ainda tem espaço, é uma potência ambiental. A sua visibilidade pública mundial e a biodiversidade brasileira também é riqueza. O petróleo é riqueza, e a biodiversidade é riqueza. Uma coisa não pode prejudicar a outra."""
44,6,mauro de almeida,Mauro de Almeida,Secretário de Meio Ambiente do Pará,,,SUBNATIONAL_OR_OTHER_STATE,2023-05-31,LULA,FIRST_LAST,MAURO O’DE ALMEIDA,1,8868,"Informou que os secretários dos estados da Amazônia Legal enviaram uma carta ao Ibama concordando com a exploração de petróleo e gás na Foz do Amazonas, pois dizem que os recursos podem ajudá-los a resolver questões econômicas e sociais da região."
45,0,paulo teixeira,Paulo Teixeira,Ministro do Desenvolvimento Agrário e Agricultura Familiar,,,FEDERAL_EXECUTIVE,2023-08-10,LULA,TOKEN_SUBSET,MINISTRO PAULO TEIXEIRA,236,126376,"O governo Lula vai retomar a demarcação de terras para assentamentos da reforma agrária e em áreas indígenas e quilombolas: ""Queremos a paz no campo, já temos terras no estoque do Instituto Nacional de Colonização e Reforma Agrária (Incra)"". | A demarcação ou a regularização dessas áreas será acompanhada da oferta de assistência técnica e crédito para a produção e a comercialização das safras. | O acórdão do TCU de 2016 resultou ""de mau trabalho técnico e preconceito"", e análises posteriores demonstraram que eventuais irregularidades não chegariam a 1% de todos casos: ""Foi um crime paralisar a reforma agrária por seis anos"". | A Lei 13.465/17 estabeleceu critérios de preferência para elencar os assentados e eliminou dispositivos aplicados pelo Incra desde 2001. | Todas as ocupações registradas em 2023 foram alvo de negociações e desfeitas espontaneamente, pois o governo Lula demonstrou que a demarcação de terras só ocorrerá dentro dos programas oficiais. | ""Até o agro quer a reforma agrária, para distensionar os conflitos no campo""."
45,1,ricardo salles,Ricardo Salles,Deputado (PL-SP) e relator da CPI do MST,PL,SP,DEPUTY,2023-08-10,LULA,EXACT,RICARDO SALLES,146,57036,"Os planos do governo para a reforma agrária poderão ser frustrados: ""A verdade é a seguinte: por força da omissão dos parlamentares que defendem a reforma agrária, não há orçamento em 2023, pode ser que tenha em 2024"". | Questionou Paulo Teixeira sobre um acórdão do TCU de 2016 – suspenso posteriormente pelo Supremo Tribunal Federal - que apontava indícios de irregularidades em relação a 35% do 1,6 milhão de assentados da reforma agrária no País até 2015. | Não pedirá mais prazo para a comissão, que acabará em setembro: ""Não podemos querer prorrogar algo cujas pernas foram amputadas"""
45,2,delegado eder mauro,Delegado Éder Mauro,Deputado (PL-PA),PL,PA,DEPUTY,2023-08-10,LULA,NONE,,0,0,"Lembrou que de janeiro a abril de 2023 foram 33 invasões de terras, superando a média dos últimos cinco anos."
45,3,coronel meira,Coronel Meira,Deputado (PL-PE),PL,PE,DEPUTY,2023-08-10,LULA,EXACT,CORONEL MEIRA,5,6228,Criticou as substituições na CPI que levaram à saída de opositores.
46,0,ze silva,Zé Silva,Deputado (Solidariedade-MG),SOLIDARIEDADE,MG,DEPUTY,2022-07-12,BOLSONARO,EXACT,Zé Silva,18,23388,"Quer garantir a aplicação de recursos do Fust para a conexão do meio rural à internet. | Sugere a criação de um grupo específico no conselho gestor do fundo para tratar do setor agrícola. | ""Um ano que a gente atrasar no 5G, e nós já atrasamos pelo menos um ano e meio, a gente perdeu 10 anos de competitividade do agro."""
46,1,wilson diniz,Wilson Diniz,Diretor de Política Setorial de Telecomunicações no Ministério das Comunicações,,,CIVIL_SOCIETY_OR_OTHER,2022-07-12,BOLSONARO,TOKEN_SUBSET,WILSON DINIZ WELLISCH,3,18926,"Elogiou a aprovação pelo Congresso Nacional da lei que alterou a regulamentação do Fust. | Informou que foi criado o conselho gestor para gerir o fundo, que já realizou três reuniões e formou um grupo de trabalho para tratar especificamente da conexão das escolas. Este conselho vai definir o uso dos mais de R$ 700 milhões previstos no Orçamento de 2022 para o Fust."
46,2,sibelle silva,Sibelle Silva,"Diretora da Secretaria de Inovação, Desenvolvimento Sustentável e Irrigação do Ministério da Agricultura",,,FEDERAL_EXECUTIVE,2022-07-12,BOLSONARO,EXACT,SIBELLE SILVA,2,15585,"Informou que o cenário atual é de apenas 23% de cobertura de internet no território agrícola. | Destacou que, quando se eleva a conectividade, aumenta a inovação no setor e, logo, o valor da produção bruta agropecuária. | ""Num primeiro cenário a cobertura poderia ser quase 5% maior se se conseguisse aproveitar as 4.400 antenas. E, num segundo cenário, com a adição das pouco mais de 15 mil antenas, chegar a quase 10% de incremento do valor da produção bruta da agropecuária."" Com as novas antenas se chegaria a 90% de cobertura rural. | Com a implementação do edital do 5G, os avanços previstos são a cobertura com 4G de 35 mil quilômetros de rodovias e o atendimento a mais de 4 mil municípios com população inferior a 30 mil habitantes. | Citou o compromisso das empresas vencedoras de conectar 12 mil escolas rurais que hoje não contam com internet (22% das 52,9 mil existentes)."
46,3,jose ferreira da costa neto,José Ferreira da Costa Neto,Presidente da Agência Nacional de Assistência Técnica e Extensão Rural,,,CIVIL_SOCIETY_OR_OTHER,2022-07-12,BOLSONARO,EXACT,JOSÉ FERREIRA DA COSTA NETO,1,4823,"Disse que o grande produtor tem hoje o aparato tecnológico e está conectado 24 horas por dia. | O desafio seria conectar o pequeno e o médio produtor, para ajudá-los a vender seus produtos. | Entre os benefícios que a conectividade rural pode trazer, citou o aumento da área de abrangência da atuação da própria Anater em assentamentos e comunidades rurais dependentes de políticas públicas e o aumento da formação e qualificação a distância de agricultores."
46,4,daniela martins,Daniela Martins,Gerente de Relações Institucionais e de Comunicação da Conexis Brasil Digital,,,CIVIL_SOCIETY_OR_OTHER,2022-07-12,BOLSONARO,EXACT,DANIELA MARTINS,3,19324,"Garantiu que as empresas cumpriram todas as exigências contidas nos editais anteriores ao 5G. | Ressaltou que são necessárias políticas públicas para garantir o acesso das pessoas de baixa renda. | Observou que há oportunidade inédita de uso do Fust para políticas públicas setoriais, já que a Lei Orçamentária de 2022 já tem dois programas que preveem o uso dos recursos do fundo. | Considera fundamental que os recursos não sejam contingenciados, como ocorreu desde que o fundo foi criado, em 2001: ""Além do recurso estar previsto na lei orçamentária, ele tem que seguir todo o fluxo orçamentário de empenho, execução e pagamento sem ser contingenciado. Então uma outra bandeira que a gente quer trazer aqui é que a gente considere os recursos do Fust não contingenciáveis dentro da peça orçamentária."" | Acrescentou que o 5G precisará de 5 a 10 vezes mais antenas e exigirá legislação atualizada para permitir a instalação ágil dos equipamentos. | Considera as leis municipais e estaduais sobre o tema ultrapassadas."
46,5,luis fernando volpato,Luis Fernando Volpato,Representante da Organização das Cooperativas Brasileiras,,,CIVIL_SOCIETY_OR_OTHER,2022-07-12,BOLSONARO,EXACT,LUIS FERNANDO VOLPATO,4,8717,"Defendeu a aprovação do Projeto de Lei 8824/17, que permite a prestação dos serviços de telecomunicações por cooperativas."
47,0,thiago rocha leandro,Thiago Rocha Leandro,"Diretor de Assistência Técnica a Estados, Distrito Federal e Municípios do Ministério da Cultura",,,CIVIL_SOCIETY_OR_OTHER,2023-08-16,LULA,EXACT,THIAGO ROCHA LEANDRO,5,17651,"A política obteve recorde de adesão, com 27 estados e 98% dos municípios. | A lei vai facilitar o deslocamento de recursos para projetos com menor visibilidade, reforçando o caráter estratégico da cultura: ""Traz uma caixa de ferramentas que possibilita ao gestor do estado e do município transformar em realidade a política pública cultural que muitas vezes é colocada numa vala comum, como se fosse uma licitação de uma ponte, de uma grande obra, sem dar conta da pluralidade da cultura."" | Cada R$ 1 investido em cultura promove retorno de R$ 1,59, segundo estudo da Fundação Getúlio Vargas (FGV). | Lembrou as dificuldades vivenciadas para aprovação da lei na gestão do governo de Jair Bolsonaro e criticou o que chamou de “criminalização da cultura”: ""Muita gente não gosta da cultura, porque ela aponta o dedo, questiona. A cultura em essência é uma representatividade da liberdade, da diversidade e da pluralidade de ideias."" | A pasta oferece assessoria aos gestores municipais, com o objetivo de esclarecer dúvidas nos casos de receio de adesão ao programa por falta de capacidade técnica."
47,1,tarcisio motta,Tarcísio Motta,Deputado (Psol-RJ),PSOL,RJ,DEPUTY,2023-08-16,LULA,EXACT,TARCÍSIO MOTTA,1,4018,"O aporte é motivo de comemoração para a cadeia produtiva do audiovisual: ""Estou acompanhando lá na ponta para que o repasse chegue àqueles que fazem audiovisual a partir de pequenas iniciativa, para aqueles que estão fazendo a resistência a partir da perspectiva do cinema negro, do cinema LGBTQIA+, para os trabalhadores que vão ter melhores condições de vida, de trabalho e de renda."""
47,2,max maciel,Max Maciel,Deputado distrital,,,SUBNATIONAL_POLITICIAN,2023-08-16,LULA,EXACT,MAX MACIEL,2,8575,"A nova lei prevê a compra e reforma de equipamentos para expandir o número de salas de cinema, beneficiando as zonas periféricas: ""Podemos pegar a realidade da Ceilândia (DF), que é uma das primeiras remoções de favelas do Brasil, com 400 mil habitantes, e não tem uma sala de cinema, enquanto a região central de Brasília reúne mais de 90 salas concentradas em uma lógica de privatização do lazer e do acesso à cultura."""
47,3,alfredinho,Alfredinho,Deputado (PT-SP),PT,SP,DEPUTY,2023-08-16,LULA,EXACT,Alfredinho,19,9962,"Defendeu as leis de fomento para impulsionar diversas manifestações artísticas, como rodas de samba e festejos folclóricos."
47,4,defensor stelio dener,Defensor Stélio Dener,Deputado (Republicanos-RR),REPUBLICANOS,RR,DEPUTY,2023-08-16,LULA,EXACT,DEFENSOR STÉLIO DENER,1,1683,"Defendeu as leis de fomento para impulsionar diversas manifestações artísticas, como rodas de samba e festejos folclóricos: ""Eu venho do segmento cultural do movimento junino, e temos trabalhado há 25 anos com todas as leis de incentivos culturais, é muito importante essa iniciativa."""
48,0,pastor eurico,Pastor Eurico,Deputado (PL-PE),PL,PE,DEPUTY,2023-09-26,LULA,EXACT,PASTOR EURICO,4,8265,"Defendeu a aprovação do Projeto de Lei 5167/09, que proíbe que relações entre pessoas do mesmo sexo equiparem-se a casamento ou entidade familiar. | Rebateu acusações de fundamentalismo religioso: ""Em nenhum momento vocês vão encontrar um parecer meu ligado à religião. O parecer que demos foi baseado na letra da Constituição, apenas respondi o que está na Constituição."" | Negou que seu texto estivesse tirando direitos adquiridos: ""A lei não pode retroagir para prejudicar."""
48,1,antonio jorge pereira junior,Antônio Jorge Pereira Junior,Professor de Direito da Universidade de Fortaleza,,,CIVIL_SOCIETY_OR_OTHER,2023-09-26,LULA,EXACT,ANTONIO JORGE PEREIRA JÚNIOR,1,10881,"Afirmou que, ao decidir sobre a união de pessoas do mesmo sexo, o STF usurpou a competência do Congresso, que representa a sociedade: ""A competência legislativa é uma, a competência judiciária é outra. Não deve uma Corte abdicar da sua competência e usurpar de outra para poder satisfazer o interesse que, a seus membros, parece que seria mais adequado."""
48,2,fabio felix,Fábio Félix,Deputado distrital (Psol),,,SUBNATIONAL_POLITICIAN,2023-09-26,LULA,EXACT,FÁBIO FÉLIX,2,16513,"Afirmou que, se o caso é questionar o STF, que isso seja feito de outro jeito e não às custas dos direitos da comunidade LGBT: ""Nenhum parlamentar da extrema direita, do fundamentalismo ou os palestrantes tiveram coragem de fazer ataques diretos aos nossos direitos civis. Tergiversaram, vacilaram, questionaram o STF, chamaram de atalho a forma como a decisão foi tomada. Mas, se não questionam o conteúdo, se vossa excelência não é contra os direitos civis do meu casamento, esse projeto precisa ir para o arquivo."""
48,3,pastor henrique vieira,Pastor Henrique Vieira,Deputado (Psol-RJ),PSOL,RJ,DEPUTY,2023-09-26,LULA,EXACT,PASTOR HENRIQUE VIEIRA,4,19915,"Disse que proibir a formação de famílias de pessoas do mesmo sexo é impor uma moral do fundamentalismo religioso para toda a sociedade: ""Eu não sou do campo conservador, não é minha formação inclusive religiosa, mas eu quero fazer um convite a todos os conservadores para que estejam aqui defendendo o Estado laico, a cidadania, a diversidade e a derrota desse parecer. Taticamente eu considero importante que esse projeto não vem de conservadores, vem de fundamentalistas e extremistas religiosos, é outra coisa."""
49,0,rafael vitale rodrigues,Rafael Vitale Rodrigues,Diretor-Geral da ANTT,,,CIVIL_SOCIETY_OR_OTHER,2024-05-07,LULA,EXACT,RAFAEL VITALE RODRIGUES,3,15192,"A ANTT recebeu proposta de extensão do contrato da Arteris Litoral Sul e deve protocolar o pedido na Câmara de Solução Consensual do Tribunal de Contas da União (TCU) em breve. | Se realizada ainda neste contrato, que durará mais nove anos (até 2033), a obra teria forte impacto sobre a tarifa de pedágio: ""Com 15 anos adicionais aos nove anos, isso permitiria a gente ter uma tarifa adequada à realidade do catarinense e permitiria incluir uma quantidade de obras maior."" | A construção dos túneis na região do Morro dos Cavalos seria contemplada logo nos primeiros anos do contrato repactuado, e a tarifa aumentaria à medida que as obras fossem entregues. | As situações extremas no clima vêm afetando a malha rodoviária, e que chuvas não eram esperadas na região do Morro das Baleias em abril: ""Com isso todas as nossas infraestruturas precisam passar por revisão para que tenham maior resiliência climática."""
49,1,daniela reinehr,Daniela Reinehr,Deputada (PL-SC),PL,SC,DEPUTY,2024-05-07,LULA,EXACT,Daniela Reinehr,11,19718,"""Quando eu fiz o requerimento, nós estávamos vivendo um deslizamento bastante grave no Morro dos Cavalos, algumas pessoas ficaram dias trancadas na rodovia."" | ""Este é um tema que, para nós, é muito caro há bastante tempo, que já esteve em planejamento, estes dois túneis no Morro dos Cavalos, e infelizmente ele foi deixado de fora do contrato de concessão."""
49,2,dagnor schneider,Dagnor Schneider,Presidente da Federação das Empresas de Transporte de Carga e Logística de Santa Catarina,,,CIVIL_SOCIETY_OR_OTHER,2024-05-07,LULA,EXACT,DAGNOR SCHNEIDER,2,12011,"A obra para a construção dos túneis deveria ser contemplada ainda no atual contrato, e não numa eventual extensão. | A incorporação da obra, estimada em R$ 1 bilhão, poderia ser absorvida no contrato atual com o aumento de tarifa de pedágio em R$ 1. | O projeto de construção dos túneis está sendo discutido desde 2010. | ""Nós precisamos ter muita clareza que os projetos que estarão contemplados na eventual extensão do contrato representem a solução que o estado de Santa Catarina precisa, este é o ponto de atenção. E até agora nós não vimos ainda qual a proposição de solução."" | Caso o contrato seja estendido em 15 anos, totalizando 24 anos, deve contemplar a construção de uma rodovia paralela à BR 101, denominada Rodovia Litorânea: ""A renovação ou a extensão do contrato deve efetivamente contemplar obras, e falo em obras que devem olhar também para a rodovia paralela à BR 101"". ""Esse é um projeto estratégico para a solução definitiva do problema de fluidez de trânsito, independentemente da obra no Morros dos Cavalos, que é uma obra necessária."""
49,3,egidio martorano,Egídio Martorano,"Presidente da Câmara de Transporte e Logística, representando a Federação das Indústrias de Santa Catarina",,,CIVIL_SOCIETY_OR_OTHER,2024-05-07,LULA,FIRST_LAST,EGÍDIO ANTÔNIO MARTORANO,2,5609,"""Não há tempo hábil para (a Arteris) absorver o impacto da construção dos túneis sem que ocorra aumento significativo de pedágio."" | Defende a extensão da concessão em mais 15 anos, para permitir a execução da obra sem afetar o equilíbrio econômico-financeiro da empresa concedente."
50,0,veriano terto,Veriano Terto,Vice-presidente da Associação Brasileira Interdisciplinar de Aids,,,CIVIL_SOCIETY_OR_OTHER,2023-05-26,LULA,TOKEN_SUBSET,VERIANO DE SOUZA TERTO JUNIOR,7,17872,"Os protocolos clínicos e as diretrizes terapêuticas estão desatualizados, com apenas duas revisões em dez anos, em 2013 e 2017. | A incorporação de novos medicamentos para distribuição gratuita pelo SUS é importante para assegurar o tratamento de pessoas que vivem com HIV e evitar o desenvolvimento de resistência por parte do vírus. | A substituição dos remédios reduz o risco de reações adversas, aumentando a aderência aos tratamentos. | O licenciamento compulsório de alguns medicamentos seria crucial para universalizar o acesso das pessoas com HIV aos medicamentos mais recentes. | A quebra de patentes reduziria o preço dos remédios e daria mais autonomia ao Brasil na produção, reduzindo o risco de desabastecimento. | O registro do medicamento Dolutegravir foi obtido de forma irregular e o remédio deve ser considerado 'de interesse público' por ser utilizado por mais de 460 mil pessoas no País."
50,1,ronaldo hallal,Ronaldo Hallal,Assessor da Coordenação-Geral de Vigilância do HIV/Aids e das Hepatites Virais do Ministério da Saúde,,,CIVIL_SOCIETY_OR_OTHER,2023-05-26,LULA,EXACT,RONALDO HALLAL,2,22097,"Os novos protocolos já estão em discussão e devem ser publicados ainda este ano. | A coordenação está em processo de reestruturação, com a recriação das comissões técnicas e da interação com as organizações da sociedade. | O Brasil se integra à meta internacional de oferecer diagnóstico e tratamento a, pelo menos, 95% das pessoas com HIV, mas não cumpre a promessa principalmente devido às iniquidades sociais. | É fundamental encontrar formas de ampliar o acesso das populações em situação de maior vulnerabilidade aos serviços de saúde: ""Nós temos uma situação de desigualdade, que, olhando para o aspecto de raça/cor, nós temos desigualdade em relação ao acesso à rede de saúde. E isso se repete quando a gente olha escolaridade, quando a gente olha cidades do interior versus capitais."""
50,2,daiana santos,Daiana Santos,Deputada (PCdoB-RS),PCDOB,RS,DEPUTY,2023-05-26,LULA,EXACT,Daiana Santos,13,9448,"Não há como pensar políticas públicas de saúde sem considerar 'os recortes específicos' de gênero, raça e localidade onde a população se encontra: ""Os determinantes sociais em saúde precisam estar presentes na elaboração dos planos estratégicos para a gente fazer o enfrentamento, sempre garantindo que mulheres, negras e negros, indígenas, nos territórios mais distantes, população em situação de rua, [tenham] o cuidado amplo e integral como a gente sabe que é necessário."""
51,0,alexandre fonseca,Alexandre Fonseca,Diretor de Políticas e Programas de Educação Superior do Ministério da Educação,,,CIVIL_SOCIETY_OR_OTHER,2023-05-25,LULA,FIRST_LAST,ALEXANDRE BRASIL CARVALHO DA FONSECA,4,9448,"Entre 2003 e 2016, havia no Ministério da Educação um programa de extensão, extinto depois do impeachment da ex-presidente Dilma Rousseff. | Mesmo entre 2003 e 2016, a maior destinação governamental à atividade foi de R$ 85 milhões."
51,1,geisa boaventura,Geísa Boaventura,Coordenadora do Fórum de Pró-reitores de Extensão dos Institutos Federais de Educação Profissional e Tecnológica,,,CIVIL_SOCIETY_OR_OTHER,2023-05-25,LULA,FIRST_LAST,GEISA D'ÁVILA RIBEIRO BOAVENTURA,2,12501,"Fazer extensão exige investimento. Muitas vezes, os alunos precisam se deslocar por longas distâncias porque muitas atividades ocorrem em comunidades no interior do país."
51,2,dandara,Dandara,Deputada (PT-MG),PT,MG,DEPUTY,2023-05-25,LULA,EXACT,DANDARA,2,3933,"Realizou projeto de extensão universitária em uma comunidade indígena do Mato Grosso: ""Eu deixei de trabalhar na lan house do meu bairro para fazer Pibid [Programa Institucional de Bolsa de Iniciação à Docência], educação do campo. Eu consegui me dedicar à educação, à ciência, à pesquisa graças à bolsa de R$ 400 que eu recebia. Se hoje consigo debater a demarcação de terras indígenas e lutar contra esse marco temporal, cuja urgência foi aprovada ontem de forma abrupta, é porque eu tive a oportunidade, em 2013, de ir para as aldeias Guarani-Kayowá."""
51,3,penildon silva filho,Penildon Silva Filho,Vice-reitor da Universidade Federal da Bahia (UFBA),,,CIVIL_SOCIETY_OR_OTHER,2023-05-25,LULA,EXACT,PENILDON SILVA FILHO,1,12022,"As atividades de extensão podem e devem se integrar a outras políticas do governo federal, como educação básica: ""A curricularização da extensão vem para complementar o principal programa do governo Lula, que é a educação integral, que não é somente a educação de tempo integral, é uma educação de qualidade integral, de formação nas humanidades, de formação nas ciências, de formação nas artes, de formação política."" | A extensão também pode contribuir com as políticas de distribuição de renda. | Parte da assistência estudantil na UFBA ocorre por meio de bolsas de extensão universitária. | A evasão do ensino superior sempre foi alta, em torno de 30%. Depois da pandemia de Covid-19, o problema teria se agravado, e agora metade dos estudantes abandonam os cursos de graduação. | Integrar a universidade à educação básica poderia reduzir o abandono dos estudos por alunos do ensino médio. | A interação entre os dois níveis de ensino levaria a uma melhoria na qualidade da educação básica e colocaria os alunos do ensino médio em contato com a universidade, criando para eles uma perspectiva de futuro."
51,4,lidice da mata,Lídice da Mata,Deputada (PSB-BA),PSB,BA,DEPUTY,2023-05-25,LULA,EXACT,Lídice da Mata,31,29740,"Comprometeu-se a trabalhar para assegurar destinação orçamentária permanente para os programas de extensão universitária: ""Nós devemos atuar na Comissão de Orçamento para incluir a extensão no orçamento das universidades, do Ministério da Educação, trabalhar nas emendas das bancadas regionais. O nosso entendimento é que nós precisamos ampliar os orçamentos das universidades para ampliar também o orçamento da extensão universitária."" | Considera fundamental a criação de uma política sistêmica da extensão, em integração com as demais ações do governo. | É importante incluir estados e municípios no debate para o estabelecimento dessa política."
52,0,patricia linares,Patricia Linares,Estudante de Biomedicina,,,CIVIL_SOCIETY_OR_OTHER,2023-05-18,LULA,NONE,,0,0,"Agradeceu o apoio que recebeu de todo o País depois de sofrer a discriminação. | Relatou que só pôde fazer um curso superior aos 45 anos devido a uma infância difícil: ""Era o meu sonho estudar, sempre foi. Sempre quis ser da área da saúde e escolhi esse curso com tanto amor, com tanta paixão. Aí eu pergunto: até que ponto a gente pode seguir? Porque a empolgação que eu tive quando as aulas começaram, para hoje, é diferente. Hoje eu tenho medo de me expressar, hoje eu tenho medo de fazer perguntas para os meus professores, porque a pessoa pode pensar: ‘Nossa, o que é que aquela velha está falando?’"""
52,1,maria cristina hoffmann,Maria Cristina Hoffmann,Consultora sobre Envelhecimento Saudável da Organização Pan Americana da Saúde (OPAS/OMS),,,CIVIL_SOCIETY_OR_OTHER,2023-05-18,LULA,EXACT,MARIA CRISTINA HOFFMANN,3,17241,"A discriminação compromete a qualidade de vida dos idosos e é o primeiro passo para a violência. | O envelhecimento da população exige mudanças nas políticas públicas e a adequação dos ambientes para acolher os mais velhos: ""A grande maioria da população, se a gente fosse fazer uma enquete, quando se fala ‘como você percebe uma pessoa idosa’, a maioria diria ou descreveria como uma pessoa dependente ou doente. E essa não é, nem de longe, a realidade do Brasil. A grande maioria da população idosa, em torno de 70% da população idosa é autônoma e independente."""
52,2,alexandre da silva,Alexandre da Silva,Secretário Nacional de Promoção e Defesa dos Direitos da Pessoa Idosa,,,FEDERAL_EXECUTIVE,2023-05-18,LULA,EXACT,ALEXANDRE DA SILVA,5,20758,"Exemplificou os diversos tipos de idadismo: estrutural, cultural e internalizado. | Idadismo estrutural ocorre quando uma senhora recebe olhares reprovadores por usar uma roupa considerada inadequada na academia. | Idadismo cultural ocorre quando quem é velho é sempre tido como ultrapassado. | Idadismo internalizado é quando o próprio idoso não se sente capaz e assume o estereótipo negativo."
52,3,mirian goldenberg,Mirian Goldenberg,Antropóloga,,,CIVIL_SOCIETY_OR_OTHER,2023-05-18,LULA,EXACT,MIRIAN GOLDENBERG,2,7439,"A discriminação 'mora' dentro das nossas casas, praticada pelos familiares dos idosos. | A pandemia de Covid-19 escancarou o que ela chama de 'velhofobia': ""Nós escutamos de autoridades que velho é descartável, que o grande problema do Brasil era que os velhos queriam viver até os 100 anos; que seria até bom para a Previdência se os velhos morressem. Escutamos que eram só os velhos que tinham que ficar em casa. Nós escutamos e, pior ainda, eles escutaram essa discriminação e essa violência todos os dias."""
52,4,castro neto,Castro Neto,Deputado (PSD-PI) e Vice-presidente da Comissão do Idoso,PSD,PI,DEPUTY,2023-05-18,LULA,EXACT,Castro Neto,17,8971,"Apresentou um projeto (PL 2419/23) que especifica, no Estatuto do Idoso, as diversas formas de violência e dá mais celeridade à adoção de medidas protetivas para as vítimas. | Afirmou que já passou da hora de um esforço conjunto do Legislativo e do Executivo em prol dessa parcela da população: ""A pressão social para determinar e controlar como a pessoa deve se comportar enquanto envelhece é inaceitável. Por isso mesmo, precisamos debater e encontrar caminhos para combater o preconceito e a violência contra a pessoa idosa."""
53,0,walleria suri,Walleria Suri,Atriz com baixa visão,,,CIVIL_SOCIETY_OR_OTHER,2023-05-17,LULA,EXACT,WALLERIA SURI,2,11690,"Os produtores devem recorrer à consultoria com as próprias pessoas com deficiência para que a acessibilidade seja efetiva. | É fundamental que os cursos de formação em artes tenham disciplinas sobre inclusão. Dessa forma, os artistas poderiam pensar maneiras de tornar os produtos acessíveis desde a sua concepção | Os produtores só pensam no 'público que enxerga, escuta e se locomove', não veem pessoas com deficiência como consumidoras e muito menos como produtoras de cultura. | Cabe ao poder público estabelecer regras para transformar essa realidade. | A formação cultural deve incluir disciplinas que tratem sobre acessibilidade: ""Na hora que eu procurar esse curso, tenho que entender que a minha produção artística tem que atender a todos os públicos. É muito mais difícil depois você mudar a cultura desse artista."" | O direito à cultura é previsto na Lei Brasileira de Inclusão. | Para excluir pessoas com deficiência, basta não oferecer recursos de acessibilidade, e 'a discriminação pode ser feita de forma velada'."
53,1,luegio de souza,Luegio de Souza,Produtor do Festival de Cultura para Surdos,,,CIVIL_SOCIETY_OR_OTHER,2023-05-17,LULA,NONE,,0,0,"O Festival de Cinema de Brasília tinha mais segurança que o necessário, mas não tinha intérprete de libras. | Mesmo quando pensam em alguma forma de acessibilidade, ocorrem problemas como a contratação de intérpretes que não são fluentes e falta de acesso para cadeirantes. | Para solucionar as falhas de acessibilidade bastaria consultar as pessoas com deficiência."
53,2,renata rezende,Renata Rezende,Atriz e produtora do Festival de Cultura para Surdos,,,CIVIL_SOCIETY_OR_OTHER,2023-05-17,LULA,EXACT,RENATA REZENDE,2,52,Para solucionar as falhas de acessibilidade bastaria consultar as pessoas com deficiência. | Pessoas com deficiência encontram dificuldade quando concorrem a financiamento por meio dos editais de fomento à cultura. Há uma 'cota mínima' para esses produtores. Muitas vezes quem não tem nenhum comprometimento físico ou intelectual ainda ganha a concorrência pelas verbas.
53,3,erika kokay,Erika Kokay,Deputada (PT-DF),PT,DF,DEPUTY,2023-05-17,LULA,EXACT,Erika Kokay,26,22423,"Comprometeu-se a levar a proposta de inclusão de temas sobre acessibilidade nos currículos de formação de produtores culturais e a cotas para pessoas com deficiências em cursos de arte ao Ministério da Educação. | Defendeu a reserva de vagas para pessoas com deficiência em editais de fomento à cultura. | Defendeu a aplicação de parte dos recursos destinados ao setor pelas empresas em projetos de inclusão. | ""É preciso que todas as formas de escutar, de falar e de caminhar sejam legitimadas pelo conjunto da sociedade e estimuladas."" | A cidade deve ser universal e possibilitar o acesso a toda ela e, em particular, à cultura: ""A cidade não pode ser negada para absolutamente ninguém, às vezes ela é muito negada para as pessoas com deficiência, mas ela também é negada para mulheres à noite, muitas vezes ela é negada para a população LGBTQIA+""."
53,4,paula wenke,Paula Wenke,Produtora cultural e criadora do Teatro dos Sentidos,,,CIVIL_SOCIETY_OR_OTHER,2023-05-17,LULA,EXACT,PAULA WENKE,2,11699,"São necessárias organização e mobilização para envolver a comunidade de produtores culturais na causa da acessibilidade. | A classe artística é sensível aos problemas sociais, mas a maioria sequer imagina que um quarto da população se declarou com deficiência em 2010."
54,0,aureo ribeiro,Aureo Ribeiro,Deputado (Solidariedade-RJ),SOLIDARIEDADE,RJ,DEPUTY,2023-06-27,LULA,EXACT,Aureo Ribeiro,8,7190,"Apresentou um projeto de lei (PL 2498/15) propondo a criação de centros de atenção aos usuários compulsivos de serviços de internet e redes sociais. | Lamentou a tramitação lenta da proposta na Casa, atribuindo-a à pressão das big techs. | Gostou da sugestão da criação de um grupo de trabalho na Comissão de Cultura e quer propor também uma frente parlamentar para tratar do tema: ""Acho que a sugestão aqui no senhor Cristiano Nabuco é fundamental para a Câmara dos Deputados: estabelecer um grupo de trabalho para que a gente possa debater neste grupo de trabalho a legislação brasileira e como vamos enfrentar este grande problema, que não é só do Brasil, mas do mundo."""
54,1,aline paz,Aline Paz,Psicóloga clínica e terapeuta cognitivo-comportamental,,,CIVIL_SOCIETY_OR_OTHER,2023-06-27,LULA,EXACT,ALINE PAZ,3,11093,"Há dois tipos de dependência tecnológica: uma 'natural' e uma 'patológica'. | A dependência patológica, chamada de 'nomofobia', gera medo, angústia e ansiedade quando não há possibilidade de acesso ao celular, computador e internet. | O tratamento da nomofobia inclui o uso de medicamentos, como antidepressivos e ansiolíticos, e terapia cognitivo-comportamental. | Considera importante a adoção de políticas públicas para alertar a população sobre os efeitos nocivos da dependência tecnológica, por exemplo, por meio de campanhas publicitárias do Ministério da Saúde e da educação na escola para uso adequado das tecnologias. | Manifestou apoio ao Projeto de Lei 2498/15."
54,2,cristiano nabuco,Cristiano Nabuco,Coordenador do grupo de dependências tecnológicas do Hospital das Clínicas da Universidade de São Paulo,,,CIVIL_SOCIETY_OR_OTHER,2023-06-27,LULA,EXACT,CRISTIANO NABUCO,4,13046,"Alertou para os efeitos nocivos das tecnologias sobre a saúde mental e o raciocínio, especialmente em crianças pequenas. | Citou estudo do pesquisador francês Michel Desmurget: ""Ele descobriu que crianças francesas que gastavam 50 'minutinhos' por dia no celular dos pais, no final de dois anos deixavam de escutar 850 mil palavras. Simplesmente uma exibição passiva já compromete o desenvolvimento da linguagem."" | Desde 1996, quando o primeiro smartphone foi lançado, o QI mundial está sofrendo um decréscimo. | Contou de um caso grave de um menino de 15 anos que fica conectado a jogos on-line 55 horas ininterruptas: ""Ele não sai para se alimentar, ele urina na calça, e ele evacua na calça exatamente para não parar de jogar. Ou seja, as pesquisas vão mostrar que os caminhos, os circuitos neuronais do nosso cérebro que são ativados quando ele usa a tecnologia, são muito parecidos com aquela que é ativada quando ele consome álcool ou drogas."" | Defendeu a criação de uma legislação específica para tratar do tema. | Defendeu a criação de um grupo de trabalho para estudar a questão. | Defendeu o desenvolvimento de um programa de orientação com divulgação em larga escala na mídia. | Defendeu a instituição do 'Dia Detox Brasil'. | Defendeu o treinamento de profissionais da saúde, da educação e do direito para lidar com o problema. | Alertou que não se sabe o tamanho do problema, já que não há estatísticas confiáveis no Brasil sobre o número de dependentes tecnológicos."
55,0,professora luciene cavalcante,Professora Luciene Cavalcante,Deputada (Psol-SP),PSOL,SP,DEPUTY,2023-04-24,LULA,EXACT,Professora Luciene Cavalcante,22,13534,"A audiência retoma a luta contra ataques à aposentadoria de trabalhadores: ""Chegamos aqui com o compromisso de revogar covardias e maldades praticadas contra servidores aposentados e pensionistas. Essa emenda autoriza que servidores públicos que recebem abaixo do teto do INSS possam ser confiscados, retirando de seus salários até 14%."""
55,1,guilherme boulos,Guilherme Boulos,Deputado (Psol-SP),PSOL,SP,DEPUTY,2023-04-24,LULA,EXACT,GUILHERME BOULOS,1,2785,"""Confisco de aposentados é uma covardia."""
55,2,claudia fernanda iten,Cláudia Fernanda Iten,"Coordenadora-geral de Normatização e Acompanhamento Legal do Departamento de Regimes da Previdência, Ministério da Previdência Social",,,CIVIL_SOCIETY_OR_OTHER,2023-04-24,LULA,EXACT,CLÁUDIA FERNANDA ITEN,2,9230,"A emenda constitucional não impõe a adoção da regra por estados e municípios: ""A emenda constitucional deu autonomia para que os entes federativos façam suas próprias reformas. O artigo 149, § 1º, da Constituição Federal, não é autoaplicável"". ""Então, enquanto não houver o referendo desse artigo na lei local, a contribuição dos aposentados e pensionistas continua sendo somente sobre a parcela que ultrapassa o teto do regime geral [INSS]."" | Cerca de 30% dos entes com regime próprio fizeram a reforma local: ""Grande parte referendou o artigo 149 e começou a cobrar a contribuição sobre valores abaixo do texto do regime geral, mas não necessariamente acima do salário mínimo. Muitos passaram a cobrar acima de 2 salários."""
55,3,carlos giannazi,Carlos Giannazi,Deputado estadual de São Paulo (Psol),,,SUBNATIONAL_POLITICIAN,2023-04-24,LULA,EXACT,CARLOS GIANNAZI,1,7264,"Após uma grande mobilização no estado, a reforma que adotou o artigo 149 acabou revogada: ""Estávamos com 600 mil aposentados e pensionistas sendo confiscados por essa reforma previdenciária que foi aprovada pela reforma estadual."""
55,4,walneide romano,Walneide Romano,Presidente da Associação de Professores Aposentados do Magistério Público do Estado de São Paulo (Apampesp),,,CIVIL_SOCIETY_OR_OTHER,2023-04-24,LULA,TOKEN_SUBSET,MARIA WALNEIDE RIBEIRO DE OLIVEIRA ROMANO,1,5745,"Destacou a mobilização de diversas entidades para conscientizar a população da importância de revogar a medida pela Assembleia Legislativa do Estado de S. Paulo: ""Passados mais de dois anos, o governador Rodrigo Garcia sancionou, no dia 4 de novembro de 2022, a lei que revogou a contribuição previdenciária de servidores aposentados e pensionistas do estado que ganham até o teto salarial do INSS."""
56,0,tiago camilo,Tiago Camilo,Ex-atleta olímpico,,,CIVIL_SOCIETY_OR_OTHER,2023-04-20,LULA,EXACT,TIAGO CAMILO,1,7948,"O Brasil é o quinto país mais sedentário do mundo e o primeiro no número de pessoas com ansiedade: ""As duas coisas estão relacionadas"""
56,1,gustavo chaves brandao,Gustavo Chaves Brandão,Presidente do Conselho Regional de Educação Física do Paraná,,,CIVIL_SOCIETY_OR_OTHER,2023-04-20,LULA,EXACT,GUSTAVO CHAVES BRANDÃO,4,11739,É essencial que as crianças sejam incentivadas a praticar educação física desde a pré-escola.
56,2,nelson leme,Nelson Leme,Presidente do Conselho Regional de Educação Física de São Paulo,,,CIVIL_SOCIETY_OR_OTHER,2023-04-20,LULA,EXACT,NELSON LEME,3,17493,Sugeriu o aumento da carga horária de educação física nas escolas.
56,3,diego garcia,Diego Garcia,Deputado (Republicanos-PR),REPUBLICANOS,PR,DEPUTY,2023-04-20,LULA,EXACT,Diego Garcia,8,19788,"Ressaltou o aumento do tempo de uso de aparelhos eletrônicos, como celular e televisão, depois da pandemia: ""Infelizmente, muitos pais terceirizaram a educação dos seus filhos para as telas e isso vai trazer impactos gigantescos na saúde mental e física dessas crianças"""
56,4,valter francisco brigido,Valter Francisco Brigido,Educador físico,,,CIVIL_SOCIETY_OR_OTHER,2023-04-20,LULA,EXACT,VALTER FRANCISCO BRIGIDO,1,9244,"O isolamento social durante a pandemia levou academias e centros esportivos a fecharem, o que agravou a situação."
56,5,monica marques,Mônica Marques,Consultora de uma associação global de saúde e esporte,,,CIVIL_SOCIETY_OR_OTHER,2023-04-20,LULA,EXACT,MONICA MARQUES,4,18554,"A população de idosos no Brasil está aumentando e, nesse sentido, atividades físicas são essenciais para evitar complicações de saúde no futuro: ""As políticas públicas tem que estar alinhadas ao longo da vida inteira, não só na velhice ou na infância, mas também na maturidade dos adultos""."
57,0,daniel cara,Daniel Cara,Professor de Educação da Universidade de São Paulo,,,CIVIL_SOCIETY_OR_OTHER,2023-04-20,LULA,EXACT,DANIEL CARA,4,12944,"A melhor prevenção é que o ambiente escolar seja democrático e saudável. | Há uma tese, chamada teoria da janela quebrada, que demonstra a correlação entre espaços degradados e aumento da violência. | O Brasil é atualmente o segundo país do mundo com mais casos de ataque a escolas, atrás apenas dos Estados Unidos."
57,1,catarina de almeida,Catarina de Almeida,Professora da Faculdade de Educação da Universidade de Brasília (UnB),,,CIVIL_SOCIETY_OR_OTHER,2023-04-20,LULA,EXACT,CATARINA DE ALMEIDA,3,12228,"A experiência dos Estados Unidos deixa claro que transformar a escola em prisão não é uma boa ideia. | Desde 1989, algumas instituições de ensino norte-americanas contam com segurança armada. Hoje, especialistas de lá clamam por sua retirada, porque os ataques até aumentaram. | A inserção nas escolas de artefatos de segurança, tais como catracas, detector de metal e segurança armada, não vai enfrentar o impacto do extremismo de direita nos jovens. Pelo contrário, eles querem esse confronto. | O crescimento da violência escolar acompanha o aumento do número de armas em circulação no País. A população civil brasileira já tem um arsenal sete vezes e meia maior que aquele que está nas mãos das forças de segurança."
57,2,pastor henrique vieira,Pastor Henrique Vieira,Deputado (Psol-RJ),PSOL,RJ,DEPUTY,2023-04-20,LULA,EXACT,Pastor Henrique Vieira,11,7870,"Duas escolas que sofreram ataques com o maior número de mortos nos Estados Unidos contavam com policiais. | As forças de segurança devem focar principalmente em inteligência, uma vez que os ataques são organizados pela internet. | ""Há uma cultura instaurada que estimula esse tipo de comportamento entre jovens, que é uma cultura de ódio, de preconceito, de discriminação"". ""Precisamos de ações interdisciplinares que possam enfrentar a cultura do extremismo e valorizar a escola como espaço de diversidade"". | Iniciativas como rondas nos arredores das escolas também podem ser efetivas, mas a solução da violência depende de mudanças culturais."
57,3,josevanda franco,Josevanda Franco,Presidente da União Nacional dos Dirigentes Municipais de Educação (Undime-se),,,CIVIL_SOCIETY_OR_OTHER,2023-04-20,LULA,EXACT,JOSEVANDA FRANCO,1,10973,Soluções como a militarização não funcionam porque a violência escolar reflete o que acontece na sociedade.
57,4,ana paula lima,Ana Paula Lima,Deputada (PT-SC),PT,SC,DEPUTY,2023-04-20,LULA,EXACT,Ana Paula Lima,10,9811,"O aumento da violência nas escolas é reflexo do ambiente político vigente no Brasil nos últimos anos: ""O que a gente podia esperar se tivemos personalidades políticas que incitavam o ódio e a violência, faziam 'arminha'? Até hoje parlamentares desta Casa tiram foto com metralhadora empunhada, disseminando o ódio e a violência."""
58,0,luiz antonio teixeira junior,Luiz Antônio Teixeira Júnior,Secretário de Saúde do Rio de Janeiro e deputado licenciado,,,SUBNATIONAL_OR_OTHER_STATE,2023-04-19,LULA,FIRST_LAST,LUIZ ANTONIO DE SOUZA TEIXEIRA JÚNIOR,2,11229,"O maior problema no Brasil nos últimos anos é a falta de investimento na qualificação do pré-natal, que impacta diretamente no número de mortes maternas. | Mulheres de baixa renda são ainda mais afetadas, uma vez que a discriminação faz com que enfermeiros ou obstetras se achem no direito de tomar a decisão por elas sobre qual tipo de parto ter, por exemplo, sem explicar cada procedimento."
58,1,carmen zanotto,Carmen Zanotto,Secretária de Saúde de Santa Catarina e ex-deputada,,,SUBNATIONAL_OR_OTHER_STATE,2023-04-19,LULA,FIRST_LAST,CARMEN EMÍLIA BONFÁ ZANOTTO,6,20762,"A cor de pele está relacionada com o pré-natal inadequado: ""As mulheres negras morrem mais que as brancas, mesmo tendo a mesma escolaridade e o mesmo acesso ao pré-natal. Está comprovado que nós profissionais da enfermagem dedicamos menos tempo na assistência do pré-natal à mulher negra que à mulher branca."" | Defendeu a discussão sobre violência obstétrica dentro das instituições de ensino de saúde."
58,2,soraya santos,Soraya Santos,Deputada e presidente da Comissão,,,DEPUTY,2023-04-19,LULA,EXACT,Soraya Santos,33,23274,"As gestantes precisam primeiramente de informação: ""O primeiro ponto de violência é justamente a mulher desconhecer todos esses problemas. É ela não ter durante todo o protocolo de atendimento alguém para dizer se é melhor o parto ou a cesárea, quais são os riscos de um e de outro."""
58,3,joao rocha vilela,João Rocha Vilela,Ginecologista,,,CIVIL_SOCIETY_OR_OTHER,2023-04-19,LULA,EXACT,JOÃO ROCHA VILELA,8,18298,É função do médico orientar a paciente a realizar o procedimento mais seguro. | A imposição é sim uma forma de violência.
58,4,edson castro,Edson Castro,Secretário-adjunto de Saúde de Roraima,,,SUBNATIONAL_OR_OTHER_STATE,2023-04-19,LULA,EXACT,EDSON CASTRO,3,5955,"Pediu que a Comissão observe as peculiaridades de cada estado. | Muitas indígenas e venezuelanas chegam aos hospitais com a gestação avançada sem terem realizado pré-natal, o que aumenta o risco de morte dessas mulheres. | É comum que venezuelanas venham para o Brasil apenas para o parto, com objetivo de terem filhos com nacionalidade brasileira."
59,0,benilde madeira,Benilde Madeira,Representante dos pescadores e da Comissão dos Atingidos,,,CIVIL_SOCIETY_OR_OTHER,2023-04-18,LULA,EXACT,BENILDE MADEIRA,2,5081,"A Fundação Renova exige uma comprovação de atividade dos pescadores profissionais artesanais nos anos de 2014 e 2015 registrados no Ministério da Pesca e Aquicultura para que a indenização seja paga. | Essa demora para reparar os danos é um desrespeito: ""Eu sugiro que a Fundação Renova ou as próprias instituições de Justiça tenham um pouco de bom senso e ajudem quem tem um pequeno papel, pequeno vínculo nessa água, que possa considerar as contribuições do INSS que a pessoa fez, quem recebeu o seguro defeso em 2015, 2016, que olhe aquelas carteiras mais antigas. Aqueles pescadores mais tradicionais estão sendo os mais massacrados."""
59,1,padre joao,Padre João,Deputado (PT-MG),PT,MG,DEPUTY,2023-04-18,LULA,EXACT,Padre João,12,12943,"Reclamou da falta de responsabilidade, principalmente por parte de autoridades públicas, como os promotores, que deveriam ter comparecido. | ""É o grande desafio, porque a Renova faz as exigências que ela bem entende, ou deixa de atender e fica por isso mesmo. Então, por isso que era importante o Ministério Público Federal para fazer valer. O Ministério Público tem competência de aplicar uma multa, ou de anular, inclusive, certas exigências, fazer um TAC (termo de ajuste de conduta) que fosse, mas junto também com as pessoas mais interessadas, que são os pescadores."""
60,0,dr zacharias calil,Dr. Zacharias Calil,Deputado (União-GO),UNIAO,GO,DEPUTY,2022-12-06,BOLSONARO,EXACT,Dr. Zacharias Calil,25,10767,"""Com o envelhecimento da população brasileira e no contexto da pandemia de Covid-19, que postergou o tratamento de diversas doenças, é preciso estimular os cuidados com a saúde e com as doenças cardíacas complexas relacionadas à idade."" | ""Houve aumento de cerca de 40% de 2012 a 2021, e as pessoas com 60 ou mais saíram de 22,3 milhões para 31,2 milhões. Até 2030, poderão ultrapassar os 41 milhões."""
60,1,fernando silveira,Fernando Silveira,Presidente da Associação Brasileira da Indústria de Tecnologia para Saúde (Abimed),,,CIVIL_SOCIETY_OR_OTHER,2022-12-06,BOLSONARO,EXACT,FERNANDO SILVEIRA,2,7603,A atual defasagem na tabela de preços por produtos e serviços praticada pelo SUS poderá impactar o novo programa. | Sugeriu liberdade aos gestores locais para a formalização de contratos.
60,2,maira batista botelho,Maíra Batista Botelho,Secretária de Atenção Especializada à Saúde do Ministério da Saúde,,,FEDERAL_EXECUTIVE,2022-12-06,BOLSONARO,EXACT,MAÍRA BATISTA BOTELHO,11,13374,"Recentemente foram reajustados os valores de 200 itens da tabela SUS, que, segundo ela, é apenas uma referência para os gastos em âmbito federal. | Sugeriu ao Congresso a revisão das leis sobre o tema."
60,3,alexandre kalache,Alexandre Kalache,Presidente do Centro Internacional de Longevidade Brasil,,,CIVIL_SOCIETY_OR_OTHER,2022-12-06,BOLSONARO,EXACT,ALEXANDRE KALACHE,7,10315,"""A grande conquista social dos últimos cem anos foi envelhecer, mas estamos transformando isso em uma bomba-relógio não tendo políticas adequadas."" | Recomendou pressão popular por mais políticas públicas voltadas à população idosa."
60,4,jose mangione,José Mangione,Cardiologista,,,CIVIL_SOCIETY_OR_OTHER,2022-12-06,BOLSONARO,EXACT,JOSÉ MANGIONE,4,10542,"Defendeu a incorporação, pelo SUS, de novas tecnologias. | Sugeriu campanhas em defesa de hábitos saudáveis e para prevenção de doenças cardiovasculares."
60,5,joao fernando monteiro ferreira,João Fernando Monteiro Ferreira,Cardiologista,,,CIVIL_SOCIETY_OR_OTHER,2022-12-06,BOLSONARO,EXACT,JOÃO FERNANDO MONTEIRO FERREIRA,1,7649,"Defendeu a incorporação, pelo SUS, de novas tecnologias. | Sugeriu campanhas em defesa de hábitos saudáveis e para prevenção de doenças cardiovasculares."
60,6,fernanda de carvalho,Fernanda de Carvalho,Diretora do Instituto Lado a Lado pela Vida,,,CIVIL_SOCIETY_OR_OTHER,2022-12-06,BOLSONARO,EXACT,FERNANDA DE CARVALHO,3,8419,Sugeriu campanhas em defesa de hábitos saudáveis e para prevenção de doenças cardiovasculares.
61,0,sidney leite,Sidney Leite,"Deputado (PSD-AM) e presidente da Comissão de Desenvolvimento Econômico, Indústria, Comércio e Serviços",PSD,AM,DEPUTY,2022-11-30,BOLSONARO,EXACT,Sidney Leite,19,11148,"A maioria das críticas e propostas apresentadas no debate dependem do Congresso Nacional, que deve fazer o seu papel: ""O grosso dessas demandas passam pelo Parlamento. Se não tomarmos essa responsabilidade, vamos sempre cobrar do governo."""
61,1,jorge nascimento,Jorge Nascimento,Presidente-executivo da Associação Nacional dos Fabricantes Produtos Eletroeletrônicos (Eletros),,,CIVIL_SOCIETY_OR_OTHER,2022-11-30,BOLSONARO,EXACT,JORGE NASCIMENTO,2,23619,"Defendeu uma série de medidas para melhorar o ambiente de negócios, como a reforma administrativa e ações de geração de emprego e renda. Deu destaque especial à reforma tributária: ""De fato, a gente precisa de uma reforma tributária que atenda ao Brasil como um todo. Não é só uma reforma que simplifique [tributos], mas uma que não onere ainda mais a indústria, não onere ainda mais o consumidor – esse é um ponto importante."""
61,2,patricia gomes,Patrícia Gomes,Diretora-executiva de mercado externo da Associação Brasileira da Indústria de Máquinas e Equipamentos (Abimaq),,,CIVIL_SOCIETY_OR_OTHER,2022-11-30,BOLSONARO,EXACT,PATRÍCIA GOMES,4,12471,"Defendeu a reforma tributária. | Destacou a necessidade da redução do custo do crédito no Brasil: ""80% das nossas empresas [máquinas e equipamentos] se financiam com capital próprio. Isso significa menor capital para que o empresário possa investir em inovação, em processo produtivo, em capacitação."""
61,3,marcos borges de castro,Marcos Borges de Castro,Gerente-executivo de assuntos legislativos da Confederação Nacional da Indústria (CNI),,,CIVIL_SOCIETY_OR_OTHER,2022-11-30,BOLSONARO,EXACT,MARCOS BORGES DE CASTRO,3,3917,"Apresentou dados mostrando que países da União Europeia, Estados Unidos, Japão, Coreia do Sul, China e Alemanha devem investir 5 trilhões de dólares nos próximos anos em políticas de apoio às suas respectivas indústrias."
61,4,alexis fonteyne,Alexis Fonteyne,Deputado (Novo-SP),NOVO,SP,DEPUTY,2022-11-30,BOLSONARO,EXACT,ALEXIS FONTEYNE,1,7285,"Criticou a falta de um Plano Indústria: ""Hoje nós temos um Plano Safra [para a agropecuária], mas não temos um Plano Indústria. O governo deixou ao relento as indústrias."" | Destacou a necessidade de uma reforma tributária."
61,5,vitor lippi,Vitor Lippi,Deputado (PSDB-SP),PSDB,SP,DEPUTY,2022-11-30,BOLSONARO,EXACT,VITOR LIPPI,3,5719,"""O problema do não crescimento não é dentro da indústria, é fora dela. Temos o 184º pior sistema tributário do mundo. O 124º pior ambiente de negócios do planeta. A área de pesquisa e desenvolvimento ainda deixa muito a desejar."""
61,6,ze neto,Zé Neto,"Deputado (PT-BA) e integrante da equipe de transição do novo governo Lula no grupo de Indústria, Comércios e Serviços",PT,BA,DEPUTY,2022-11-30,BOLSONARO,EXACT,ZÉ NETO,2,9060,"Defendeu a criação de um comitê interministerial para discutir uma política industrial: ""A transição não deve acabar no dia 30 [de dezembro]. Deve começar nessa data um novo experimento, de câmaras técnicas, de temas que devem ser tratados de forma interministerial."""
62,0,liana ferronato,Liana Ferronato,Presidente da Associação Brasileira de Paramiloidose (ABPAR),,,CIVIL_SOCIETY_OR_OTHER,2022-11-29,BOLSONARO,EXACT,LIANA FERRONATO,1,4109,"O início imediato do tratamento é essencial para impedir o avanço da doença. | Mesmo o Tafamidis, indicado para as fases iniciais e já incorporado ao SUS, está em falta para a retirada gratuita em farmácias de alto custo: ""Pacientes chegam a ficar até 3 meses sem o Tafamidis, que é de uso contínuo, o que acaba permitindo que a doença evolua para o estágio 2."""
62,1,marcia cruz,Márcia Cruz,Coordenadora do Centro de Paramiloidose da Universidade Federal do Rio de Janeiro,,,CIVIL_SOCIETY_OR_OTHER,2022-11-29,BOLSONARO,EXACT,MARCIA CRUZ,8,11473,"A paramiloidose é uma doença hereditária e relacionada a ascendência portuguesa, acometendo entre 5 mil e 15 mil pessoas no Brasil. | Por ser multissistêmica, afetando os sistemas nervoso central e periférico, além de coração, sistema gastrointestinal, olhos e rins, quando não tratada, pode levar a óbito no período de 2 a 10 anos. | Defende a incorporação ao SUS do Inotersen e do Patisirana como instrumentos para tratar tanto a fase 1 quanto a fase 2 da doença: ""Tanto o Onpatrro (Patisiran) quanto o Tegsedi (Inotersen) estão aprovados [pela Anvisa] desde 2020 e 2019, tanto para o estágio1 quanto estágio 2, mas não foram ainda incorporados ao SUS. Esse é o nosso pleito aqui. Eles já estão incorporados no mundo inteiro, mas aqui no Brasil pacientes com essas necessidades ainda não são atendidos."""
62,2,rejane dias,Rejane Dias,Deputada (PT-PI),PT,PI,DEPUTY,2022-11-29,BOLSONARO,EXACT,Rejane Dias,15,10759,"Comentou a demora na incorporação pelo SUS das novas tecnologias, consideradas mais eficazes no estágio 2 da doença. | Após a exibição de vídeos que mostram pacientes com dificuldades de locomoção e usando bengalas, lamentou: ""É chocante as imagens que a gente acabou de ver sobre as situações que ficam esses pacientes."""
62,3,priscila louly,Priscila Louly,Coordenadora-geral de Avaliação de Tecnologias em Saúde do Ministério da Saúde,,,CIVIL_SOCIETY_OR_OTHER,2022-11-29,BOLSONARO,FIRST_LAST,PRISCILA GEBRIM LOULY,2,8815,"Atualmente, o protocolo clínico e as diretrizes terapêuticas da doença apontam, na fase mais inicial, para o transplante de fígado, já que a transtiretina familiar amiloidotica é produzida pelo órgão, ou para o uso de Tafamidis quando o transplante não é recomendado. | A incorporação de tecnologias ao SUS leva em conta aspectos clínicos, econômicos, organizacionais e dos pacientes. | Reiterou a conclusão da Conitec de não recomendar a incorporação das novas drogas. | No caso do Inotersena, o ministério realizará uma audiência pública no dia 7 de dezembro para debater a incorporação do remédio no SUS."
63,0,karla giacomin,Karla Giacomin,Presidente da Frente Nacional de Fortalecimento das Ilpis,,,CIVIL_SOCIETY_OR_OTHER,2022-11-16,BOLSONARO,EXACT,KARLA GIACOMIN,1,8874,"Lamentou as dificuldades enfrentadas pelos brasileiros idosos que precisam de Ilpis. | Observou que 'o cenário atual aponta para a inexistência de uma política nacional de cuidados de longa duração. A expressão prática dessa lacuna é a oferta pública tanto reduzida quanto heterogênea dessas instituições'. | Explicou que 'os cuidados de longa duração são o suporte que pessoas mais velhas precisam para realizar cuidados pessoais, tarefas domésticas e para manter suas relações sociais'. | Afirmou que 'esses cuidados podem se dar no âmbito do domicílio, da comunidade e das instituições'."
63,1,vejuse de oliveira,Vejuse de Oliveira,Representante da Associação Cearense Pró-Idosos (Acepi),,,CIVIL_SOCIETY_OR_OTHER,2022-11-16,BOLSONARO,FIRST_LAST,VEJUSE ALENCAR DE OLIVEIRA,1,13696,"Apontou as carências no atendimento público a idosos. | Disse que 'a pandemia nos mostrou que as Ilpis existem em uma realidade de carências absurdas, com estruturas inadequadas, recursos humanos ainda insuficientes e orçamentos extremamente precários, uma total apatia do governo em relação a essas instituições'."
63,2,denis bezerra,Denis Bezerra,Deputado (PSB-CE),PSB,CE,DEPUTY,2022-11-16,BOLSONARO,EXACT,Denis Bezerra,8,10261,"Chamou atenção para o fato de os idosos representarem em breve ¼ da população brasileira. | Defendeu mudanças no orçamento que comportem esse novo cenário. | Disse que 'essa visão a gente só vai conseguir mudar, de fato, a partir do momento em que os parlamentares e o Executivo forem efetivamente cobrados pela população'."
63,3,elder ximenes filho,Elder Ximenes Filho,Promotor de Justiça no Ministério Público do Ceará,,,CIVIL_SOCIETY_OR_OTHER,2022-11-16,BOLSONARO,EXACT,ÉLDER XIMENES FILHO,1,22871,"Apontou como essencial a criação de um cadastro nacional com dados oficiais sobre a oferta de Ilpis e sobre a população assistida, incluindo recursos humanos e financeiros disponíveis."
63,4,renato gomes,Renato Gomes,Representante da Secretaria Nacional de Promoção e Defesa dos Direitos da Pessoa Idosa,,,FEDERAL_EXECUTIVE,2022-11-16,BOLSONARO,FIRST_LAST,RENATO DA SILVA GOMES,1,13060,"Reconheceu que, até 2019, o governo não contava com informações suficientes para planejar ações voltadas às Ilpis. | Informou que apenas com o início da pandemia de Covid-19 o governo passou a cadastrar essas instituições por meio de um formulário, recebendo 6 mil respostas. | Acrescentou que o auxílio emergencial destinado às Ilpis durante a pandemia (Lei 14.018/20) permitiu que o governo beneficiasse cerca de 70 mil idosos em 2.117 instituições, com um total de R$ 165 milhões. | Reconheceu que essas ações não podem ser pontuais. | Disse que 'esses auxílios são pontuais, e o que as instituições de longa permanência precisam é de um modelo permanente, que esteja no Orçamento, para que as necessidades básicas sejam atendidas e elas tenham condições de prestar um serviço adequado. O Parlamento tem um papel fundamental nisso'."
64,0,fabio pinheiro,Fábio Pinheiro,Representante do Ministério do Turismo,,,FEDERAL_EXECUTIVE,2022-11-09,BOLSONARO,EXACT,FABIO PINHEIRO,3,3026,"O turismo religioso é uma manifestação cultural muito forte no Brasil, e gera renda nos municípios onde acontece: ""O turismo religioso, no âmbito do turismo cultural, gera emprego e renda. É capaz de consolidar municípios como destinos e contribuir para uma expectativa de melhora da qualidade de vida da própria localidade e sua população."""
64,1,rodrigo coelho,Rodrigo Coelho,Deputado e presidente da Comissão de Turismo,,,DEPUTY,2022-11-09,BOLSONARO,EXACT,Rodrigo Coelho,17,28161,"O turismo religioso movimenta em todo o mundo 16 bilhões de euros ao ano, e o Brasil tem grande potencial para desenvolver essa modalidade turística. | O País deve investir no turismo, que emprega grande número de pessoas que precisam ter acesso a cursos de qualificação. | ""Tem cursos gratuitos no site do Ministério do Turismo, como de camareira, de garçom, e de línguas. Temos o desafio de tornar o Brasil um País em que se tem uma noção de inglês e de espanhol para bem receber o turista."""
64,2,marcos jaboski,Marcos Jaboski,Diretor de sustentabilidade do santuário de Nova Trento,,,CIVIL_SOCIETY_OR_OTHER,2022-11-09,BOLSONARO,EXACT,MARCOS JABOSKI,3,4936,"O santuário de Nova Trento, em Santa Catarina, é um parque ecológico e ecumênico que recebe milhares de pessoas todos os anos. | ""Nós temos que ter uma gestão profissional do turismo religioso, mas não podemos perder a nossa essência. Acreditamos muito em parceiras e nessa união entre o poder público, sociedade civil e empresários."" | Pediu melhorias na infraestrutura, mencionando que a cidade não tem sinal de celular por causa do relevo da região."
64,3,ariane nakamura,Ariane Nakamura,Representante da Secretaria de Turismo de Santa Catarina,,,SUBNATIONAL_OR_OTHER_STATE,2022-11-09,BOLSONARO,EXACT,ARIANE NAKAMURA,1,2433,Pediu aos parlamentares que garantam recursos para a reestruturação e manutenção de rotas e santuários. | Em Santa Catarina há mais de 100 opções de destinos de turismo religioso.
65,0,luciano athayde chaves,Luciano Athayde Chaves,"Juiz auxiliar, representando a presidência do Conselho Superior da Justiça do Trabalho (CSJT)",,,CIVIL_SOCIETY_OR_OTHER,2022-09-01,BOLSONARO,EXACT,LUCIANO ATHAYDE CHAVES,1,8523,"Negou que o CSJT tenha tido qualquer intenção de extinguir varas da Justiça do Trabalho com a edição da Resolução 296/21, que trata da reestruturação das unidades judiciárias e administrativas. | Afirmou que a diretriz da gestão do presidente Emmanoel Pereira é a valorização e o fortalecimento da Justiça do Trabalho. | Pediu mais apoio dos parlamentares à Justiça do Trabalho: ""Temos expectativa de que o Orçamento de 2023 nos permita preencher os 4 mil cargos vagos de servidores e os 300 de magistrados."" | ""O artigo 27 não implica necessariamente a extinção, mas a maneira como o texto estava estruturado acabou causando uma série de críticas."""
65,1,paulo teixeira,Paulo Teixeira,Deputado (PT-SP),PT,SP,DEPUTY,2022-09-01,BOLSONARO,EXACT,Paulo Teixeira,11,19570,"Assumiu o compromisso de defender a recomposição dos recursos da Justiça do Trabalho na análise do Orçamento: ""A Justiça do Trabalho é fundamental em um país tão desigual. Precisamos fortalecê-la e não enfraquecê-la."" | Considerou que a audiência teve um resultado e cumpriu um papel fundamental para a revisão do debate. | ""Tivemos pandemia, estamos vivendo em um mercado de trabalho comprimido, com um alto desemprego."""
65,2,professora bebel,Professora Bebel,Deputada estadual em São Paulo (PT),,,SUBNATIONAL_POLITICIAN,2022-09-01,BOLSONARO,EXACT,PROFESSORA BEBEL,1,8806,"A Justiça do Trabalho não deve se medir por números de casos, mas pela necessidade de estar presente nos locais onde os trabalhadores sejam mais vulneráveis: ""Quando a gente fecha uma vara do Trabalho no estado de São Paulo, por exemplo, onde os municípios são muito distantes um dos outros, cria-se uma dificuldade que levará os trabalhadores a não recorrer por seus direitos."""
65,3,luciana paula confort,Luciana Paula Confort,"Juíza, vice-presidente da Associação Nacional dos Magistrados da Justiça do Trabalho (Anamatra)",,,CIVIL_SOCIETY_OR_OTHER,2022-09-01,BOLSONARO,NONE,,0,0,"Acrescentou que aspectos sociais, econômicos e peculiaridades regionais devem ser levados em consideração em uma possível reestruturação: ""A Justiça do Trabalho tem que estar presente distante dos grandes centros, onde talvez não haja muitos processos, por se tratar de regiões sem pujança econômica. As varas devem estar em localidades onde haja trabalho análogo a escravidão, trabalho infantil, conflitos fundiários, conflitos com trabalhadores rurais."""
65,4,marcelo maciel mancilha,Marcelo Maciel Mancilha,"Desembargador, presidente do Colégio de Presidentes e Corregedores de TRTs (Coleprecor)",,,CIVIL_SOCIETY_OR_OTHER,2022-09-01,BOLSONARO,NONE,,0,0,"Reforçou que a Justiça do Trabalho nunca teve, tem ou terá a intenção de diminuir o acesso do trabalhador à Justiça. Disse que a ideia é capilarizar ainda mais."
66,0,cintia teixeira,Cintia Teixeira,Representante da Caixa Econômica Federal,,,CIVIL_SOCIETY_OR_OTHER,2022-08-26,BOLSONARO,EXACT,CINTIA TEIXEIRA,3,10579,"O ativo total consolidado do FGTS é hoje de R$ 618,1 bilhões."
66,1,mario avelino,Mario Avelino,Presidente do Instituto Fundo de Garantia do Trabalhador,,,CIVIL_SOCIETY_OR_OTHER,2022-08-26,BOLSONARO,EXACT,MARIO AVELINO,5,23685,"Alertou para os projetos de lei que permitem o saque de recursos do FGTS pelo trabalhador para financiamento de um segundo imóvel. | A ampliação das possibilidades de saque prejudica o próprio trabalhador. | O fundo financia saneamento, infraestrutura e saúde para toda a sociedade: ""O FGTS não é uma caderneta de poupança""."
66,2,maria henriqueta alves,Maria Henriqueta Alves,Representante da Câmara Brasileira da Indústria da Construção (CBIC),,,CIVIL_SOCIETY_OR_OTHER,2022-08-26,BOLSONARO,FIRST_LAST,MARIA HENRIQUETA ARANTES FERREIRA ALVES,13,13095,Alertou para os projetos de lei que permitem o saque de recursos do FGTS pelo trabalhador para financiamento de um segundo imóvel.
66,3,marcel van hattem,Marcel van Hattem,Deputado (Novo-RS),NOVO,RS,DEPUTY,2022-08-26,BOLSONARO,NONE,,0,0,"Defendeu a proposta de permitir o saque de recursos do FGTS para financiamento de um segundo imóvel: ""O projeto, além de dar mais liberdade para o trabalhador decidir o que fazer com o dinheiro depositado em sua conta, dinheiro gerado pelo suor do trabalho, vai permitir ao setor imobiliário que continue aquecido, mas por outros meios."""
66,4,paulo ramos,Paulo Ramos,Deputado (PDT-RJ),PDT,RJ,DEPUTY,2022-08-26,BOLSONARO,EXACT,Paulo Ramos,26,21839,"Defendeu a criação de algum limite para as novas possibilidades de saque do FGTS: ""Novas possibilidades de saque decorrem das dificuldades dos trabalhadores."""
66,5,marcio coelho,Márcio Coelho,Diretor de Gestão de Fundos do Ministério do Trabalho e Emprego,,,CIVIL_SOCIETY_OR_OTHER,2022-08-26,BOLSONARO,FIRST_LAST,MÁRCIO LEÃO COELHO,4,9635,"Negou que o governo pretenda sugerir alguma redução nas alíquotas de contribuição ao FGTS ou da multa por dispensa sem justa causa: ""Isso foi discutido, mas já está descartado pelo Ministério da Economia."""
67,0,luis fabiano costa,Luís Fabiano Costa,Presidente da Associação dos Trabalhadores Lesionados nas Indústrias Metalúrgicas do Vale do Paraíba (SP),,,CIVIL_SOCIETY_OR_OTHER,2022-08-25,BOLSONARO,EXACT,LUÍS FABIANO COSTA,2,6973,"""Estamos cada vez mais expostos à exploração, ao assédio moral, às péssimas condições de trabalho, aos salários cada vez mais rebaixados e principalmente aos acidentes e doenças profissionais."" | Nos últimos anos foram revogadas diversas normas aplicadas ao setor que funcionavam como medidas de segurança para evitar acidentes e lesões."
67,1,orlando silva,Orlando Silva,Deputado (PCdoB-SP),PCDOB,SP,DEPUTY,2022-08-25,BOLSONARO,EXACT,Orlando Silva,11,9997,"""A precarização das relações de trabalho no último período agravou enormemente as lesões. Por isso é importante que a Câmara adote medidas na legislação que sejam protetivas do ambiente do trabalho."""
67,2,gustavo de paula oliveira,Gustavo de Paula Oliveira,Advogado da Associação dos Trabalhadores Lesionados nas Indústrias Metalúrgicas do Vale do Paraíba (SP),,,CIVIL_SOCIETY_OR_OTHER,2022-08-25,BOLSONARO,EXACT,GUSTAVO DE PAULA OLIVEIRA,2,1343,"""É uma tragédia que, além de impactar o próprio trabalhador, vai impactar também a vida da família e também os cofres públicos, porque a partir do momento que o trabalhador se lesiona e se afasta, quem vai assumir a despesa é a Previdência Social."""
67,3,renata rothje ruiz,Renata Rothje Ruiz,Trabalhadora lesionada,,,CIVIL_SOCIETY_OR_OTHER,2022-08-25,BOLSONARO,EXACT,RENATA ROTHJE RUIZ,2,3737,"""Desde que me tornei lesionada, fui perseguida, maltratada e muitas vezes humilhada dentro da empresa."" | Disse ter sofrido de depressão. | Defende que as regras sobre o tema sejam fixadas em lei, e não em acordos coletivos."
67,4,antonio benedito goncalves,Antônio Benedito Gonçalves,Trabalhador lesionado,,,CIVIL_SOCIETY_OR_OTHER,2022-08-25,BOLSONARO,EXACT,ANTÔNIO BENEDITO GONÇALVES,2,2919,"""A qualquer momento eu posso ser chamado para uma nova perícia que pode cortar meu benefício. Peço que olhem para nós não como simples peças de reposição."""
68,0,arnaldo bordon,Arnaldo Bordon,Presidente da Sociedade Brasileira de Retina e Vítreo,,,CIVIL_SOCIETY_OR_OTHER,2022-08-17,BOLSONARO,FIRST_LAST,ARNALDO FURMAN BORDON,5,10320,"Citou dados da Federação Internacional de Diabetes que projetam, para 2030, 627 milhões de pessoas com diabetes no mundo. | ""O diabetes é a principal causa de cegueira irreversível na fase mais produtiva do ser humano."" | ""Temos médicos qualificados e equipamentos de ponta nos hospitais, por outro lado temos uma fila enorme de pacientes que necessita de uma melhor organização para que os que realmente necessitam sejam tratados."" | Citou o caso de uma paciente de 23 anos que descobriu tarde demais a retinopatia diabética e acabou perdendo completamente a visão: ""Ela está condenada a cegueira irreversível dos dois olhos por diabetes. E dói muito saber que tudo isso poderia ter sido evitado."""
68,1,vanessa pirolo,Vanessa Pirolo,Representante do Vozes do Advocacy,,,CIVIL_SOCIETY_OR_OTHER,2022-08-17,BOLSONARO,EXACT,VANESSA PIROLO,7,14870,"Existem 16 milhões de pessoas com diabetes no País atualmente. | ""São 150 mil brasileiros diagnosticados, por ano, com retinopatia diabética. É um dado significativo e impactante, porque, segundo a Organização Mundial da Saúde, 80% de todos os casos de cegueira no País poderiam ser evitados."" | ""A pessoa com diabetes, no mínimo, tem que passar uma vez ao ano para fazer o exame adequado nos olhos e para ver como está o controle da doença."""
68,2,dr zacharias calil,Dr. Zacharias Calil,Deputado (União-GO) e médico,UNIAO,GO,DEPUTY,2022-08-17,BOLSONARO,EXACT,Dr. Zacharias Calil,22,9249,"A fila de espera por uma consulta é o principal problema: ""Porque o paciente fica sem acompanhamento. A gente sabe que o diabetes é uma doença progressiva, crônica e silenciosa, que vai causando uma série de problemas."" | O Ministério da Saúde está 'lavando as mãos' e jogando a responsabilidade para estados e municípios."
68,3,marcos avila,Marcos Ávila,Representante do Conselho Brasileiro de Oftalmologia,,,CIVIL_SOCIETY_OR_OTHER,2022-08-17,BOLSONARO,EXACT,MARCOS ÁVILA,6,17441,"Destacou problemas orçamentários na implantação, pelo Ministério da Saúde, do Protocolo Clínico e Diretriz Terapêutica (PCDT) da Retinopatia Diabética, que entrou em vigor em dezembro de 2021: ""Nós conseguimos que houvesse a publicação do PCDT no Diário Oficial da União, mas, em dezembro 2021, veio a precificação [do tratamento]: R$ 629,29. Aí o problema começou. O financiamento é inadequado. São medicamentos caros, que precisam ser remunerados para que a medicação possa ser adquirida."""
68,4,patricia peres de souza,Patrícia Peres de Souza,Representante do Ministério da Saúde,,,FEDERAL_EXECUTIVE,2022-08-17,BOLSONARO,EXACT,PATRÍCIA PERES DE SOUZA,6,8581,"A responsabilidade pela organização das filas de espera por oftalmologistas é dos gestores locais em estados e municípios. | O tratamento medicamentoso da retina que está na tabela do SUS diz respeito apenas ao componente federal do financiamento: ""Esse tratamento não pode ser financiado apenas pela tabela SUS. A gestão local, estado e município, tem obrigação de fazer o seu incentivo também nos tratamentos da sua população."" | Se colocou à disposição para receber sugestões e rediscutir o financiamento do protocolo com as entidades."
69,0,maria claudia bucchianeri,Maria Claudia Bucchianeri,Ministra substituta do Tribunal Superior Eleitoral (TSE),,,SUBNATIONAL_OR_OTHER_STATE,2022-08-08,BOLSONARO,TOKEN_SUBSET,MINISTRA MARIA CLAUDIA BUCCHIANERI PINHEIRO,1,7980,"Deu o exemplo do programa Eleitor do Futuro, do qual participam também os tribunais regionais e que atinge alunos desde a educação infantil. Para o ensino superior, as ações incluem esclarecimentos sobre o combate à corrupção e a prestação de contas dos gestores públicos: ""É importante a nossa juventude fiscalizar e cobrar dos seus mandatários respostas, listar quais foram as promessas feitas durante as campanhas, fazer esse levantamento, entrar em contato com seus mandatários para perguntar por que um projeto ou outro, que foi objeto de promessa de campanha, acabou não se concretizando."""
69,1,lucas hoogerbrugge,Lucas Hoogerbrugge,Representante do Movimento Todos pela Educação,,,CIVIL_SOCIETY_OR_OTHER,2022-08-08,BOLSONARO,FIRST_LAST,LUCAS FERNANDES HOOGERBRUGGE,1,4670,"Melhorar as escolas e os indicadores de aprendizagem, além de inserir o jovem em um ambiente que amplia o leque de oportunidades dele também melhora a qualidade da democracia: ""A juventude, conseguindo aprender e se desenvolver de forma integral, consegue participar da democracia e isso a coloca mais próxima de tomar as rédeas do seu futuro, e das decisões que vão realmente colocá-la no lugar de protagonismo que merece."""
69,2,lidice da mata,Lídice da Mata,Deputada (PSB-BA) e relatora da CPI Mista das Fake News,PSB,BA,DEPUTY,2022-08-08,BOLSONARO,EXACT,Lídice da Mata,11,19194,"Salientou a forte presença dos jovens nas redes sociais e, em decorrência disso, a necessidade de democratizar o acesso ao que ela chamou de 'informação real': ""A criança de hoje já nasce conectada e, portanto, rapidamente ela se transforma num 'especialista' das redes sociais, das diversas plataformas e cada vez mais vai se desenvolver nessa dimensão. Por isso mesmo, uma boa formação da juventude no debate e nos valores democráticos fará com que nós possamos preparar a sociedade para o enfrentamento das fake news, para o enfrentamento da desinformação."""
69,3,carlos eduardo sobral,Carlos Eduardo Sobral,Delegado da superintendência da Polícia Federal no Ceará,,,CIVIL_SOCIETY_OR_OTHER,2022-08-08,BOLSONARO,FIRST_LAST,CARLOS EDUARDO MIGUEL SOBRAL,2,10637,"Alertou que, aos jovens, deve ser esclarecido que as discordâncias são permitidas, mas não o ódio a quem pensa diferente, para que eles se tornem bons produtores de informação: ""Nós estamos tratando da violência que visa espantar o bom debate democrático, a violência que tende a impedir a fala, impedir a manifestação, impedir a participação das pessoas. Isso é muito preocupante. Nós estamos chamando o jovem a participar e se ele entrar num ambiente de conflagração, se ele entrar num ambiente onde ele é impedido de se manifestar, a tendência é que ele se ausente do espaço e aqueles que gostariam de impedir a democracia conseguirão alcançar o seu intento."""
69,4,thais bernardes,Thais Bernardes,Diretora de Relações Institucionais da União Nacional dos Estudantes (UNE),,,CIVIL_SOCIETY_OR_OTHER,2022-08-08,BOLSONARO,FIRST_LAST,THAÍS FALONE BERNARDES,1,5034,"Comemorou a adesão dos jovens ao processo eleitoral, já que, segundo ela, as eleições gerais deste ano serão importantes para o futuro da educação: Ela conta que só uma manhã de mobilização em uma escola do Entorno do Distrito Federal resultou em 300 novos títulos de eleitor."
70,0,helena bergallo,Helena Bergallo,Professora da Universidade do Estado do Rio de Janeiro (UERJ),,,CIVIL_SOCIETY_OR_OTHER,2022-08-03,BOLSONARO,FIRST_LAST,HELENA DE GODOY BERGALLO,1,9608,"Ao utilizar água da própria baia para resfriar suas caldeiras, as termelétricas têm potencial para elevar a temperatura das águas no local em até 15º C, ameaçando a vida de diversas espécies. | ""Com a metade dos recursos usados para instalar essas impactantes termelétricas flutuantes, governo e empresários poderiam reflorestar áreas e aumentar a recarga da água subterrânea na bacia hidrográfica do Rio Paraíba do Sul e em outras bacias."""
70,1,john wurdig,John Wurdig,Representante do Instituto Internacional Arayara,,,CIVIL_SOCIETY_OR_OTHER,2022-08-03,BOLSONARO,FIRST_LAST,JOHN FERNANDO DE FARIAS WÜRDIG,2,12794,"""As obras não param e os pescadores estão desesperados."""
70,2,jaime mitropoulos,Jaime Mitropoulos,Procurador federal no Rio de Janeiro,,,CIVIL_SOCIETY_OR_OTHER,2022-08-03,BOLSONARO,EXACT,JAIME MITROPOULOS,1,9419,"""As provas iniciais trazidas ao Ministério Público já evidenciavam que se trata de empreendimento de altíssimo impacto ambiental."" | ""Sendo assim, o mínimo que o poder público deve fazer é exigir o estudo de impacto ambiental da forma mais rigorosa possível."""
70,3,taliria petrone,Talíria Petrone,Deputada (Psol-RJ),PSOL,RJ,DEPUTY,2022-08-03,BOLSONARO,EXACT,Talíria Petrone,5,7634,"Criticou o 'tempo recorde' com que o Inea concedeu as licenças para o empreendimento. | Pretende formalizar denúncia a organismos internacionais: ""É licença [ambiental] sem consulta às comunidades atingidas, sem estudos ambientais e sem atender ao MPF."""
70,4,rodrigo agostinho,Rodrigo Agostinho,Deputado (PSB-SP),PSB,SP,DEPUTY,2022-08-03,BOLSONARO,EXACT,Rodrigo Agostinho,9,8238,"Criticou o 'tempo recorde' com que o Inea concedeu as licenças para o empreendimento. | Pretende comunicar os fatos aos respectivos presidentes das comissões, sugerindo visitas ao local e audiências com autoridades ainda não ouvidas. | O Inea está bastante ausente até agora."
70,5,karpowership kps,Karpowership (KPS),Empresa turca,,,CIVIL_SOCIETY_OR_OTHER,2022-08-03,BOLSONARO,NONE,,0,0,"Informou que não foi notificada oficialmente sobre a decisão judicial. | Acrescentou que 'o projeto cumpriu todos os trâmites do órgão ambiental', 'tem baixo impacto' e está 'próximo à subestação de Furnas, facilitando sua conexão ao sistema'."
71,0,rogerio correia,Rogério Correia,Deputado (PT-MG),PT,MG,DEPUTY,2022-07-15,BOLSONARO,EXACT,Rogério Correia,16,32075,"Há uma preocupação em Minas de que a venda da empresa crie um monopólio privado regional, com prática de preços abusivos. Situação semelhante ocorreu na Bahia após a privatização da Refinaria Landulpho Alves (Rlam), em 2021. | ""Há uma preocupação grande do povo mineiro em relação a esse processo de privatização da Regap. Há uma preocupação de aumento de preços, que já não estão baixos, da gasolina, do diesel."""
71,1,alexandre finamori,Alexandre Finamori,Coordenador geral do Sindicato dos Trabalhadores na Indústria de Destilação e Refinação do Petróleo no Estado de Minas Gerais (Sindpetro-MG),,,CIVIL_SOCIETY_OR_OTHER,2022-07-15,BOLSONARO,TOKEN_SUBSET,ALEXANDRE FINAMORI FRANÇA BAPTISTA,3,20564,"A possibilidade de criação de um monopólio privado já foi atestada pelo Tribunal de Contas da União (TCU): ""Não há nenhum estudo, feito por ninguém, que leve a uma análise clara de que vai ter competitividade, vai ter redução de preço."""
71,2,deyvid bacelar,Deyvid Bacelar,Coordenador-geral da Federação Única dos Petroleiros (FUP),,,CIVIL_SOCIETY_OR_OTHER,2022-07-15,BOLSONARO,TOKEN_SUBSET,DEYVID SOUZA BACELAR DA SILVA,2,17272,"Rebateu o argumento dos defensores da privatização das refinarias de que a transferência dos ativos para as mãos privadas vai aumentar a competitividade no setor, reduzindo os preços para o consumidor: ""A Regap é importante para o estado de Minas Gerais. Se for privatizada, vamos ter preços ainda mais altos e desabastecimento de combustível."" | ""Desde a quebra do monopólio [1997], nenhuma refinaria foi construída pelo capital privado."""
71,3,eric futino,Eric Futino,Gerente geral de Planejamento Logístico da Petrobras,,,CIVIL_SOCIETY_OR_OTHER,2022-07-15,BOLSONARO,FIRST_LAST,ERIC MARCOS FUTINO,5,11138,"A venda da Regap faz parte de um acordo fechado em 2019 pela Petrobras com o Conselho Administrativo de Defesa Econômica (Cade) para encerrar uma investigação sobre conduta anticompetitiva da estatal no setor. A decisão não significa que a companhia vai abandonar a atividade de refino. | ""A Petrobras tem uma atuação estratégica no refino e ela é consistente com a priorização das atividades de exploração e produção no pré-sal, nas bacias de Campos e Santos e com a integração logística das refinarias de São Paulo e do Rio de Janeiro."" | A estatal está investindo na modernização das refinarias que permanecerão sob seu controle: ""Isso vai garantir maior qualidade de produtos para a população e maior quantidade para o País."""
71,4,eduardo costa pinto,Eduardo Costa Pinto,"Pesquisador do Instituto de Estudos Estratégicos de Petróleo, Gás Natural e Biocombustíveis (Ineep)",,,CIVIL_SOCIETY_OR_OTHER,2022-07-15,BOLSONARO,EXACT,EDUARDO COSTA PINTO,4,16419,"A Petrobras está passando por um processo de privatização 'por dentro', por meio da venda de ativos. | De 2016 até o primeiro trimestre de 2022, a estatal se desfez de 46 ativos, arrecadando R$ 145 bilhões (ao preço de 31 de março): ""Existe uma estratégia política de encolher a empresa. É necessário mudar essa gestão de portfólio e colocar a Petrobras no centro da política energética."""
72,0,lucas da silva,Lucas da Silva,Diretor-adjunto do Sindicato Nacional dos Auditores Fiscais do Trabalho,,,CIVIL_SOCIETY_OR_OTHER,2022-07-14,BOLSONARO,FIRST_LAST,LUCAS REIS DA SILVA,8,16377,"A responsabilização de grandes empresas nacionais e multinacionais que contratam empresas praticantes de trabalho escravo é essencial para prevenir o problema. | Em 2021 foram resgatados 310 trabalhadores em situação análoga à de trabalho escravo em 20 fazendas de Minas Gerais: ""O rastreamento dessa produção indica que esse café – produzido no sul de Minas e no Triângulo Mineiro, utilizando mão-de-obra escrava de mulheres e homens brasileiros –, ele era adquirido no comércio internacional e exportado inclusive para grandes empresas da Itália."""
72,1,italvar medina,Italvar Medina,Representante do Ministério Público do Trabalho,,,SUBNATIONAL_OR_OTHER_STATE,2022-07-14,BOLSONARO,FIRST_LAST,ITALVAR FILIPE DE PAIVA MEDINA,6,6780,"A situação do trabalho escravo vem sendo agravada pelo desemprego e pelo aumento da fome. | É preciso repor as 1.600 vagas de auditores fiscais do Trabalho que estão abertas, mas não há concursos desde 2014."
72,2,rogerio correia,Rogério Correia,Deputado (PT-MG),PT,MG,DEPUTY,2022-07-14,BOLSONARO,EXACT,Rogério Correia,57,35503,"As reformas trabalhistas que vêm sendo feitas nos últimos anos também pioram a situação: ""Segundo eles, é melhor ter trabalhadores com empregos e sem direitos, ou com menos direitos, do que desempregados. E nós queremos trabalhadores empregados com direitos. É o mínimo. Infelizmente, essa concepção do governo, alardeando sempre que o problema são os direitos; isso só faz incentivar os empregadores ou maus empregadores. Eles, em vez de executar os direitos, burlam esses direitos até com trabalho análogo à escravidão."" | Vai propor a criação de um grupo de trabalho para analisar os projetos de lei em tramitação defendidos pelas entidades e a formação de uma equipe para visitar algumas fazendas de café mineiras."
72,3,jorge dos santos filho,Jorge dos Santos Filho,Coordenador da Articulação dos Empregados Rurais de Minas Gerais,,,CIVIL_SOCIETY_OR_OTHER,2022-07-14,BOLSONARO,FIRST_LAST,JORGE FERREIRA DOS SANTOS FILHO,6,14016,Pediu para que as visitas às fazendas ocorram nas próximas semanas porque o café está em época de colheita.
72,4,luiz henrique lopes,Luiz Henrique Lopes,Representante do Ministério do Trabalho e Previdência,,,FEDERAL_EXECUTIVE,2022-07-14,BOLSONARO,FIRST_LAST,LUIZ HENRIQUE RAMOS LOPES,1,8340,"Somente em 2022 foram resgatados 841 trabalhadores em situação de escravidão, sendo que 273 em apenas uma fazenda de cana-de-açúcar em João Pinheiro, Minas Gerais. | Outros setores autuados foram carvão vegetal, pecuária bovina e serviços domésticos. | As denúncias podem ser feitas no endereço eletrônico ipe.sit.trabalho.gov.br."
72,5,livia miraglia,Lívia Miraglia,Estudiosa da Clínica de Enfrentamento ao Trabalho Escravo da Universidade Federal de Minas Gerais (UFMG),,,CIVIL_SOCIETY_OR_OTHER,2022-07-14,BOLSONARO,FIRST_LAST,LÍVIA MENDES MOREIRA MIRAGLIA,2,6839,"De cada 100 pessoas que poderiam ser presas pela prática de trabalho escravo, apenas 4 estão presas efetivamente devido à lentidão dos processos."
73,0,mauro de oliveira freitas,Mauro de Oliveira Freitas,Representante do Conselho Nacional dos Direitos da Pessoa Idosa (CNDPI),,,CIVIL_SOCIETY_OR_OTHER,2022-07-13,BOLSONARO,FIRST_LAST,MAURO MOREIRA DE OLIVEIRA FREITAS,1,7247,"Defendeu a 'função social do seguro' e que o excedente de custos com as apólices de idosos sejam redistribuídos entre a sociedade. | Afirmou que 'temos a cultura de beneficiar, por uma questão de cálculo matemático, a parte jovem da sociedade — que cada vez está ficando menor — em detrimento da parte da sociedade que está envelhecendo, que cada vez é maior'. | Alertou que 'vamos ter um problema sério de 25% da população sem cobertura ou com um tipo de cobertura extremamente frágil'."
73,1,vilson da fetaemg,Vilson da Fetaemg,Deputado (PSB-MG),PSB,MG,DEPUTY,2022-07-13,BOLSONARO,EXACT,Vilson da Fetaemg,4,5705,"Reconheceu a necessidade de o mercado de seguros desenvolver um produto específico para idosos. | Afirmou que o objetivo seria enfatizar o lado social da cobertura, e não apenas o lucro. | Observou que 'a seguradora talvez não veja a gente pelo lado social, mas como um objeto. Enquanto me interessa aquele objeto, ele me interessa, mas depois que esse objeto já ficou desgastado pelo tempo já não é importante para mim'."
73,2,luiz leganani,Luiz Leganani,"Representante da Coba, que reúne aposentados e pensionistas idosos",,,CIVIL_SOCIETY_OR_OTHER,2022-07-13,BOLSONARO,NONE,,0,0,"Alertou que muitas seguradoras se negam a realizar contratos com idosos, no caso de primeira apólice. | Afirmou que as seguradoras desrespeitam a legislação e as regras da Superintendência de Seguros Privados (Susep), pelas quais a faixa etária não pode ser definida como regra de contratação. | Disse que 'a prática das seguradoras é abusiva, pois contraria o Estatuto do Idoso, pelo qual nenhum idoso será objeto de qualquer tipo de negligência, discriminação, violência e crueldade ou opressão'. | Acrescentou que grande parcela de idosos é analfabeta."
73,3,beatriz herrans,Beatriz Herrans,"Representante da Fenaprevi, que reúne empresas do setor de seguros",,,CIVIL_SOCIETY_OR_OTHER,2022-07-13,BOLSONARO,NONE,,0,0,"Afirmou que a aplicação da idade no cálculo de prêmio não configura discriminação da pessoa idosa, e sim garante o equilíbrio financeiro do contrato: ""Eles são fundamentais para o equilíbrio do seguro e para garantir a proteção financeira dos beneficiários dos clientes falecidos."" | Sugeriu o seguro de vida com prêmio constante, com prazo de vigência vitalício, como opção de contratos de longo prazo. | Salientou que as seguradoras cumprem a vigência do contrato, afastando a possibilidade de rescisão unilateral."
73,4,marcelo de souza do nascimento,Marcelo de Souza do Nascimento,Representante do Instituto de Defesa do Consumidor (Procon–DF),,,CIVIL_SOCIETY_OR_OTHER,2022-07-13,BOLSONARO,EXACT,MARCELO DE SOUZA DO NASCIMENTO,1,8087,"Alertou para a falta de clareza na negociação de contratos de seguro com clientes idosos. | Comentou que 'quando o idoso vai contratar, ele não obtém as informações claras, legíveis e ostensivas. Geralmente nos contratos essas cláusulas restritivas de direitos são colocadas em letras miúdas'. | Observou que os Procons não conseguem auxiliar os idosos em demandas urgentes, como é o caso de problemas na cobertura de seguro de vida e de saúde. | Pontuou que 'infelizmente, eles acabam procurando a defensoria pública para ajuizamento de ação ou advogados para obter uma medida liminar na Justiça'."
74,0,diego alves,Diego Alves,Presidente do Conselho Nacional dos Direitos da Criança e do Adolescente (Conanda),,,CIVIL_SOCIETY_OR_OTHER,2022-07-11,BOLSONARO,FIRST_LAST,DIEGO BEZERRA ALVES,1,11037,"""A gente precisa refazer esse pacto para ir além das palavras, além do texto da Constituição e da lei, para que se transforme em ações reais na sociedade."""
74,1,ana paula motta,Ana Paula Motta,Professora da Universidade Federal do Rio Grande do Sul (UFRGS),,,CIVIL_SOCIETY_OR_OTHER,2022-07-11,BOLSONARO,TOKEN_SUBSET,ANA PAULA MOTTA COSTA,1,7922,"O ECA trouxe avanços como a redução da mortalidade de crianças e a ampliação do acesso à escola. | O País vive hoje um processo de precarização da vida de crianças e adolescentes: ""A morte de um adolescente significa que nós, adultos, sociedade, família, escola, Estado não conseguimos proteger o desenvolvimento desse sujeito. É um processo de precarização da vida que eu chamo de ‘juvenicídio’."""
74,2,ana maria vilareal,Ana Maria Vilareal,Coordenadora Nacional de Combate à Exploração do Trabalho da Criança e do Adolescente (Coordinfância) do Ministério Público do Trabalho,,,CIVIL_SOCIETY_OR_OTHER,2022-07-11,BOLSONARO,NONE,,0,0,"""Com a gente voltando para o Mapa da Fome, vamos ter uma explosão do trabalho infantil. Estamos na iminência de aumentar uma tragédia."" | Uma pesquisa do IBGE de 2019 mostrou que o Brasil tem 1,8 milhão de crianças e adolescentes em situação de trabalho infantil: ""Quando a criança está em trabalho infantil, ela tem todos os seus direitos violados."""
74,3,maria do rosario,Maria do Rosário,Deputada (PT-RS),PT,RS,DEPUTY,2022-07-11,BOLSONARO,EXACT,MARIA DO ROSÁRIO,2,7009,"""Eu vejo nos dias atuais que a criança e o adolescente são um espelho do abandono total em que se encontram as famílias brasileiras. São 33 milhões de pessoas colocadas em situação de insegurança alimentar, condição que nós já havíamos superado."""
74,4,lucas lopes,Lucas Lopes,Representante da Coalizão Brasileira pelo fim da Violência contra Crianças e Adolescentes,,,CIVIL_SOCIETY_OR_OTHER,2022-07-11,BOLSONARO,EXACT,LUCAS LOPES,1,9763,"Cobra uma maior participação de crianças e adolescentes no planejamento das políticas públicas para essa faixa etária: ""O plano nacional de enfrentamento à violência contra crianças e adolescentes, recentemente publicado pelo governo federal, foi construído com a participação de pessoas físicas e sem organizações da sociedade civil. Crianças e adolescentes não foram escutados."""
74,5,erika kokay,Erika Kokay,Deputada (PT-DF),PT,DF,DEPUTY,2022-07-11,BOLSONARO,EXACT,Erika Kokay,4,10136,Cobra uma maior participação de crianças e adolescentes no planejamento das políticas públicas para essa faixa etária.
74,6,celio moura,Celio Moura,Deputado (PT-TO),PT,TO,DEPUTY,2022-07-11,BOLSONARO,EXACT,Célio Moura,14,10627,Cobra uma maior participação de crianças e adolescentes no planejamento das políticas públicas para essa faixa etária.
75,0,adriane reis de araujo,Adriane Reis de Araújo,Procuradora regional do Trabalho,,,CIVIL_SOCIETY_OR_OTHER,2022-07-07,BOLSONARO,EXACT,ADRIANE REIS DE ARAÚJO,1,5090,"Criticou o financiamento de creche via FGTS: ""As creches são um serviço público que deve ser ofertado pelo Estado. E dentro da Consolidação das Leis do Trabalho (CLT), a previsão é de que empregadores tenham creches em seus espaços de trabalho"". | ""A trabalhadora, neste momento de suspensão, passa a receber uma bolsa-qualificação, que atualmente é um valor inferior ao salário mínimo, não tem os seus direitos garantidos e isso interfere inclusive em sua aposentadoria, porque ela precisa contribuir pessoalmente para que continue contando o tempo de serviço"" | Criticou a interferência do empregador nesta suspensão contratual e a ausência da participação do sindicato neste tipo de negociação, o que é previsto pela CLT."
75,1,lydiane machado e silva,Lydiane Machado e Silva,Procuradora do Trabalho,,,CIVIL_SOCIETY_OR_OTHER,2022-07-07,BOLSONARO,EXACT,LYDIANE MACHADO E SILVA,1,4441,"Falou contra o uso de recursos do fundo: ""Os governos municipais e estaduais que teriam a obrigação de fornecer à mulher essa rede de apoio, mediante creches e escolas de qualidade, se eximem e substituem por um simples reembolso, que por vezes não vai cobrir o valor total da creche""."
75,2,rosangela silva rassy,Rosângela Silva Rassy,Diretora do Sindicato Nacional dos Auditores-Fiscais do Trabalho,,,CIVIL_SOCIETY_OR_OTHER,2022-07-07,BOLSONARO,EXACT,ROSÂNGELA SILVA RASSY,2,7420,"Foi contrária ao trecho da MP que desobriga as empresas que adotarem o auxílio via FGTS de instalar creches em suas dependências: ""O que a medida provisória está propondo é que se esqueça o artigo da CLT. Não podemos pensar na possibilidade de esse artigo existir"". | Reforçou a importância de proteger a maternidade lembrando que no país há mais de 15 milhões de mulheres em idade fértil (acima de 16 anos)."
75,3,juvandia moreira leite,Juvândia Moreira Leite,Dirigente da Central Única dos Trabalhadores (CUT),,,CIVIL_SOCIETY_OR_OTHER,2022-07-07,BOLSONARO,EXACT,JUVÂNDIA MOREIRA LEITE,2,5686,"Alertou que a medida flexibiliza e retira direito das mulheres: ""Coloca a responsabilidade do desemprego das mulheres nelas próprias e em seus direitos"". ""Essa MP diz que você vai trabalhar mais, se pagar sua creche com seu FGTS, mas garantir isso é obrigação do Estado""."
75,4,glenda cruz correa,Glenda Cruz Corrêa,Representante do Ministério do Trabalho,,,FEDERAL_EXECUTIVE,2022-07-07,BOLSONARO,FIRST_LAST,GLENDA CRISTINE CRUZ CORRÊA,2,7346,"Reforçou que a MP inova ao disciplinar por lei o reembolso à creche que hoje é previsto em portaria da pasta, mas sem o uso do FGTS. A ideia é ""dar maior segurança jurídica para a matéria"". | Observou que a manutenção e o custeio de instituições de educação infantil continua sendo responsabilidade dos serviços sociais do setor de indústria, de comércio e dos transportes (este incluído pela MP)."
75,5,luciana paula conforti,Luciana Paula Conforti,Representante da Associação Nacional dos Magistrados da Justiça do Trabalho (Anamatra),,,CIVIL_SOCIETY_OR_OTHER,2022-07-07,BOLSONARO,EXACT,LUCIANA PAULA CONFORTI,1,4849,"Fez a ressalva de que a criação de um selo para estimular as empresas a adotarem boas práticas de empregabilidade feminina não garante proteção contra assédio moral e sexual: ""Temos que prestar atenção na qualidade dessas vagas de trabalho para que as mulheres não sejam vítimas de violência e assédio, principalmente diante das denúncias recentes em empresas públicas federais"". | Defendeu medidas legais mais coercitivas, como a integração ao ordenamento jurídico de norma da OIT sobre combate ao assédio contra a mulher."
75,6,bia kicis,Bia Kicis,Deputada (PL-DF),PL,DF,DEPUTY,2022-07-07,BOLSONARO,EXACT,Bia Kicis,23,14045,"Defendeu a criação do selo: ""O que a MP fomenta com o selo é trabalhar exatamente na transformação cultural para que as empresas percebam que esse selo acaba atraindo o olhar de simpatia da sociedade para aquela empresa, e isso acaba afetando o lucro""."
76,0,luciana barrancos,Luciana Barrancos,Pesquisadora do Instituto Cactus,,,CIVIL_SOCIETY_OR_OTHER,2022-07-07,BOLSONARO,FIRST_LAST,LUCIANA ROSSI BARRANCOS,2,9553,"""Os dados consolidados mais recentes e publicados sobre saúde mental datam de 2015, o Saúde Mental em Dados [relatório publicado pelo Ministério da Saúde]"" | Além de dados, faltam monitoramento e avaliação dos serviços prestados, transparência no uso de recursos públicos e incentivo a pesquisas no setor | ""De 2002 a 2020 foram financiados 6.500 projetos de pesquisa em saúde, totalizando R$ 1,4 bilhão, mas em saúde mental especificamente foram apenas 249 projetos, ao custo de cerca de R$ 27 milhões — menos do que 2% do total da pesquisa em saúde"""
76,1,lucio costa,Lúcio Costa,Pesquisador da organização Desinstitute,,,CIVIL_SOCIETY_OR_OTHER,2022-07-07,BOLSONARO,EXACT,LUCIO COSTA,2,15695,"Com a ausência do Ministério da Saúde, a instituição decidiu montar um painel com dados dos últimos 20 anos | ""É importante notar que os últimos quatro anos compõem o período com menos Caps [Centros de Atenção Psicossocial] implantados pelo governo federal desde 2004"" | Lamentou a suspensão, pelo governo federal, do Programa Nacional de Avaliação das Instituições Psiquiátricas no Brasil: ""Isso significa que o Ministério da Saúde desconhece a realidade das instituições psiquiátricas que ele decide financiar"" | Criticou a decisão do governo de priorizar investimentos em hospitais psiquiátricos e em comunidades terapêuticas em prejuízo dos Caps"
76,2,leonardo pinho,Leonardo Pinho,Presidente da Associação Brasileira de Saúde Mental,,,CIVIL_SOCIETY_OR_OTHER,2022-07-07,BOLSONARO,EXACT,LEONARDO PINHO,1,5856,"A falta de informações compromete a racionalidade dos investimentos no setor: ""Não podemos nos dar o luxo de pegar dinheiro público para passar para instituições privadas que operam sem nenhum critério. O que manda na destinação desses recursos é o lobby, é o interesse político e privado baseado no isolamento e na exclusão dos usuários e das usuárias"""
76,3,mauricio fiore,Maurício Fiore,Representante da Conectas Direitos Humanos,,,CIVIL_SOCIETY_OR_OTHER,2022-07-07,BOLSONARO,EXACT,MAURÍCIO FIORE,2,13047,"Criticou a falta de transparência na destinação de recursos para comunidades terapêuticas: ""O tripé que sustenta a atuação delas é disciplina e trabalho combinados com religiosidade, espiritualidade e abstinência. Não há evidências na literatura internacional que sustentem a eficácia das comunidades terapêuticas em comparação a outras formas de tratamento"""
76,4,erika kokay,Erika Kokay,Deputada (PT-DF),PT,DF,DEPUTY,2022-07-07,BOLSONARO,EXACT,Erika Kokay,26,19085,"Lamentou a falta de critérios objetivos do governo federal para a destinação de recursos para a saúde mental: ""Não tem controle público nem padronização nem mecanismos de avaliação. Os recursos que vão para a comunidade terapêutica poderiam ir para rede de assistência psicossocial, na lógica de cuidado em liberdade, porque não se cuida se não for em liberdade."""
76,5,rafael ribeiro,Rafael Ribeiro,Coordenador-geral de Saúde Mental do Ministério da Saúde,,,CIVIL_SOCIETY_OR_OTHER,2022-07-07,BOLSONARO,FIRST_LAST,RAFAEL BERNARDON RIBEIRO,3,7709,"O governo já está trabalhando em um painel com indicadores da saúde mental em parceria com a Universidade de Brasília: ""É evidente que indicadores quantitativos são mais fáceis de serem criados, mas eu acho que tem como a gente caminhar também para indicadores de resultados"" | Com a migração dos sistemas para o novo prontuário eletrônico do cidadão, será possível gerar mais dados tanto sobre os pacientes quando sobre a rede de atenção psicossocial, que, segundo ele, soma 2800 Caps e 224 unidades ambulatoriais | O governo federal também está realizando um censo para avaliar a qualidade de toda a rede de atenção psicossocial, em parceria com a Universidade Federal do Rio Grande do Sul | Anunciou ainda um edital com R$ 4 milhões para projetos de pesquisa em saúde mental"
77,0,elias vaz,Elias Vaz,Deputado (PSB-GO),PSB,GO,DEPUTY,2022-06-30,BOLSONARO,EXACT,Elias Vaz,14,25224,"""A maioria das gestões entende este como sendo um problema entre empresa e usuário. Mas é um problema de lógica de mobilidade urbana e de ordenamento das metrópoles, das cidades, de uma forma geral."" | ""O transporte precisa se tornar uma política pública de Estado e não podemos deixar o ente com maior arrecadação [a União] fora do processo."""
77,1,marcos bicalho dos santos,Marcos Bicalho dos Santos,Diretor administrativo e institucional da Associação Nacional das Empresas de Transportes Urbanos (NTU),,,CIVIL_SOCIETY_OR_OTHER,2022-06-30,BOLSONARO,EXACT,MARCOS BICALHO DOS SANTOS,3,20400,"Desde o início da pandemia, as empresas foram impactadas por suspensões de atividades e de contratos e até pelo encerramento de atividades | Os custos dos sistemas de transportes não devem ser financiados pela tarifa cobrada do usuário. Isso porque, se a demanda cai, mas a oferta não cai, o diferencial entre custo e receita se acumula e afeta a qualidade do serviço: ""Essa qualidade hoje está engessada e presa pelos preços das tarifas. A gente tem que ter uma tarifa modica. Essa tarifa acaba condicionando a qualidade da prestação do serviço público. Na medida que a gente separa, o órgão público gestor do serviço vai poder estabelecer o nível de qualidade que ele suporta pagar."""
77,2,sebastiao melo,Sebastião Melo,Prefeito de Porto Alegre (RS) e vice-presidente de Mobilidade Urbana da Frente Nacional dos Prefeitos (FNP),,,CIVIL_SOCIETY_OR_OTHER,2022-06-30,BOLSONARO,EXACT,SEBASTIÃO MELO,3,18358,"O setor precisa de um financiamento perene: ""É o BNDES? Não se faz metrô com dinheiro do IPTU. Não se compra BRT com dinheiro de ISS. Os países capitalistas, socialistas, comunistas, todos botam dinheiro, porque só a receita tarifária não dá conta."" | A gratuidade de tarifas para idosos, da forma que funciona hoje, foi criticada: ""A idade é suficiente para a gratuidade ou é necessidade? Um juiz aposentado, um empresário, hoje entra no ônibus e não paga. Agora, o camelô que vai lutar pelo litro de leite, ele paga a passagem. Quem tem 65 anos não paga, mas o operário de 20 paga."""
77,3,rafael calabria,Rafael Calabria,Coordenador de Mobilidade Urbana do Instituto Brasileiro de Defesa do Consumidor (Idec),,,CIVIL_SOCIETY_OR_OTHER,2022-06-30,BOLSONARO,EXACT,RAFAEL CALABRIA,6,34500,"Defendeu um financiamento estrutural não tarifário do setor. | O transporte coletivo supera limites municipais, o que demandaria, além de modelos regionais, apoio técnico federal às pequenas cidades. | ""O debate importante é de como fazer a conta. Hoje, ainda é feita por passageiro. Por passageiro, o custo do número de viagens não importa, porque vai receber por pessoa. O pagamento do custo dá mais estabilidade para o sistema, vincula as partidas, as execuções das viagens. Se não fizer a partida, não recebe."" | Criticou os contratos muitos longos – alguns de 40 anos – que costumam ser firmados para o setor. A prática, segundo ele, inviabiliza mudanças."
78,0,henrique jager,Henrique Jager,"Economista e pesquisador do Instituto de Estudos Estratégicos de Petróleo, Gás Natural e Biocombustíveis (Ineep)",,,CIVIL_SOCIETY_OR_OTHER,2022-06-29,BOLSONARO,EXACT,HENRIQUE JAGER,10,26245,"Considera o contrato prejudicial porque a compradora vai pagar metade do que a Petrobras pagava em royalties ao estado, município e União: ""É um absurdo! A Agência Nacional de Petróleo (ANP) exigiu que a Petrobras pagasse ‘royalties’ de 10%, mas o comprador vai pagar 5%""."
78,1,omar picheth,Omar Picheth,"Presidente da Câmara Municipal de São Mateus do Sul, vereador (Pros)",,,CIVIL_SOCIETY_OR_OTHER,2022-06-29,BOLSONARO,EXACT,OMAR PICHETH,4,7251,"Lembra que a tecnologia Petrosix é única no mundo e está sendo passada sem ter sido mensurada no contrato. | Queixa-se de que a venda da SIX vai trazer grandes prejuízos para o município: ""O nosso município é muito dependente da SIX. A perda da unidade vai corresponder a aproximadamente 40% dos impostos do município. A gente vai ter um grande vazio que, infelizmente, não temos condições de compor e recompor""."
78,2,mario alberto dal zot,Mário Alberto Dal Zot,Presidente da Associação Nacional dos Petroleiros Acionistas Minoritários da Petrobras (Anapetro),,,CIVIL_SOCIETY_OR_OTHER,2022-06-29,BOLSONARO,EXACT,MARIO ALBERTO DAL ZOT,2,11440,"Denunciou o que considera outra ilegalidade no processo de venda: ""O processo de venda foi direcionado para essa empresa que participou, de 2007 até 2012, do processo de internacionalização do Petrosix, recebendo informações privilegiadas, chegando até a espionagem industrial""."
78,3,enio verri,Enio Verri,Deputado (PT-PR),PT,PR,DEPUTY,2022-06-29,BOLSONARO,EXACT,Enio Verri,28,11205,"Citou o caso da Bahia, onde a privatização da refinaria de Rilam trouxe aumento do preço dos combustíveis no estado. Para ele, o processo de privatização de refinarias da Petrobras não vai trazer concorrência para o setor, como defende o governo e a direção da estatal brasileira de Petróleo: ""A privatização da Petrobras não vai aumentar a concorrência, vai apenas transferir o monopólio público para o privado. E já está provado, com a experiência da Bahia, que o privado sempre vai custar muito mais caro ao povo. O privado vai priorizar o lucro e não o que é melhor para a população"""
79,0,pedro paulo,Pedro Paulo,"Deputado (PSD-RJ), relator da matéria",PSD,RJ,DEPUTY,2022-06-28,BOLSONARO,EXACT,PEDRO PAULO,2,15867,"Trabalha em alterações no texto para diferenciar o tratamento dado ao bom contribuinte do recebido por sonegadores, fraudadores e devedores contumazes. | Muitas das sugestões das entidades já foram atendidas no substitutivo que ele deve apresentar ainda nesta semana à comissão. | Vai manter a ideia original do projeto de harmonizar as relações entre fisco e o contribuinte. | O substitutivo deixa de proibir as fazendas públicas de editar atos normativos, mas passará a prever a participação de representantes dos contribuintes no processo. | Optou por permitir o apoio policial em processos de fiscalização de contribuintes sem a necessidade de autorização judicial, desde que seja apresentada justificativa. | Vai retirar do texto a parte que impedia as autoridades tributárias de bloquear, suspender ou cancelar a inscrição de contribuintes antes da decisão terminativa do processo administrativo."
79,1,mauro silva,Mauro Silva,Presidente da Associação Nacional dos Auditores Fiscais da Receita Federal do Brasil (Unafisco),,,CIVIL_SOCIETY_OR_OTHER,2022-06-28,BOLSONARO,EXACT,MAURO SILVA,3,11866,"""Para os que cumprem [as obrigações tributárias], temos que simplificar e facilitar [a cobrança]. Para os que tentam cumprir e, por algum motivo não conseguem, temos que instruí-los e auxiliá-los. Já para os que estão decididos a não cumprir, temos que aplicar a força mais rigorosa da lei."""
79,2,fernando mombelli,Fernando Mombelli,Subsecretário de Tributação e Contencioso da Secretaria Especial da Receita Federal do Brasil,,,CIVIL_SOCIETY_OR_OTHER,2022-06-28,BOLSONARO,EXACT,FERNANDO MOMBELLI,4,8206,"""Quando nós colocamos empecilhos ou colocamos alterações que inibem, dificultam ou deixam a fiscalização sem seus principais pontos de atuação, nós estamos privilegiando aquele que é o mau contribuinte."""
79,3,isac moreno santos,Isac Moreno Santos,Presidente do Sindicato Nacional dos Auditores Fiscais da Receita Federal (Sindifisco),,,CIVIL_SOCIETY_OR_OTHER,2022-06-28,BOLSONARO,FIRST_LAST,ISAC MORENO FALCÃO SANTOS,1,3939,"Preocupação com trechos da proposta que vedam a edição de normas infralegais pela fazenda pública e que passam a exigir autorização judicial para o uso de força policial em diligências no estabelecimento do contribuinte: ""Em muitos casos, precisar de autorização judicial para solicitar força policial inviabiliza a fiscalização."""
79,4,ricardo luiz de souza,Ricardo Luiz de Souza,"Representante do Comitê Nacional dos Secretários de Fazenda, Finanças, Receita e Tributação dos Estados e do Distrito Federal (Comsefaz)",,,CIVIL_SOCIETY_OR_OTHER,2022-06-28,BOLSONARO,FIRST_LAST,RICARDO LUIZ OLIVEIRA DE SOUZA,1,3956,"Mudanças previstas no projeto acabam promovendo uma 'blindagem patrimonial do sonegador': ""Nós afirmamos que se trata de implementar uma blindagem patrimonial, porque exatamente inviabiliza a ação do fisco de reter o patrimônio pessoal, da própria empresa e dos laranjas que eventualmente possam responder pelo crédito tributário."""
79,5,francelino valenca junior,Francelino Valença Junior,Diretor da Federação Nacional do Fisco Estadual e Distrital (Fenafisco),,,CIVIL_SOCIETY_OR_OTHER,2022-06-28,BOLSONARO,FIRST_LAST,FRANCELINO DAS CHAGAS VALENÇA JUNIOR,1,5201,"Da maneira como está, o projeto pode ser chamado de 'código de defesa do sonegador': ""Um auditor fiscal que lança uma multa em caso de sonegação e por algum motivo aquele auto [de infração] se torna improcedente, por uma mera não observância de uma formalidade, ele será, pelo projeto, obrigado a fazer reparação patrimonial do contribuinte. Eu pergunto: vocês acham que alguém nas receitas estaduais e municipais ou da Receita Federal vai fazer alguma atuação sabendo que, se o auto cair, ele terá que ressarcir o contribuinte?"""
80,0,augusto coutinho,Augusto Coutinho,Deputado (Republicanos-PE),REPUBLICANOS,PE,DEPUTY,2022-06-28,BOLSONARO,EXACT,Augusto Coutinho,21,13683,"Apresentará substitutivo a uma proposta do Poder Executivo que trata do lobby junto ao poder público. | A proposta não é um projeto de governo ou de oposição, mas sim do País. | Considerará, além do principal e do apensado, o PL 1202/07, também de Carlos Zarattini e pronto para o Plenário: ""A gente tem como harmonizar os projetos, acho que essa será a solução para que possamos avançar."""
80,1,marcio goncalves,Marcio Gonçalves,Diretor da Controladoria-Geral da União (CGU),,,CIVIL_SOCIETY_OR_OTHER,2022-06-28,BOLSONARO,FIRST_LAST,MÁRCIO DENYS PESSANHA GONÇALVES,1,4601,"Defendeu a versão original do Executivo: ""Hoje temos total certeza de que o PL 4391/21 atende aos dez princípios da OCDE para integridade e transparência do lobby."" | O governo Bolsonaro já se antecipou quanto à regulamentação do tema com o Decreto 10.889/21, que tornou obrigatória a divulgação de agendas dos agentes públicos e dos compromissos com representantes do setor privado."
80,2,luiz alberto dos santos,Luiz Alberto dos Santos,"Consultor do Senado, representando o Departamento Intersindical de Assessoria Parlamentar (Diap)",,,CIVIL_SOCIETY_OR_OTHER,2022-06-28,BOLSONARO,EXACT,LUIZ ALBERTO DOS SANTOS,1,5643,Afirmou que o texto do Executivo é insuficiente. | O relator Augusto Coutinho deveria levar em conta os quase 38 anos de discussões e análises sobre o tema no Congresso Nacional.
80,3,carlos zarattini,Carlos Zarattini,Deputado (PT-SP),PT,SP,DEPUTY,2022-06-28,BOLSONARO,NONE,,0,0,"É necessário diferenciar os profissionais daqueles que incorrem em práticas delituosas: ""A lei do lobby não é panaceia, mas suprirá lacuna essencial."""
80,4,andrea gozetto,Andréa Gozetto,Consultora da Rede de Advocacy Colaborativo (RAC),,,CIVIL_SOCIETY_OR_OTHER,2022-06-28,BOLSONARO,EXACT,ANDRÉA GOZETTO,1,4059,"Defendeu mudanças no texto do Executivo por meio de 11 emendas do deputado Felipe Rigoni. | ""O lobby acontece de diversas maneiras, mandando e-mail, fazendo campanha em redes sociais. Se o objetivo disso é influenciar os tomadores de decisão, então deve ser considerado lobby."""
80,5,adriana ventura,Adriana Ventura,"Deputada (Novo-SP), presidente da Frente Parlamentar Mista Ética Contra a Corrupção",NOVO,SP,DEPUTY,2022-06-28,BOLSONARO,EXACT,ADRIANA VENTURA,1,3061,Defendeu regras para o lobby.
80,6,lafayette de andrada,Lafayette de Andrada,Deputado (Republicanos-MG),REPUBLICANOS,MG,DEPUTY,2022-06-28,BOLSONARO,EXACT,LAFAYETTE DE ANDRADA,3,5220,"Defendeu regras para o lobby. | ""Cada decisão que é tomada tem repercussão fortíssima na sociedade. Quando afeta algum ramo da atividade econômica ou nicho específico, eles precisam ser escutados, e é disso que se trata o lobby."" | ""São as pessoas que são impactadas trazendo a sua visão, não há nada de não republicano nisso."""
81,0,luis rangel,Luís Rangel,Diretor de programa da secretaria executiva do Ministério da Agricultura,,,CIVIL_SOCIETY_OR_OTHER,2022-06-28,BOLSONARO,FIRST_LAST,LUIS EDUARDO PACIFICI RANGEL,2,20955,"Atribuiu à diplomacia o atual quadro de normalidade no abastecimento de fertilizantes no Brasil, mesmo em cenário de guerra na região que abriga as maiores reservas de insumos para o produto. | A primeira ação do governo foi de direcionar o trabalho da diplomacia para a questão dos insumos e fertilizantes: ""Deixou de agir na promoção do nosso agronegócio lá fora para garantir o abastecimento dos insumos que vinham de fora para dentro. Só da Rússia, nós aumentamos as importações em 70% no primeiro trimestre"". | Há dúvidas quanto aos reflexos da guerra na safra agrícola do hemisfério norte e nos preços internacionais dos insumos: ""O sinal é amarelo. Apesar de todos os esforços, o preço dos fertilizantes disparou e isso foi dramático para o que chamamos de custo variável de produção""."
81,1,reginaldo minare,Reginaldo Minaré,Diretor técnico da Confederação da Agricultura e Pecuária do Brasil (CNA),,,CIVIL_SOCIETY_OR_OTHER,2022-06-28,BOLSONARO,FIRST_LAST,REGINALDO LOPES MINARÉ,2,16241,"Elogiou a estratégia do governo de direcionar o trabalho da diplomacia para a questão dos insumos e fertilizantes. | Ressaltou a “acanhada” produção doméstica e a grande dependência do País em nitrogênio, fósforo e potássio (NPK) importados."
81,2,bosco costa,Bosco Costa,Deputado (PL-SE),PL,SE,DEPUTY,2022-06-28,BOLSONARO,EXACT,Bosco Costa,14,9483,"""A gente sabe que o agro vem dando grande contribuição ao PIB do Brasil, mas como 23% dos insumos dos fertilizantes vêm da Rússia, a guerra está prejudicando muito o setor""."
81,3,vinicius benites,Vinícius Benites,Presidente do Comitê Gestor de Nutrientes da Embrapa,,,CIVIL_SOCIETY_OR_OTHER,2022-06-28,BOLSONARO,FIRST_LAST,VINICIUS DE MELO BENITES,4,21175,"Não vê solução imediata para a dependência do Brasil na importação de fertilizantes: ""O Brasil depende e dependerá, por muito tempo, da importação de fertilizantes. O problema dos fertilizantes no Brasil é estrutural, geológico: as nossas fontes de fósforo e potássio não são suficientes para suprir a nossa demanda"". | O Brasil pode aproveitar a crise para investir em novas tecnologias, como redução da quantidade de adubação, aproveitamento de pastagens degradadas, nutrientes organominerais e o uso de resíduos orgânicos: ""O que existe de potássio em dejetos de suínos e aves é mais do que a (atual) produção nacional de potássio"""
81,4,amalia borsari,Amalia Borsari,Diretora de biológicos da Croplife Brasil,,,CIVIL_SOCIETY_OR_OTHER,2022-06-28,BOLSONARO,EXACT,AMÁLIA BORSARI,3,10907,"Mostrou avanços na produção de fertilizantes de base animal, vegetal e microbiana, que são produtos que permitem maior absorção de nutrientes, redução da dose de fertilizante e até substituição de fertilizantes, sobretudo os nitrogenados."
81,5,ricardo parahyba,Ricardo Parahyba,Superintendente de pesquisa da Agência Nacional de Mineração (ANM),,,CIVIL_SOCIETY_OR_OTHER,2022-06-28,BOLSONARO,FIRST_LAST,RICARDO EUDES PARAHYBA,9,4408,"Disse que, mesmo em caso de liberação da licença, ainda haverá muito tempo até a efetiva produção de potássio no Brasil."
82,0,mestre paizinho,Mestre Paizinho,Presidente da Companhia de Moçambique de São Benedito,,,CIVIL_SOCIETY_OR_OTHER,2022-06-27,BOLSONARO,NONE,,0,0,"Defende a aprovação urgente de projetos de lei que valorizam os mestres dos saberes e fazeres populares. | Cantou: ""Nós somos a cultura / cultura popular / e a lei dos mestres / com certeza vencerá"""
82,1,mestre alcides,Mestre Alcides,Presidente do Fórum para as Culturas Populares Tradicionais,,,CIVIL_SOCIETY_OR_OTHER,2022-06-27,BOLSONARO,NONE,,0,0,"Reclama que os textos estão em análise há 11 anos no Parlamento, enquanto muitos griôs da tradição oral têm morrido sem apoio nem o devido reconhecimento. | Cantou, ao som de um berimbau: ""Quando eu morrer, ah, quando eu morrer / para eu não penar / para eu não sofrer / pega meu axé / e planta no kizumbe // É muito importante trabalharmos nesse PL. São 11 anos e os mestres não esperam. Política pública e reconhecimento econômico para os mestres. Não dá mais para esperar"""
82,2,mae beth de oxum,Mãe Beth de Oxum,Responsável pelo Centro Cultural Coco de Umbigada de Olinda,,,CIVIL_SOCIETY_OR_OTHER,2022-06-27,BOLSONARO,NONE,,0,0,"Afirma que a cultura popular tem sido escondida e até marginalizada por governos e mídias. | Cantou: ""Cadê a rádio do povo preto? / Cadê a rádio do povo indígena? / Cadê a rádio da cultura? / Cadê a rádio das mulheres? / Cadê a rádio dos terreiros? / É cabeça de rádio, cabeça de rádio. // ‘Cabeça de rádio’ é uma provocação e reflexão sobre a mídia que invisibiliza a nossa música"""
82,3,mestre chico,Mestre Chico,Diretor do Centro Cultural Tambores de Angola e do Comitê dos Povos e Comunidades Tradicionais dos Pampas,,,CIVIL_SOCIETY_OR_OTHER,2022-06-27,BOLSONARO,NONE,,0,0,"Lembra que muitos ritmos – como jongo e forró – têm sido oficialmente declarados patrimônios nacionais pelo Iphan, mas sem o devido apoio aos artistas que mantêm essa arte viva."
82,4,mestre paulao kikongo,Mestre Paulão Kikongo,"Especialista em direitos culturais e pesquisador do Observatório do Patrimônio Cultural do Sudeste, da Universidade Federal do Estado do Rio de Janeiro (Unirio)",,,CIVIL_SOCIETY_OR_OTHER,2022-06-27,BOLSONARO,NONE,,0,0,"Afirma que falta incluir a cultura popular na economia. | Acrescenta que as propostas analisadas na Câmara valorizam os mestres da cultura popular nas ""dimensões simbólica, econômica e cidadã"", como já aconteceu na gestão de Gilberto Gil no extinto Ministério da Cultura."
82,5,erika kokay,Erika Kokay,Deputada (PT-DF),PT,DF,DEPUTY,2022-06-27,BOLSONARO,EXACT,Erika Kokay,22,22476,"Anunciou medidas para tentar acelerar a aprovação dos projetos de lei: ""O primeiro encaminhamento que vamos tomar é buscar o presidente da Comissão de Constituição e Justiça para que possamos dar celeridade [à proposta]. Os mestres e mestras teimam todos os dias em fazer soar os pandeiros, os tambores, os bonecos, as marionetes, criar cirandas, enfim, expressar o que o povo brasileiro construiu para se espelhar. Cultura popular é resistência"""
83,0,renan sotto mayor,Renan Sotto Mayor,Defensor público da União,,,CIVIL_SOCIETY_OR_OTHER,2022-06-23,BOLSONARO,EXACT,RENAN SOTTO MAYOR,1,4637,"Destacou a centralidade do papel da moradia para a solução dos problemas da população de rua: ""Não se pode falar sobre superação da situação de rua sem falar de uma política séria e efetiva de moradia para as pessoas em situação de rua"""
83,1,carlos ricardo junior,Carlos Ricardo Junior,"Coordenador-geral de direitos de minorias sociais e população em situação de risco do Ministério da Mulher, Família e Direitos Humanos",,,CIVIL_SOCIETY_OR_OTHER,2022-06-23,BOLSONARO,FIRST_LAST,CARLOS ALBERTO RICARDO JUNIOR,1,8121,"Defendeu a inclusão do tema da moradia da população de rua na Política Nacional de Habitação. | Argumenta que os atuais programas disponíveis beneficiam pessoas com renda até R$ 2 mil, o que dificulta a inclusão da população de rua: ""Apesar da ampliação do acesso a serviços, essas pessoas não saíram da situação de rua porque faltou o acesso à [política de] moradia. Nós temos uma nova metodologia que já está sendo testada no Brasil"" | A metodologia ""Housing First"", que não se baseia na residência como propriedades, mas como serviço para pessoas que não tem condições de pagar por ela, já recebeu R$ 10 milhões de investimentos a partir de recursos do ministério e de emendas parlamentares"
83,2,mario henrique nunes,Mário Henrique Nunes,Presidente da Comissão de Políticas Sociais e Desenvolvimento do Cidadão e integrante do Conselho Nacional de Justiça (CNJ),,,CIVIL_SOCIETY_OR_OTHER,2022-06-23,BOLSONARO,EXACT,MÁRIO HENRIQUE NUNES,1,6457,Defendeu a aprovação do projeto de lei (PL 5740/16) que cria a Política Nacional para a População em Situação de Rua.
83,3,orlando silva,Orlando Silva,Deputado (PCdoB-SP) e presidente da Comissão de Direitos Humanos,PCDOB,SP,DEPUTY,2022-06-23,BOLSONARO,EXACT,Orlando Silva,18,13398,"Quer a aprovação da proposta (PL 488/21) que proíbe o uso de técnicas de arquitetura hostil em espaços públicos. | ""Na cidade de São Paulo consta que, nos últimos anos, houve crescimento de quatro vezes na população em situação de rua. São famílias inteiras. Percebe-se, inclusive, resquício de utensílios e mobília de alguém que já teve uma casa algum dia. Trata-se de um grupo populacional que concentra as principais violações de direitos humanos, porque atravessam esse grupo todas as demais violações, além, evidentemente, da negação de acesso a um teto, a uma moradia"" | Espera que o Supremo Tribunal Federal prorrogue o prazo da decisão judicial (ADPF 828) que restringe remoções e despejos forçados durante a pandemia. | Defendeu a criação de comissão especial da Câmara para analisar com urgência o projeto de lei (PL 1501/22) que disciplina os despejos após 30 de junho."
83,4,ronan figueiredo,Ronan Figueiredo,Defensor público,,,CIVIL_SOCIETY_OR_OTHER,2022-06-23,BOLSONARO,FIRST_LAST,RONAN FERREIRA FIGUEIREDO,1,5934,"Citou dado oficial da Companhia de Planejamento do Distrito Federal (Codeplan) sobre a população de rua da capital federal: são 71% de negros, 11% de indígenas e 17% de brancos. | Ressaltou a importância de recente decisão do Superior Tribunal de Justiça (STJ) que restringe as revistas pessoais feitas por policiais sem motivação fundamentada e objetiva."
83,5,markinhus souza,Markinhus Souza,Líder do Movimento de Meninos e Meninas de Rua,,,CIVIL_SOCIETY_OR_OTHER,2022-06-23,BOLSONARO,NONE,,0,0,"Reclamou de estigmas, excesso de visibilidade penal e de invisibilidade de direitos dessa população: ""Não tem maior violação de direitos humanos do que a que trata da invisibilidade. A América Latina e o Brasil em especial entraram na luta de guerra às drogas e isso teve impacto no encarceramento em massa, especialmente no crescimento do encarceramento de mulheres e de pais bastante jovens. O reflexo étnico-racial dessa política é a invisibilidade da criança e do adolescente que tem o seu familiar encarcerado"""
84,0,erika kokay,Erika Kokay,Deputada (PT-DF),PT,DF,DEPUTY,2022-06-13,BOLSONARO,EXACT,Erika Kokay,20,27132,"Destacou a importância de se garantir recursos para que as famílias acolhedoras possam continuar exercendo seu papel: ""A nossa Constituição e o Estatuto da Criança e do Adolescente asseguram, dentre todos os direitos de crianças e adolescentes, o direito à convivência familiar e comunitária"" | Lembrou que também está na legislação ""transformar em política pública a família acolhedora que está prevista nas políticas para a primeira infância"""
84,1,ibere dias,Iberê Dias,Juiz da Vara de Infância e Juventude de Guarulhos (SP),,,CIVIL_SOCIETY_OR_OTHER,2022-06-13,BOLSONARO,FIRST_LAST,IBERÊ DE CASTRO DIAS,1,7403,"É preciso divulgar a existência desse serviço para que famílias interessadas possam se habilitar para o processo de treinamento: ""Pouquíssimas pessoas sabem o que é o Serviço de Famílias Acolhedoras, a que se destina e menos ainda como faz para se tornar uma família acolhedora. Então, são poucos os municípios que já implementaram efetivamente o serviço"""
84,2,edinalva severo,Edinalva Severo,Representante do Movimento Nacional Pró Convivência Comunitária,,,CIVIL_SOCIETY_OR_OTHER,2022-06-13,BOLSONARO,EXACT,EDINALVA SEVERO,2,10611,"Defendeu a regionalização dos serviços de famílias acolhedoras como forma de garantir o atendimento. A maioria dos municípios brasileiros têm até 20 mil habitantes e, segundo ela, não têm necessidade da implementação de um serviço que só é utilizado uma ou duas vezes por ano."
84,3,ana angelica campelo,Ana Angélica Campelo,Representante do Ministério da Cidadania,,,FEDERAL_EXECUTIVE,2022-06-13,BOLSONARO,AMBIGUOUS,ana angelica campelo de albuquerque|ana angelica campelo de albuquerque e melo,0,0,"Lembrou que essas crianças e adolescentes ficam nas famílias acolhedoras enquanto suas famílias de origem são reestruturadas: ""Ele propicia o atendimento no ambiente familiar, garante uma atenção individualizada e a convivência comunitária. Ele é particularmente adequado para a primeira infância, onde o impacto da institucionalização é maior, mas ele também é adequado e muito benéfico para crianças maiores e para adolescentes"""
84,4,barbara santiago,Barbara Santiago,Participante do Serviço de Família Acolhedora,,,CIVIL_SOCIETY_OR_OTHER,2022-06-13,BOLSONARO,EXACT,BÁRBARA SANTIAGO,1,3080,"Pediu atenção no desacolhimento dessas crianças, ou seja, o momento em que elas deixam a família acolhedora. | Defendeu que esse processo seja feito de forma mais delicada, para que haja uma integração entre as famílias acolhedoras e as famílias postulantes à adoção como forma de evitar mais uma ruptura na vida dessas crianças e adolescentes."
84,5,julia salvagni,Julia Salvagni,"Representante do Grupo Aconchego, do Distrito Federal",,,CIVIL_SOCIETY_OR_OTHER,2022-06-13,BOLSONARO,EXACT,JULIA SALVAGNI,2,12789,"Afirmou que é preciso humanizar os processos de retirada de crianças e adolescentes de suas famílias e sua reinserção posterior ou adoção, quando for o caso."
85,0,claudio nascimento,Cláudio Nascimento,Diretor de Políticas Públicas da Aliança LGBTQIA+,,,CIVIL_SOCIETY_OR_OTHER,2023-06-29,LULA,EXACT,CLÁUDIO NASCIMENTO,3,25170,"Fez um balanço do difícil cenário para a promoção da cidadania e para o enfrentamento da discriminação contra a comunidade LGBTQIA+: ""Dezenove estados não têm um plano ou um programa para tocar políticas públicas voltadas para a comunidade LGBT na educação, no trabalho, na segurança pública, em diversas outras áreas"". Só oito estados têm planos ou programas estruturados e, destes, só três estão funcionando de maneira satisfatória."
85,1,erika kokay,Erika Kokay,Deputada (PT-DF),PT,DF,DEPUTY,2023-06-29,LULA,EXACT,Erika Kokay,11,17628,"Enfatizou a importância do planejamento das políticas públicas para essa parte da população: ""Os planos possibilitam a intersetorialidade e, ao mesmo tempo, a avaliação de especificidades dentro da comunidade LBGTQIA+."""
85,2,renan cadais,Renan Cadais,Gerente de Políticas de Diversidade Sexual e Gênero do governo do Espírito Santo,,,CIVIL_SOCIETY_OR_OTHER,2023-06-29,LULA,FIRST_LAST,RENAN LIRA MATOS CADAIS,2,18098,"Levar as políticas públicas para além das regiões metropolitanas é uma dificuldade. | Defende uma coordenação nacional para estabelecer os pontos-chave das demandas da população LGBT: ""O que é que a gente quer? Qual é o tamanho da estrutura desse equipamento que a gente quer? Qual é o indicador que a gente quer atender quando a gente abre um centro de referência para a população LGBT ou um centro de cidadania? Qual é a estrutura mínima? Como que a gente tem que funcionar? Tem alguma metodologia desenhada?"""
86,0,dyogo oliveira,Dyogo Oliveira,Presidente da Confederação Nacional das Seguradoras (CNSeg),,,CIVIL_SOCIETY_OR_OTHER,2024-04-18,LULA,EXACT,DYOGO OLIVEIRA,1,11864,"A proposta do Seguro Social de Catástrofe, que prevê indenização emergencial de R$ 15 mil por moradia, seria subsidiada por cobrança de R$ 3 por mês na conta de energia elétrica. | ""Foi desenhada para objetivamente ter celeridade, então, não vai demandar inspeção nem vistoria das unidades. A única demanda é que o município delimite a área afetada. Pelo nosso desenho, seria uma transferência por Pix: todas as famílias receberiam, imediatamente após a delimitação da área [do desastre], uma transferência na conta no valor de R$ 15 mil de uso livre, para poder se restabelecer naquele momento de dificuldade."" | A intenção do Fundo de Seguro Rural (FSR) é mudar o atual quadro do Programa de Seguro Rural (PSR), que cobre apenas 7,3 milhões de hectares, equivalentes a 6% da produção agrícola nacional: ""Precisa ter um amortecimento desse sistema do seguro rural para que o preço médio do seguro fique mais estável e, portanto, atraia mais produtores para o sistema. E, do outro lado, há naturalmente o pedido de ampliação dos recursos para a subvenção do seguro rural para que possamos ter uma área coberta cada vez maior."""
86,1,tiago vieira,Tiago Vieira,Diretor de operações da Brasilseg,,,CIVIL_SOCIETY_OR_OTHER,2024-04-18,LULA,FIRST_LAST,TIAGO DE FREITAS VIEIRA,4,4468,"A Brasilseg apresentou proposta de seguro testada em cinco estados para reforçar o papel do produtor rural como “guardião de áreas florestais”: ""Pelos números que a gente mapeou no contexto de mercado, são quase 200 milhões de hectares de florestas nativas que estão em mãos de proprietários rurais. Olhando pela base do CAR [Cadastro Ambiental Rural], são 7 milhões de imóveis já cadastrados. A nossa proposta é ajudar esses proprietários a manter essa área de preservação."""
86,2,isadora buchala,Isadora Buchala,Analista de resiliência da organização Iclei - Governos Locais pela Sustentabilidade,,,CIVIL_SOCIETY_OR_OTHER,2024-04-18,LULA,FIRST_LAST,ISADORA CARVALHO FERREIRA BUCHALA,2,13416,"Apresentou o Mecanismo de Seguro para Infraestruturas Urbanas (UIIF, na sigla em inglês), financiado pelo Banco de Desenvolvimento da Alemanha (KfW) e já aplicado em parceria com dez cidades da América Latina, entre elas Recife, Belo Horizonte, Curitiba e Porto Alegre. | O foco desse mecanismo está no apoio aos gestores públicos para ações de baixo carbono, economia circular e soluções baseadas na natureza: ""Cem milhões de euros estão sendo colocados para que as cidades possam atuar nesse projeto. A gente está trabalhando com agrupamento de riscos para que esse tipo de seguro seja sustentável."""
86,3,gesner oliveira,Gesner Oliveira,Representante do Instituto de Inovação em Seguros e Resseguros da Fundação Getúlio Vargas (FGV),,,CIVIL_SOCIETY_OR_OTHER,2024-04-18,LULA,TOKEN_SUBSET,GESNER JOSÉ DE OLIVEIRA FILHO,16,12313,"Mostrou o manual de conceitos e práticas elaborado para os municípios enfrentarem extremos climáticos. As ações são voltadas para economia circular, água de reuso e drenagem sustentável, com sugestões de aprimoramento do novo marco legal de saneamento básico (Lei 14.026/20)."
86,4,frederico knapp,Frederico Knapp,Presidente da Swiss Re Brasil Resseguros,,,CIVIL_SOCIETY_OR_OTHER,2024-04-18,LULA,EXACT,FREDERICO KNAPP,1,10125,Apresentou uma série de “soluções inovadoras” de transferência de riscos do setor público em curso em todo o mundo.
86,5,evair vieira de melo,Evair Vieira de Melo,Deputado (PP-ES),PP,ES,DEPUTY,2024-04-18,LULA,EXACT,Evair Vieira de Melo,42,36699,"Citou a recente calamidade de enchentes no sul do Espírito Santo para afirmar que as atuais ferramentas de socorro à população são insuficientes diante das mudanças climáticas. | Avalia que a participação do mercado de seguros é fundamental para a busca de respostas mais imediatas e que as propostas poderão ser aproveitadas em projetos de lei já em análise na Câmara: ""A audiência foi muito enriquecedora, trazendo o setor privado para que possamos acelerar as respostas. Essa proposta está sendo construída. Naturalmente, precisamos encontrar o espaço financeiro para ela."""
86,6,leo prates,Leo Prates,Deputado (PDT-BA),PDT,BA,DEPUTY,2024-04-18,LULA,EXACT,Leo Prates,1,5848,"Sugeriu a incorporação das ideias e sugestões das seguradoras em projetos de lei que tratam de seguro obrigatório de danos causados por desastres naturais, analisados atualmente nas comissões de Finanças e Tributação; e de Previdência da Câmara (PLs 1410/22 e 629/23)."
87,0,augusto coutinho,Augusto Coutinho,"Deputado (Republicanos-PE) e relator da proposta na Comissão de Indústria, Comércio e Serviços",REPUBLICANOS,PE,DEPUTY,2024-04-25,LULA,EXACT,AUGUSTO COUTINHO,3,3895,"O relatório sobre o projeto que regulamenta o trabalho dos motoristas de aplicativo deve ser apresentado na Câmara antes do recesso de julho. | Falou que vai conversar com os relatores das outras comissões para apresentar um relatório negociado. Ele adiantou que já está em contato com o relator da Comissão do Trabalho. | [A gente] vai construir um relatório que tente ser harmonioso, para que a gente avance com essa matéria e que até o meio deste ano, antes do recesso, a gente consiga oferecer ao Brasil uma legislação justa e que atenda uma necessidade que hoje é real na nossa vida."
87,1,luiz marinho,Luiz Marinho,Ministro do Trabalho,,,FEDERAL_EXECUTIVE,2024-04-25,LULA,TOKEN_SUBSET,MINISTRO LUIZ MARINHO,19,26200,"A regulamentação pode ser por hora ou por quilômetro, a depender da melhor formulação preferida pelos motoristas. | ""O projeto de lei não é do governo, é um projeto construído em mesa, que precisa ser complementado. Muitos debates que os senhores estão colocando aqui as plataformas não topavam. Quem sabe agora, aqui no Parlamento, as plataformas estejam de acordo em aproximar, em aperfeiçoar o projeto para que responda a ansiedade dos trabalhadores de aplicativo."" | É contra o enquadramento do motorista de aplicativo no regime do microempreendedor individual (MEI), porque ficaria menos amparado na seguridade social."
87,2,adroaldo da cunha,Adroaldo da Cunha,Secretário do Regime Geral de Previdência Social,,,FEDERAL_EXECUTIVE,2024-04-25,LULA,TOKEN_SUBSET,ADROALDO DA CUNHA PORTAL,1,9201,"""Seria mais cômodo para o governo federal não instituir a contribuição previdenciária, pois o custo para abarcar um segmento fragilizado, mais vulnerável do que a média dos contribuintes da previdência, tem um custo, e esse custo não é barato."" | ""O plano oferecido aqui na proposta do projeto garante cobertura completa, não é uma meia cobertura. É o Estado brasileiro reconhecendo a importância dos trabalhadores de aplicativo e o quanto eles têm um alto grau de vulnerabilidade."""
87,3,fernando paes,Fernando Paes,Diretor de relações governamentais da 99,,,CIVIL_SOCIETY_OR_OTHER,2024-04-25,LULA,EXACT,FERNANDO PAES,1,5227,"Acha que é preciso descobrir o que pode ser melhorado no projeto: ""Eu acho que o ponto central dessa discussão é entender quais seriam as melhorias viáveis, razoáveis que pudessem trazer melhores condições ao trabalhador e ao mesmo tempo garantir o equilíbrio de um modelo de prestação de serviços que é extremamente relevante hoje para a sociedade."""
87,4,ricardo leite,Ricardo Leite,Diretor de políticas públicas da Uber,,,CIVIL_SOCIETY_OR_OTHER,2024-04-25,LULA,EXACT,RICARDO LEITE,1,6967,"Defende que os novos custos e modelagem consigam manter um equilíbrio: ser suportados pelas empresas do setor, pelos trabalhadores - que precisam ter ganhos condizentes - e pelos usuários que usam as plataformas hoje: ""Se a gente tiver uma discussão irreal em relação a esse equilíbrio, isso vai ter um impacto no número de viagens que hoje são realizadas e vai representar no final do mês menos ganhos para os motoristas e para as empresas e para a economia de maneira geral."""
87,5,rodrigo porto,Rodrigo Porto,Representante do aplicativo Indrive,,,CIVIL_SOCIETY_OR_OTHER,2024-04-25,LULA,EXACT,RODRIGO PORTO,2,9535,Acha que a proposta do governo beneficia os interesses do 99 e da Uber e inviabiliza o seu aplicativo. | Destaca como pontos positivos a segurança jurídica e o estabelecimento das empresas como intermediadoras.
87,6,paulo xavier,Paulo Xavier,Presidente da Frente de Apoio Nacional dos Motoristas Autônomos,,,CIVIL_SOCIETY_OR_OTHER,2024-04-25,LULA,EXACT,PAULO XAVIER,1,7340,"Rechaça a proposta do governo. | A proposta da frente parlamentar, que apresenta forma de cálculo de remuneração baseada em quilômetro rodado, foi resultado de mais de 70 horas de trabalho de motoristas de todo o Brasil."
87,7,josenildo,Josenildo,"Deputado (PDT-AP) e presidente da Comissão de Indústria, Comércio e Serviços",PDT,AP,DEPUTY,2024-04-25,LULA,EXACT,Josenildo,67,22662,Acredita que a troca de ideias durante a audiência permitirá aprimorar pontos do projeto do governo.
88,0,fernando peregrino,Fernando Peregrino,Presidente do Conselho Nacional das Fundações de Apoio às Instituições de Ensino Superior e de Pesquisa Científica e Tecnológica (Confies),,,CIVIL_SOCIETY_OR_OTHER,2022-05-26,BOLSONARO,EXACT,FERNANDO PEREGRINO,6,15015,"A MP 1112/22 põe em risco o financiamento à pesquisa e inovação no País. | ""Essa foi uma inteligência brasileira: você pode furar o meu petróleo, que é da União, mas você paga royalties para investimento em pesquisa. É sábia essa decisão. A MP propõe um desmonte de caminhões, mas na verdade, está desmontando o futuro do Brasil."" | Citou levantamento da Agência Nacional de Petróleo (ANP): em 2021, foram destinados R$ 3 bilhões para a área de PD&I, o que correspondeu a contrapartida de 0,5% a 1% do faturamento da Petrobras e de petroleiras estrangeiras no período. | A MP pode causar retrocesso na discussão de melhorias no financiamento de universidades públicas no Brasil. Só em 2020, 3 mil pesquisadores deixaram o País: ""As alternativas para os que ficam ou é o desemprego, porque faltam bolsas para os pesquisadores, ou serviços de baixa especialização, como o de motorista de aplicativos, como o Uber."""
88,1,valder steffen,Valder Steffen,Reitor da Universidade Federal de Uberlândia e representante da Andifes,,,CIVIL_SOCIETY_OR_OTHER,2022-05-26,BOLSONARO,EXACT,VALDER STEFFEN,2,7185,"A MP é prejudicial sobretudo no atual contexto de restrição orçamentárias nas universidades federais. | Ressaltou a importância dos investimentos feitos pela Petrobras no campus universitário mineiro: ""Temos dois prédios financiados pela Petrobras e o que tem dentro são muitos dólares por metro cúbico. São pesquisas sobre o pré-sal. Tudo construído com recursos da exploração de petróleo."" | Mais de 90% da pesquisa brasileira é realizada nas universidades públicas: ""Desviar recursos para outras áreas não é aceitável."""
88,2,roberto muniz,Roberto Muniz,Representante do Fórum Nacional das Entidades Representativas dos Servidores das Carreiras de Ciência e Tecnologia,,,CIVIL_SOCIETY_OR_OTHER,2022-05-26,BOLSONARO,EXACT,ROBERTO MUNIZ,1,10534,"A solução trazida pela MP é paliativa, além de ser prejudicial às conquistas já estabelecidas em PD&I por cientistas brasileiros. | A medida pode causar retrocesso na cadeia produtiva do petróleo, já que grande parte das pesquisas realizadas em universidades são direcionadas a inovações no setor: ""Nós estamos deixando de investir em áreas prioritárias, que formam gente, que constroem infraestrutura, que geram soluções, para transformar caminhão em sucata."" | A MP deveria criar uma contrapartida de investimento em pesquisa e desenvolvimento para as montadoras beneficiadas pelo Renovar: ""Por que não se pode prever que elas também deem a sua contribuição? Afinal, elas vão ser beneficiadas. Não estou dizendo que a gente tem de penalizar a indústria, mas ela, como beneficiária, porque ela vai vender mais, poderá contribuir."""
88,3,angela amin,Angela Amin,Deputada (PP-SC),PP,SC,DEPUTY,2022-05-26,BOLSONARO,EXACT,Angela Amin,16,10404,"A comissão vai buscar fontes de recursos necessários para o aumento do valor das bolsas e o fomento em PD&I. | ""Nós vamos acompanhar de perto todo esse desenrolar da discussão do orçamento da União para que nós possamos valorizar a importância da ciência e da pesquisa."""
89,0,alisson marugal,Alisson Marugal,Procurador da República em Roraima,,,CIVIL_SOCIETY_OR_OTHER,2022-05-26,BOLSONARO,EXACT,ALISSON MARUGAL,2,12455,"O garimpo nas terras indígenas traz, além dos impactos socioambientais conhecidos, a exploração sexual das mulheres e crianças indígenas. | Os crimes não são denunciados, muitas vezes são denúncias genéricas e que dificultam a investigação. | É necessário o fortalecimento das estruturas de fiscalização, . | É preciso refutar a visão fatalista de que o garimpo é inevitável. | É necessário regular a cadeia do ouro. | É importante criar políticas sociais voltadas à geração de renda. | ""Essas agressões são resultado de uma falta de política de proteção territorial mais efetiva. É importante que os órgãos protejam essas mulheres e impeçam que os territórios tradicionais sejam invadidos por milhares de garimpeiros ocasionando uma tragédia humanitária."""
89,1,maria aureni gonzaga,Maria Aureni Gonzaga,"Coordenadora de Gênero, Assuntos Geracionais e Participação Social da Funai",,,CIVIL_SOCIETY_OR_OTHER,2022-05-26,BOLSONARO,TOKEN_SUBSET,MARIA AURENI GONZAGA DA SILVA,2,5510,"Defendeu o empoderamento das mulheres indígenas nas suas comunidades. | O fortalecimento das mulheres permite que elas sejam capazes de reverter ou denunciar a violência: ""É preciso dar condições e instrumentos de proteção e defesa para que ela mesma possa se defender. Nosso olhar é fornecer os instrumentos de defesa e proteção para que elas possam entender que existem as leis as quais podem acessar."""
89,2,julissa mantilla falcon,Julissa Mantilla Falcón,Presidente da Comissão Interamericana dos Direitos Humanos,,,CIVIL_SOCIETY_OR_OTHER,2022-05-26,BOLSONARO,EXACT,JULISSA MANTILLA FALCÓN,3,10637,"Cobra maior presença do estado brasileiro não apenas para investigar os crimes de violência sexual, mas para prevenir que situações como essa aconteçam: ""É urgente reforçar uma ação mais estrita, porque não se trata de fatos isolados, há um risco conhecido."""
89,3,sonia guajajara,Sônia Guajajara,Coordenadora executiva da Articulação dos Povos Indígenas,,,CIVIL_SOCIETY_OR_OTHER,2022-05-26,BOLSONARO,EXACT,SONIA GUAJAJARA,4,9466,"As mulheres indígenas estão submetidas a um duplo grau de discriminação: de gênero e de raça: ""As mulheres são mais vulneráveis porque além de sermos mulheres, somos indígenas. Somos mulheres indígenas, pobres, uma vulnerabilidade absurda colocada contra nós. O machismo e o racismo pairam sobre nossa cabeça."" | As ações que precisam ser realizadas exigem políticas públicas a longo prazo. Criticou o governo federal por se omitir nessas questões: ""Não vemos ações de impacto deste governo voltadas a essa temática. O que vimos nesses 4 anos é um assistencialismo barato e busca de holofotes. As políticas públicas precisam ser levadas a serio."""
89,4,rejane dias,Rejane Dias,Deputada (PT-PI),PT,PI,DEPUTY,2022-05-26,BOLSONARO,EXACT,Rejane Dias,15,11015,"As mulheres indígenas costumam enfrentar formas diversas e sucessivas de discriminação histórica que se combinam e se sobrepõem, resultando na sua exposição a violações de direitos humanos em todos os âmbitos da vida cotidiana. | Lembrou do estupro da menina indígena de 12 anos, violentada por garimpeiros da região: ""No caso da menina ianomâmi, a condição de vulnerabilidade é inconteste, não apenas pela pouca idade ou pela falta de percepção da realidade. Além disso, há um agravante no crime. Além de ser contra uma criança indígena de 12 anos, foi praticado por indivíduo supostamente de outra etnia que adentrou à comunidade, para cometer tal ilícito."""
89,5,erika kokay,Érika Kokay,Deputada (PT-DF),PT,DF,DEPUTY,2022-05-26,BOLSONARO,EXACT,ERIKA KOKAY,1,8638,"Defendeu a proteção aos territórios indígenas e o avanço nas políticas de demarcação dos territórios: ""Se o território é protegido, a vida é protegida. Nossa Constituição diz que crianças e adolescentes são prioridades. Portanto, é fundamental traçar planos que envolvem políticas públicas e avançar na demarcação das terras indígenas e na sua homologação."""
90,0,alexandre montrimas,Alexandre Montrimas,Ex-goleiro,,,CIVIL_SOCIETY_OR_OTHER,2022-05-19,BOLSONARO,EXACT,ALEXANDRE MONTRIMAS,9,7147,Defende a profissionalização dos olheiros. | Afirmou que não existe atleta ou ex-atleta que não tenha passado por uma situação de abuso.
90,1,luciana neder,Luciana Neder,Fundadora da Comissão de Direitos das Mulheres no Jiu-Jitsu,,,CIVIL_SOCIETY_OR_OTHER,2022-05-19,BOLSONARO,EXACT,LUCIANA NEDER,6,9119,"Relatou que a comissão recebeu 103 denúncias, sendo três de pedofilia. | Afirmou que o silenciamento das vítimas é provocado pela lentidão nas investigações: ""Quando as meninas fazem a denúncia, vão à delegacia, fazem o registro da ocorrência, há uma demora muito grande na solução desses casos. Então, esses treinadores continuam trabalhando e praticando seus crimes de assédio e violência. Enquanto isso, a mulher está afastada temporariamente e até para sempre do esporte."""
90,2,rodrigo acioli,Rodrigo Acioli,Representante do Conselho Federal de Psicologia,,,CIVIL_SOCIETY_OR_OTHER,2022-05-19,BOLSONARO,EXACT,RODRIGO ACIOLI,5,13440,"Defende que as entidades esportivas contem com profissionais especializados para enfrentar a questão do assédio sexual. | Ressaltou a importância de atenção não só com os atletas mais conhecidos, mas também com aqueles atletas que treinam diariamente, mas não chegam às competições mais importantes: ""Esses também são atletas de grande preocupação, porque muitas vezes estão invisibilizados. Então, o acesso e o cuidado a eles às vezes se tornam um pouquinho mais difícil e às vezes não conseguem ter voz por não estarem nas grandes mídias, por não estarem nos pódios, então eles têm uma dificuldade maior de aparecer."""
90,3,marcia bueno,Márcia Bueno,Presidente do Grupo Ginástica Artística Paranaense,,,CIVIL_SOCIETY_OR_OTHER,2022-05-19,BOLSONARO,FIRST_LAST,MARCIA DE ANDRADE ANGELO BUENO,8,6588,"Pediu aos parlamentares apoio para dotar de mais estrutura os clubes de base, de onde normalmente saem os atletas profissionais."
90,4,roberto alves,Roberto Alves,Deputado (Republicanos-SP),REPUBLICANOS,SP,DEPUTY,2022-05-19,BOLSONARO,EXACT,Roberto Alves,40,13094,"""A preocupação dessa comissão é com os atletas brasileiros. Independente se ele é profissional, se está iniciando agora, se ele é de um pequeno clube ou se ele é da várzea. Enfim, a nossa preocupação é com o atleta brasileiro."""
90,5,luisa rodrigues,Luísa Rodrigues,Procuradora do Ministério Público do Trabalho,,,CIVIL_SOCIETY_OR_OTHER,2022-05-19,BOLSONARO,FIRST_LAST,LUÍSA CARVALHO RODRIGUES,5,14412,"Apresentou ações do Ministério Público do Trabalho como uma campanha de esclarecimento sobre os direitos dos atletas adolescentes e encontros com as categorias de base dos clubes de futebol. | Apontou a informação como uma ferramenta importante para combater a violação de direitos no esporte: ""Conscientização sobre o que é o assédio sexual e a importância da educação sexual de crianças e adolescentes, no sentido de que eles entendam e identifiquem as situações de abuso e violência"". ""Ficam em dúvida se aquilo é errado ou não é; elas se sentem com culpa, com vergonha e com vergonha e medo de denunciar."""
90,6,elizabeth de souza,Elizabeth de Souza,Representante do Conselho Federal de Educação Física,,,CIVIL_SOCIETY_OR_OTHER,2022-05-19,BOLSONARO,NONE,,0,0,"Divulgou um folheto chamado 'Protegendo o Esporte Contra o Assédio e o Abuso', produzido pelo Comitê Olímpico Brasileiro, que está disponível na internet. | Informou que o conselho também recebe denúncias online de assédio sexual no endereço www.confef.org.br."
91,0,marcos madureira,Marcos Madureira,Presidente da Associação Brasileira de Distribuidores de Energia Elétrica (Abradee),,,CIVIL_SOCIETY_OR_OTHER,2022-05-12,BOLSONARO,EXACT,MARCOS MADUREIRA,7,9945,"O represamento das tarifas em 2020 e 2021 corresponde a cerca de 50% dos reajustes nas contas de luz autorizados recentemente pela Aneel. | ""Basicamente, todos os reajustes que vamos ter em 2022 são custos que estão vindo de anos anteriores."""
91,1,davi antunes lima,Davi Antunes Lima,Superintendente de Gestão Tarifária da Aneel,,,CIVIL_SOCIETY_OR_OTHER,2022-05-12,BOLSONARO,EXACT,DAVI ANTUNES LIMA,13,21215,"No caso da Enel Distribuidora Ceará, o reajuste de 24,85% nas tarifas incorporou 11,42 pontos percentuais retidos no passado em razão das dificuldades financeiras das famílias e da falta de chuvas nos reservatórios. | Medidas similares para mitigar os aumentos nas contas de luz foram adotadas em vários estados. | Caso o governo do Ceará adote uma redução temporária no ICMS nas contas de luz, mantendo o mesmo montante arrecadado em 2021, haveria um desconto de 5% para o consumidor."
91,2,domingos neto,Domingos Neto,Deputado (PSD-CE),PSD,CE,DEPUTY,2022-05-12,BOLSONARO,EXACT,DOMINGOS NETO,3,1737,"A ideia é barrar reajustes em vários estados e ""zerar o jogo"", abrindo espaço para soluções. | ""Houve reajustes abusivos, 20% em Alagoas; 21% na Bahia; 17% em Mato Grosso do Sul; e 20% no Rio Grande do Norte. E já aviso os mineiros: haverá aumento no dia 22 de maio."""
91,3,anton schwyter,Anton Schwyter,Representante do Instituto Brasileiro de Defesa do Consumidor (Idec),,,CIVIL_SOCIETY_OR_OTHER,2022-05-12,BOLSONARO,EXACT,ANTON SCHWYTER,2,7077,"""Aumentos dessa magnitude elevam a inadimplência das famílias, mas postergá-los multiplica o problema à frente."""
91,4,victor iocca,Victor Iocca,Representante da Associação dos Grandes Consumidores Industriais de Energia e de Consumidores Livres (Abrace),,,CIVIL_SOCIETY_OR_OTHER,2022-05-12,BOLSONARO,EXACT,VICTOR IOCCA,1,6942,"Avaliou que outro represamento seria prejudicial, já que os juros nos País estão subindo: ""Adiar os reajustes é como pagar o mínimo na fatura do cartão de crédito, e deixar para o futuro é pior."""
91,5,domingos romeu andreatta,Domingos Romeu Andreatta,Secretário adjunto de Energia Elétrica do Ministério de Minas e Energia,,,FEDERAL_EXECUTIVE,2022-05-12,BOLSONARO,EXACT,DOMINGOS ROMEU ANDREATTA,4,6211,"Mudanças nas fórmulas das tarifas poderão trazer insegurança jurídica, com risco para os investimentos no setor."
91,6,mario menel,Mário Menel,Presidente do Fórum de Associações do Setor Elétrico (Fase),,,CIVIL_SOCIETY_OR_OTHER,2022-05-12,BOLSONARO,EXACT,MÁRIO MENEL,3,7153,"Rechaçou medidas intempestivas. | Em médio e longo prazos será preciso reduzir tributos e subsídios nas contas de luz, que hoje somam 49% do total das faturas: ""O Congresso aprova os subsídios, e a Aneel não tem culpa."""
91,7,marcia sandra silva,Márcia Sandra Silva,Presidente da Enel Distribuidora Ceará,,,CIVIL_SOCIETY_OR_OTHER,2022-05-12,BOLSONARO,FIRST_LAST,MÁRCIA SANDRA ROQUE VIEIRA SILVA,7,6913,"Até março, 200 mil famílias passaram a ter direito à tarifa social de energia elétrica, menor. | A carteira de clientes de baixa renda cresceu 28%, para 910 mil. Isso porque a Lei 14.203/21, em vigor desde janeiro, prevê o ingresso automático nesse subsídio de qualquer beneficiário de programas sociais federais."
91,8,danilo forte,Danilo Forte,Deputado (União-CE) e presidente da Frente Parlamentar em Defesa das Energias Renováveis,UNIAO,CE,DEPUTY,2022-05-12,BOLSONARO,EXACT,Danilo Forte,44,35567,"O debate sobre as contas de luz precisa ser ampliado: ""O problema é grave, mas vejo disposição de todos em buscar soluções, que passarão pelas energias renováveis."" | É preciso contemplar as necessidades das concessionárias sem que o consumidor seja penalizado com reajustes acima da inflação."
91,9,benes leocadio,Benes Leocádio,Deputado (União-RN),UNIAO,RN,DEPUTY,2022-05-12,BOLSONARO,EXACT,BENES LEOCÁDIO,3,5284,"Criticou o setor elétrico: ""Ninguém defende quebra de contratos, mas eles foram firmados em outra realidade."""
91,10,eduardo da fonte,Eduardo da Fonte,Deputado (PP-PE),PP,PE,DEPUTY,2022-05-12,BOLSONARO,EXACT,EDUARDO DA FONTE,1,4033,"Criticou o setor elétrico: ""Existem absurdos, não vou enumerar porque levaria o dia todo."""
92,0,sebastiao estevam dos santos,Sebastião Estevam dos Santos,Diretor-adjunto de Comunicação do Sindicato Nacional dos Auditores Fiscais do Trabalho,,,CIVIL_SOCIETY_OR_OTHER,2022-04-12,BOLSONARO,EXACT,SEBASTIÃO ESTEVAM DOS SANTOS,2,9465,"Defende que a aprendizagem pode combater o trabalho infantil: ""Daí a importância da priorização do adolescente no estatuto. Que isso fique bem claro no projeto de lei."" | Recomenda que o assunto não saia da CLT, pois trata-se de uma regulamentação especial e deve permanecer na legislação trabalhista."
92,1,anna luiza calixto amaral,Anna Luiza Calixto Amaral,Representante do Comitê Nacional de Adolescentes pela Prevenção e Erradicação do Trabalho Infantil (Conapeti),,,CIVIL_SOCIETY_OR_OTHER,2022-04-12,BOLSONARO,EXACT,ANNA LUIZA CALIXTO AMARAL,2,13832,"Lembra que o trabalho infantil impacta 1,8 milhão de crianças e adolescentes no Brasil, dos quais 78% têm idade entre 14 e 18 anos. | ""Com o Estatuto do Aprendiz, nós devemos ter por objetivo encampar ainda mais esses meninos e meninas. Antes dos jovens, os adolescentes são nossa prioridade."""
92,2,antonio de oliveira lima,Antonio de Oliveira Lima,Diretor Legislativo da Associação Nacional dos Procuradores e das Procuradoras do Trabalho,,,CIVIL_SOCIETY_OR_OTHER,2022-04-12,BOLSONARO,EXACT,ANTONIO DE OLIVEIRA LIMA,4,13750,"Defende contratos de aprendizagem com prazos menores que os três anos estipulados pela proposta: ""Se aumentar [os contratos] para três anos, um aprendiz vai ficar muito tempo. Se a empresa contratar a cada três anos, a cada seis anos haverá só dois aprendizes, quando deveria haver três. Portanto, reduz as vagas de aprendiz."""
92,3,maria aparecida gurgel,Maria Aparecida Gurgel,Representante da Associação Nacional do Ministério Público de Defesa dos Direitos dos Idosos e Pessoas com Deficiência,,,CIVIL_SOCIETY_OR_OTHER,2022-04-12,BOLSONARO,NONE,,0,0,"Defende um contrato por prazo menor para os aprendizes com deficiência. Acredita que o contrato de três anos impede a inclusão efetiva no mundo do trabalho e prejudica futuras colocações competitivas: ""Aumentar o tempo para aprendizagem também será uma forma de privar as empresas e os demais trabalhadores do convívio do rodízio necessário a cada dois anos de diferentes pessoas com deficiência. No mundo das pessoas com deficiência, há muita diversidade."" | Chama a atenção para a ausência, no projeto, de critérios de acessibilidade que devem permear os contratos de aprendizagem."
92,4,luiz antonio colussi,Luiz Antonio Colussi,Presidente da Associação Nacional dos Magistrados da Justiça do Trabalho (Anamatra),,,CIVIL_SOCIETY_OR_OTHER,2022-04-12,BOLSONARO,EXACT,LUIZ ANTONIO COLUSSI,4,10803,"Ressalta que a aprendizagem deve ser tratada pelo Estado como política pública, o que garante benefícios para toda a sociedade. | Cita a criação de políticas de contratação ao fim do término do contrato de aprendizagem como um ponto do projeto que pode ser melhorado: ""O contrato de aprendizagem é fundamental porque abre a porta para o ingresso dos jovens no mercado de trabalho. Para que isso aconteça, é necessária a devida proteção social."""
93,0,francisco aparecido cordao,Francisco Aparecido Cordão,Educador,,,CIVIL_SOCIETY_OR_OTHER,2022-03-10,BOLSONARO,EXACT,FRANCISCO APARECIDO CORDÃO,5,13767,"Criticou o artigo da proposta que impõe o limite de 400 horas/aula a serem aproveitadas pelas universidades: ""O limite é ditado pelo projeto pedagógico da instituição. Não cabe à lei estabelecer se são 200, 300 ou 400 horas/aula"""
93,1,getulio marques ferreira,Getúlio Marques Ferreira,Vice-presidente do Conselho Nacional de Secretários de Educação,,,CIVIL_SOCIETY_OR_OTHER,2022-03-10,BOLSONARO,EXACT,GETÚLIO MARQUES FERREIRA,1,7500,"Defendeu a necessidade de a legislação incentivar a verticalização do ensino. | Afirmou que o fato de o aluno seguir na mesma área ajuda muito no processo de aprendizagem: ""Eu tenho essa experiência por ter feito escola técnica e um curso de eletrotécnica. Depois, cursei engenharia elétrica. A escola técnica me ajudou muito, porque eu já tinha toda uma base conceitual quando ingressei na engenharia e, assim, pude aprender a fazer cálculos diferentes"""
93,2,antonio almerico biondi,Antônio Almerico Biondi,"Coordenador da Rede de Ensino, Pesquisa e Extensão da Educação Profissional e Tecnológica Pública da Bahia",,,CIVIL_SOCIETY_OR_OTHER,2022-03-10,BOLSONARO,TOKEN_SUBSET,ANTONIO ALMERICO BIONDI LIMA,2,17394,"Destacou a necessidade de maior integração entre as instituições de ensino e o mercado de trabalho: ""A área de informática é a que mais emprega no País, então por que, em vez de se abrir um curso de administração, não se investe naqueles ligados às novas tecnologias? Estou dando apenas um exemplo, mas pode ser qualquer um. Nós temos diversas demandas em relação a isso"""
93,3,flavia morais,Flávia Morais,Deputada (PDT-GO),PDT,GO,DEPUTY,2022-03-10,BOLSONARO,EXACT,Flávia Morais,12,9533,Ressaltou que as escolas técnicas são a porta de entrada do jovem brasileiro no mercado de trabalho. | Salientou a importância do projeto que autoriza as instituições de ensino superior a aproveitar os créditos obtidos pelo aluno na educação profissional técnica.
94,0,erika kokay,Erika Kokay,Deputada (PT-DF),PT,DF,DEPUTY,2023-06-28,LULA,EXACT,Erika Kokay,29,24392,"Defendeu o fim do capacitismo estrutural como forma de garantir os direitos plenos dos autistas: ""Quem disse que tem que se determinar como nós somos, como nós falamos? A sociedade é deficiente quando não permite que as pessoas possam se expressar com sua singularidade."""
94,1,fernanda santana,Fernanda Santana,Representante da Associação Brasileira para Ação por Direitos das Pessoas com Autismo (Abraça),,,CIVIL_SOCIETY_OR_OTHER,2023-06-28,LULA,EXACT,FERNANDA SANTANA,2,8210,"""Pessoas autistas são parte da diversidade humana e da humanidade. Nós também queremos ser celebrados e valorizados."" | ""Precisamos de compreensão, de respeito e da garantia de oportunidades em igualdade de condições com as outras pessoas."" | Ressaltou que essa igualdade implica em acessibilidade, adaptações razoáveis, apoios e serviços."
94,2,paula de luca,Paula de Luca,"Representante do Grupo Ilha Azul (associação de pais, familiares e amigos de pessoas com transtorno do espectro autista)",,,CIVIL_SOCIETY_OR_OTHER,2023-06-28,LULA,TOKEN_SUBSET,PAULA DE LUCA BARROS BARBOSA,1,2688,"Afirmou que é preciso capacitar os pais para a realização das terapias que fazem toda a diferença na vida do autista: ""Quando os pais ou responsáveis são treinados para lidar com essas pessoas autistas eles conseguem evoluir muito mais porque não adianta só a terapia na clínica."""
94,3,roselene alves,Roselene Alves,Servidora do Ministério dos Direitos Humanos e doutoranda na Universidade de Brasília,,,CIVIL_SOCIETY_OR_OTHER,2023-06-28,LULA,EXACT,ROSELENE CANDIDA ALVES,1,2312,"Corroborou a importância das terapias. | ""A minha família me estimulou muito, ela não me tratou como um fardo. Quando a pessoa com deficiência, principalmente a pessoa autista, tem um suporte mínimo, ela vai longe."""
94,4,larissa argenta,Larissa Argenta,Presidente da Comissão dos Direitos do Autista da Ordem dos Advogados do Brasil (OAB),,,CIVIL_SOCIETY_OR_OTHER,2023-06-28,LULA,TOKEN_SUBSET,LARISSA ARGENTA FERREIRA DE MELO,2,11403,"Lembrou que já existe legislação que garante os direitos dos autistas (Lei 12.764/12), mas é preciso que as políticas públicas sejam implementadas."
95,0,karina ishida,Karina Ishida,Coordenadora de campanhas da Proteção Animal Mundial (WSPA),,,CIVIL_SOCIETY_OR_OTHER,2023-06-28,LULA,FIRST_LAST,KARINA RIE ISHIDA,1,9735,"Citou a preocupação com o uso indiscriminado de antibióticos para fins de profilaxia e aceleração de crescimento, sobretudo de aves e suínos: ""Setenta e cinco por cento dos antibióticos do mundo são usados em produção animal. Quanto às vias de contaminação, a gente mapeou principalmente a dos rios, mas é possível identificar também que, a partir do momento em que o animal recebe essas doses de medicamento ao longo da vida, as bactérias nele vão se tornando resistentes e se disseminando e contaminando produtos orgânicos, a partir do momento em que se usam dejetos do suíno para adubo. Então, a contaminação vai para frutas, sementes, folhas e tudo isso vai chegar ao consumidor também."""
95,1,cynthia schuck,Cynthia Schuck,"Zoóloga e epidemiologista, diretora da plataforma Welfare Footprint Project",,,CIVIL_SOCIETY_OR_OTHER,2023-06-28,LULA,EXACT,CYNTHIA SCHUCK,1,8623,"Uma nova doença infecciosa é reconhecida no mundo a cada quatro meses e 75% dessas novas doenças têm origem em animais. | Criticou a produção intensiva que confina aves e suínos para produção em escala, com manejo em ambientes estressantes de pouca luz natural, baixa qualidade de ar e seleção genética focada na produtividade. Esse cenário amplia a virulência, a transmissão de patógenos e os riscos de surtos e epidemias: ""É muito grande a possibilidade de escape desses patógenos, principalmente de vírus respiratórios, pelos sistemas de ventilação, pelo transporte de animais vivos para o abate, pelas várias formas de contaminação de materiais descartados, das mortalidades nas fazendas. É muito difícil de controlar. A pecuária intensiva está particularmente ligada a esses riscos: diz-se que pode ser uma bomba-relógio para epidemias graves e grandes pandemias, se nada mudar."""
95,2,patrycia sato,Patrycia Sato,Presidente da ONG Alianima,,,CIVIL_SOCIETY_OR_OTHER,2023-06-28,LULA,EXACT,PATRYCIA SATO,2,7025,"Propôs alternativas para melhorar o bem-estar dos animais na pecuária: ""A questão não é banir a produção. A gente pode melhorar os sistemas banindo gaiolas, dando mais conforto para os animais e banindo a alimentação forçada."""
95,3,vanessa negrini,Vanessa Negrini,"Diretora do Departamento de Proteção, Defesa e Direitos Animais do Ministério do Meio Ambiente",,,CIVIL_SOCIETY_OR_OTHER,2023-06-28,LULA,EXACT,VANESSA NEGRINI,6,9096,O governo está empenhado em implementar políticas públicas que atrelem o bem-estar animal aos Objetivos do Desenvolvimento Sustentável (ODS) e às estratégias de superação dos desafios ambientais.
95,4,ze silva,Zé Silva,"Deputado, presidente da Comissão de Legislação Participativa",,,DEPUTY,2023-06-28,LULA,EXACT,Zé Silva,14,15527,"Iniciou a mobilização pela votação de propostas que supram lacunas na legislação sobre segurança sanitária e sustentabilidade na produção de alimentos de origem animal: ""Eu já estive com o presidente da Câmara, Arthur Lira, para que nós tenhamos, no início do segundo semestre, uma semana de esforço concentrado da Câmara dos Deputados para aprovar projetos como esses."""
96,0,cely granja,Cely Granja,Coordenadora de grupos de mães de adolescentes com TDAH,,,CIVIL_SOCIETY_OR_OTHER,2021-11-29,BOLSONARO,FIRST_LAST,CELY MATTHIESEN GRANJA,1,10878,"Considera que não há razão para diferenciar TDAH e autismo, que têm características semelhantes: ""Eu tenho inúmeros casos de mãe que tem filhos com TDHA e autismo e que falam 'nossa, meu filho que tem autismo dá muitos menos trabalho do que meu filho que tem TDHA'. Não dá pra dizer que um é mais severo que o outro, os dois são deficiência."""
96,1,eduardo barbosa,Eduardo Barbosa,Deputado (PSDB-MG) e médico,PSDB,MG,DEPUTY,2021-11-29,BOLSONARO,EXACT,EDUARDO BARBOSA,4,10657,"Aponta o risco de se estigmatizar a pessoa que tenha o diagnóstico do transtorno: ""A gente tem muita preocupação com o rótulo da pessoa com deficiência, porque isso ainda é muito restritivo na sociedade. E às vezes parece que não temos oportunidade a dar a essas pessoas. É como se você carimbasse na testa dessa pessoa o rótulo, e ela carregará isso como incapaz para as atividades sociais e laborais, e isso não é verdade."""
96,2,cybelle fraga,Cybelle Fraga,"Bióloga especialista em TDAH e suas comorbidades, Secretaria de Educação Especial de Pernambuco",,,CIVIL_SOCIETY_OR_OTHER,2021-11-29,BOLSONARO,EXACT,CYBELLE FRAGA,6,21235,"Destaca que a instituição de uma política nacional para o TDAH seria uma forma de combater as dificuldades de diagnóstico e a falta de informação a respeito do transtorno: ""A família não aceita. Os pais, alguns não aceitam que a criança nasceu com essas necessidades especiais. A escola, por sua vez, não tem essa informação. Já escutei bastante coordenação de escola aqui em Pernambuco dizer que tudo é TDAH agora."""
96,3,benjamim vale,Benjamim Vale,Diretor do Instituto de Neurociência,,,CIVIL_SOCIETY_OR_OTHER,2021-11-29,BOLSONARO,EXACT,BENJAMIM VALE,7,12858,"Avalia que a instituição de uma Política Nacional de Proteção dos Direitos da Pessoa com Transtorno do Déficit de Atenção com Hiperatividade seria uma garantia de diagnósticos mais rápidos, tratamentos adequados e, consequentemente, de uma vida mais produtiva e menos sofrida para os que têm diagnóstico de TDAH."
96,4,yuri maia,Yuri Maia,Idealizador do Programa Meu TDAH e criador do Instituto TDAH Descomplicado,,,CIVIL_SOCIETY_OR_OTHER,2021-11-29,BOLSONARO,EXACT,YURI MAIA,5,26028,"Defendeu o projeto de lei e deu testemunho sobre os obstáculos que teve de enfrentar ao longo da vida, muitas vezes por falta de informação e por deficiência do Estado em lidar com a questão: ""Minha vida escolar foi caótica desde a alfabetização, chegando a ser agredido por uma professora que não compreendia o transtorno. Com a sucessão de insucesso, aconteceu comigo algo muito comum entre nós: um fraco autoconceito e baixa autoestima."""
96,5,fabio trad,Fábio Trad,Deputado (PSD-MS) e relator na comissão,PSD,MS,DEPUTY,2021-11-29,BOLSONARO,EXACT,Fábio Trad,24,16022,"Afirmou que vai alterar partes do voto para contemplar as informações obtidas na reunião: ""Nós estamos aqui para tentar reunir o maior número possível de contribuições e sugestões, para fazermos uma lei eficaz, eficiente, justa e que dê condições para que essas pessoas e também seus familiares possam viver com dignidade."""
97,0,aroaldo oliveira da silva,Aroaldo Oliveira da Silva,Presidente da IndustriALL-Brasil,,,CIVIL_SOCIETY_OR_OTHER,2021-11-25,BOLSONARO,EXACT,AROALDO OLIVEIRA DA SILVA,2,23390,"A atual política para a área automotiva não está sendo capaz de evitar a desindustrialização, o fechamento de empresas e o desemprego. | O setor automotivo representa 18% do PIB industrial e 3% do PIB total brasileiro, gerando quase R$ 80 bilhões em tributos. | ""Estamos enxergando o Rota 2030 como diversos pequenos projetos subsidiados, mas que não estão dando liga para a consolidação do setor automotivo no Brasil."" | O Rota 2030 ainda carece de uma articulação mais ampla envolvendo as etapas de produção e o uso de conteúdo nacional. | ""O Brasil não é o único país a desenhar políticas públicas com gastos tributários [incentivos a empresas, sobretudo desonerações e empréstimos subsidiados], mas temos de consolidar quais são as contrapartidas: o conteúdo nacional, a sofisticação tecnológica, a qualificação profissional. Temos de pensar também em como criar empresar brasileiras."""
97,1,vicentinho,Vicentinho,Deputado (PT-SP),PT,SP,DEPUTY,2021-11-25,BOLSONARO,EXACT,Vicentinho,22,21674,"Já obteve o apoio do presidente do Congresso, senador Rodrigo Pacheco (PSD-MG), e da Câmara, Arthur Lira (PP-AL), para a criação de uma comissão mista que discutirá a indústria nacional, principalmente a automobilística: ""As portas estão abertas, agora é preciso uma pressão democrática para que o Parlamento tenha essa sensibilidade. Há tempos, queríamos discutir a valorização do conteúdo nacional."""
97,2,fausto augusto junior,Fausto Augusto Júnior,"Diretor-técnico do Departamento Intersindical, de Estatística e Estudos Socioeconômicos (Dieese)",,,CIVIL_SOCIETY_OR_OTHER,2021-11-25,BOLSONARO,EXACT,FAUSTO AUGUSTO JÚNIOR,3,12660,"A decisão da Ford de fechar fábricas no Brasil foi um sinal de que o modelo industrial atual precisa ser revisto: ""A saída da empresa impactou mais de 6 mil trabalhadores direitos. E, quando se faz o cálculo multiplicador, são mais de 120 mil postos de trabalho fechados, considerando os segmentos de autopeças, fornecedores e terceiros."" | Apesar de haver razões próprias para ter deixado o Brasil, falhas na política pública de desenvolvimento industrial também interferiram na decisão da montadora: ""A Ford se beneficiou de diversos incentivos fiscais no País, só do BNDES foram mais de R$ 5 bilhões, mas, de alguma forma, tudo isso não segurou a montadora aqui."""
97,3,luiz carlos moraes,Luiz Carlos Moraes,Presidente da Associação Nacional dos Fabricantes de Veículos Automotores (Anfavea),,,CIVIL_SOCIETY_OR_OTHER,2021-11-25,BOLSONARO,EXACT,LUIZ CARLOS MORAES,3,23262,"O País tem a maior carga tributária do segmento no mundo. | O custo Brasil é um dos principais entraves para o desenvolvimento do setor automotivo nacional: ""O Brasil não é competitivo, a carga tributária é muito grande. Os encargos trabalhistas são muito grandes. A empresa gasta duas vezes e meia o que paga ao trabalhador."""
97,4,ronaldo lima dos santos,Ronaldo Lima dos Santos,Procurador do Trabalho e coordenador nacional de Promoção da Liberdade Sindical,,,CIVIL_SOCIETY_OR_OTHER,2021-11-25,BOLSONARO,EXACT,RONALDO LIMA DOS SANTOS,2,16063,"O Brasil deve adotar um modelo de desenvolvimento industrial que, além de prever incentivos, cobre das empresas responsabilidade social. | ""A Ford está montando um parque industrial na África do Sul, gastando mais de R$ 5 bilhões, e, para desmobilizar suas unidades no Brasil, está gastando mais R$ 4 bilhões. O que está acontecendo? Por que uma empresa que vendia 100 mil carros aqui está deixando o País?"" | ""Muitas empresas, ao montarem seu parques industriais pegam incentivos do poder público, mas não verificamos cláusulas protetivas dos direitos sociais que impeçam, por exemplo, demissões em massa."""
98,0,george lodder,George Lodder,"Procurador da República, membro do Grupo de Apoio sobre Criminalidade Cibernética do Ministério Público Federal (MPF)",,,CIVIL_SOCIETY_OR_OTHER,2021-11-18,BOLSONARO,EXACT,GEORGE LODDER,4,6215,"Defendeu o acesso facilitado a dados de plataformas digitais, em particular o número de endereços de IP: ""As plataformas negam informações para autoridades brasileiras e não comunicam crimes a que têm acesso""."
98,1,luis miranda,Luis Miranda,Deputado (DEM-DF),DEM,DF,DEPUTY,2021-11-18,BOLSONARO,EXACT,Luis Miranda,24,20084,"Ressaltou o crescimento dos crimes cibernéticos em número e complexidade: ""Estamos vivendo um dos piores momentos no mundo dos crimes cibernéticos. Cresceu demais. Não é apenas a tentativa de tomar dinheiro das vítimas on-line ou sequestro de informações. Foram agora para um nível muito mais perigoso que são os crimes antidemocráticos""."
98,2,regilene siqueira rozal,Regilene Siqueira Rozal,"Delegada, representante da Associação dos Delegados de Polícia Civil do Distrito Federal (Adepol-DF)",,,CIVIL_SOCIETY_OR_OTHER,2021-11-18,BOLSONARO,EXACT,REGILENE SIQUEIRA ROZAL,1,4847,"Apontou para a dificuldade de preservar provas no ambiente cibernético: ""A gente usa print de telas de celular, mas são passíveis de manipulação. A legislação precisa definir como produzir provas e levá-las ao processo"". | Considera necessário aprimorar a regulamentação sobre o fornecimento de dados: ""Provedores de conexão pequenos não têm critério para cadastrar usuários, que não são localizados""."
98,3,dario taciano de freitas junior,Dario Taciano de Freitas Junior,Delegado da Delegacia Especial de Repressão aos Crimes Cibernéticos da Polícia Civil do Distrito Federal,,,CIVIL_SOCIETY_OR_OTHER,2021-11-18,BOLSONARO,EXACT,DÁRIO TACIANO DE FREITAS JUNIOR,1,7233,"Afirmou que a necessidade de ordem judicial para conseguir o endereço de IP tem sobrecarregado o Ministério Público Federal e o Judiciário. | Defendeu a possibilidade de obtenção do IP por ofício da autoridade policial para evitar a demora nas investigações: ""Há situações de emergência, como no caso de sequestro"". | Pediu mudanças na legislação para permitir a participação de especialistas para cooperar com a polícia e a possibilidade de utilizar equipamentos apreendidos no combate ao crime cibernético."
98,4,aristides moura,Aristides Moura,Gerente de Relacionamento com Autoridades de Investigação e Assuntos Digitais da Microsoft,,,CIVIL_SOCIETY_OR_OTHER,2021-11-18,BOLSONARO,EXACT,ARISTIDES MOURA,1,5345,"Reconheceu as dificuldades de atender pedidos de investigações criminais: ""Nós da indústria de tecnologia ficamos muitas vezes numa situação complicada quando vemos que precisamos responder às determinações que foram feitas pelas autoridades, mas acabamos não tendo instrumentos que garantam a segurança para que o façamos. Se um juiz entender que a solicitação foi feita de forma irregular, isso vai invalidar a investigação""."
98,5,diogo rais,Diogo Rais,Diretor-geral do Instituto Liberdade Digital,,,CIVIL_SOCIETY_OR_OTHER,2021-11-18,BOLSONARO,EXACT,DIOGO RAIS,1,7857,"Alertou para o risco da desinformação e divulgação de notícias falsas: ""Espalhar fake news não é exercer a liberdade de expressão. Pode mudar o destino político"". | Disse ser necessário distinguir quem compartilha notícias falsas de escritórios dedicados à prática: ""Devemos agir como na lei de drogas, que distingue usuário de traficante""."
98,6,carlos affonso souza,Carlos Affonso Souza,Diretor do Instituto de Tecnologia e Sociedade do Rio de Janeiro (ITS Rio),,,CIVIL_SOCIETY_OR_OTHER,2021-11-18,BOLSONARO,EXACT,CARLOS AFFONSO SOUZA,1,8145,"Disse estar preocupado com a preservação dos dados pessoais. | Criticou as propostas legislativas que saíram do relatório da Comissão Parlamentar de Inquérito (CPI) da Pandemia, aprovado no mês passado no Senado: ""As propostas podem piorar a desinformação"". | Para ele, o crime de criação e divulgação de notícia falsa deveria ter dolo e especificar qual dano foi provocado."
98,7,ygor valerio,Ygor Valerio,Consultor da Motion Picture Association (MPA),,,CIVIL_SOCIETY_OR_OTHER,2021-11-18,BOLSONARO,EXACT,YGOR VALERIO,2,6224,"Defendeu a necessidade de legislação para orientar as investigações sobre crimes cibernéticos: ""São muitos casos que carecem de orientação legislativa, desde o telefone bloqueado encontrado na cena do crime até o pedido de busca e apreensão de arquivos de pessoas jurídicas."""
98,8,jonas antunes couto,Jonas Antunes Couto,Diretor jurídico-regulatório da Associação Brasileira de Televisão por Assinatura (ABTA),,,CIVIL_SOCIETY_OR_OTHER,2021-11-18,BOLSONARO,EXACT,JONAS ANTUNES COUTO,3,6715,"Reclamou das perdas da indústria audiovisual com o aumento da pirataria, que calcula em R$ 10 bilhões por ano. | ""Os brasileiros precisam ser de alguma forma protegidos pelo Parlamento brasileiro. O consumidor acredita que se dá bem acessando produtos desta forma, mas corre o risco de baixar softwares maliciosos capazes de minerar bitcoin e cometer ataques."""
98,9,evandro mario lorens,Evandro Mário Lorens,Diretor de Assuntos Parlamentares da Associação Nacional dos Peritos Criminais Federais (APCF),,,CIVIL_SOCIETY_OR_OTHER,2021-11-18,BOLSONARO,EXACT,EVANDRO MÁRIO LORENS,2,9776,"Propôs que a sociedade se mobilize na prevenção de crimes digitais para evitar danos permanentes na vida de crianças e adolescentes. | É necessário compartilhar as responsabilidades da família e da escola nessa abordagem preventiva: ""Crianças e adolescentes são mais vulneráveis e não entendem a implicação da exposição excessiva nos meios digitais. Falta maturidade para tomar decisões sobre a privacidade e compartilhamento de dados."""
98,10,thiago tavares,Thiago Tavares,Presidente da SaferNet Brasil,,,CIVIL_SOCIETY_OR_OTHER,2021-11-18,BOLSONARO,TOKEN_SUBSET,THIAGO TAVARES NUNES DE OLIVEIRA,5,15113,"Destacou a importância da cooperação internacional, já que muitas páginas de pornografia infantil são hospedadas em outros países. | Informou que a Safernet mantém canal de denúncias que são enviadas ao Ministério Público Federal. | ""Informações já temos muitas, mas falta investimento e pessoal."""
98,11,rafael zanatta,Rafael Zanatta,Membro da Coalizão Direitos na Rede,,,CIVIL_SOCIETY_OR_OTHER,2021-11-18,BOLSONARO,EXACT,RAFAEL ZANATTA,2,11416,"Notou que falta lei específica sobre tratamento e fluxo de dados em investigações criminais: ""Isso impede a construção de confiança mínima, até mesmo para acordos de cooperação que o Ministério Público Federal tenta obter com a Europol."" | Disse ser necessário preservar direitos fundamentais durante as investigações: ""São crimes moralmente repulsivos, mas não podem servir para tática agressiva de coleta de dados massiva sem determinação de suspeitos."""
99,0,ualid rabah,Ualid Rabah,Presidente da Federação Palestina no Brasil,,,CIVIL_SOCIETY_OR_OTHER,2024-04-25,LULA,EXACT,UALID RABAH,1,9135,"Quase 43 mil palestinos morreram em pouco mais de 200 dias de conflito. | As maiores vítimas dos ataques de Israel ao território palestino são crianças, quase 19 mil morreram, 44% do total de vítimas. | Essa é a 'maior matança de crianças' da história humana em guerras. | Proporcionalmente, Israel mata na Palestina 16,5 vezes mais crianças do que os nazistas mataram em Auschwitz. | As mulheres representam o segundo maior grupo de vítimas da guerra, somando 10,4 mil mortes, 24,5% do total. | O assassinato de mulheres e crianças não é uma casualidade, mas parte de um projeto de eliminação do povo palestino: ""É o maior programa de genocídio da história humana conhecido, que visa à desaparição de toda uma sociedade, que visa uma solução final, que visa um holocausto, talvez, jamais pensado na história humana."""
99,1,ibrahim mohamed khalil alzeben,Ibrahim Mohamed Khalil Alzeben,Embaixador da Palestina no Brasil,,,CIVIL_SOCIETY_OR_OTHER,2024-04-25,LULA,EXACT,IBRAHIM MOHAMED KHALIL ALZEBEN,1,4303,"A guerra de Israel não é contra o grupo Hamas, mas contra a existência da Palestina: ""A guerra de extermínio é contra a ideia de resistência, a ideia de resistir ao colonialismo, se não fosse a Fatah, Hamas, Frente Popular ou a OLP, teriam lutado contra as pedras e as oliveiras palestinas, que são também símbolo da nossa terra."""
99,2,vinicius limongi,Vinicius Limongi,Chefe do Programa Mundial de Alimentos da Organização das Nações Unidas (ONU),,,CIVIL_SOCIETY_OR_OTHER,2024-04-25,LULA,EXACT,VINÍCIUS LIMONGI,1,6004,"Mulheres e crianças são as maiores vítimas da fome que acomete a região da Faixa de Gaza. | O último relatório da ONU indica que toda a população de Gaza está nos três piores níveis de insegurança alimentar. | Quando a insegurança nutricional chega ao nível 5, último da escala, há o risco de morte iminente: ""O caso de Gaza é único, porque nunca houve um nível tão alto, em nenhum lugar. Hoje há mais de 1 milhão de pessoas em Gaza nesse indicador 5, e há uma projeção, em especial para o Norte de Gaza, de que até junho, 70% da população estejam nesta situação. É o que a gente chama de catástrofe alimentar, é uma situação em que nem mesmo a ajuda humanitária protege mais essas pessoas."" | O Norte da Faixa de Gaza representa a região mais crítica, porque a ajuda humanitária não consegue chegar até lá. Por isso a fome duplicou nos últimos dois meses, passando de 15% para 30% da população em situação de emergência nutricional."
99,3,padre joao,Padre João,Deputado (PT-MG),PT,MG,DEPUTY,2024-04-25,LULA,EXACT,Padre João,13,9698,"Condenou a morte, principalmente de mulheres e crianças, e a fome que acomete a região | 97% da água da Faixa de Gaza estão impróprias para o consumo humano. | ""É inconcebível não se indignar diante deste genocídio, o número de crianças que já foram assassinadas, mulheres assassinadas, destruição de áreas públicas, como hospitais."""
99,4,carlos antunes santos,Carlos Antunes Santos,Representante do Ministério das Relações Exteriores,,,FEDERAL_EXECUTIVE,2024-04-25,LULA,TOKEN_SUBSET,ANTONIO CARLOS ANTUNES SANTOS,1,8963,"O Brasil defende o reconhecimento do Estado Palestino como melhor maneira de garantir a paz e a segurança na região do conflito. Essa sempre foi a posição brasileira, desde a criação do Estado de Israel, em 1948."
99,5,abilio brunini,Abilio Brunini,Deputado (PL-MT),PL,MT,DEPUTY,2024-04-25,LULA,EXACT,ABILIO BRUNINI,9,7058,"Protestou por não ter podido participar do debate. | Fará novo requerimento para realização de audiência pública, com os mesmos convidados, para dar espaço a deputados com posição divergente de dialogarem: ""Eu não celebro a morte de inocentes. São reféns de um governo terrorista que é o Hamas. Mas Palestina também precisa pregar a paz com os territórios vizinhos."" | Falou sobre a dor do povo de Israel e dos reféns mantidos pelo Hamas."
100,0,silvye alves,Silvye Alves,Deputada (União-GO),UNIAO,GO,DEPUTY,2024-04-24,LULA,EXACT,Silvye Alves,40,21102,"A Safernet recebeu 71.867 denúncias de abuso e exploração sexual infantil: ""A realidade é que essas condutas continuam a ser praticadas na internet por usuários de sites criminosos nas chamadas deep e dark web. Precisamos de uma resposta aqui do nosso legislativo para esse tipo de crime."""
100,1,erika de oliveira,Erika de Oliveira,Delegada do departamento de Repressão a Crimes Cibernéticos da PF,,,CIVIL_SOCIETY_OR_OTHER,2024-04-24,LULA,FIRST_LAST,ERIKA KAROLINE DE CASTRO SABINO DE OLIVEIRA,5,15064,"Criticou a dificuldade de acesso a dados de conexão dos suspeitos, além da lentidão de resposta dos provedores: ""A gente quer ter meios e instrumentos adequados para conseguir os dados cadastrais de maneira célere, para que a gente consiga enfrentar realmente os crimes."" | Os provedores devem ser obrigados a permitir o acesso aos registros de conexão: ""Hoje em dia esse dados não são considerados dados cadastrais e, por conta disso, são negados com alegação de que invadem a intimidade do indivíduo."""
100,2,george neves lodder,George Neves Lodder,Procurador da República do Ministério Público Federal,,,CIVIL_SOCIETY_OR_OTHER,2024-04-24,LULA,EXACT,GEORGE NEVES LODDER,7,20654,"Defendeu vários pontos do projeto em debate, como a autorização para que o Ministério Público e a polícia possam fazer diretamente a requisição de retirada de conteúdo envolvendo abuso sexual de crianças. | É fundamental garantir aos órgãos de investigação acesso aos dados de conexão dos suspeitos sem necessidade de decisão judicial: ""Eu acho interessante que a gente tenha, por exemplo, esse pedido dos dados de conexão e cadastrais formulados diretamente pelos órgãos."""
100,3,rodrigo santana,Rodrigo Santana,Representante da Autoridade Nacional de Proteção de Dados,,,CIVIL_SOCIETY_OR_OTHER,2024-04-24,LULA,TOKEN_SUBSET,RODRIGO SANTANA DOS SANTOS,4,10704,"Falou sobre os riscos à privacidade por conta do compartilhamento de conteúdos com crianças pelos próprios pais nas redes sociais: ""Temos que ter cuidado com os dados que nós colocamos nas redes sociais."" | É crucial aumentar o controle do que os filhos fazem nas redes. | Informou que 95% das crianças e adolescentes de 9 a 17 anos são usuários de internet e 88% dos usuários de internet com essa idade reportaram ter perfil em redes sociais. | ""Outro dado também é que 16% dos usuários de 11 a 17 anos afirmaram ter recebido na internet mensagem de conteúdo sexual e 9% desses usuários afirmaram ter recebido pedido de foto ou vídeo em que apareceria nua."""
100,4,tais niffinegger,Tais Niffinegger,Representante do Facebook (Meta),,,CIVIL_SOCIETY_OR_OTHER,2024-04-24,LULA,EXACT,TAÍS NIFFINEGGER,6,14736,"""Nós não permitimos conteúdo ou atividades que explorem sexualmente ou coloquem em risco as crianças. Isso inclui também o conteúdo gerado por inteligência artificial. Sempre que tomamos conhecimento de alguma situação, denunciamos esse conteúdo diretamente ao NCMEC."""
101,0,cleomar marques,Cleomar Marques,Vice-presidente da Associação Nacional das Torcidas Organizadas (Anatorg),,,CIVIL_SOCIETY_OR_OTHER,2024-04-23,LULA,TOKEN_SUBSET,CLEOMAR MARQUES DE PAULA,3,12038,"Criticou a responsabilização dos dirigentes das torcidas organizadas: ""A Anatorg e as organizadas não querem privilégios, querem ser tratadas como quaisquer outras instituições do País. Mas quem cometeu o crime que pague pelo crime, como manda a Constituição."""
101,1,athirson oliveira,Athirson Oliveira,Secretário nacional de Futebol e Defesa dos Direitos do Torcedor do Ministério do Esporte,,,FEDERAL_EXECUTIVE,2024-04-23,LULA,FIRST_LAST,ATHIRSON MAZOLLI E OLIVEIRA,3,8466,"As punições não deveriam atingir as torcidas organizadas: ""Elas são a coisa mais linda que tem."""
101,2,ismael alexandrino,Ismael Alexandrino,Deputado (PSD-GO) e relator do Projeto de Lei 2357/23,PSD,GO,DEPUTY,2024-04-23,LULA,EXACT,Ismael Alexandrino,18,18500,"Deverá considerar a individualização de condutas no parecer. | Pretende estabelecer uma gradação nas sanções em casos de violência, inclusive o banimento definitivo de torcedores reincidentes. | Avalia a padronização de procedimentos das forças de segurança durante os jogos de futebol e um cadastro nacional das torcidas organizadas. | ""Talvez tenhamos que usar todas essas medidas e mais algumas para conseguir nosso objetivo, que é evitar a violência nos esportes e, dada a dimensão que tem no País, sobretudo no futebol"" | ""Se o indivíduo e a instituição que ele representa se preocupam em disseminar a cultura de paz, demora um pouco, mas tem chance de dar certo. O Brasil precisa resgatar o brilho, a alegria dos esportes, do futebol"""
101,3,rodrigo patricio,Rodrigo Patrício,Representante da Torcida Jovem do Flamengo,,,CIVIL_SOCIETY_OR_OTHER,2024-04-23,LULA,EXACT,RODRIGO PATRÍCIO,1,4097,"""Colocando a biometria, acham que o cara que tem problema com a polícia vai a um estádio? Não vai. Aí estarão lá, com bandeiras e instrumentos, as pessoas que querem torcer"""
102,0,dino antunes dias batista,Dino Antunes Dias Batista,Diretor de Navegação e Hidrovias do Ministério de Portos e Aeroportos,,,CIVIL_SOCIETY_OR_OTHER,2024-04-17,LULA,EXACT,DINO ANTUNES DIAS BATISTA,5,7789,"O órgão incentiva a redução das emissões de carbono na operação de terminais marítimos públicos e privados. | Os esforços para reduzir essas emissões em toda a cadeia dos transportes são benéficos para a economia brasileira. | ""Precisamos trabalhar isso não porque somos bonzinhos, mas porque dá resultado e vai ser cada vez mais exigido pelos nossos parceiros comerciais."" | ""Temos que deixar toda essa cadeia preparada com baixa pegada de carbono, com soluções tecnológicas que nos permitam não só manter os parceiros comerciais, mas ampliar essas possibilidades."""
102,1,arnaldo jardim,Arnaldo Jardim,Deputado (Cidadania-SP) e presidente da Comissão Especial sobre Transição Energética e Produção de Hidrogênio Verde,CIDADANIA,SP,DEPUTY,2024-04-17,LULA,EXACT,Arnaldo Jardim,17,18813,"O Brasil oferece um conjunto competitivo de opções de combustíveis limpos para a navegação. | O País terá que enfrentar os subsídios oferecidos por outros competidores, especialmente os Estados Unidos e a União Europeia: ""O problema é quando entra o jogo pesado, como o Inflation Reduction Act, que é um esforço americano altamente subsidiado, a disputa é pesadíssima. Existe também o Green Deal, da comunidade europeia, que tem um volume grande de subsídios, o que torna nossa dificuldade ainda maior. Mas temos buscado caminhos."""
103,0,ricardo lewandowski,Ricardo Lewandowski,Ministro da Justiça,,,FEDERAL_EXECUTIVE,2024-04-16,LULA,TOKEN_SUBSET,MINISTRO RICARDO LEWANDOWSKI,31,80224,"O presídio de Mossoró tinha projeto ultrapassado, padrões de segurança pouco rigorosos e fadiga de material. | Houve relaxamento e quebra dos protocolos de segurança e falha nas revistas diárias. | A fuga de dois integrantes do Comando Vermelho do presídio de segurança máxima de Mossoró foi única, deixou lições e não se repetirá: ""Fui surpreendido com essa fuga, que foi absolutamente excepcional e inusitada. Garanto: foi a única e será a última. Nós temos hoje quatro funcionários afastados e dez processos administrativos disciplinares abertos. Havia, na época, 29 policiais de plantão, que foram substituídos. E nós aumentamos o quantitativo de policiais penais, que hoje montam a 276 servidores."" | Anunciou o reforço de câmeras de monitoramento, muralhas e cursos de capacitação em todos os presídios de segurança máxima do País. | O retorno dos fugitivos para o mesmo presídio em Mossoró demonstra a confiança na atual estrutura da penitenciária. | Sobre o veto do presidente Lula à proibição de saída temporária de presos para visita à família, presente na Lei nº 14.843/24, que acaba com a “saidinha” no regime aberto, afirmou que Lula manteve mais de 90% do texto aprovado no Congresso, concordando com itens como exame criminológico, uso de tornozeleira eletrônica e proibição de “saidinha” para quem cometeu crime hediondo. | As restrições às visitas familiares atrapalhariam o esforço de ressocialização e seriam inconstitucionais: ""Contrariava princípios fundamentais da Constituição: em primeiro lugar, o princípio da dignidade humana e o princípio da individualização da pena. Contraria frontalmente o artigo 226 da Constituição, que obriga o Estado a defender a família."" | Até dezembro, a fiscalização dos CACs continuará com o Exército e será transferida para a Polícia Federal a partir do próximo ano. | Admitiu ajustes no decreto sobre CACs, desde que discutidos tecnicamente: ""Não podemos tapar os olhos e dizer que os CACs não existem. Congregam cerca de um milhão, estão na realidade e, a partir disso, serão regulamentados de acordo com suas características e particularidades."" | Comentou o esclarecimento do assassinato da vereadora carioca Marielle Franco e seu motorista, Anderson Gomes, ressaltando que a solução do caso só foi possível a partir da federalização da investigação. | Apresentou dados positivos de prisões, apreensões e recuperação de valores nas diversas operações das Polícias Federal e Rodoviária Federal. | Admitiu que o ministério trabalha no limite dos esforços diante do que chamou de 'drástico' corte orçamentário. | Informou já ter agendado reunião com os ministros do Planejamento e da Fazenda em busca de recomposição de recursos."
103,1,general girao,General Girão,Deputado (PL-RN),PL,RN,DEPUTY,2024-04-16,LULA,EXACT,GENERAL GIRÃO,2,6462,Manteve as críticas ao governo. | Garantiu que o veto parcial de Lula será derrubado em sessão do Congresso Nacional.
103,2,delegado paulo bilynskyj,Delegado Paulo Bilynskyj,Deputado (PL-SP),PL,SP,DEPUTY,2024-04-16,LULA,EXACT,DELEGADO PAULO BILYNSKYJ,10,7460,"Criticou o Decreto 11.615/23, que afeta os CACs quanto ao acesso a armas e munições. | Questiona a proibição de clubes de tiro a um quilômetro de escolas e as restrições de acordo com o calibre das armas: ""Se essa proibição entrar em efeito, todos os clubes de tiro do Brasil têm que fechar. E eles vão se mudar para onde, ministro, se já foi feito investimento massivo na construção desses estabelecimentos?"""
103,3,pastor henrique vieira,Pastor Henrique Vieira,Deputado (Psol-RJ),PSOL,RJ,DEPUTY,2024-04-16,LULA,EXACT,PASTOR HENRIQUE VIEIRA,1,6393,"Elogiou a atuação de Lewandowski, segundo ele, baseada na defesa dos direitos humanos, sem se render ao 'populismo penal'."
103,4,sanderson,Sanderson,Deputado (PL-RS),PL,RS,DEPUTY,2024-04-16,LULA,EXACT,SANDERSON,8,4961,"Elogiou a disposição de Lewandowski pelo diálogo: ""Iniciamos hoje uma relação civilizada entre a Câmara dos Deputados e o ministro, que deve ficar, pelo menos, três anos à frente da Pasta. E a Comissão de Segurança Pública vai ficar esses três anos fiscalizando."""
104,0,hugo leal,Hugo Leal,Deputado (PSD-RJ),PSD,RJ,DEPUTY,2024-04-16,LULA,EXACT,Hugo Leal,29,27922,"O Ministério de Minas e Energia ainda não entendeu que o Congresso Nacional quer participar da discussão das regras de prorrogação: ""O ministério talvez não esteja entendendo o que é o papel de contribuição que esse Parlamento pode entregar"" | O projeto que trata da renovação das concessões, em análise na Câmara (PL 4831/23), não deve ser votado logo, apesar de estar em regime de urgência, devido à complexidade do assunto."
104,1,danilo forte,Danilo Forte,Deputado (União-CE),UNIAO,CE,DEPUTY,2024-04-16,LULA,EXACT,DANILO FORTE,1,3589,Já existe consenso entre os parlamentares de que o modelo atual das concessionárias precisa ser mudado. | Há consenso sobre a migração da Tarifa Social de Energia Elétrica (TSEE) para o orçamento da União. Hoje esse subsídio é custeado pela conta de energia dos consumidores brasileiros.
104,2,lafayette de andrada,Lafayette de Andrada,Deputado (Republicanos-MG),REPUBLICANOS,MG,DEPUTY,2024-04-16,LULA,EXACT,Lafayette de Andrada,2,3023,"Defendeu uma nova concepção para renovar as concessões. | Apresentou um projeto de lei (PL 970/24) que condiciona a prorrogações dos contratos a uma série de exigências, como estudo técnico prévio que fundamente a vantagem da medida e consulta pública. | Criticou as distribuidoras por estarem criando dificuldade para conectar as unidades de geração distribuída à rede elétrica: ""As distribuidoras não estão obedecendo à lei, não estão obedecendo às próprias resoluções da Aneel"""
104,3,frederico teles,Frederico Teles,Diretor do Departamento de Políticas Setoriais do Ministério de Minas e Energia (MME),,,CIVIL_SOCIETY_OR_OTHER,2024-04-16,LULA,FIRST_LAST,FREDERICO DE ARAÚJO TELES,2,6685,"Destacou a necessidade de uma solução rápida para a renovação das concessões das distribuidoras. | A demora prejudica as empresas, que usam capital de uma forma intensiva. Sem uma definição para a prorrogação, elas têm captado recursos no mercado a custos mais altos: ""Como elas não têm a definição de seus critérios, estão sendo obrigadas a emitir mais debêntures de curto prazo, que traz aumento de custo capital"" | O governo já amadureceu um formato de prorrogação."
104,4,sandoval feitosa,Sandoval Feitosa,Diretor-geral da Agência Nacional de Energia Elétrica (Aneel),,,CIVIL_SOCIETY_OR_OTHER,2024-04-16,LULA,TOKEN_SUBSET,SANDOVAL DE ARAÚJO FEITOSA NETO,4,19147,"Reforçou a urgência para a solução da renovação das concessões das distribuidoras: ""Qualquer que seja a decisão, não podemos demorar com ela"""
105,0,dr zacharias calil,Dr. Zacharias Calil,Deputado (União-GO),UNIAO,GO,DEPUTY,2024-04-11,LULA,EXACT,Dr. Zacharias Calil,17,12299,"O SUS precisa se atualizar para preservar a visão e a qualidade de vida dos pacientes: ""É fundamental que o SUS revise e atualize seus protocolos clínicos para incluir diretrizes claras e abrangentes para o diagnóstico, tratamento e acompanhamento do edema macular. Além disso, é necessário garantir um sistema de financiamento adequado que cubra os custos."""
105,1,vanessa pirolo,Vanessa Pirolo,Coordenadora da Coalizão Vozes do Advocacy,,,CIVIL_SOCIETY_OR_OTHER,2024-04-11,LULA,EXACT,VANESSA PIROLO,4,14572,"Se o Estado investir mais na prevenção, o número de pessoas improdutivas pode cair: ""[Se a pessoa tiver a doença], vai requerer do Estado uma aposentadoria antecipada, vai precisar de cuidador, de investimento, e esse custo vai aumentar assustadoramente no futuro. Precisamos trabalhar com a prevenção."" | Os gastos hoje com diabetes superam 43 bilhões de dólares ao ano, e 60% desse valor cobre complicações da doença."
105,2,fernando korn malerbi,Fernando Korn Malerbi,Coordenador do Departamento de Doenças Oculares da Sociedade Brasileira de Diabetes (SBD),,,CIVIL_SOCIETY_OR_OTHER,2024-04-11,LULA,EXACT,FERNANDO KORN MALERBI,2,9127,"Para diminuir o problema, é necessário ter programa amplo e universal de rastreamento da doença. | Falta sensibilidade de clínicos gerais e endocrinologistas para encaminhar diabéticos para o oftalmologista. | Estima que 16 milhões de brasileiros precisariam fazer exame uma vez por ano para saber se têm ou não doença na retina que ameace a visão."
105,3,arnaldo furman bordon,Arnaldo Furman Bordon,Presidente da Sociedade Brasileira de Retina e Vítreo,,,CIVIL_SOCIETY_OR_OTHER,2024-04-11,LULA,EXACT,ARNALDO FURMAN BORDON,3,10320,"Endossa a fala sobre a prevenção: ""Nós temos uma doença que é prevenível, ela pode ser evitada quando detectada em sua fase precoce, porém estamos com problemas crônicos de acesso dessa população ao Sistema Único de Saúde, que é um excelente sistema."""
106,0,jelson gesser,Jelson Gesser,Presidente da Associação dos Produtores de Cebola de Santa Catarina,,,CIVIL_SOCIETY_OR_OTHER,2024-04-11,LULA,EXACT,JELSON GESSER,3,11261,"O produtor é incentivado a ter uma produção diversificada: ""Produtor de Santa Catarina cultiva mais do que uma lavoura na propriedade dele. Até porque sempre foi pregado pelos órgãos de pesquisa e extensão rural que nós precisávamos diversificar na nossa propriedade."""
106,1,claudio filgueiras,Claudio Filgueiras,Responsável pela área de agronegócio do Banco Central,,,CIVIL_SOCIETY_OR_OTHER,2024-04-11,LULA,TOKEN_SUBSET,CLAUDIO FILGUEIRAS PACHECO MOREIRA,12,38041,"Serão feitos ajustes nas novas regras do seguro rural, mas o governo precisa reduzir os gastos com o Proagro porque em 2023 ele custou R$ 8 bilhões para o Tesouro. | Foram verificadas situações de uso inadequado do programa, como a de um produtor que conseguiu receber R$ 1 milhão do governo em 41 coberturas: ""Pode ser que a nova regra tenha sido muito dura. Por isso que estamos discutindo com o ministério alguns ajustes para o próximo Plano Safra, mas nós não podíamos aceitar, no Banco Central, alguém receber isso tudo de um programa do governo."" | Outra mudança no programa quer induzir os produtores a plantarem em períodos de menor risco."
106,2,pezenti,Pezenti,Deputado (MDB-SC),MDB,SC,DEPUTY,2024-04-11,LULA,EXACT,Pezenti,22,14623,"O governo precisa cortar despesas, mas ele não considera altos os gastos com o Proagro: ""Eu acho que R$ 8 bilhões gastos no Proagro são bastante dinheiro, mas não para um governo que gasta R$ 16 bilhões em Lei Rouanet para incentivo à cultura."""
107,0,henguel ricardo,Henguel Ricardo,Coordenador de Proteção e Defesa Civil de São Paulo,,,CIVIL_SOCIETY_OR_OTHER,2024-04-10,LULA,TOKEN_SUBSET,HENGUEL RICARDO PEREIRA,1,11119,O sistema de radar em operação para previsão meteorológica 'é uma colcha de retalhos' e precisa ser modernizado. Precisam de 'radares eficientes e modernos para conseguirmos enxergar com mais precisão o que se aproxima de cada região.' | O sistema de alertas por SMS é extremamente ineficiente. 'Quem na madrugada lê essas mensagens?'
107,1,carlos frederico otoni garcia,Carlos Frederico Otoni Garcia,Coordenador da Defesa Civil de Minas Gerais,,,CIVIL_SOCIETY_OR_OTHER,2024-04-10,LULA,EXACT,CARLOS FREDERICO OTONI GARCIA,1,11278,Somente cinco estados brasileiros tinham cobertura de satélite em 100% dos municípios. | O sistema de previsão do tempo nacional é essencial à prevenção de desastres. | Sugeriu a inserção de uma disciplina sobre proteção e defesa civil na base curricular das escolas.
107,2,luciano chaves boeira,Luciano Chaves Boeira,Representante do Rio Grande do Sul,,,CIVIL_SOCIETY_OR_OTHER,2024-04-10,LULA,EXACT,LUCIANO CHAVES BOEIRA,2,10485,"O prazo inicial previsto pelo governo federal para implantar o sistema de alerta Céu Broadcast era o final do ano passado. Agora, a entrega deve ocorrer em maio deste ano."
107,3,gilson daniel,Gilson Daniel,Deputado (PODE-ES),PODEMOS,ES,DEPUTY,2024-04-10,LULA,EXACT,Gilson Daniel,14,23188,"Sugeriu a realização de uma nova audiência pública com a presença de representantes do governo para discutir o novo serviço de alertas de risco: 'Até para esclarecer como será a resposta da população lá na ponta. O perigo é o sistema de alerta cair no descrédito. A população quando recebe um alerta tem de saber para onde vai e o que fazer.' | Defendeu a destinação de mais recursos para a defesa civil. | Ressaltou que o Fundo Nacional de Calamidade Pública foi criado em 1969, mas nunca contou com fonte própria de recursos. Até hoje as emergências são atendidas por meio de medidas provisórias. | Embora o governo federal gaste em torno de R$ 2 bilhões por ano somente com resposta a emergências, o orçamento da área neste ano foi de apenas R$ 250 milhões."
107,4,marlisson soares cunha,Marlisson Soares Cunha,Representante do Maranhão,,,CIVIL_SOCIETY_OR_OTHER,2024-04-10,LULA,NONE,,0,0,"A liberação de recursos para atendimento emergencial à população vítima de desastres deve ser desburocratizada. Hoje a destinação das verbas demora de 10 a 15 dias, se o processo de requisição estiver correto. Do contrário, pode demorar ainda mais."
107,5,pedro henrique correa teixeira,Pedro Henrique Correa Teixeira,Gestor de Políticas Públicas do Acre,,,CIVIL_SOCIETY_OR_OTHER,2024-04-10,LULA,EXACT,PEDRO HENRIQUE CORRÊA TEIXEIRA,1,8028,"Em estados com municípios e comunidades isoladas, a burocracia dificulta ainda mais o atendimento às vítimas. | Nos últimos três anos, o Acre sofreu seis meses com seca e outros seis com enchentes. | O Estado deveria criar um plano de ação para essas situações recorrentes: 'Se eu já sei no início do ano que eu vou ter esse evento, que a União, o Ministério do Desenvolvimento Regional, que os deputados consigam dentro dos mecanismos legais dar para a gente o subsídio imediatamente, quando a chuva chegar.'"
108,0,fabiano camargo,Fabiano Camargo,Presidente do Conselho de Administração da Associação Brasileira de Operadores de Turismo,,,CIVIL_SOCIETY_OR_OTHER,2024-04-10,LULA,FIRST_LAST,FABIANO TURINI DE CAMARGO,1,4939,"O setor ainda não se recuperou dos impactos da pandemia. | No segmento de agências de turismo, houve R$ 7 bilhões em prejuízos, fechamento de 2.400 empresas e perda de 28 mil postos de trabalho. | ""Os prejuízos acumulados, aliados ao aumento dos custos, ainda fragilizam nosso setor. As empresas se planejaram, contrataram, investiram na retomada baseando-se nesse programa. Precisamos que a segurança jurídica seja mantida."""
108,1,orlando souza,Orlando Souza,Presidente executivo do Fórum dos Operadores Hoteleiros do Brasil,,,CIVIL_SOCIETY_OR_OTHER,2024-04-10,LULA,FIRST_LAST,ORLANDO DE SOUZA,8,3058,"Cerca de 700 hotéis fecharam as portas no Brasil durante a pandemia. | Os hotéis que reabriram precisaram lidar com endividamentos para realizar investimentos, modernizações e pagar dívidas e impostos atrasados. | ""Neste momento, o setor está retomando, sim, mas é mais ou menos como se você tirasse o respirador do doente quando ele está na fase de recuperação. O Perse, neste momento, é o respirador para a hotelaria."""
108,2,bibo nunes,Bibo Nunes,Deputado (PL-RS),PL,RS,DEPUTY,2024-04-10,LULA,EXACT,Bibo Nunes,19,9719,"O fim do Perse sinaliza falta de previsibilidade e compromete investimentos no País: ""O fim desse programa representará uma retirada de algo entre R$ 120 bilhões e R$ 244 bilhões da economia."" | No fim do ano passado, o Governo derrubou o veto imposto pelo Executivo ao projeto de lei que criou o Perse a fim de manter as alíquotas zero de quatro tributos federais por 60 meses: ""Aprovamos no ano passado. Como é que vamos mudar agora?"""
108,3,jorge goetten,Jorge Goetten,Deputado (PL-SC),PL,SC,DEPUTY,2024-04-10,LULA,EXACT,JORGE GOETTEN,7,6669,"A decisão do governo pode ser chamada de calote: ""É um verdadeiro calote que tira a previsibilidade, interrompe o planejamento e, principalmente, passa uma mensagem para o mercado: olha não vale não vale a pena investir no Brasil porque lá é uma insegurança."""
108,4,tiago xavier,Tiago Xavier,Representante do Fórum dos Operadores Hoteleiros do Brasil,,,CIVIL_SOCIETY_OR_OTHER,2024-04-10,LULA,NONE,,0,0,"O projeto de lei representa uma redução de 90% dos benefícios previstos. | Não é possível entender os critérios usados pelo governo para manter alguns setores e excluir outros do programa. | ""Será que o projeto de lei está olhando para emprego formal? Não, porque atividades que estão em melhores condições estão dentro e outras que estão mais fragilizadas pela pandemia estão fora."""
108,5,milton zuanazzi,Milton Zuanazzi,"Secretário Nacional de Planejamento, Sustentabilidade e Competitividade do Ministério do Turismo",,,FEDERAL_EXECUTIVE,2024-04-10,LULA,FIRST_LAST,MILTON SÉRGIO SILVEIRA ZUANAZZI,1,13728,"É legítimo por parte do Ministério da Fazenda buscar o déficit zero para as contas públicas, mas o projeto é ""pouco inteligente"": ""Primeiro porque ele vai provocar um conjunto de judicialização. Segundo, ele não discute bem a questão das atividades econômicas beneficiadas e separa cadeias produtivas que não podem ser separadas."""
108,6,magda mofatto,Magda Mofatto,Deputada (PRD-GO),PRD,GO,DEPUTY,2024-04-10,LULA,EXACT,Magda Mofatto,6,5867,"O colegiado enviou um convite ao ministro da Fazenda, Fernando Haddad, para falar sobre o programa. | O ministério enviou ofício comunicando sobre o não comparecimento de representantes por motivo de agenda."
109,0,waldez goes,Waldez Góes,Ministro da Integração e do Desenvolvimento Regional,,,FEDERAL_EXECUTIVE,2024-04-10,LULA,TOKEN_SUBSET,MINISTRO WALDEZ GÓES,24,60300,"O Plano Nacional de Proteção e Defesa Civil (PNPDC) deverá ser entregue no início do segundo semestre. | O plano vai trazer melhorias na governança e no atendimento às populações que vivem em áreas de risco ou enfrentam desastres naturais: ""[O plano] vai criar uma sinergia maior entre a defesa civil nacional, estadual e municipais"". | Pediu mudanças na lei que trata do Fundo Nacional para Calamidades Públicas, Proteção e Defesa Civil (Funcap), para adaptá-la a todas as situações emergenciais. | Fez um apelo aos deputados para que votem os projetos do Executivo que instituem as políticas de desenvolvimento do Centro-Oeste, da Amazônia e do Nordeste (PLs 5786/23, 5787/23 e 5789/23)."
109,1,wolnei wolf,Wolnei Wolf,Secretário Nacional de Proteção e Defesa Civil,,,FEDERAL_EXECUTIVE,2024-04-10,LULA,NONE,,0,0,"O Brasil possui hoje perto de 2 mil municípios em situação de emergência ou de calamidade pública no Brasil: ""É um número bastante parecido com o do ano passado""."
109,2,pedro campos,Pedro Campos,Deputado,,,DEPUTY,2024-04-10,LULA,EXACT,PEDRO CAMPOS,2,6169,Defendeu a aprovação do projeto que institui uma política de proteção da Caatinga (PL 4623/19).
109,3,gaguim,Gaguim,Deputado (União-TO),UNIAO,TO,DEPUTY,2024-04-10,LULA,NONE,,0,0,"É favorável à aprovação da Proposta de Emenda à Constituição (PEC) 504/10, que reconhece a Caatinga como patrimônio nacional. | Propôs levar o assunto para a reunião do Colégio de Líderes."
109,4,padovani,Padovani,Deputado (União-PR),UNIAO,PR,DEPUTY,2024-04-10,LULA,EXACT,PADOVANI,3,2965,"Defendeu a Ferrovia Bioceânica, que vai ligar os portos de Paranaguá (PR) e Antofagasta (Chile), facilitando o comércio com a Ásia: ""Tudo o que exportamos de Santos, Itajaí, de Porto Alegre passa pelo Canal do Panamá. Se nós tivéssemos essa ferrovia, ia resolver drasticamente a questão da logística""."
110,0,luiz couto,Luiz Couto,Deputado (PT-PB),PT,PB,DEPUTY,2024-04-09,LULA,EXACT,Luiz Couto,16,8669,"O envelhecimento ativo e saudável pode resultar em uma redução da carga sobre o sistema de saúde, além de contribuir para o desenvolvimento econômico e social do País, uma vez que idosos ativos trabalham, consomem e desempenham papel importante na coesão social. | ""Ao adotar o envelhecimento ativo e saudável como agenda prioritária no G20, os líderes globais podem demonstrar liderança e colaboração em questões de saúde e equidade, trabalhando juntos para criar um futuro mais saudável e sustentável para todas as gerações."""
110,1,alexandre lindenmeyer,Alexandre Lindenmeyer,Deputado (PT-RS),PT,RS,DEPUTY,2024-04-09,LULA,EXACT,ALEXANDRE LINDENMEYER,1,4824,A pauta do envelhecimento saudável não é exclusiva do Brasil. | Os investimentos em um bom envelhecimento devem começar cedo e abranger o tipo de alimentação e o acesso ao lazer e ao esporte desde a juventude.
110,2,felipe hees,Felipe Hees,"Diplomata, representante do governo para a cúpula do G20",,,CIVIL_SOCIETY_OR_OTHER,2024-04-09,LULA,EXACT,FELIPE HEES,1,8685,"O envelhecimento com qualidade de vida está nas prioridades do Brasil para a cúpula do G20: ""O envelhecimento com qualidade de vida faz parte das discussões. O foco não é terceira idade, mas afeta a terceira idade. Nos grupos de trabalho e saúde, por exemplo, as discussões dizem respeito ao envelhecimento."""
110,3,alexandre da silva,Alexandre da Silva,Secretário nacional dos Direitos da Pessoa Idosa do Ministério dos Direitos Humanos e da Cidadania,,,FEDERAL_EXECUTIVE,2024-04-09,LULA,EXACT,ALEXANDRE DA SILVA,2,16186,"A reunião do G20 deve levar em conta a globalização e os seus efeitos nos hábitos e costumes das populações dos diferentes países. | ""A gente tem que cada vez mais aprimorar as nossas ações para que as pessoas idosas possam usufruir melhor das condições de vida. Construir também linhas de cuidado a partir das particularidades dos diversos grupos."""
110,4,reimont,Reimont,Deputado (PT-RJ),PT,RJ,DEPUTY,2024-04-09,LULA,EXACT,REIMONT,1,5043,"Cobrou mais verbas para a promoção dos direitos humanos no Brasil, o que beneficiaria o envelhecimento ativo da população: ""O Estado precisa compreender que não se faz política de direitos humanos sem recursos, apenas com discursos. A gente precisa fortalecer o orçamento do Ministério dos Direitos Humanos e da Cidadania."""
110,5,ligia gualberto,Ligia Gualberto,Coordenadora de Saúde da Pessoa Idosa do Ministério da Saúde,,,CIVIL_SOCIETY_OR_OTHER,2024-04-09,LULA,FIRST_LAST,LÍGIA IASMINE PEREIRA DOS SANTOS GUALBERTO,2,9928,"Entre as ações que devem ser adotadas para promover o desenvolvimento saudável estão o acesso aos serviços de saúde ao longo de toda a vida, a promoção de estilos de vida saudáveis, a prevenção de quedas e acidentes, a proteção social e a educação."
111,0,rodrigo rosso marques,Rodrigo Rosso Marques,Professor-adjunto do Departamento de Libras da Universidade Federal de Santa Catarina,,,CIVIL_SOCIETY_OR_OTHER,2024-03-26,LULA,EXACT,RODRIGO ROSSO MARQUES,2,52,"A educação bilíngue de surdos vai muito além de simplesmente garantir intérpretes de Libras em sala de aula. O primeiro ponto importante do ensino bilíngue é a comunicação. A língua de instrução tem de ser a língua de sinais, em todos os espaços da escola. O português deve ser aprendido como uma segunda língua. | A metodologia de ensino para surdos tem particularidades. A duração das aulas nas escolas bilíngues para surdos deve ser maior que em uma instituição só para ouvintes: ""Eu, como professor, vou utilizar a língua de sinais, e o aluno vai precisar de uma pausa para escrever e registrar. O aluno ouvinte consegue fazer tudo ao mesmo tempo. Se o professor está dando uma aula, ele precisa pausar para que o aluno surdo consiga escrever, então, esse tempo de visualização precisa ser respeitado dentro desse espaço."" | O censo escolar de 2020 mostrou que existiam, na época, 63.106 alunos surdos matriculados na educação básica no Brasil. Destes, apenas pouco mais de 7 mil estavam na educação bilíngue. | A comunidade surda no País corresponde a cerca de 11 milhões de pessoas."
111,1,amalia barros,Amália Barros,Deputada (PL-MT),PL,MT,DEPUTY,2024-03-26,LULA,EXACT,AMÁLIA BARROS,15,14288,"A legislação garante que a educação bilíngue para surdos representa uma modalidade de ensino independente da educação especial. | Embora considere essas conquistas legais 'uma vitória', é preciso avançar: ""São poucas as instituições escolares que efetivamente oferecem uma educação bilíngue capaz de promover uma educação de qualidade, que forneçam uma estrutura, formação, qualificação, teorias e práticas pedagógicas adequadas, com profissionais habilitados nas duas línguas e em um espaço em que haja o respeito e a valorização da Libras, assim como a promoção da cultura e identidade surdas."""
111,2,messias ramos costa,Messias Ramos Costa,Coordenador-substituto do Curso de Língua de Sinais Brasileira,,,CIVIL_SOCIETY_OR_OTHER,2024-03-26,LULA,EXACT,MESSIAS RAMOS COSTA,2,52,"Há muitas falhas na seleção dos profissionais. Muitos professores não têm proficiência suficiente em Libras para estar à frente de uma sala de educação bilíngue. | Uma maneira de corrigir esse problema de fluência dos professores seria a criação de bancas de avaliação dos candidatos, formadas por pessoas surdas."
112,0,paulo xavier,Paulo Xavier,Presidente da Federação dos Motoristas por Aplicativos do Brasil,,,CIVIL_SOCIETY_OR_OTHER,2024-03-21,LULA,EXACT,PAULO XAVIER,2,4399,A categoria quer autonomia. | Defendeu a rejeição integral da proposta do Executivo.
112,1,tadeu henrique lopes,Tadeu Henrique Lopes,Procurador do trabalho e gerente nacional do Projeto Estratégico Plataformas,,,CIVIL_SOCIETY_OR_OTHER,2024-03-21,LULA,TOKEN_SUBSET,TADEU HENRIQUE LOPES DA CUNHA,1,4753,"Considerou insuficiente o valor de R$ 8 por hora trabalhada para garantir a aposentadoria: ""Considerando a reforma da Previdência, para que a pessoa tenha o benefício, ela tem que ter um salário de contribuição relativo ao salário mínimo. A gente vê aqui uma possibilidade real de que motoristas recolham e não recebam o benefício futuramente, porque esses R$ 8 por hora podem não alcançar no final do mês esse valor do salário mínimo."""
112,2,rodrigo carelli,Rodrigo Carelli,Coordenador do Grupo Direito do Trabalho no Século 21,,,CIVIL_SOCIETY_OR_OTHER,2024-03-21,LULA,EXACT,RODRIGO CARELLI,2,4330,"O projeto nem garante autonomia aos trabalhadores nem os trata como empregados: ""O projeto tem o slogan de que seria um autônomo com direitos. Não, na verdade, é um subordinado sem direitos."" | Critica especificamente o artigo 5º da proposta que prevê poder empregatício às plataformas: ""Ele sai descrevendo que os aplicativos têm poder organizativo, poder fiscalizatório ou de vigilância e poder punitivo."""
112,3,carina mineia dos santos trindade,Carina Mineia dos Santos Trindade,Representante da Federação Nacional dos Sindicatos dos Motoristas de Aplicativos,,,CIVIL_SOCIETY_OR_OTHER,2024-03-21,LULA,EXACT,CARINA MINEIA DOS SANTOS TRINDADE,16,9328,"Defendeu o projeto do governo. | Afirmou que os profissionais do setor foram ouvidos por meio de pesquisas: ""Foram feitas audiências públicas estaduais e federais, foram feitas pesquisas em vários órgãos, nas quais os trabalhadores foram ouvidos."" | Entre as demandas apresentadas pelos trabalhadores nessas pesquisas estão a necessidade de cobertura às suas famílias e a criação oficial da categoria, o que os retiraria da invisibilidade: ""Muitos motoristas morreram, infelizmente, e a gente depende de ações na Justiça para que a família receba alguma coisa."" | Fez um apelo para que o projeto seja aperfeiçoado por meio de emendas, mas ressaltou a importância de os profissionais terem um mínimo garantido, o que, atualmente, não existe."
112,4,glauber braga,Glauber Braga,Deputado (Psol-RJ) e presidente da Comissão de Legislação Participativa,PSOL,RJ,DEPUTY,2024-03-21,LULA,EXACT,Glauber Braga,72,35286,"Quer pedir a retirada da urgência constitucional, que exige a análise da proposta em até 45 dias no Plenário da Câmara: ""Temos que trabalhar por um projeto que represente ganhos reais para os trabalhadores."""
113,0,pedro batista,Pedro Batista,Coordenador de obras da Secretaria Nacional de Periferias,,,CIVIL_SOCIETY_OR_OTHER,2024-03-20,LULA,FIRST_LAST,PEDRO HENRIQUE LOPES BATISTA,2,16756,"O novo Programa de Aceleração do Crescimento tem 38 contratos de obras de contenção de encostas em execução, um investimento total de R$ 1,6 bilhão. | ""As obras de contenção de encostas do Ministério das Cidades são o nosso Minha Casa, Minha Vida, porque a gente qualifica a segurança das moradias e evita a remoção de famílias. Ninguém escolhe morar em área de risco porque quer."" | O Ministério das Cidades tem promovido caravanas de escuta ativa das comunidades. Um dos resultados dessa ação é o desenvolvimento de obras dentro do conceito de Soluções Baseadas na Natureza (SBN): ""São obras que têm o papel de imitar a natureza, fazendo com que haja maior infiltração de água e mais áreas verdes. Hoje, a gente tem um orçamento para isso de R$ 19 milhões dentro do programa Periferia Viva. E a gente quer fazer projetos pilotos, porque são obras complexas e serão pactuadas com a população."""
113,1,gilson daniel,Gilson Daniel,Deputado (Podemos-ES) e relator da Comissão Especial de Prevenção e Auxílio a Desastres e Calamidades Naturais,PODEMOS,ES,DEPUTY,2024-03-20,LULA,EXACT,Gilson Daniel,7,13586,"Cobrou maior número de contratos no novo PAC Encostas e reforço orçamentário: ""O País necessita organizar fontes de recursos específicas para a prevenção de desastres. Ao longo dos anos, temos recebido medidas provisórias que só chegam após o acontecimento do desastre, depois que a gente perde vidas e patrimônio."""
113,2,vera campelo,Vera Campelo,Coordenadora dos serviços de proteção em calamidades públicas e emergências do Sistema Único de Assistência Social,,,CIVIL_SOCIETY_OR_OTHER,2024-03-20,LULA,TOKEN_SUBSET,VERA LÚCIA CAMPELO DA SILVA,3,16951,"Defendeu ajustes na legislação para ampliar o atendimento: ""É preciso pensar em outros tipos de situação, como a crise migratória dos venezuelanos, a situação dos Yanomami e as pessoas que vivem nas ruas. A gente está trabalhando na alteração da nossa legislação para ampliar esse atendimento e não focar em apenas um ponto."" | Mostrou ações do Ministério do Desenvolvimento e Assistência Social quanto ao apoio técnico a gestores municipais e estaduais e à atuação conjunta com a Defesa Civil. | Detalhou algumas medidas de pronta-resposta, como a flexibilização das datas de saque do Bolsa Família e do Benefício de Prestação Continuada (BPC) em caso de municípios em situação de emergência ou calamidade pública."
113,3,leo prates,Leo Prates,Deputado (PDT-BA) e presidente da comissão especial,PDT,BA,DEPUTY,2024-03-20,LULA,EXACT,Leo Prates,1,3761,"A proteção à população é prioridade absoluta. | ""O grande desafio é criar um arcabouço legal que possa dar proteção especialmente aos vulneráveis. Imagina o que é, na Amazônia, não ter acesso a um médico porque as hidrovias e os rios estão secos; ou, no Rio Grande do Sul, a perda de pequenas atividades comerciais que sustentavam famílias inteiras."""
114,0,antonio brito,Antonio Brito,Deputado (PSD-BA) e presidente da Comissão Externa da Câmara dos Deputados para o Enfrentamento da Tuberculose,PSD,BA,DEPUTY,2024-03-19,LULA,EXACT,Antonio Brito,2,12476,"Quer intensificar as ações de combate à tuberculose no Brasil inteiro. | Sugere foco no Amazonas para ampliar os futuros resultados efetivos de erradicação: ""No Amazonas, são 6 mil casos novos por ano. Então, o impacto de fazer um programa piloto na região para erradicação da tuberculose até 2030 dará a sensação de causa e efeito."""
114,1,draurio neto,Draurio Neto,Representante do Ministério da Saúde,,,FEDERAL_EXECUTIVE,2024-03-19,LULA,FIRST_LAST,DRAURIO BARREIRA CRAVO NETO,2,10175,"Afirmou que o Brasil tem a oportunidade de “fazer história” por meio de ações articuladas de 14 pastas reunidas no Comitê Interministerial para a Eliminação da Tuberculose e de Outras Doenças Determinadas Socialmente. | ""É preciso ter vacina e é preciso que todos sejam vacinados. Por isso, a gente precisa de mais tecnologias, novas ferramentas, inovação, melhores vacinas, diagnósticos melhores e mais rápidos."" | ""Precisamos de um tratamento mais curto, porque hoje o tratamento da tuberculose leva seis meses, dando a falsa sensação de cura muito rápida e levando ao abandono do tratamento."""
114,2,thiago moraes,Thiago Moraes,Representante do Ministério de Ciência e Tecnologia,,,FEDERAL_EXECUTIVE,2024-03-19,LULA,FIRST_LAST,THIAGO DE MELLO MORAES,2,11867,"Anunciou a abertura de edital de financiamento, ainda neste ano, para aquisição de testes-diagnósticos, medicamentos e vacinas."
114,3,ismael alexandrino,Ismael Alexandrino,"Deputado (PSD-GO), médico e ex-secretário de saúde",PSD,GO,DEPUTY,2024-03-19,LULA,EXACT,Ismael Alexandrino,20,15661,"Concordou com a ajuda orçamentária por meio de emendas parlamentares, mas enfatizou a necessidade de financiamento permanente: ""Claro que as emendas são importantes, mas elas são pontuais. A gente não pode desenvolver programas que sejam perenes com soluços de orçamento. A gente precisa de algo que tenha fluxo contínuo e previsibilidade."""
114,4,marcia viana,Márcia Viana,Representante do Ministério de Desenvolvimento e Assistência Social,,,FEDERAL_EXECUTIVE,2024-03-19,LULA,FIRST_LAST,MÁRCIA PÁDUA VIANA,3,11713,"Pediu a aprovação da Proposta de Emenda à Constituição 383/17, que garante recursos para a execução orçamentária própria do Sistema Único de Assistência Social."
114,5,carla almeida,Carla Almeida,Integrante da Articulação Social de Luta contra a Tuberculose,,,CIVIL_SOCIETY_OR_OTHER,2024-03-19,LULA,FIRST_LAST,CARLA PATRÍCIA GOMES ALMEIDA,2,2471,Defendeu aporte de recursos para as ações de estados e municípios.
114,6,ricardo arcencio,Ricardo Arcêncio,Presidente da Rede Brasileira de Pesquisa em Tuberculose (Rede TB),,,CIVIL_SOCIETY_OR_OTHER,2024-03-19,LULA,FIRST_LAST,RICARDO ALEXANDRE ARCÊNCIO,1,1258,"Cobrou investimento público em vacinas e insumos: ""Importantes pesquisas estão sendo desenvolvidas em âmbito nacional, mas sem valorização nem perspectiva de financiamento."""
115,0,alexandre araujo da costa,Alexandre Araújo da Costa,Físico e professor da Universidade Federal do Ceará,,,CIVIL_SOCIETY_OR_OTHER,2024-03-05,LULA,FIRST_LAST,ALEXANDRE ARAÚJO COSTA,6,20993,"A atual elevada concentração de gases do efeito estufa é comparável a bombas atômicas: ""Esses gases se acumulam ao ponto de hoje termos 50% a mais de CO2, duas vezes e meia mais de metano e acima de 30% a mais de óxido nitroso do que tínhamos, por exemplo, em 1800. Esse desequilíbrio climático é tão grande que equivale a pegar a energia de 21 bombas de Hiroshima por segundo, alterando o ciclo hidrológico, aumentando as temperaturas globais, multiplicando eventos extremos, dilatando os oceanos e derretendo geleiras."" | A manutenção do atual cenário de emissões de gases poluentes leva a um “futuro catastrófico”."
115,1,luciana gatti,Luciana Gatti,Coordenadora do Laboratório de Gases do Efeito Estufa do Instituto Nacional de Pesquisas Espaciais (LaGEE/INPE),,,CIVIL_SOCIETY_OR_OTHER,2024-03-05,LULA,FIRST_LAST,LUCIANA VANNI GATTI,5,23893,"Apresentou mapas de anomalias de temperatura para provar que o recente aquecimento da superfície dos oceanos vai muito além do fenômeno El Niño, que tem ação mais específica no Pacífico Equatorial. | ""Estamos presenciando aumento de temperatura nos oceanos como a gente nunca viu. E, neste ano, está pior ainda. Dá para dizer que o colapso climático ainda não começou? Desculpa. Não dá. Pelo que estamos vendo, parece que está incontrolável e escapando da mão."" | ""Se a gente pega o aumento da temperatura em 40 anos e o compara com os últimos 20 anos, o aumento é de 50%. Isso é o ponto de não-retorno chegando. Deveria ser decretado estado de emergência no sudeste da Amazônia."" | Há impacto negativo na evapotranspiração que alimenta os chamados “rios voadores” e espalha a umidade amazônica para os outros biomas. | Sugere a redução do desmatamento e da produção de combustíveis fósseis (petróleo e natural), além do resfriamento da superfície terrestre por meio de reflorestamento com vegetação nativa."
115,2,gilson daniel,Gilson Daniel,Deputado (Podemos-ES) e relator da comissão especial,PODEMOS,ES,DEPUTY,2024-03-05,LULA,EXACT,GILSON DANIEL,2,4540,Prometeu avaliar a sugestão de apoio à rede de monitoramento dos biomas por meio de emendas parlamentares ao orçamento da União.
115,3,tarcisio motta,Tarcísio Motta,Deputado (Psol-RJ),PSOL,RJ,DEPUTY,2024-03-05,LULA,EXACT,Tarcísio Motta,31,14992,"Defendeu a aprovação da proposta de emenda à Constituição (PEC 44/23) que reserva 5% das emendas para emergências climáticas: ""Os desastres não são naturais. São socioambientais e quem morrem são os mais pobres, são os negros e negras. Portanto, é preparar as cidades e adaptá-las para o que vai acontecer cada vez mais."""
115,4,marcio astrini,Márcio Astrini,Secretário-executivo do Observatório do Clima,,,SUBNATIONAL_OR_OTHER_STATE,2024-03-05,LULA,EXACT,MARCIO ASTRINI,4,20777,"Manifestou a “ansiedade” por medidas concretas no mundo inteiro. | Lembrou a projeção da Organização Mundial de Saúde de 250 mil mortos por ano em consequência do aquecimento global entre 2030 e 2050. | Lembrou que os últimos oito anos foram os mais quentes da história, segundo a Organização Meteorológica Mundial (OMN). | Recentemente, houve recordes de degelo na Antártida e na Groenlândia, além de registro de 38°C na Sibéria."
115,5,saulo rodrigues,Saulo Rodrigues,Professor do Centro de Desenvolvimento Sustentável da Universidade de Brasília,,,CIVIL_SOCIETY_OR_OTHER,2024-03-05,LULA,TOKEN_SUBSET,SAULO RODRIGUES PEREIRA FILHO,2,17911,"Defendeu ações conjuntas de adaptação e mitigação no Plano Clima, em vigor desde 2009."
115,6,gustavo luedemann,Gustavo Luedemann,Membro da Rede Clima e do Instituto de Pesquisas Econômicas Aplicadas (IPEA),,,CIVIL_SOCIETY_OR_OTHER,2024-03-05,LULA,EXACT,GUSTAVO LUEDEMANN,3,9342,"Elogiou o AdaptaClima, plataforma que orienta os municípios sobre a ocorrência de eventos extremos. | Pediu apoio para que os municípios lidem com mais efetividade diante das vulnerabilidades da população, sobretudo em relação à saúde e moradias de risco."
116,0,mauro vieira,Mauro Vieira,Ministro das Relações Exteriores do Brasil,,,FEDERAL_EXECUTIVE,2023-12-13,LULA,TOKEN_SUBSET,MINISTRO MAURO LUIZ IECKER VIEIRA,3,58522,"A reunião entre os presidentes da Venezuela, Nicolás Maudor, e da Guiana, Mohammed Irfaan Ali, dificilmente resultará em um acordo, mas é importante para estabelecer a negociação entre os dois países: ""Eu achei até que o presidente da Guiana podia não ir, mas acho que foi um gesto de boa vontade, de ir de conversar. Ninguém espera sair de lá com tudo resolvido, não será assim, mas é um importantíssimo passo no sentido do entendimento."" | As relações entre Brasil e Argentina não devem ser afetadas pela ausência de Lula na posse de Javier Milei: ""Tenho certeza de que há, dos dois lados, plena consciência de que a relação não pode ser deixada de lado."" | Lembrou que, por deferência ao governo argentino, foi o primeiro estrangeiro a cumprimentar Milei logo após a posse, antes dos demais chefes de estado presentes, como o rei da Espanha, Felipe VI. | O Brasil segue o que é determinado pela ONU e só considera um estado ou grupo como terrorista se a ONU aprovar resolução nesse sentido. ""Isso nunca aconteceu com relação ao Hamas."" | Afirmou que, desde outubro, foram realizados 11 voos e repatriados 1.524 brasileiros. | As conversas sobre o acordo comercial Mercosul-União Europeia continuam e ele espera que um acordo seja fechado em breve. ""Daqui até fevereiro, pelo estado da negociação, poderemos avançar e concluir esse acordo. Podemos ter esperança de concluí-lo ainda."""
116,1,evair vieira de melo,Evair Vieira de Melo,Deputado (PP-ES),PP,ES,DEPUTY,2023-12-13,LULA,EXACT,EVAIR VIEIRA DE MELO,2,7795,"""Foi um desprestígio para as relações comerciais entre Brasil e Argentina a ausência do Lula na posse do Milei, tendo em vista o simbolismo que tudo isso representa."""
116,2,general pazuello,General Pazuello,Deputado (PL-RJ),PL,RJ,DEPUTY,2023-12-13,LULA,EXACT,GENERAL PAZUELLO,1,2588,"""Quem comete atos terroristas é terrorista."""
116,3,augusto coutinho,Augusto Coutinho,Deputado (Republicanos-PE),REPUBLICANOS,PE,DEPUTY,2023-12-13,LULA,EXACT,AUGUSTO COUTINHO,1,1006,"Elogiou a atuação do governo na repatriação de brasileiros que viviam na região em conflito: ""O Brasil foi um dos primeiros a negociar [a repatriação]."""
116,4,carlos zarattini,Carlos Zarattini,Deputado (PT-SP),PT,SP,DEPUTY,2023-12-13,LULA,EXACT,CARLOS ZARATTINI,1,2281,"Avaliou que são poucas as chances de um acerto com os dois blocos (Mercosul e União Europeia): ""Eu mesmo julgo que talvez essa discussão já esteja a ponto de ser deixada de lado, haja vista tantas exigências feitas pela Europa."""
117,0,alfredo gaspar,Alfredo Gaspar,"Deputado (União-AL), presidente da comissão externa que investiga o colapso do solo em bairros de Maceió",UNIAO,AL,DEPUTY,2023-12-12,LULA,EXACT,Alfredo Gaspar,152,48281,"Questionou o representante do Instituto do Meio Ambiente (IMA) de Alagoas sobre as licenças ambientais concedidas à Braskem. | Ressaltou que a Agência Nacional de Mineração (ANM) somente aplicou a primeira multa após a ""tragédia ambiental"", já em 2020. Por isso entende que a Braskem foi criminosa e a ANM, omissa."
117,1,ricardo cesar de barros oliveira,Ricardo César de Barros Oliveira,Representante do Instituto do Meio Ambiente (IMA) de Alagoas,,,CIVIL_SOCIETY_OR_OTHER,2023-12-12,LULA,EXACT,RICARDO CÉSAR DE BARROS OLIVEIRA,19,4235,"Admitiu que a Braskem nunca apresentou nenhum estudo de impacto ambiental. | Afirmou que a concessão do direito de explorar sal-gema na cidade foi concedida em 1966, quando não havia exigência das licenças ambientais previstas atualmente."
117,2,helder pasti,Helder Pasti,Superintendente substituto de Fiscalização da Agência Nacional de Mineração (ANM),,,CIVIL_SOCIETY_OR_OTHER,2023-12-12,LULA,EXACT,HELDER PASTI,63,20779,"Explicou que o órgão mudou as regras de fiscalização em 2010, quando passou a dar prioridade às minas subterrâneas. | Afirmou que desde 2015 o órgão pedia estudos sobre as operações, mas a Braskem só apresentou relatórios sobre quatro instalações no período. | Afirmou que o órgão fez tudo o que podia com a estrutura de que dispõe. Ressaltou que a agência conta com apenas um fiscal para todo o estado de Alagoas."
117,3,marx beltrao,Marx Beltrão,Deputado (PP-AL),PP,AL,DEPUTY,2023-12-12,LULA,EXACT,Marx Beltrão,26,6803,"Disse não acreditar que a Braskem agiu sozinha: ""Eu espero que o Ministério Público Federal, que a Polícia Federal, identifiquem os nomes dos responsáveis, e que o Poder Judiciário julgue com todas as forças da lei, chegue a quem chegar, porque, por trás desse crime, teve muita gente importante que se associou à Braskem."""
117,4,paulo roberto farias falcao,Paulo Roberto Farias Falcão,Diretor do Departamento de Obras de Proteção da Secretaria Nacional de Proteção e Defesa Civil,,,CIVIL_SOCIETY_OR_OTHER,2023-12-12,LULA,EXACT,PAULO ROBERTO FARIAS FALCÃO,21,25882,"Disse que o afundamento de terra na lagoa Mundaú, em Maceió, no domingo, provavelmente foi o colapso de uma das minas. | Ressaltou que não é possível ainda afirmar com certeza se esse colapso foi total ou parcial porque os equipamentos de monitoramento do local foram danificados. | Garantiu que a lagoa Mundaú não será sugada pelo desabamento da mina. Ele explica que todo o volume da mina gira em torno de 470 mil metros cúbicos: ""Isso é um volume muito pequeno em relação ao volume total da lagoa, que é uma lagoa bem grande."" | Afirmou que a velocidade de afundamento do terreno na área de mineração é de 18 cm por ano, mas um pouco antes do afundamento no domingo esse deslocamento alcançou uma velocidade de 52 cm por dia."
117,5,leandro galvanese,Leandro Galvanese,Pesquisador do Serviço Geológico do Brasil,,,CIVIL_SOCIETY_OR_OTHER,2023-12-12,LULA,TOKEN_SUBSET,LEANDRO GALVANESE KUHLMANN,20,12067,Afirmou que levantamentos feitos por satélite pela Braskem ainda no início dos anos 2000 já apontavam deslocamentos da superfície em Maceió. Mas não pode afirmar se naquele momento o movimento da terra já era suficiente para apontar o colapso atual.
118,0,wolnei wolff,Wolnei Wolff,Secretário Nacional de Proteção e Defesa Civil,,,FEDERAL_EXECUTIVE,2023-12-12,LULA,EXACT,WOLNEI WOLFF,17,30886,"Apresentou balanço dos atendimentos a vítimas e dos gastos federais com enchentes, secas e ciclones: ""Foram 2.797 municípios reconhecidos em situação de emergência ou estado de calamidade. Até esta data, apoiamos municípios brasileiros com R$ 1,4 bilhão e atendimento a 14.541.438 pessoas. Em abril, nós tivemos 1.700 municípios em situação de emergência ou estado de calamidade vigentes ao mesmo tempo."" | Lembrou o desmonte do setor no governo anterior e reconheceu a necessidade de novos investimentos diante dos desafios impostos elas mudanças climáticas: ""Com a recriação do Ministério das Cidades, foram alocados R$ 4,7 bilhões para risco geológico e cerca de R$ 10 bilhões para risco hidrológico. Mas ainda é pouco recurso, porque, segundo os mapeamentos do Serviço Geológico do Brasil, nós temos 10 milhões de pessoas morando em área de risco no Brasil. Os desastres serão ainda mais intensos e frequentes."" | Defende a estruturação da defesa civil como carreira de Estado, a fim de permitir reforço de pessoal e melhor articulação das ações de União, estados e municípios."
118,1,gilson daniel,Gilson Daniel,Deputado (Podemos-ES) e relator da comissão,PODEMOS,ES,DEPUTY,2023-12-12,LULA,EXACT,GILSON DANIEL,2,7949,"Quer a derrubada do veto presidencial a artigo da Lei 14.691/23 que destinava 5% de multas por crimes ambientais e de acordos judiciais de reparação de danos socioambientais para o Fundo Nacional para Calamidades Públicas, Proteção e Defesa Civil: ""Nós trabalhamos muito bem na pronta resposta, mas realmente precisamos trabalhar na prevenção. Muitos desses acidentes e desastres poderiam ter sido evitados. A prevenção tem muito menos custo para o poder público."""
118,2,tarcisio motta,Tarcísio Motta,Deputado (Psol-RJ),PSOL,RJ,DEPUTY,2023-12-12,LULA,EXACT,TARCÍSIO MOTTA,2,4913,Comprometeu-se com a derrubada do veto presidencial a artigo da Lei 14.691/23.
118,3,pedro aihara,Pedro Aihara,Deputado (Patriota-MG),PATRIOTA,MG,DEPUTY,2023-12-12,LULA,EXACT,PEDRO AIHARA,1,4677,Comprometeu-se com a derrubada do veto presidencial a artigo da Lei 14.691/23.
118,4,jorge goetten,Jorge Goetten,Deputado (PL-SC),PL,SC,DEPUTY,2023-12-12,LULA,EXACT,JORGE GOETTEN,1,5048,"Mesmo na oposição ao governo Lula, fez questão de elogiar os esforços de socorro às vítimas de enchentes em várias regiões do estado."
118,5,leo prates,Leo Prates,Deputado (PDT-BA) e presidente da comissão especial,PDT,BA,DEPUTY,2023-12-12,LULA,EXACT,Leo Prates,14,10983,"Avalia que a situação exige apoio extra às vítimas: ""Eu acho que a gente tem que criar um sistema nacional de apoio às vítimas de desastres, um arcabouço que faça parte, inclusive, do Sistema Nacional de Defesa Civil, com prevenção, pronta resposta e recuperação das áreas atingidas por desastres."""
118,6,armin braun,Armin Braun,Diretor do Centro Nacional de Gerenciamento de Riscos e Desastres,,,CIVIL_SOCIETY_OR_OTHER,2023-12-12,LULA,FIRST_LAST,ARMIN AUGUSTO BRAUN,1,5774,"Detalhou a busca de aperfeiçoamento dos alertas de eventos críticos para a população por meio de SMS, Whatsapp, Telegram, TV por assinatura e o futuro envio de mensagem em massa por celular, que ainda está em discussão com a Anatel."
119,0,beatriz figueiredo,Beatriz Figueiredo,Diretora da Divisão de Perícias Externas do Instituto de Criminalística do Distrito Federal,,,CIVIL_SOCIETY_OR_OTHER,2023-12-12,LULA,EXACT,BEATRIZ FIGUEIREDO,3,28794,"O Brasil ocupa o quinto lugar no ranking de países que mais matam mulheres de forma violenta no mundo. | A morte nesses casos representa 'a expressão final de um ciclo de violências típicas das sociedades machistas'. | 'É imprescindível que os peritos estejam familiarizados com o tipo penal. Eles precisam saber o que é violência de gênero, o que é machismo estrutural, o que é misoginia [aversão a mulheres]. Senão o profissional estará diante de uma série de vestígios, mas passará batido por eles.' | A formação sobre violência de gênero deve ser uma política pública unificada, proposta pelo governo federal: 'É preciso que isso seja feito do alto para a base. Não é razoável esperar que cada estado adote as medidas que considerar importantes, tem que ser uma diretriz do Ministério da Justiça, do Ministério da Mulher, um trabalho em conjunto.'"
119,1,aline yamamoto,Aline Yamamoto,Diretora de Proteção e Direitos do Ministério das Mulheres,,,CIVIL_SOCIETY_OR_OTHER,2023-12-12,LULA,EXACT,ALINE YAMAMOTO,2,11649,"O feminicídio representa a 'ponta do iceberg' em uma cadeia de violência a que as mulheres estão submetidas. | No ano passado, o número de mortes violentas de mulheres cresceu 4,3%, na contramão dos demais homicídios, que tiveram queda de 4,8% no período. | No total, o País registrou 3.858 assassinatos de mulheres. Desses, a 'grande maioria' foi cometida por parceiros ou ex-parceiros."
119,2,raoni parreira maciel,Raoni Parreira Maciel,Promotor do Ministério Público do Distrito Federal e Territórios (MPDFT),,,CIVIL_SOCIETY_OR_OTHER,2023-12-12,LULA,EXACT,RAONI PARREIRA MACIEL,2,12435,"75% dos feminicídios registrados na capital do País ocorreram dentro de casa. | Das 87 denúncias recebidas no DF desde 2018, 67 já foram julgadas, com uma taxa de condenação de 92,5%. | O protocolo da Polícia Civil que prevê a investigação de qualquer morte violenta de mulher como feminicídio no Distrito Federal foi fundamental para a alta taxa de solução desse tipo de crime."
119,3,viviane bonato,Viviane Bonato,Delegada da Polícia Civil do DF,,,CIVIL_SOCIETY_OR_OTHER,2023-12-12,LULA,EXACT,VIVIANE BONATO,2,13021,"O protocolo da Polícia Civil que prevê a investigação de qualquer morte violenta de mulher como feminicídio no Distrito Federal foi adotado porque, desde o início, a investigação do feminicídio é diferente da elucidação de outros homicídios: 'No feminicídio, a residência da vítima tem muita importância na elucidação do caso. Na casa dela, a gente encontra marcas da violência, que seriam vestígios de briga, fotos rasgadas, roupa queimada. Em geral, o feminicídio ocorre dentro de casa, mas o corpo é levado para outro lugar. Nesse local e no próprio corpo da vítima também encontramos marcas simbólicas da violência contra a mulher.'"
120,0,mario parreiras de faria,Mário Parreiras de Faria,Mestre em saúde pública e auditor fiscal do trabalho,,,CIVIL_SOCIETY_OR_OTHER,2023-12-07,LULA,EXACT,MÁRIO PARREIRAS DE FARIA,3,17978,"""O setor mineral mata quase três vezes mais do que os outros setores [econômicos]. Daí a necessidade de termos uma legislação moderna, que leve ao controle de todos os fatores de risco no setor mineral."" | Apresentou extensa lista de fatores de risco da mineração, tais como ruído (perfuratriz, rock-drill, ar comprimido, etc.), vibração (grandes equipamentos e ferramentas manuais), umidade e radiações ionizantes e não ionizantes (atividades de solda e corte) | A exposição à sílica presente na poeira respirável de algumas minas pode provocar quadros de silicose, uma fibrose pulmonar progressiva e fatal que geralmente ocorre após 15 anos de exposição. Além da silicose, a sílica também provoca, por exemplo, câncer de laringe e alterações renais. | Informou tentativas de avanços nas negociações entre governo, mineradoras e trabalhadores em torno da NR22, a norma regulamentadora das condições de trabalho no setor mineral"
120,1,eduardo armond de araujo,Eduardo Armond de Araújo,Dirigente da Rede de Sindicatos em Barragens,,,CIVIL_SOCIETY_OR_OTHER,2023-12-07,LULA,FIRST_LAST,EDUARDO ARMOND CORTÊS DE ARAÚJO,3,12140,"Relatou precarização acentuada no setor, agravada pela Lei da Terceirização. | Citou a sucessão recente de tragédias e graves transtornos sociais envolvendo a mineração: ""Desde 1986, houve rompimento de barragens em Itabirito e Cataguases duas vezes, Nova Lima, Mariana e Brumadinho, só em Minas Gerais. Hoje, nosso sindicato está com atuação em três barragens que estão em risco 3 e embargadas pela ANM (Agência Nacional de Mineração), mas os terceirizados continuam trabalhando. E há quanto tempo a gente sabe do caso da Braskem? Há 30 anos aquilo está acontecendo lá e 50 mil pessoas foram desalojadas. E os trabalhadores que trabalharam lá, naquele processo?"""
120,2,alvaro da silva alves,Álvaro da Silva Alves,Presidente do Sindicato dos Trabalhadores da Indústria de Extração de Minerais de Sergipe (Sindimina-SE),,,CIVIL_SOCIETY_OR_OTHER,2023-12-07,LULA,FIRST_LAST,ÁLVARO LUIZ DA SILVA ALVES,1,13334,"Criticou a emenda constitucional (EC 103) que passou a exigir idade mínima para a aposentadoria especial: ""Só para vocês terem uma ideia, hoje, na mineração, eu preciso ter 55 anos para me aposentar. Agora, eu lhe pergunto: com todos os problemas que a gente vive, eu consigo chegar lá e ter qualidade de vida depois?"""
120,3,cintia pantoja leao,Cíntia Pantoja Leão,Procuradora do Ministério Público do Trabalho no Pará,,,CIVIL_SOCIETY_OR_OTHER,2023-12-07,LULA,FIRST_LAST,CÍNTIA NAZARÉ PANTOJA LEÃO,1,11601,"Admitiu problemas de precarização e de subnotificação do adoecimento de trabalhadores na mineração. | A instituição atua não só de forma reativa às denúncias, mas também com grupos de trabalho com focos em prevenção e promoção dos direitos do trabalho."
120,4,alexandre lindenmeyer,Alexandre Lindenmeyer,Deputado (PT-RS),PT,RS,DEPUTY,2023-12-07,LULA,EXACT,Alexandre Lindenmeyer,13,10313,"Lamentou a ausência de representantes das mineradoras que foram convidados para a audiência, mas não compareceram: ""Diante do contexto, nós não temos a participação do outro lado. É um tema que, por vezes, passa à margem do conhecimento da ampla maioria do povo brasileiro, mas é um tema recorrente para quem está vivendo na pele as suas dores e as suas perdas."""
121,0,eldom stevem barbosa dos santos,Eldom Stevem Barbosa dos Santos,Magistrado do Tribunal de Justiça do Paraná,,,CIVIL_SOCIETY_OR_OTHER,2023-12-07,LULA,EXACT,ELDOM STEVEM BARBOSA DOS SANTOS,1,8586,"Alguns estados só contam com um juizado especializado em violência doméstica. | Nas cidades pequenas, onde muitas vezes há apenas um juiz, responsável por julgar todos os casos da localidade, essa situação pode levar a dificuldades na solução das demandas das mulheres por justiça. Esses juizados de cidades pequenas também não contam com nenhuma estrutura: ""Dependemos de equipes de rede de assistência social, que estão sobrecarregadas, porque são responsáveis pela rede de proteção à mulher, rede de proteção e enfrentamento da violência contra o idoso, contra pessoa com deficiência, proteção às crianças e adolescentes, rede de proteção e enfrentamento ao racismo. Se as mesmas pessoas exercem tantas atribuições diversas, como é que elas vão prestar atenção e dar o cuidado devido a todas essas demandas?"" | Muitas vezes as cidades pequenas e médias não têm sequer defensoria pública."
121,1,marcio luiz coelho de freitas,Marcio Luiz Coelho de Freitas,Conselheiro do Conselho Nacional de Justiça (CNJ),,,CIVIL_SOCIETY_OR_OTHER,2023-12-07,LULA,EXACT,MARCIO LUIZ COELHO DE FREITAS,3,18008,"Em todo o País existem somente 153 varas especializadas em atendimento à mulher vítima de violência, a maioria delas nas capitais. Devido a essa limitação, 80% dos processos envolvendo violência doméstica e familiar são julgados em juizados comuns. | Defende a ampliação das varas especializadas e a contratação de equipes multidisciplinares para o atendimento a mulheres vítimas de violência doméstica. | Considera fundamental capacitar as varas de competência geral para o acolhimento das vítimas: ""Nós temos hoje uma certa dificuldade no tratamento da questão relacionada à violência com juízes que não são de varas de violência. E um ponto importante é relacionado às tentativas de medicação e conciliação. A ideia é que em todos os casos a mulher tenha assegurado que qualquer tentativa seja sempre precedida por uma análise da equipe multidisciplinar, que garanta a possibilidade livre e desimpedida de consentir e garanta a inexistência de risco de revitimização."""
121,2,aline yamamoto,Aline Yamamoto,Diretora de Proteção e Direitos do Ministério das Mulheres,,,CIVIL_SOCIETY_OR_OTHER,2023-12-07,LULA,EXACT,ALINE YAMAMOTO,1,10610,"Essa mudança na atuação da Justiça é fundamental. O Judiciário ainda não conseguiu se organizar para atender à demanda integral das mulheres em situação de violência, em especial no que se refere à guarda de filhos. | Muitos dos conflitos familiares debatidos nas varas de família têm relação com violência doméstica e familiar, mas a Justiça continua enfatizando a busca de conciliação e mediação. | Há casos em que o Judiciário chega a determinar a guarda compartilhada e impor medidas protetivas por violência doméstica ao mesmo tempo."
122,0,carlos favaro,Carlos Fávaro,Ministro da Agricultura e Pecuária,,,FEDERAL_EXECUTIVE,2023-12-06,LULA,TOKEN_SUBSET,MINISTRO CARLOS FÁVARO,16,50714,"Está negociando com a equipe econômica do governo mais R$ 500 milhões para o programa de subvenção ao Prêmio do Seguro Rural (PSR). | Afirmou que o valor reservado no Orçamento, de R$ 933 milhões, já foi consumido, mas há necessidade de mais recursos devido às dificuldades climáticas enfrentadas pelos produtores rurais e o aumento do preço das apólices: ""Não podemos fechar o ano sem aportar, pelo menos, mais 500 milhões para o seguro rural. É prioridade total, e não há nenhuma insensibilidade do governo com relação a isso."" | Reconheceu que houve aumento nas importações de leite após o decreto que concede um benefício fiscal às empresas de laticínios ou cooperativas que comprarem leite no Brasil. | Disse que o governo está aberto a discutir o trabalho temporário no campo para participantes do Bolsa Família, permitindo que o beneficiário trabalhe no período da colheita sem perder o benefício: ""O trabalhador temporário não quer carteira assinada, porque ele vai perder o Bolsa Família. Isso leva o empresário, que precisa da mão de obra, à ilegalidade. Nós não queremos isso, o governo está aberto."""
122,1,afonso hamm,Afonso Hamm,Deputado (PP-RS),PP,RS,DEPUTY,2023-12-06,LULA,EXACT,AFONSO HAMM,7,8916,"Defendeu o fim do contingenciamento dos recursos reservados no Orçamento para o PSR: ""É muito importantes evoluirmos para que não possa haver cortes. Hoje, o seguro agrícola é um faz-de-conta."""
122,2,domingos savio,Domingos Sávio,Deputado (PL-MG),PL,MG,DEPUTY,2023-12-06,LULA,EXACT,DOMINGOS SÁVIO,1,6310,"Lamentou que o decreto editado para ajudar o segmento de leite só vai produzir efeitos a partir de janeiro. | Afirmou que a existência do prazo de noventena incentivou os importadores a fazerem estoques de leite, prejudicando ainda mais o segmento nacional: ""Isso agravou o problema, porque aí aumenta a importação."""
123,0,antonio brito,Antonio Brito,Deputado (PSD-BA),PSD,BA,DEPUTY,2023-12-05,LULA,EXACT,Antonio Brito,6,13718,"Defendeu a necessidade de aumentar o orçamento para o combate à tuberculose. | Ressaltou que o Brasil registra mais de 80 mil casos de tuberculose por ano. | Destacou que o governo passado deixou apenas R$ 14 milhões para essa finalidade. | Se reuniu com o relator-geral do Orçamento de 2024 e com o relator da área de saúde para tratar do assunto: ""Houve o compromisso do senador Marcelo Castro, e nós deveremos, sim, ampliar o orçamento. Nós fizemos uma proposta ousada para ele, mas precisaremos do apoio do Ministério da Saúde e dos deputados e deputadas desta Casa para que a gente apresente uma coisa concreta, não só essas reuniões, mas algo concreto de ampliação de orçamento e programas do Ministério da Saúde."""
123,1,ethel maciel,Ethel Maciel,Secretária de Vigilância em Saúde e Ambiente do Ministério da Saúde,,,FEDERAL_EXECUTIVE,2023-12-05,LULA,FIRST_LAST,ETHEL LEONOR NOIA MACIEL,4,18977,"Confirmou que, no ano passado, o Brasil registrou 81.538 casos de tuberculose, o que significa 9 pessoas contaminadas a cada hora. No mesmo período, foram 5.824 óbitos em consequência da enfermidade. Foi o pior cenário da doença em 20 anos: ""A gente retrocedeu duas décadas em relação aos óbitos por tuberculose no Brasil, e morrer por tuberculose no século 21, quando temos um medicamento que cura praticamente 100% dos casos, é inaceitável."" | Aderência dos pacientes ao tratamento é um desafio no enfrentamento da tuberculose. Hoje somente 66% dos pacientes tomam os medicamentos até o final. | O fator determinante para o abandono do tratamento é a pobreza: ""Isso é outro dado inaceitável, e que a gente precisa mudar radicalmente a forma como nós estamos fazendo o acompanhamento, o monitoramento dessas pessoas que estão em tratamento por tuberculose no Brasil. Um fator importante é a pobreza: a fome faz com que haja um aumento de eventos adversos devidos ao medicamento. Então, a pessoa que não tem o comer acaba deixando o tratamento porque o medicamento faz ela se sentir mais mal do que a doença."" | Além de ofertar os medicamentos, é fundamental que o governo adote medidas voltadas às pessoas em maior vulnerabilidade – como a população em situação de rua. | Pesquisas mostram que ações simples, como a oferta de transporte e alimentação gratuitos, asseguram a adesão ao tratamento até o final. | A meta do governo federal é chegar a 2030 com menos de 10 casos de tuberculose por 100 mil habitantes por ano. | Atualmente, a proporção de casos de tuberculose é de 37 ou 38 a cada 100 mil pessoas. | O Brasil assumiu o compromisso de reduzir a mortalidade dos atuais 5.824 casos anuais para menos de 230. | Para desenvolver as ações necessárias para atingir esses objetivos, o Ministério da Saúde precisa de um orçamento de pelo menos R$ 650 milhões."
123,2,miguel aragon,Miguel Aragón,Coordenador de Prevenção e Controle de Doenças Transmissíveis da Organização Pan-Americana de Saúde,,,CIVIL_SOCIETY_OR_OTHER,2023-12-05,LULA,TOKEN_SUBSET,MIGUEL ANGEL ARAGÓN LÓPEZ,2,10507,"A Organização Mundial da Saúde estima que o Brasil diagnostique apenas cerca de 80% das pessoas contaminadas com tuberculose. Calcula que ocorram, de fato, cerca de 105 mil novos casos da doença a cada ano no país."
124,0,cesar aldrighi,César Aldrighi,Presidente do Instituto Nacional de Colonização e Reforma Agrária (Incra),,,CIVIL_SOCIETY_OR_OTHER,2023-12-05,LULA,FIRST_LAST,CÉSAR FERNANDO SCHIAVON ALDRIGHI,20,22417,"O processo de regularização fundiária de propriedades rurais localizadas em terras públicas na Amazônia Legal foi retomado após um período de interrupção. | A política de regularização não será paralisada no atual governo. | Houve uma parada momentânea nos processos para adequar o sistema de gestão fundiária do Incra (Sigef) às regras do decreto: ""Todo o processo de regularização é automatizado, e as questões inseridas no decreto ainda não estão. Então, foi sobestado temporariamente para que a gente não cometesse nenhuma irregularidade. As superintendências regionais estão orientadas, hoje, a retomar o processo."" | Atualmente existem 23,7 mil processos de regularização no Sigef em diferentes estágios de análise. Neste ano, foram emitidos 1.359 títulos em glebas públicas."
124,1,coronel fernanda,Coronel Fernanda,Deputada (PL-MT),PL,MT,DEPUTY,2023-12-05,LULA,EXACT,CORONEL FERNANDA,39,11498,"Manifestou preocupação com a regularização das ocupações em glebas públicas rurais, principalmente nos casos em que ocorre sobreposição a florestas públicas. | É preciso que o Incra atue de acordo com a lei, sem posicionamentos ideológicos: ""É importante que o Incra não seja partidário, que atenda todas as pessoas, porque o Incra existe para atender aos pequenos produtores."""
124,2,bohn gass,Bohn Gass,Deputado (PT-RS),PT,RS,DEPUTY,2023-12-05,LULA,EXACT,BOHN GASS,15,9163,"O decreto corrigiu distorções no processo de regularização fundiária, que não será afetado. | Criticou quem defende a regularização de áreas em florestas públicas: ""Estamos com a COP [Conferência das Nações Unidas para Mudanças Climáticas] no mundo, estamos com uma crise climática, e parece que tem pessoas que não acordaram ainda. A regulação fundiária ela tem que ser dada para quem está dentro da lei, e não fora da lei."""
125,0,antonio bresolin,Antonio Bresolin,Diretor executivo da associação Dados para um Debate Democrático na Educação,,,CIVIL_SOCIETY_OR_OTHER,2023-11-30,LULA,EXACT,ANTONIO BRESOLIN,3,8007,"Os diretores representam o segundo fator que mais impacta na qualidade da educação, atrás apenas dos professores. Os gestores escolares interferem no bom clima escolar e na promoção de um ambiente de aprendizado e formação constante."
125,1,lara simielli,Lara Simielli,Professora da Fundação Getúlio Vargas e uma das autoras do estudo,,,CIVIL_SOCIETY_OR_OTHER,2023-11-30,LULA,EXACT,LARA SIMIELLI,1,9579,"88% dos diretores de escolas públicas têm ensino superior. | No Nordeste, 1 em cada 5 diretores tem apenas o ensino médio e 9 entre 10 não têm formação em gestão escolar. | ""A maioria das secretarias oferece formação continuada, mas a maioria ainda está relacionada a um aspecto pedagógico e isso feito por meio de aulas expositivas, tem muito pouco uso de aulas práticas, para formação desses diretores."""
125,2,idilvan alencar,Idilvan Alencar,Deputado (PDT-CE),PDT,CE,DEPUTY,2023-11-30,LULA,EXACT,Idilvan Alencar,9,12968,"Os locais que possuem indicação como única modalidade não exigem curso de gestão como pré-requisito no processo seletivo: ""Diretor que não é escolhido por mérito, por competência, fica à mercê do ditame de um determinado político. As pessoas não respeitam diretor que não tem competência, e aí começam a vir resultados desastrosos."""
125,3,ana cristina de oliveira,Ana Cristina de Oliveira,Professora de pedagogia da Universidade Federal do Estado do Rio de Janeiro,,,CIVIL_SOCIETY_OR_OTHER,2023-11-30,LULA,FIRST_LAST,ANA CRISTINA PRADO DE OLIVEIRA,1,8321,"Ressalta a importância de processos seletivos que comprovem liderança e competência técnica das equipes: ""Existe uma correlação muito importante e significativa entre a representatividade ou o reconhecimento do trabalho de liderança da equipe de gestão escolar eleita ou que passou por um processo seletivo que envolve a comprovação da sua competência técnica para atuar naquele cargo em comparação àquela que foi indicada politicamente."""
126,0,chico alencar,Chico Alencar,Deputado (Psol-RJ),PSOL,RJ,DEPUTY,2023-11-29,LULA,EXACT,Chico Alencar,17,10336,"Um frasco com 3 gramas de canabidiol custa, em média, R$ 2,3 mil nas farmácias. | O Ministério Saúde sofre muitas pressões, e a regulamentação do uso medicinal da maconha depende da atuação dos movimentos sociais: ""O Ministério da Saúde tem muitos recursos, por isso, ele é muito cobiçado. Não imaginem que é só querer e fazer não, porque enfrenta muita pressão, muita rasteira, tem muito jogo sujo nesse processo todo. Para vencer tem que ter mobilização social, tem que ter movimento vivo."" | O cânhamo é uma variedade da maconha, mais fibrosa e que não produz substâncias psicoativas."
126,1,margarete brito,Margarete Brito,Presidente do Apoio à Pesquisa e Pacientes de Cannabis Medicinal do Rio de Janeiro,,,CIVIL_SOCIETY_OR_OTHER,2023-11-29,LULA,EXACT,MARGARETE BRITO,5,7803,As associações de produtores atendem mais 180 mil pacientes por mês.
126,2,eliane lima guerra nunes,Eliane Lima Guerra Nunes,Diretora-geral da Sociedade de Estudos da Cannabis Sativa e psiquiatra,,,CIVIL_SOCIETY_OR_OTHER,2023-11-29,LULA,EXACT,ELIANE LIMA GUERRA NUNES,2,8599,"A situação das associações de produtores não serem regulamentadas cria uma série de iniquidades e contradições: ""É proibido prescrever óleos associativos, quando eu, desde 2018, posso prescrever Mevatyl, que no Brasil custa R$ 3 mil, e que já está na farmácia."" | A proibição ao uso medicinal da maconha responde a ""uma pauta moral, de quem usa essa situação para ganhar votos"". | Cabe ao Ministério da Saúde regulamentar a produção e a venda de produtos medicinais à base de maconha no Brasil porque a lei permite essa interpretação."
126,3,rodrigo cariri,Rodrigo Cariri,Coordenador-geral de Atenção Especializada do Ministério da Saúde,,,CIVIL_SOCIETY_OR_OTHER,2023-11-29,LULA,EXACT,RODRIGO CARIRI,1,7987,"O Ministério da Saúde reconhece a responsabilidade pela regulamentação. | O ministério está reunindo informações técnicas para elaborar a norma, de forma a permitir a prescrição e o fornecimento dos medicamentos pelo Sistema Único de Saúde. | Todo arcabouço normativo da Agência Nacional de Vigilância Sanitária é referente apenas ao sistema privado."
126,4,manuela borges,Manuela Borges,Fundadora do Instituto InformaCann,,,CIVIL_SOCIETY_OR_OTHER,2023-11-29,LULA,EXACT,MANUELA BORGES,2,930,"Mais de 700 mil pessoas são tratadas com maconha no País, mercado que já movimentou somente esse ano mais de R$ 700 milhões. A maior parte desses recursos vai para o exterior, de onde são importados os insumos farmacêuticos."
126,5,luis mauricio alves ribeiro,Luís Maurício Alves Ribeiro,Presidente da Associação Brasileira da Cannabis e do Cânhamo Industrial,,,CIVIL_SOCIETY_OR_OTHER,2023-11-29,LULA,EXACT,LUÍS MAURICIO ALVES RIBEIRO,4,4471,A planta (cânhamo) pode ser utilizada na manufatura de mais de 25 mil produtos.
127,0,maria carolina pereira alves,Maria Carolina Pereira Alves,Representante da Secretaria Nacional da Política de Cuidados e Família do MDS,,,FEDERAL_EXECUTIVE,2023-11-29,LULA,EXACT,MARIA CAROLINA PEREIRA ALVES,1,6238,"É preciso analisar as políticas existentes e cobrir as lacunas por meio de ação conjunta entre Estado, famílias e iniciativa privada: ""A expectativa não é criar uma política do zero, mas sim identificar as ofertas que já existem e, dentre as demandas de cuidado que a população apresenta, quais são as lacunas que nós temos, quais políticas precisamos regulamentar e financiar e, em ultimo caso, vamos encontrar lacunas de programas que precisam ser criados."" | A expectativa é de que em maio de 2024 seja lançada uma proposta para a Politica Nacional de Cuidados."
127,1,symone bonfim,Symone Bonfim,Secretária substituta da Secretaria Nacional em Defesa da Pessoa Idosa,,,FEDERAL_EXECUTIVE,2023-11-29,LULA,EXACT,SYMONE BONFIM,1,4742,"A política de cuidados deve extrapolar o âmbito familiar e envolver outros setores da sociedade: ""É mais do que urgente que o tema do envelhecimento e do protagonismo da pessoa idosa como sujeito de direitos. Não é porque estamos envelhecendo mais que temos de aceitar que os outros decidam pela gente."" | É preciso avaliar os níveis de desigualdade entre a população idosa para melhor direcionar as políticas de cuidado e de transferência de renda a essa população. As trajetórias de vida do idoso podem repercurtir no seu direito a envelhecer com dignidade: ""Ninguém envelhece da mesma forma num País tão desigual."""
127,2,erika kokay,Erika Kokay,Deputada (PT-DF),PT,DF,DEPUTY,2023-11-29,LULA,EXACT,ERIKA KOKAY,4,11905,"""Cuidar com a centralidade nas pessoas porque o cuidar não pode ser apropriado pelo mercado, as vezes se cuida mais das mercadorias do que das pessoas e, ao mesmo tempo, se mercantiliza as próprias pessoas."""
127,3,vicente faleiros,Vicente Faleiros,Representante do Fórum Distrital da Sociedade Civil em Defesa dos Direitos da Pessoa Idosa,,,CIVIL_SOCIETY_OR_OTHER,2023-11-29,LULA,EXACT,VICENTE FALEIROS,6,12298,"É importante olhar os idosos não como pessoas fragilizadas, mas como detentores de direitos: ""Nós precisamos considerar essa diversidade e heterogeneidade do envelhecimento porque o Estatuto defende a dignidade sem distinção."" | O País ainda não aderiu à Convenção Interamericana sobre proteção dos direitos das pessoas idosas pactuada pela OEA em 2018, em razão de polêmica sobre trecho que garante o direto de as pessoas idosas conviverem com o gênero de sua escolha."
128,0,daniela reinehr,Daniela Reinehr,Deputada (PL-SC),PL,SC,DEPUTY,2023-11-29,LULA,EXACT,Daniela Reinehr,18,9418,"Criticou o governo por não ter debatido previamente a questão com trabalhadores e empregados: 'Não houve um amplo debate, não ouve considerações, especialmente num período em que naturalmente o consumo aumenta'."
128,1,saulo pedroso,Saulo Pedroso,Deputado (PSD-SP),PSD,SP,DEPUTY,2023-11-29,LULA,EXACT,SAULO PEDROSO,3,11823,"Criticou a medida do governo. O governo precisa mostrar clareza em relação às suas propostas: 'Se eventualmente tiver que fazer algum tipo de mudança, que não seja da maneira como foi feito, numa publicação num feriado'."
128,2,luiz gastao,Luiz Gastão,Deputado (PSD-CE),PSD,CE,DEPUTY,2023-11-29,LULA,EXACT,LUIZ GASTÃO,1,6219,Disse que o ministério errou ao não dar um prazo para os empregados e empregadores negociarem.
128,3,antonio lisboa,Antônio Lisboa,"Advogado da divisão jurídica e sindical da Confederação Nacional do Comércio de Bens, Serviços e Turismo (CNC)",,,CIVIL_SOCIETY_OR_OTHER,2023-11-29,LULA,EXACT,ANTÔNIO LISBOA,2,8740,"Afirmou que a portaria apenas trouxe instabilidade jurídica para a questão, já que ela está pacificada na legislação. | Lembrou que a Lei 10.101/00 autoriza o trabalho aos domingos e feriados nas atividades do comércio em geral, desde que observada o repouso semanal remunerado, a legislação municipal (no caso dos domingos) e convenção coletiva de trabalho e a legislação municipal (para os feriados). | Afirmou: 'Precisamos de segurança jurídica para que o empresário possa investir, sabendo que ele vai poder exercer de fato a sua atividade'."
128,4,pablo rolim carneiro,Pablo Rolim Carneiro,Gerente de assuntos trabalhistas da Confederação Nacional da Indústria (CNI),,,CIVIL_SOCIETY_OR_OTHER,2023-11-29,LULA,EXACT,PABLO ROLIM CARNEIRO,2,9548,Afirmou que as mudanças tecnológicas dos últimos anos tornaram o funcionamento ininterrupto uma necessidade do comércio e da indústria. | Defendeu a aprovação de uma lei regulando de vez a questão.
128,5,zilmara david de alencar,Zilmara David de Alencar,Assessora jurídica da Federação dos Comerciários do Estado de São Paulo (Fecomerciários-SP),,,CIVIL_SOCIETY_OR_OTHER,2023-11-29,LULA,EXACT,ZILMARA DAVID DE ALENCAR,2,9529,Disse que a decisão do MTE apenas 'resgata o privilégio da negociação coletiva': 'A lei que rege o comerciário diz que qualquer tipo de alteração de jornada de trabalho que traga condições de saúde e segurança deve ser previamente objeto de negociação coletiva'. | Disse ainda que a autorização para trabalho aos domingos e feriados é questão típica de negociação coletiva entre trabalhadores e patrões.
129,0,nisia trindade,Nísia Trindade,Ministra da Saúde,,,FEDERAL_EXECUTIVE,2023-11-28,LULA,EXACT,MINISTRA NÍSIA TRINDADE,37,50182,"Defende a inclusão da vacina contra Covid-19 para crianças de 6 meses a 5 anos no Programa Nacional de Imunização, pois a medida segue recomendação de sociedades científicas. | Em 2023, o País registrou 3.379 casos de síndrome respiratória aguda grave por Covid-19 em menores de 1 ano, e 1.707 casos na faixa de 1 a 4 anos. | A vacina é o mais recomendado: ""A indicação é muito clara e está baseada em um dado muito simples: 110 mortes de crianças por Covid em 2023, é esse o dado que leva a essa determinação."" | Afirmou que a declaração de Bia Kicis sobre a vacina ser uma terapia gênica ""é mentirosa"": ""O FDA jamais falou que a vacina de RNA mensageiro é uma terapia gênica. Esse é o problema que nós temos hoje, as falas são feitas como se houvesse verdades por trás, e não há verdade."" | Falar contra as vacinas é uma temeridade, que coloca em risco a saúde e a vida da população: ""Devo dizer da temeridade do que está sendo colocado aqui, por quem está atacando, sim, a proteção à vida que a vacina dá. Não se sabem, inclusive, as implicações neurológicas da Covid, não se sabem muitas das implicações no aparelho circulatório, os casos de trombose entre as pessoas que têm Covid são muito maiores do que naqueles que não têm."""
129,1,bia kicis,Bia Kicis,Deputada (PL-DF),PL,DF,DEPUTY,2023-11-28,LULA,EXACT,Bia Kicis,84,31924,"Contrária à obrigatoriedade da vacinação contra a Covid para crianças. | Afirmou que já realizou audiências públicas com vários médicos que trabalham com vacinas e todos são contra a medida. | O imunizante não deveria ser chamado de vacina, mas de terapia gênica. O assunto precisa de mais debates: ""Nós somos todos favoráveis às vacinas que estão no PNI há muito tempo, que são vacinas seguras, de eficácia comprovada, mas essa, o próprio FDA chama de terapia gênica."""
129,2,eduardo bolsonaro,Eduardo Bolsonaro,Deputado (PL-SP),PL,SP,DEPUTY,2023-11-28,LULA,EXACT,EDUARDO BOLSONARO,8,17922,"Argumentou que vários países europeus já restringiram a aplicação da vacina contra a Covid-19 a idosos. | Afirmou que na Suíça, cientistas teriam concluído que as vacinas traziam mais riscos que benefícios à população em geral. | Afirmou que ""há uma epidemia mundial"" de morte súbita depois da vacinação contra a Covid."
129,3,jorge solla,Jorge Solla,Deputado (PT-BA),PT,BA,DEPUTY,2023-11-28,LULA,EXACT,JORGE SOLLA,2,8681,"Acusou os representantes da oposição de mentir em relação à vacina, prejudicando todo o programa de imunização. | Ressaltou que municípios onde há dez anos se alcançava uma cobertura vacinal de 90% hoje chegam a apresentar um índice de apenas 40% da população vacinada. | Acusou os oposicionistas de colocarem a vida da população em risco para conseguir dividendos políticos: ""Vocês estão mentindo, isso é um prática criminosa, vocês são responsáveis por cada criança que vier a ter sarampo nesse País, vocês serão responsáveis por cada caso de pólio que vier a acontecer. Vocês estão usando o movimento antivacina, pregando mentiras, para ter vantagens eleitorais. Comprometer a proteção de crianças, de gestantes, de idosos para ganhar voto, para lacrar nas redes sociais, para ganhar seguidores, para ganhar apoiadores."""
130,0,jandira feghali,Jandira Feghali,Deputada (PCdoB-RJ),PCDOB,RJ,DEPUTY,2023-11-28,LULA,EXACT,Jandira Feghali,31,30759,"O objetivo da audiência pública foi conhecer o estado atual do audiovisual brasileiro e entender as demandas do setor: ""Esse Parlamento precisa ouvir para poder tomar as medidas mais acertadas, seja do ponto de vista da infraestrutura, do fomento, das novas tecnologias."" | O impacto do setor na economia não é bem compreendido no Congresso."
130,1,lidice da mata,Lídice da Mata,Deputada (PSB-BA) e coordenadora da Frente Parlamentar Mista da Economia Criativa,PSB,BA,DEPUTY,2023-11-28,LULA,EXACT,LÍDICE DA MATA,3,8192,"O setor audiovisual não é unanimidade na Câmara: ""Tem certos segmentos que só são convencidos de algumas ideias se elas têm uma abordagem vinculada à economia pragmaticamente, aí então eles passam a compreender melhor."""
130,2,simone oliveira,Simone Oliveira,Executiva da Globo Filmes,,,CIVIL_SOCIETY_OR_OTHER,2023-11-28,LULA,FIRST_LAST,SIMONE DE OLIVEIRA,1,4953,"Relatou dificuldade de manter os filmes brasileiros em cartaz sem a cota de tela. | Citou o caso das três últimas produções da empresa (Nosso sonho; Ó paí, Ó 2; e Mussum), que não deram o retorno esperado por falta de tempo de maturação nas salas de exibição: ""São filmes focados em um resultado comercial grande e que não tiveram o resultado merecido."""
130,3,felipe lopes,Felipe Lopes,Diretor da distribuidora independente Vitrine Filmes,,,CIVIL_SOCIETY_OR_OTHER,2023-11-28,LULA,EXACT,FELIPE LOPES,1,7339,"Afirmou que o filme ""Nosso sonho"" perdeu 70% das sessões de cinema na segunda semana."
130,4,marcio tavares,Márcio Tavares,Secretário-executivo do Ministério da Cultura,,,FEDERAL_EXECUTIVE,2023-11-28,LULA,EXACT,MÁRCIO TAVARES,2,81,"O governo trabalha para resolver gargalos do setor. | Citou os projetos de cota de tela, da regulamentação do VoD, medidas para facilitar a importação de equipamentos e para consolidar os atuais polos audiovisuais. | Comemorou a manutenção dos recursos da Condecine, tributo que financia o cinema e o audiovisual brasileiro, que foram preservados este ano: ""Pela primeira vez não sofreram qualquer tipo de contingenciamento. Isso é um esforço grande de gestão num ambiente fiscal que não é dos mais favoráveis."""
131,0,jose bartolomeu,José Bartolomeu,Presidente da ViaBahia,,,CIVIL_SOCIETY_OR_OTHER,2023-11-28,LULA,EXACT,JOSÉ BARTOLOMEU,11,15390,"Os planos da concessionária para duplicação da rodovia BR-116 na Bahia somam R$ 11,8 bilhões. | Os planos anunciados agora pelo presidente da ViaBahia resultaram de acordo neste ano com o Ministério dos Transportes: ""Temos de garantir a todos que esse acordo é confiável, não podemos voltar atrás."""
131,1,jorge solla,Jorge Solla,Deputado (PT-BA),PT,BA,DEPUTY,2023-11-28,LULA,EXACT,Jorge Solla,39,26181,"""Sem consenso, ficaremos na situação atual, dependendo de arbitragem judicial para avançar alguma coisa."" | ""O impasse na duplicação da BR-116, com prejuízos à sociedade e à economia, aconteceram porque o Estado não cumpriu suas responsabilidades na fiscalização da concessão e nas cobranças ao concessionário."" | ""Esse processo já se arrasta por alguns anos e, sem antecipar medidas, espero que o TCU reconheça a necessidade de uma resposta rápida."" | Anunciou novas reuniões para acompanhamento do caso."
131,2,anderson bellas,Anderson Bellas,Coordenador-geral da Secretaria Nacional de Transporte Rodoviário do Ministério dos Transportes,,,FEDERAL_EXECUTIVE,2023-11-28,LULA,FIRST_LAST,ANDERSON SANTOS BELLAS,5,10476,Defendeu o acordo. | Alertou que serão mantidos os estudos sobre uma eventual nova concessão da BR-116.
132,0,daniela schettino,Daniela Schettino,"Diretora do Departamento de Radiodifusão Pública, Comunitária e Estatal do Ministério das Comunicações",,,CIVIL_SOCIETY_OR_OTHER,2023-11-22,LULA,FIRST_LAST,DANIELA NAUFEL SCHETTINO,2,9832,"O Ministério das Comunicações prepara a divulgação do Plano Nacional de Outorga (PNO) e uma das metas é a redução do número de cidades sem rádios comunitárias no Brasil | ""Esse número grande de municípios que hoje não têm nenhuma rádio comunitária é o nosso foco. O ministro já aprovou o PNO, que está na minha mesa agora para a gente fazer uma última revisão. A gente deve publicar em breve. O nosso desejo é que se tenha, pelo menos, uma rádio comunitária em cada município do País."""
132,1,renato aguiar,Renato Aguiar,Gerente de outorga da Agência Nacional de Telecomunicações,,,CIVIL_SOCIETY_OR_OTHER,2023-11-22,LULA,FIRST_LAST,RENATO SALES BIZERRA AGUIAR,3,13495,"Reconhece o papel social das rádios comunitárias. | Admite a distribuição desigual das rádios comunitárias: 42% dos municípios só têm rádios comunitárias, 11% só têm rádios FM, 27% apresentam sobreposição das duas modalidades e 20% não possuem FM nem comunitária."
132,2,luiza erundina,Luiza Erundina,Deputada (Psol-SP),PSOL,SP,DEPUTY,2023-11-22,LULA,EXACT,LUIZA ERUNDINA,1,2133,"A legislação em vigor desde 1998 precisa ser atualizada: ""Em 25 anos, ocorreu uma verdadeira revolução nos meios de comunicação de massa no mundo e os novos tempos necessitam de um novo marco legal."""
132,3,geremias dos santos,Geremias dos Santos,Presidente da Associação Brasileira de Rádios Comunitárias (Abraço),,,CIVIL_SOCIETY_OR_OTHER,2023-11-22,LULA,EXACT,GEREMIAS DOS SANTOS,3,16796,"Critica a proibição de as comunitárias usarem a sigla FM: ""Como proibir a rádio comunitária de utilizar a sigla FM? Ora, nós não somos rádio AM. Se esse projeto for aprovado nessa Casa, vai ter problema lá fora, inclusive na Justiça."" | Critica restrições de propaganda impostas às rádios comunitárias."
132,4,tais ladeira,Taís Ladeira,Representante da Associação Mundial de Rádios Comunitárias (Amarc),,,CIVIL_SOCIETY_OR_OTHER,2023-11-22,LULA,EXACT,TAÍS LADEIRA,2,12422,"Denuncia estratégias em curso para que as rádios comunitárias permaneçam ""pequenas, pobres e sufocadas economicamente""."
132,5,higino germani,Higino Germani,Presidente da Associação Técnica da Radiodifusão Brasileira (ATRB),,,CIVIL_SOCIETY_OR_OTHER,2023-11-22,LULA,FIRST_LAST,HIGINO ÍTALO GERMANI,3,12169,"Mostrou que 10 dos 42 projetos de lei analisados na Câmara tratam de aumento de potência das rádios comunitárias: ""Aumentar a potência das rádios comunitárias não vai resolver os problemas, mas agravá-los, resultando em interferências generalizadas, com frustração para o público e para os empresários de radiodifusão."""
132,6,jadyel alencar,Jadyel Alencar,Deputado (PV-PI) e coordenador da Frente Parlamentar Mista em Apoio às Rádios Comunitárias,PV,PI,DEPUTY,2023-11-22,LULA,EXACT,Jadyel Alencar,14,9888,"Avalia que muitos projetos tratam de temas alheios ao assunto principal: ""Já apresentamos um requerimento de desapensação dos PLs cujas matérias dizem respeito a características técnicas, cobertura e regulamentação de conteúdo e operação. E continuaremos trabalhando para outros necessários avanços."" | Cobra plenas condições de operação e de sobrevivência para as rádios comunitárias."
133,0,rodrigo de castro,Rodrigo de Castro,Deputado (União-MG) e presidente da Comissão de Minas e Energia,UNIAO,MG,DEPUTY,2023-11-22,LULA,EXACT,Rodrigo de Castro,30,7650,"Fez duras críticas à ausência do presidente da Enel: ""É algo intolerável e que demonstra a prepotência da Enel, demonstra a sua falta de capacidade de diálogo."" | Decidiu cancelar a audiência e fazer um novo convite a Nicola Cotugno. | Informou que as comissões devem sugerir uma Proposta de Fiscalização e Controle (PFC) sobre a Enel."
133,1,ivan valente,Ivan Valente,Deputado (Psol-SP),PSOL,SP,DEPUTY,2023-11-22,LULA,EXACT,IVAN VALENTE,9,5106,Disse que a atitude de Cotugno era desrespeitosa com a Câmara.
133,2,arnaldo jardim,Arnaldo Jardim,Deputado (Cidadania-SP),CIDADANIA,SP,DEPUTY,2023-11-22,LULA,EXACT,ARNALDO JARDIM,1,1852,"Disse que o caso reforça a necessidade de o Congresso debater uma lei para regular a renovação das concessões de distribuição que vencem a partir de 2025: ""Um fato como esse faz com que o assunto se torne ainda mais importante."""
133,3,max lemos,Max Lemos,Deputado (PDT-RJ),PDT,RJ,DEPUTY,2023-11-22,LULA,EXACT,MAX LEMOS,1,3539,"Disse que já está colhendo assinaturas de apoio para a criação de uma CPI para apurar a atuação da Enel. | Afirmou que a empresa coleciona reclamações no Rio de Janeiro, onde possui uma distribuidora: ""Nos últimos 15 dias, 34 cidades ficaram sem energia, cidades grandes como Niterói."""
133,4,alex manente,Alex Manente,Deputado (Cidadania-SP),CIDADANIA,SP,DEPUTY,2023-11-22,LULA,EXACT,ALEX MANENTE,2,3855,"Propôs uma ""força-tarefa"" para criar a CPI e verificar o contrato da concessão da Enel."
133,5,altineu cortes,Altineu Côrtes,Deputado (PL-RJ),PL,RJ,DEPUTY,2023-11-22,LULA,EXACT,ALTINEU CÔRTES,1,5596,"Pediu união dos partidos para criar a comissão: ""Não está em jogo aqui bandeira partidária."""
133,6,julio lopes,Julio Lopes,Deputado (PP-RJ),PP,RJ,DEPUTY,2023-11-22,LULA,EXACT,JULIO LOPES,2,5422,"Disse estar insatisfeito com a atuação da empresa, mas ponderou que o caso de São Paulo foi provocado por eventos climáticos extremos, que devem se tornar mais frequentes no País."
133,7,bacelar,Bacelar,Deputado (PV-BA),PV,BA,DEPUTY,2023-11-22,LULA,NONE,,0,0,Criticou o grupo Enel e a ausência do seu presidente.
133,8,celso russomanno,Celso Russomanno,Deputado (Republicanos-SP),REPUBLICANOS,SP,DEPUTY,2023-11-22,LULA,EXACT,CELSO RUSSOMANNO,3,4212,Criticou o grupo Enel e a ausência do seu presidente.
133,9,aureo ribeiro,Aureo Ribeiro,Deputado (Solidariedade-RJ),SOLIDARIEDADE,RJ,DEPUTY,2023-11-22,LULA,EXACT,AUREO RIBEIRO,7,6370,Criticou o grupo Enel e a ausência do seu presidente.
133,10,roberto monteiro pai,Roberto Monteiro Pai,Deputado (PL-RJ),PL,RJ,DEPUTY,2023-11-22,LULA,EXACT,ROBERTO MONTEIRO PAI,1,2833,Criticou o grupo Enel e a ausência do seu presidente.
134,0,pietro mendes,Pietro Mendes,"Secretário de Petróleo, Gás Natural e Biocombustíveis do Ministério de Minas e Energia",,,FEDERAL_EXECUTIVE,2023-11-13,LULA,FIRST_LAST,PIETRO ADAMO SAMPAIO MENDES,1,12238,"O projeto de lei sobre 'combustíveis do futuro' (PL 4516/23) combina a trajetória bem-sucedida do RenovaBio (Lei 13.576/17) com o Programa Rota 2030, focando em eficiência energética. O foco está em eficiência energética: ""Quando digo melhores indicadores, estou falando de substituição de veículos movidos a diesel por biometano; menor utilização de fertilizantes com emissão associada, já que muitos fertilizantes nitrogenados, por exemplo, vêm do gás natural; e melhoras de eficiência do processo. E aí, não está só melhorando a eficiência como reduzindo o custo de produção e aumentando a disponibilidade do produto."" | As linhas de financiamento do BNDES e os pactos energéticos de biocombustíveis e de hidrogênio apresentados na ONU mostram que o Brasil é um dos líderes em transição energética."
134,1,alexandre alonso,Alexandre Alonso,Chefe-geral da Embrapa Agroenergia,,,CIVIL_SOCIETY_OR_OTHER,2023-11-13,LULA,EXACT,ALEXANDRE ALONSO,3,18300,"Apresentou os detalhes técnicos das metodologias de Análise do Ciclo de Vida (ACV) dos biocombustíveis, que têm vários fatores derivados dos relatórios do Painel Intergovernamental da ONU sobre Mudança do Clima (IPCC). | Um dos instrumentos dessa análise é a RenovaCalc, que calcula automaticamente a intensidade de carbono de cada biocombustível, gerando um índice de grama de CO2 equivalente por megajoule: ""O produtor preenche todos os parâmetros da RenovaCalc e ela calcula automaticamente a intensidade de carbono de cada biocombustível, gerando um índice de grama de CO2 equivalente por megajoule."""
134,2,goncalo pereira,Gonçalo Pereira,Professor do Instituto de Biologia da Unicamp,,,CIVIL_SOCIETY_OR_OTHER,2023-11-13,LULA,EXACT,GONÇALO PEREIRA,2,25846,"Defendeu avanços na produção de etanol a partir do sisal, cultivado no Semiárido nordestino. | Apontou mitos ambientais em torno do carro elétrico."
134,3,plinio nastari,Plínio Nastari,Presidente da Consultoria Agrícola Datagro,,,CIVIL_SOCIETY_OR_OTHER,2023-11-13,LULA,EXACT,PLÍNIO NASTARI,2,9090,"O Brasil não pode correr o risco de perder a vantagem competitiva de ser um dos principais polos de desenvolvimento de tecnologia automotiva do mundo, só atrás de Estados Unidos, União Europeia e Japão. | ""É fundamental que o arcabouço legal regulatório ofereça clareza jurídica para direcionar investimentos em maior eficiência energética e menores emissões. E é preciso promover três 'Cs': consistência, convergência e coerência dos instrumentos de política pública nas áreas de política industrial, eficiência energética, meio ambiente, economia fiscal, social e desenvolvimento regional."""
134,4,leonidas cristino,Leônidas Cristino,Deputado (PDT-CE),PDT,CE,DEPUTY,2023-11-13,LULA,EXACT,Leônidas Cristino,11,8745,"A Câmara busca amplo consenso sobre o tema: ""Está aí o problema posto e, aqui nesta Casa, nós temos a obrigação de elaborar um marco regulatório que seja factível e bom para todo o País, acompanhando as experiências que estão sendo feitas nas academias. É para dar tranquilidade ao Brasil de investir e para demonstrar ao mundo que nós vamos ajudar o planeta a diminuir o aquecimento global."""
134,5,valeria lima,Valéria Lima,Representante do Instituto Brasileiro de Petróleo e Gás (IBP),,,CIVIL_SOCIETY_OR_OTHER,2023-11-13,LULA,EXACT,VALÉRIA LIMA,2,10662,"A legislação será fundamental para a atração de investimentos em um setor que já responde por 10% do PIB, gera 1,6 milhão de empregos e proporciona R$ 140 bilhões em arrecadação de tributos."
135,0,joelia lins,Joélia Lins,Presidente do Sindicato dos Policiais Penais e Servidores do Sistema Penitenciário do Ceará (Sindppen-CE),,,CIVIL_SOCIETY_OR_OTHER,2023-11-09,LULA,FIRST_LAST,JOÉLIA SILVEIRA LINS,2,8032,"A categoria tem sido negligenciada no serviço público: ""Em 2021, tivemos seis suicídios. Hoje, somam-se oito suicídios na nossa categoria de apenas 3.555 policiais penais. Hoje, o trabalho está sendo muito exaustivo por causa do baixo efetivo: por exemplo, deveria ter de 40 a 45 policiais em uma unidade, mas, hoje, temos em torno de 18 a 20."""
135,1,carlos piotto,Carlos Piotto,Diretor jurídico do Sindicato dos Agentes de Segurança Penitenciária (Sindcop),,,CIVIL_SOCIETY_OR_OTHER,2023-11-09,LULA,FIRST_LAST,CARLOS EDUARDO PIOTTO,2,12303,"Manifestou preocupação com os riscos de contaminação radioativa pela obrigatoriedade de uso de scanner corporal, além da pressão diária no trabalho: ""Nós não temos funcionários, e isso afeta a saúde mental. Vários colegas estão se aposentando agora e não sei o que vai acontecer, porque não está tendo contratação. Está terrível."""
135,2,roberto de moura,Roberto de Moura,Coordenador do departamento de sistema prisional do Instituto Brasileiro de Ciências Criminais,,,CIVIL_SOCIETY_OR_OTHER,2023-11-09,LULA,FIRST_LAST,ROBERTO BARBOSA DE MOURA,1,8502,"Aponta os presídios como ambiente 'bélico e hostil' tanto para os policiais penais quanto para os presos. | Pediu o fim da 'lógica do inimigo', em que policiais são vistos como heróis e os presos são demonizados: ""Romper com essa lógica do inimigo é também saber trabalhar segurança, integração harmônica social e garantia de direitos humanos para todos, porque o tensionamento também nasce a partir do relacionamento do policial penal com o preso."" | Defendeu a devida valorização profissional dos policiais e o fortalecimento do papel de ressocialização das prisões, com ênfase nos direitos humanos de ambas as partes."
135,3,marcelo stona,Marcelo Stona,"Diretor do Sistema Penitenciário Federal, Ministério da Justiça",,,CIVIL_SOCIETY_OR_OTHER,2023-11-09,LULA,EXACT,MARCELO STONA,2,5870,"Ressaltou a preocupação do órgão com equipamentos, normas, remuneração e saúde dos servidores, inclusive com psicólogos, psiquiatras e assistentes sociais credenciados para prestar auxílio aos policiais penais."
135,4,professora luciene cavalcante,Professora Luciene Cavalcante,Deputada (Psol-SP),PSOL,SP,DEPUTY,2023-11-09,LULA,EXACT,Professora Luciene Cavalcante,14,18198,"Vai sugerir ao Ministério da Justiça a adoção de um observatório com dados sobre o adoecimento na atividade policial, a fim de servir de base para futuras políticas públicas. | Sugeriu que o ministério e o Conselho Nacional de Justiça avancem na regulamentação da Polícia Penal federal, que poderá servir de parâmetro para os estados: ""Não há um projeto de política de segurança pública sem a inclusão, a dignidade, a valorização e a regulamentação dos policiais penais. Existe um quadro de adoecimento em massa dos policiais penais."""
135,5,lineu mazano,Lineu Mazano,Vice-presidente da Confederação dos Servidores Públicos do Brasil,,,CIVIL_SOCIETY_OR_OTHER,2023-11-09,LULA,FIRST_LAST,LINEU NEVES MAZANO,2,7730,Defendeu um marco regulatório das condições de trabalho e rede integrada de acolhimento no serviço público em geral.
136,0,luiz francisco faraco,Luiz Francisco Faraco,Representante do ICMBio,,,CIVIL_SOCIETY_OR_OTHER,2023-11-09,LULA,FIRST_LAST,LUIZ FRANCISCO DITZEL FARACO,1,2747,"Destacou a importância da proposta para a gestão das unidades de conservação: ""Além de estarem protegidas como terras indígenas, também terão uma camada adicional de proteção por serem parques nacionais e outras categorias de unidades de conservação""."
136,1,kleber karipuna,Kleber Karipuna,Coordenador da Articulação dos Povos Indígenas no Brasil,,,CIVIL_SOCIETY_OR_OTHER,2023-11-09,LULA,EXACT,KLEBER KARIPUNA,3,14043,"Salientou o caráter transversal da política, que engloba vários ministérios, mas constatou que não está sendo dada a devida atenção orçamentária à política: ""Precisamos que o governo entenda que a política é de Estado e precisa dispor dos recursos necessários para sua implementação""."
136,2,celia xakriaba,Célia Xakriabá,Deputada (Psol-MG) e presidente da Comissão da Amazônia,PSOL,MG,DEPUTY,2023-11-09,LULA,EXACT,Célia Xakriabá,11,24472,"Defendeu a necessidade de orçamento específico para o programa, com previsão no Plano Plurianual: ""Alocar recursos específicos do PPA, com linhas orçamentárias definidas, em volume suficiente para atender a necessidade de sua implementação"". | Sugeriu o reconhecimento e a regulamentação dos agentes ambientais indígenas e a articulação do programa de gestão territorial com a Política de Educação Escolar Indígena e de Atendimento à Saúde Indígena: ""Fortalecendo os princípios da sustentabilidade com recursos orçamentários compatíveis com a necessidade das comunidades""."
136,3,lucas grisolia,Lucas Grisolia,Representante da Funai,,,CIVIL_SOCIETY_OR_OTHER,2023-11-09,LULA,EXACT,LUCAS GRISOLIA,1,4405,"Acrescentou que algumas fontes de financiamento, como o Fundo Amazônia e o Programa das Nações Unidas para o Desenvolvimento, já foram utilizadas desde a criação da Política Nacional de Gestão Territorial e Ambiental das Terras Indígenas. | Defendeu a criação de um fundo específico para garantir a implementação da política."
137,0,alessio costa lima,Alessio Costa Lima,Presidente da União Nacional dos Dirigentes Municipais de Educação,,,CIVIL_SOCIETY_OR_OTHER,2023-11-08,LULA,EXACT,ALESSIO COSTA LIMA,3,29087,"O objetivo da exceção constitucional atual (permitir o acúmulo de dois cargos de professor ou de um cargo no magistério e outro em atividade técnica ou científica) é enriquecer a atividade docente. Como o segundo cargo tem que ser na mesma área de formação, o professor se atualiza e melhora a própria qualificação ao atuar também no segundo emprego. | Permitir que o professor tenha um segundo cargo desvinculado da atividade docente pode afetar a qualidade da educação e precarizar a profissionalização docente: ""Nós lutamos para ter professores bem qualificados, bem remunerados, trabalhando no campo da docência. Agora fazer a abertura para que o cargo de professor seja acumulado com qualquer outra função, a gente entende que é uma forma de precarizar a função docente, e que essa abertura em nada qualificará a atuação docente dele no sistema de ensino, pelo contrário."" | O que se deve buscar é a valorização da atividade docente por meio de salário digno para que o professor não necessite buscar um segundo emprego. | Defende medidas como jornada única de 8 horas diárias, de preferência na mesma escola."
137,1,heder noronha,Heder Noronha,Assessor da Subsecretaria de Gestão Administrativa do Ministério da Educação,,,CIVIL_SOCIETY_OR_OTHER,2023-11-08,LULA,FIRST_LAST,HEDER SILVA E NORONHA,2,3592,"A PEC vai no sentido contrário à tendência atual, que seria de ter professores com dedicação exclusiva e remuneração vinculada à titulação. | A proposta em análise pode levar à precarização ainda maior da atividade de professor da educação básica."
137,2,prof paulo fernando,Prof. Paulo Fernando,Deputado (Republicanos-DF) e relator do texto,REPUBLICANOS,DF,DEPUTY,2023-11-08,LULA,EXACT,PROF. PAULO FERNANDO,3,4824,"A medida tem o sentido de assegurar a liberdade de escolha do professor: ""Uma vez tendo a devida qualificação, compete a ele, profissional, escolher se quer trabalhar 20 horas, 40 horas, 60 horas. O texto apresentado não está falando da dedicação exclusiva, ele não define o que é cargo técnico nem cientifico, não está voltado apenas para o ensino superior - essa PEC abrange todo o exercício do magistério, em toda a sua amplitude."""
137,3,fernando mineiro,Fernando Mineiro,Deputado (PT-RN),PT,RN,DEPUTY,2023-11-08,LULA,EXACT,FERNANDO MINEIRO,1,2647,"Sugere que a comissão ouça representantes de todas as categorias de professores, do ensino básico ao superior, incluindo os que atuam na rede privada: ""Não é um assunto que diz respeito só à educação básica, ele atinge todas as categorias em todos os níveis, atinge as universidades, os IFs [Institutos Federais], o setor privado."""
137,4,jose pinheiro de queiroz neto,José Pinheiro de Queiroz Neto,"Representante do Conselho Superior do Instituto Federal de Educação, Ciência e Tecnologia do Amazonas",,,CIVIL_SOCIETY_OR_OTHER,2023-11-08,LULA,EXACT,JOSÉ PINHEIRO DE QUEIROZ NETO,2,17222,"Defende a mudança constitucional. | A medida é importante principalmente para lugares distantes, em que é difícil conseguir profissionais qualificados, como o interior de estados como Amazonas e Pará. | Acredita que, com a mudança, professores vão poder ajudar essas comunidades com sua capacitação."
138,0,waldemar goncalves ortunho junior,Waldemar Gonçalves Ortunho Júnior,Diretor-presidente da Agência Nacional de Proteção de Dados (ANPD),,,CIVIL_SOCIETY_OR_OTHER,2023-11-07,LULA,EXACT,WALDEMAR GONÇALVES ORTUNHO JÚNIOR,18,19926,"O governo precisa olhar a ANPD e ver a necessidade de uma carreira própria, de um fortalecimento, de um concurso público, para que esta atividade que nós já fazemos, possamos fazer de forma mais repetitiva. Ou seja, não só uma sanção a cada mês, mas 10, 20, tantas quantas forem necessárias, diante das demandas que nós recebemos. | A ANPD já propôs concurso público com 213 vagas para o órgão, que aguarda aprovação do Ministério da Justiça. | Até hoje aplicou apenas 3 sanções - duas em órgãos públicos e uma em uma empresa privada no Rio Grande do Sul. Nenhuma dessas sanções se deu por vazamento de dados. | Há 13 processos de fiscalização em curso e 9 processos administrativos sancionadores. Um dos casos que estão sendo apurados é o vazamento de dados de usuários do aplicativo ConectSUS. | Desde a sua criação a ANPD já recebeu 768 comunicações de incidentes de segurança. | A ANPD já publicou 7 guias orientativos e 3 resoluções. | A agência prioriza os incidentes que abrangem dados sensíveis, como os de crianças e adolescentes e aqueles que exponham o titular dos dados a fraudes. | Além disso, são priorizadas os incidentes recorrentes com a mesma empresa ou órgão público e aqueles em que a principal atividade do controlador afetado envolva tratamento de dados de alto risco. | É necessário que o governo olhe com mais cuidado para o orçamento da agência, que hoje é pequeno. | A agência não tem autonomia plena para os gastos. | No ano passado foi publicada lei (14.460/22) que transforma a Autoridade Nacional de Proteção de Dados, que nasceu vinculada à Presidência da República, em uma autarquia especial, o que lhe dará autonomia administrativa e financeira, mas o processo precisa ser concluído."
138,1,caio vianna,Caio Vianna,Deputado (PSD-RJ),PSD,RJ,DEPUTY,2023-11-07,LULA,EXACT,Caio Vianna,20,14308,"Os dados são hoje um ativo valioso, e é preciso dar mais condições para a agência desenvolver seu trabalho: ""Muitas vezes a gente faz um cadastro e imediatamente nosso telefone já está tocando com uma outra empresa que a gente não fez o cadastro oferecendo algum tipo de serviço, ou mandando e-mail ou mandando SMS, importunando inclusive o dia-a-dia do cidadão que está trabalhando. Então, isso é uma questão que a gente precisa avançar, precisa ter apoio deste Parlamento para que a ANPD possa desenvolver esse trabalho com cada vez mais eficiência, para que a gente possa proteger os cidadãos brasileiros dessas investidas e proteger os seus dados também."""
139,0,alessia tuxa,Aléssia Tuxá,Defensora pública na Bahia e coordenadora do Grupo de Trabalho sobre Igualdade Étnica da defensoria baiana,,,CIVIL_SOCIETY_OR_OTHER,2023-11-07,LULA,FIRST_LAST,ALÉSSIA BERTULEZA TUXÁ,1,7142,"Denuncia a falta de conhecimento das autoridades policiais sobre a identidade indígena: ""Nós estamos falando de pessoas que ingressam no sistema carcerário e que, desde a primeira abordagem, já sofrem com essa falta de conhecimento por parte das autoridades policiais que se veem no direito de dizer quem é e quem não é indígena"" | A dificuldade de o preso ser reconhecido como indígena leva à invisibilidade como cidadão e compromete o acesso a direitos: ""Essa invisibilidade faz com que nós tenhamos chegado a esta data sem que haja uma legislação específica tratando sobre povos indígenas no sistema penitenciário."""
139,1,celia xakriaba,Célia Xakriabá,Deputada (Psol-MG),PSOL,MG,DEPUTY,2023-11-07,LULA,EXACT,Célia Xakriabá,4,9081,Citou violações de direitos de indígenas no sistema carcerário brasileiro. | Sugeriu uma consulta pública sobre uma lei prisional específica para os indígenas.
139,2,daniele osorio,Daniele Osório,Coordenadora do Grupo de Trabalho Povos Indígenas da Defensoria Pública da União em Mato Grosso do Sul,,,CIVIL_SOCIETY_OR_OTHER,2023-11-07,LULA,FIRST_LAST,DANIELE DE SOUZA OSÓRIO,1,5746,"Afirmou que Mato Grosso do Sul é o estado que mais encarcera indígenas no País: ""Um terço dos indígenas presos no Brasil está em celas sul-mato-grossenses. A maioria são Guarani e Kaiová."" | Relatou casos de preconceito e racismo por parte da polícia contra guaranis e kaiovás: ""O que há é uma total desconsideração das diferenças culturais. O indígena, quando abordado pela polícia, mesmo no seu território, mesmo na reserva, na área demarcada, não percebe qualquer consideração sobre o idioma, a língua materna, os seus costumes e seus atos."" | Concordou com a proposta de uma legislação prisional específica para indígenas."
139,3,viviane balbuglio,Viviane Balbuglio,Representante do Instituto das Irmãs da Santa Cruz e do Conselho Indigenista Missionário,,,CIVIL_SOCIETY_OR_OTHER,2023-11-07,LULA,EXACT,VIVIANE BALBUGLIO,1,9081,"Afirmou que o racismo contra indígenas na esfera penal deve ser analisado dentro do contexto de luta por direitos, incluindo terras: ""Quando a gente está debatendo pautas como o marco temporal, ou seja, o direito ao território ancestral, a criminalização [de indígenas] tem sido utilizada para impedir esse acesso a direitos."""
139,4,andrey ferreira,Andrey Ferreira,Vice-coordenador do Comitê Laudos Antropológicos da Associação Brasileira de Antropologia,,,CIVIL_SOCIETY_OR_OTHER,2023-11-07,LULA,FIRST_LAST,ANDREY CORDEIRO FERREIRA,4,3928,"Afirmou que o racismo contra indígenas na esfera penal deve ser analisado dentro do contexto de luta por direitos, incluindo terras: ""Esse estado penal, que também é uma espécie de estado de exceção, ganha força no contexto em que os povos indígenas estão tentando lutar para defender ou ampliar os seus direitos."""
139,5,caique galicia,Caíque Galicia,Assessor do Ministério dos Povos Indígenas,,,FEDERAL_EXECUTIVE,2023-11-07,LULA,FIRST_LAST,CAÍQUE RIBEIRO GALÍCIA,1,7566,"Defendeu que o País repense o conceito de justiça, afastando-se do modelo europeu, que idealiza a justiça como ‘cega’ ou imparcial, e passando a considerar características da América Latina, como a presença de povos indígenas: ""Existem pesquisas já bastante consolidadas que dão conta, por exemplo, de que fatores como gênero, raça e etnia são utilizados nas sentenças, normalmente para aumentar a pena. Então, esse é o olhar, melhor dizendo, a venda da Justiça que a gente precisa começar a tirar."""
140,0,jarbas barbosa,Jarbas Barbosa,Diretor da Organização Pan-Americana da Saúde (Opas),,,CIVIL_SOCIETY_OR_OTHER,2023-11-07,LULA,EXACT,JARBAS BARBOSA,2,40085,"É preciso fortalecer os sistemas de vigilância em saúde e criar novas estratégias de vacinação para aumentar a cobertura vacinal nas Américas. | O período mais grave da pandemia do coronavírus trouxe lições que estão provocando debates na comunidade internacional. | A aprovação de um novo Regulamento Sanitário Internacional está na pauta da próxima Assembleia Mundial de Saúde, marcada para maio de 2024. | Deve ser discutido um acordo que garanta acesso equitativo a medicamentos, vacinas e equipamentos, caso haja outra pandemia. | ""Nós precisamos pensar em como fortalecer as capacidades em cada país, significando capacidade de laboratório, treinamento de pessoal, melhor coordenação, integração entre vigilância e serviços de saúde."" | ""Em alguns países, você tinha leitos sobrando em um determinado subsistema e leitos faltando em outro, e a capacidade de dispor disso rapidamente foi realmente um déficit."" | Ainda não há uma avaliação do impacto da desinformação nos índices de vacinação. | Uma pesquisa feita no Canadá mostra 1,5% dos entrevistados contra as vacinas e entre 15 e 18% de pessoas em dúvida, que pedem mais informações antes de decidir se vão imunizar a família. | Insiste na comunicação como uma ferramenta poderosa a favor das vacinas: ""Surgiu um boato de que vacinas de Covid eram feitas de células embrionárias e aí muita gente não queria se vacinar por isso"". ""Então, é importante líderes religiosos, líderes comunitários, lideranças de uma maneira geral da sociedade serem convidados pelas autoridades sanitárias para explicar sobre o processo de fabricação das vacinas. E é importante que a gente traduza, em linguagem compreensível, os processos de produção e de certificação de qualidade de vacina."""
140,1,iza arruda,Iza Arruda,Deputada (MDB-PE),MDB,PE,DEPUTY,2023-11-07,LULA,EXACT,Iza Arruda,4,4144,"Parte do problema de surtos de doenças no continente americano é devido à queda nos resultados das campanhas de vacinação, em razão de fake news: ""Nós temos hoje registros de 2,7 milhões de crianças que não receberam vacinas contra difteria, tétano, coqueluche. Em 2010, tínhamos relatos de que as Américas eram a segunda região de maior cobertura vacinal. E hoje é a segunda região com a pior cobertura vacinal."""
140,2,jorge solla,Jorge Solla,Deputado (PT-BA),PT,BA,DEPUTY,2023-11-07,LULA,EXACT,JORGE SOLLA,1,8696,"Além da recuperação dos percentuais de cobertura vacinal, outro desafio é enfrentar a ampliação das desigualdades sociais tanto no Brasil quanto no resto do mundo, que impacta a saúde da população."
141,0,pamella passos,Pâmella Passos,Professora do Instituto Federal do Rio de Janeiro,,,CIVIL_SOCIETY_OR_OTHER,2023-10-31,LULA,EXACT,PÂMELLA PASSOS,2,9320,"Apresentou pesquisa que mostra o medo causado pelas acusações e processos movidos contra professores por razões ideológicas: ""Das 837 professoras e professores que responderam o questionário, 91% gostariam de apoio psicológico e 90,4% demandam apoio jurídico para lidar com essas situações no contexto de perseguição docente."""
141,1,juliana andozio,Juliana Andozio,Professora da rede estadual de Santa Catarina,,,CIVIL_SOCIETY_OR_OTHER,2023-10-31,LULA,EXACT,JULIANA ANDOZIO,2,11641,"Contou o cerco que sofreu em Florianópolis (SC), incluindo um processo administrativo em que foi acusada de fazer doutrinação política na escola: ""Eu fiquei sete meses afastada. Depois de passar por um processo administrativo, em que nada foi comprovado, me puniram com 15 dias sem salário."" | Depois de dez meses, o Tribunal de Justiça de Santa Catarina julgou o processo e condenou o estado a devolver o salário descontado e a limpar a ficha funcional dela: ""Não teve nenhuma comprovação de que eu tenha doutrinado alguém."""
141,2,salomao barros ximenes,Salomão Barros Ximenes,Professor da Universidade Federal do ABC,,,CIVIL_SOCIETY_OR_OTHER,2023-10-31,LULA,EXACT,SALOMÃO BARROS XIMENES,3,12143,"Disse que a lei já garante ao professor a liberdade de ensinar, mas é necessário criar redes de proteção para garantir esse direito: ""Temos que criar políticas públicas de defesa jurídica e psicológica para esses professores, em parceria com as universidades e com os sindicatos"". ""Temos que pensar também na tarefa legislativa e das procuradorias jurídicas dos estados e dos municípios. Professores e professoras são profissionais que estão sendo perseguidos e atacados no exercício de sua função."""
141,3,professora luciene cavalcante,Professora Luciene Cavalcante,Deputada (Psol-SP),PSOL,SP,DEPUTY,2023-10-31,LULA,EXACT,Professora Luciene Cavalcante,6,12718,"Elogiou a iniciativa de um observatório para monitorar a questão e embasar propostas para enfrentar a perseguição contra professores: ""O observatório é fundamental porque, quando se pensa em políticas públicas, é preciso ter os dados, saber como está, como vem acontecendo e evoluindo, e quais são a interferências para então pensar na proposta."""
141,4,taliria petrone,Talíria Petrone,Deputada (Psol-RJ),PSOL,RJ,DEPUTY,2023-10-31,LULA,EXACT,Talíria Petrone,18,10296,"Afirmou que são necessárias providências para garantir que o papel de fiscalização dos legisladores fique dentro da lei: ""Algumas coisas surgiram aqui, como a necessidade um protocolo pra garantir e reger o papel fiscalizador de parlamentares e responsabilizar aqueles que promovem o ódio, que, ali na ponta, chega aos profissionais de educação."""
142,0,cynthia curado,Cynthia Curado,Representante do Ministério da Gestão e Inovação em Serviços Públicos,,,FEDERAL_EXECUTIVE,2023-10-30,LULA,FIRST_LAST,CYNTHIA BELTRAO CURADO,5,5235,A regulamentação da lei que aumentou a margem de empréstimo consignado para servidores públicos será publicada até a semana que vem. | A questão do limite para os juros do consignado está em estudo.
142,1,pedro de souza,Pedro de Souza,Diretor da Confederação dos Trabalhadores no Serviço Público Federal,,,CIVIL_SOCIETY_OR_OTHER,2023-10-30,LULA,FIRST_LAST,PEDRO ARMENGOL DE SOUZA,2,9443,"As dívidas são impagáveis: ""Recentemente, eu estava conversando com um companheiro e eu perguntei se ele sabia quanto ele devia do cartão de crédito que todo mês ele paga R$ 300. Ele disse que não tinha se atentado para isso. Depois ele disse que procurou saber o saldo devedor. Ele pegou cerca de R$ 3 mil há muito tempo e o saldo devedor é de R$ 12 mil."" | Os servidores mais atingidos são os de mais baixa renda que ficaram seis anos sem reajustes salariais. | Pediu ao governo que faça um programa Desenrola, de negociação de dívidas, específico para os servidores públicos e limites para os juros do consignado como os do INSS."
142,2,prof paulo fernando,Prof. Paulo Fernando,Deputado (Republicanos-DF),REPUBLICANOS,DF,DEPUTY,2023-10-30,LULA,EXACT,Prof. Paulo Fernando,28,13146,"Os contratantes de cartão consignado estão em grande risco: ""Quando você tem uma parcela restrita, de 5% da remuneração para pagar o saldo devedor, é comum que a fatura não seja paga integralmente. Isso leva a multas e juros sobre a parcela restante; que, obviamente, também não será paga."""
142,3,rafael baldi,Rafael Baldi,Diretor adjunto de Produtos da Federação Brasileira de Bancos (Febraban),,,CIVIL_SOCIETY_OR_OTHER,2023-10-30,LULA,EXACT,RAFAEL BALDI,6,10256,"Os servidores públicos têm 54,8% do crédito consignado, enquanto os aposentados do INSS ficam com 38,5%. | Pesquisa da entidade mostra que os empréstimos consignados são usados principalmente para pagar dívidas mais caras, ou 31% do total. Em seguida, vem o pagamento de despesas médicas e as contas mensais."
142,4,vitor hugo ferreira,Vitor Hugo Ferreira,Diretor do Departamento de Proteção e Defesa do Consumidor da Secretaria Nacional do Consumidor (Senacon) do Ministério da Justiça,,,CIVIL_SOCIETY_OR_OTHER,2023-10-30,LULA,FIRST_LAST,VITOR HUGO DO AMARAL FERREIRA,3,8954,"O servidor, apesar de estar em dificuldades, não consegue renegociar o consignado porque ele está sempre adimplente, já que o pagamento é descontado em folha."
143,0,antonio carlos cintra,Antônio Carlos Cintra,Coordenador da Comissão dos Direitos do Consumidor da Associação Nacional das Defensoras e Defensores Públicos (Anadep),,,CIVIL_SOCIETY_OR_OTHER,2023-10-26,LULA,FIRST_LAST,ANTÔNIO CARLOS FONTES CINTRA,6,12540,"O golpe de maior impacto é aquele no qual o aposentado é levado a fazer um empréstimo consignado sem saber. Uma das mentiras contadas pelos fraudadores, a chamada “engenharia social”, é a de que o segurado precisaria fazer uma prova de vida. O golpe é praticado por estelionatários e até por correspondentes bancários. | Pediu a criação de uma lei nacional que proíba o empréstimo digital para pessoas idosas, exigindo a presença física para a contratação. | Afirmou que o crime de estelionato tem uma baixa punição."
143,1,marcia moro,Márcia Moro,Presidente da Associação Brasileira dos Procons,,,CIVIL_SOCIETY_OR_OTHER,2023-10-26,LULA,EXACT,MÁRCIA MORO,2,15078,Relatou o problema dos vazamentos de dados bancários e do INSS que têm permitido aos criminosos fazer uma 'engenharia social' mais eficiente.
143,2,rogerio ferreira,Rogério Ferreira,Delegado da Delegacia de Defesa do Consumidor de Mato Grosso,,,CIVIL_SOCIETY_OR_OTHER,2023-10-26,LULA,EXACT,ROGÉRIO FERREIRA,2,10955,"Afirmou que o crime de estelionato tem uma baixa punição. | O cartão de crédito consignado não deveria permitir o saque de recursos porque o idoso paga o mínimo, acreditando que é um empréstimo comum. | Citou pesquisa da empresa de segurança Fortinet que coloca o Brasil em segundo lugar em tentativas de golpes na América Latina, com 103 bilhões de tentativas em 2022, média de 5 tentativas de golpe por brasileiro."
143,3,gisela simona,Gisela Simona,Deputada (União-MT),UNIAO,MT,DEPUTY,2023-10-26,LULA,EXACT,Gisela Simona,22,20589,"Uma grande dificuldade é que o consumidor tem vários produtos bancários pré-aprovados que ele nem sabe que tem e que são uma porta aberta para os criminosos. | Defendeu a extinção do cartão de crédito consignado e a necessidade de o consumidor autorizar alguns serviços de forma presencial: ""As facilidades do mundo moderno são excelentes para uns, mas para outros só trazem problemas."""
143,4,ione amorim,Ione Amorim,Coordenadora do Programa de Serviços Financeiros do Instituto Brasileiro de Defesa do Consumidor (Idec),,,CIVIL_SOCIETY_OR_OTHER,2023-10-26,LULA,EXACT,IONE AMORIM,2,11742,"Os bancos poderiam ter uma atuação mais ativa na prevenção dos golpes: ""O banco tem o algoritmo que é tão utilizado para nos oferecer produtos. Por que não é usado para ver movimentações atípicas na conta da pessoa e questioná-la previamente?"""
143,5,walter faria,Walter Faria,Diretor adjunto de Serviços da Federação Brasileira de Bancos (Febraban),,,CIVIL_SOCIETY_OR_OTHER,2023-10-26,LULA,EXACT,WALTER FARIA,2,11811,"A questão (bloqueio, por parte dos bancos, do acesso remoto de terceiros às contas bancárias) está em estudo, mas que extrapola a ação dos bancos, já que a vítima costuma permitir o acesso por meio de um link malicioso. | A entidade está investindo em campanhas de conscientização. | Citou projeto em tramitação no Senado (PL 2254/22) que criminaliza a utilização de contas bancárias para fraudes."
143,6,belline santana,Belline Santana,Chefe de Supervisão Bancária do Banco Central,,,CIVIL_SOCIETY_OR_OTHER,2023-10-26,LULA,EXACT,BELLINE SANTANA,4,14202,Leu o relatório do Idec e está questionando os bancos sobre a implantação do bloqueio. | Sugeriu que as pessoas que forem abrir contas bancárias confiram antes o ranking de instituições mais reclamadas feito pelo BC.
144,0,jader barbalho filho,Jader Barbalho Filho,Ministro das Cidades,,,FEDERAL_EXECUTIVE,2023-10-25,LULA,TOKEN_SUBSET,MINISTRO JADER BARBALHO FILHO,15,70632,"Termina no dia 10 de novembro o prazo para que prefeituras enviem propostas para o Ministério das Cidades a fim de serem incluídas na primeira etapa do novo Programa de Aceleração do Crescimento (PAC), que vai listar as obras a serem realizadas em 2024 e 2025. A próxima seleção do PAC deve ocorrer apenas em 2025. | ""O número de propostas recebidas está muito abaixo do que imaginávamos. Até ontem, eu recebi a informação de que só havia na plataforma do Ministério das Cidades 227 propostas para todo o Brasil."" | Neste ano já foi liberado R$ 1,5 bilhão de em debêntures para a companhia de saneamento baiana Embasa para investimentos em água e esgoto em 22 municípios. | Para a prevenção de calamidades públicas, há previsão orçamentária de R$ 1,36 bilhão, além de R$ 200 milhões em financiamento para os próximos dois anos. | Sobre o programa Minha Casa, Minha Vida, destacou que no início do governo eram cerca de 180 mil unidades habitacionais não concluídas, mas hoje, depois de obras terem sido retomadas, o número diminuiu para 164 mil unidades. | ""Para os quatro anos do governo do presidente Lula, serão 2 milhões de unidades habitacionais, essa é a meta. Em termos de recursos isso significa R$ 345 bilhões de novos investimentos."" | Acredita que o déficit habitacional pode cair 10% já neste ano: ""No ano passado foram contratadas 380 mil unidades habitacionais. Até a última sexta-feira, nós já tínhamos contratados no FGTS, no ano de 2023, 350 mil. E nós vamos superar esse número, pois a meta deste ano era de 430 mil unidades, mas vamos bater, no mínimo, 450 mil unidades em 2023."""
144,1,joseildo ramos,Joseildo Ramos,Deputado (PT-BA),PT,BA,DEPUTY,2023-10-25,LULA,EXACT,JOSEILDO RAMOS,1,1580,"Destacou a necessidade de universalização dos serviços públicos de saneamento: ""Garanto que só com a iniciativa privada não vamos chegar a bom termo."""
144,2,bebeto,Bebeto,Deputado (PP-RJ),PP,RJ,DEPUTY,2023-10-25,LULA,EXACT,BEBETO,1,3888,"Lembrou tragédias provocadas pelas chuvas no estado do Rio de Janeiro e deu o exemplo de São João de Meriti, que tem 58 morros e 10 locais mapeados como áreas de risco."
145,0,flavio dino,Flávio Dino,Ministro da Justiça e Segurança Pública,,,FEDERAL_EXECUTIVE,2023-10-25,LULA,TOKEN_SUBSET,MINISTRO FLÁVIO DINO DE CASTRO E COSTA,68,57275,"Destacou os resultados preliminares do governo Lula na segurança pública e no combate a organizações criminosas. | A Polícia Federal já apreendeu R$ 2,29 bilhões do narcotráfico, ante os R$ 216 milhões confiscados em 2022, uma alta de 960% em relação ao ano passado. O total de armas apreendidas chega a 3.871, ante 2.031 em 2022, alta de 91%: ""Isso é tirar arma e dinheiro das facções, isso é combater facções"". ""Combater facções não é bravatear em público e depois confraternizar com miliciano no condomínio ou em casa"". | ""Quando chegar o próximo ano e saírem os números definitivos, vamos poder comparar 2022 com 2023, e eu tenho confiança de que a imensa maioria dos resultados do governo Lula serão melhores"". | Pela primeira vez existe um diálogo com empresas e plataformas da internet, como Google e Whatsapp.: ""Aqueles que nem tinham representação no País hoje respeitam as leis brasileiras"". | ""Não há guarda eterna de imagens"". | O material do Ministério da Justiça considerado relevante segue anexado a inquéritos sobre os atos de vandalismo em Brasília. | Viu ""distorção"" nas acusações de interferência na Polícia Federal. | ""Nunca conversei com qualquer delegado que preside inquérito na PF"". | A proposta orçamentária para a segurança pública, sem considerar as emendas parlamentares, prevê em 2024 os mesmos R$ 5,17 bilhões deste ano. Em relação a 2022, o valor aumentou 17%. | Disse que estava pela oitava vez no Congresso e sugeriu uma comissão geral no Plenário como alternativa aos pedidos de convocação."
145,1,bia kicis,Bia Kicis,Deputada (PL-DF) e presidente da Comissão de Fiscalização Financeira e Controle,PL,DF,DEPUTY,2023-10-25,LULA,EXACT,Bia Kicis,145,20670,Pediu comedimento a deputados governistas e da oposição durante a reunião.
145,2,evair vieira de melo,Evair Vieira de Melo,Deputado (PP-ES),PP,ES,DEPUTY,2023-10-25,LULA,EXACT,EVAIR VIEIRA DE MELO,2,8787,"""Ficou claro na CPMI do 8 de Janeiro, estive lá em todas as audiências, o esforço do governo para não participar da investigação""."
145,3,nikolas ferreira,Nikolas Ferreira,Deputado (PL-MG),PL,MG,DEPUTY,2023-10-25,LULA,EXACT,NIKOLAS FERREIRA,5,8007,Disse que Flávio Dino fugiu da pergunta sobre as acusações de interferência na Polícia Federal.
146,0,padre joao,Padre João,Deputado (PT-MG),PT,MG,DEPUTY,2023-10-25,LULA,EXACT,Padre João,27,23473,"Cobrou a modernização da legislação, uma vez que os medicamentos disponíveis, que são importados, têm um preço muito elevado, não sendo acessíveis às famílias mais vulneráveis: ""Muitos países já avançaram no processo do uso da maconha, não só medicinal, mas também cosmético, na indústria têxtil e na agricultura. E estamos aqui, acuados por uma hipocrisia religiosa, negando aos pobres um medicamento tão importante""."
146,1,diego ferreira,Diego Ferreira,Representante do Ministério da Saúde,,,FEDERAL_EXECUTIVE,2023-10-25,LULA,EXACT,DIEGO FERREIRA,2,11378,"A judicialização em relação à cannabis está fazendo com que a pasta gaste cada vez mais recursos que poderiam ser utilizados para garantir o acesso de mais pacientes a esses medicamentos: ""A conta só vem aumentado ao longo do tempo por compras extraordinárias, sem previsão no orçamento de estados e municípios ou do Ministério da Saúde. Com isso, a gente não consegue ganhar em escala no valor final e, no final da fila, não consegue contemplar aqueles pacientes que são mais vulneráveis, mais vítimas da pobreza e com mais necessidade do medicamento""."
146,2,angela gomes,Ângela Gomes,Representante da Federação da Associação de Cannabis Terapêutica,,,CIVIL_SOCIETY_OR_OTHER,2023-10-25,LULA,FIRST_LAST,ANGELA ABOIN GOMES,2,11626,"Os medicamentos tradicionais são muitas vezes tóxicos e caros e a produção da cannabis, além de mais natural, torna o tratamento mais barato e acessível para todas as famílias: ""A gente não pode achar normal que a indústria farmacêutica produza com plantas, muitas vezes contaminadas com metais pesados, quando a gente pode ter uma agricultura familiar e orgânica com outros princípios, inclusive de agroecologia. O princípio da agroecologia não pode ficar restrito ao movimento associativista. As famílias têm que ter essa liberdade e esse direito""."
147,0,daiana santos,Daiana Santos,Deputada (PCdoB-RS),PCDOB,RS,DEPUTY,2023-10-23,LULA,EXACT,Daiana Santos,20,36580,"64% das crianças entre zero e cinco anos não têm acesso a creches no País. Esse índice atinge diretamente as famílias mais vulneráveis e impossibilita o acesso de milhares de mulheres ao mercado de trabalho: ""Essas crianças sem creche representam uma grande dificuldade para as famílias, em especial para as mães que dependem desse serviço para se manter em seus empregos."""
147,1,helen perrela,Helen Perrela,Conselheira do Conselho Nacional de Direitos Humanos,,,CIVIL_SOCIETY_OR_OTHER,2023-10-23,LULA,NONE,,0,0,A falta de acesso a creches deixa meninos e meninas mais expostos a situações de violência.
147,2,bruno tovar,Bruno Tovar,Consultor da Coordenação-Geral de Educação Infantil do Ministério da Educação (MEC),,,CIVIL_SOCIETY_OR_OTHER,2023-10-23,LULA,EXACT,BRUNO TOVAR,1,9853,"Não basta assegurar vagas às famílias, é preciso investir na infraestrutura das creches, com recursos pedagógicos e qualidade no atendimento: ""A oferta em creche precisa garantir o direito a uma educação infantil de qualidade com justiça social adequada às diversas realidades."""
147,3,lucas carneiro,Lucas Carneiro,Coordenador da Comissão Permanente de Educação do Conselho Nacional de Procuradores-Gerais do Ministério Público,,,CIVIL_SOCIETY_OR_OTHER,2023-10-23,LULA,FIRST_LAST,LUCAS SACHSIDA JUNQUEIRA CARNEIRO,1,8855,"Para assegurar creches de qualidade, é necessário revisões periódicas das metas do Plano Nacional de Educação (PNE) e punição para o gestor que descumprir a norma."
148,0,marcos pollon,Marcos Pollon,Deputado (PL-MS),PL,MS,DEPUTY,2023-10-19,LULA,EXACT,Marcos Pollon,26,37437,"Pediu ao Ibama a retomada urgente do Sistema Integrado de Manejo de Fauna (Simaf) | Cobrou dos envolvidos o enfrentamento da situação sem restrições ideológicas: ""Essa é uma questão de Estado e não de governo"". ""Precisamos do Ibama para solucionar esse problema com urgência""."
148,1,ismael alexandrino,Ismael Alexandrino,Deputado (PSD-GO),PSD,GO,DEPUTY,2023-10-19,LULA,EXACT,ISMAEL ALEXANDRINO,5,14632,"Pediu ao Ibama a retomada urgente do Sistema Integrado de Manejo de Fauna (Simaf) | Alertou sobre os riscos de doenças transmitidas por espécies exóticas invasoras: ""Olhando para a Covid-19 e os impactos dela – sanitários, econômicos e sociais –, não podemos menosprezar os riscos de que uma espécie exótica invasora transmita doenças que poderão ficar fora de controle""."
148,2,rafael salerno,Rafael Salerno,Presidente da Associação Brasileira de Caçadores,,,CIVIL_SOCIETY_OR_OTHER,2023-10-19,LULA,FIRST_LAST,RAFAEL AUGUSTO SALERNO,7,24041,"Afirmou que a suspensão temporária do Simaf poderá prejudicar o controle da população de javalis. | Estimou que há 3 milhões de javalis espalhados pelo País. | ""O fato de o órgão ambiental não ter uma política focada no controle do javali, ou então criar problemas em vez de soluções, contribui para o avanço da espécie"". | Caçadores prestam serviço de utilidade pública."
148,3,livia martins,Livia Martins,Diretora de Uso Sustentável da Biodiversidade e Florestas do Ibama,,,CIVIL_SOCIETY_OR_OTHER,2023-10-19,LULA,FIRST_LAST,LÍVIA KARINA PASSOS MARTINS,4,9430,"""O Simaf é antigo e está defasado, precisamos de um novo"". | Informou que uma atualização do sistema já foi pedida, mas não há prazo para entrega."
148,4,guilherme takeda,Guilherme Takeda,Coordenador da vigilância sobre doenças animais do Ministério da Agricultura e Pecuária,,,CIVIL_SOCIETY_OR_OTHER,2023-10-19,LULA,FIRST_LAST,GUILHERME ZAHA TAKEDA,4,13480,Defendeu o manejo do javali.
148,5,joao carlos carli,João Carlos Carli,Consultor do Instituto Pensar Agropecuária,,,CIVIL_SOCIETY_OR_OTHER,2023-10-19,LULA,TOKEN_SUBSET,JOÃO CARLOS DE PETRIBU DE CARLI FILHO,2,13664,Defendeu o manejo do javali.
149,0,alexandre lindenmeyer,Alexandre Lindenmeyer,Deputado (PT-RS),PT,RS,DEPUTY,2023-10-19,LULA,EXACT,Alexandre Lindenmeyer,19,9784,"Preocupação com os recentes dados demográficos brasileiros que projetam para o ano de 2060 uma proporção de uma pessoa idosa (acima de 60 anos) para 1,6 pessoa na faixa de idade entre 14 e 59 anos: ""É importante que o Estado brasileiro se prepare, com ações de curto, médio e longo prazos, para uma outra realidade demográfica, com a diminuição da natalidade e o aumento da população idosa."""
149,1,vladimir pomar,Vladimir Pomar,Geógrafo,,,CIVIL_SOCIETY_OR_OTHER,2023-10-19,LULA,FIRST_LAST,VLADIMIR MILTON POMAR,2,7328,"A grande massa da população acima de 60 anos ou que vai estar nessa faixa etária nos próximos anos poderá ter seu direito à aposentadoria comprometido. Com isso, o poder público terá de oferecer uma rede de atendimento, que vai desde serviços de saúde adequados até moradia e cuidados pessoais: ""No caso do Brasil, nós estamos entre a crise populacional e o colapso populacional, e a gente está demorando a agir, nós temos que ter um planejamento para 2050, 2060, para ver como vamos lidar quando dobrar a população idosa."""
149,2,alexandre da silva,Alexandre da Silva,Secretário nacional dos Direitos da Pessoa Idosa do Ministério dos Direitos Humanos e Cidadania,,,FEDERAL_EXECUTIVE,2023-10-19,LULA,EXACT,ALEXANDRE DA SILVA,2,25590,"A grande diversidade social e do perfil da população entre as diferentes regiões brasileiras representa mais um desafio no planejamento das políticas públicas: ""O planejamento para o envelhecimento da região Sul, por exemplo, precisa ser diferente da região Norte. Temos que considerar as desigualdades, que vão se perpetuando, acumulando, se agravando e também chegando às idades mais avançadas, ao ponto de garantir ou não que grupo social vai ou não envelhecer e com qual condição de vida."""
149,3,danyel de lima,Danyel de Lima,"Diretor-substituto de Programas Sociais, Áreas Transversais, Multissetoriais e Participação Social do Ministério do Planejamento",,,CIVIL_SOCIETY_OR_OTHER,2023-10-19,LULA,FIRST_LAST,DANYEL IÓRIO DE LIMA,4,17649,"O instrumento utilizado pelo governo federal para planejar políticas públicas voltadas ao idoso é o plano plurianual (PPA). | O desafio mais imediato para o Executivo é o financiamento da Previdência. Com o envelhecimento da população diminui a proporção de trabalhadores em relação ao número de aposentados, o que reduz a arrecadação para financiar o pagamento das aposentadorias: ""O balanço entre pessoas em idade potencialmente produtiva – entre 20 a 64 anos – e aquelas que, em tese, já deixaram o mercado de trabalho, pode saltar de 45% para 60%, ou seja, a gente pode ter um potencial risco de déficit previdenciário."" | Para amenizar o problema, a estratégia do governo será gerar mais empregos, principalmente com carteira assinada. A meta é chegar a 75% dos trabalhadores na formalidade em quatro anos, contra os 69,2% de hoje."
150,0,jean robert batana ferreira,Jean Robert Batana Ferreira,"Coordenador-geral de Tecnologias Estratégicas da Secretaria de Desenvolvimento Tecnológico e Inovação do Ministério da Ciência, Tecnologia e Inovação (MCTI)",,,CIVIL_SOCIETY_OR_OTHER,2023-10-18,LULA,EXACT,JEAN ROBERT BATANA FERREIRA,1,5791,"Santos Dumont contribuiu para o desenvolvimento de motores aeroespaciais, ao usar motores com propulsão em seus balões dirigíveis, no 14-Bis e no Demoiselle: ""Ele desenvolveu esses motores, trazendo uma contribuição extremamente importante na tecnologia aeroespacial e, com isso, também propôs alguns princípios aeronáuticos que permitem o controle de aeronaves e a estabilidade de direção, assim influenciando a aviação moderna."" | Santos Dumont inventou o relógio de pulso para cronometrar seus voos, em colaboração com Louis Cartier."
150,1,luciano valentim rechiuti,Luciano Valentim Rechiuti,Brigadeiro engenheiro e chefe do Subdepartamento Técnico do Departamento de Ciência e Tecnologia Aeroespacial da Aeronáutica,,,CIVIL_SOCIETY_OR_OTHER,2023-10-18,LULA,EXACT,LUCIANO VALENTIM RECHIUTI,2,14706,"As pesquisas de Santos Dumont contribuíram para o avanço na pesquisa aeroespacial no Brasil: ""E o que estamos desenvolvendo agora? O projeto do veículo lançador de microssatélites que substituiu o veículo lançador de satélites. Teremos pela primeira vez no País a capacidade, não só de produzir satélite, mas também, com um veículo lançador brasileiro, fazer o lançamento desse satélite e colocá-lo em órbita. É um projeto em conjunto com a Alemanha."""
150,2,claudio gomide,Claudio Gomide,Coordenador do Museu Santos Dumont,,,CIVIL_SOCIETY_OR_OTHER,2023-10-18,LULA,EXACT,CLÁUDIO GOMIDE,6,5228,"""A gente precisa divulgar mais Santos Dumont, a gente precisa que Santos Dumont seja muito mais reconhecido no Brasil. É muito triste que eu receba escolas no museu e que as escolas não sabem absolutamente nada"". ""É hora de trabalhar isso, a educação museal, não só para visitar museus, como se comportar ao visitar o museu, mas sobretudo naqueles ícones históricos que a gente tem."""
150,3,henrique lins de barros,Henrique Lins de Barros,Especialista na vida e obra de Santos Dumont,,,CIVIL_SOCIETY_OR_OTHER,2023-10-18,LULA,EXACT,HENRIQUE LINS DE BARROS,1,5809,"Santos Dumont enxergou no motor a explosão a petróleo o futuro da aviação, construiu um novo motor, patenteou e disponibilizou o uso de suas descobertas: ""É o início da era da navegação aérea. Vasco da Gama, início da era da navegação marítima. Então Santos Dumont mostra que é possível você voar no ar controladamente com tempo definido. E ele passa a ser o inaugurador do século 20, o século do voo."""
150,4,luisa canziani,Luisa Canziani,Deputada (PSD-PR),PSD,PR,DEPUTY,2023-10-18,LULA,EXACT,Luisa Canziani,11,9557,"As pesquisas feitas por Santos Dumont na área de medição da pressão atmosférica impulsionaram avanços na meteorologia e em outras disciplinas científicas. | Santos Dumont contribuiu em diversas outras áreas da ciência, e até no turismo: ""Especialmente para que todos nós tivéssemos as nossas Cataratas do Iguaçu como um legado para humanidade. Santos Dumont foi visitar a fazenda à época e, quando viu as Cataratas do Iguaçu, ele se assustou e proferiu a seguinte frase, de acordo com aqueles que estudam a vida de Santos Dumont: ‘essas maravilhas não podem pertencer a um particular’. E depois disso, Santos Dumont foi até o governador à época, Afonso Camata, do Paraná, e fez toda interlocução para que nós tivéssemos a desapropriação da área para que as cataratas do Iguaçu pudessem se tornar um patrimônio de todos os brasileiros."""
150,5,ricardo jacob magalhaes,Ricardo Jacob Magalhães,Vice-presidente do Instituto Cultural Santos Dumont,,,CIVIL_SOCIETY_OR_OTHER,2023-10-18,LULA,FIRST_LAST,RICARDO MAGALHÃES,1,2752,"Divulgou a exposição “Santos Dumont: entre Máquinas e Sonhos”, em cartaz no Museu Catavento Cultural, em São Paulo, que vem recebendo de 3 mil a 12 mil pessoas por dia."
151,0,luiz couto,Luiz Couto,Deputado (PT-PB),PT,PB,DEPUTY,2023-10-17,LULA,EXACT,Luiz Couto,27,8930,É preciso encontrar mecanismos capazes de ampliar a oferta educacional dentro do sistema penitenciário.
151,1,joao moura,João Moura,Representante do Ministério dos Direitos Humanos,,,FEDERAL_EXECUTIVE,2023-10-17,LULA,EXACT,JOÃO MOURA,1,5556,"A educação é fundamental para que as pessoas possam acessar seus direitos: ""Não basta que haja o reconhecimento legal desses direitos. É necessário que nos eduquemos para eles, para que possamos aprender a exigi-los e compreendê-los não apenas como nosso, mas como também do outro. E é nesse sentido que a educação se apresenta como elemento fundamental."""
151,2,irma petra silvia,Irmã Petra Silvia,Coordenadora nacional da Pastoral Carcerária,,,CIVIL_SOCIETY_OR_OTHER,2023-10-17,LULA,NONE,,0,0,"A educação é uma das formas de desencarceramento e de diminuição da reincidência no mundo do crime: ""Quando nós entramos no cárcere, muitos querem estudar, muitos querem uma nova chance ao sair. A educação, a escola, a remissão por leitura é uma forma de desencarcerar."""
151,3,erika kokay,Erika Kokay,Deputada (PT-DF),PT,DF,DEPUTY,2023-10-17,LULA,EXACT,ERIKA KOKAY,1,8954,"Critica a situação atual em que, ao invés de ampliar o acesso à educação, os governos estão se empenhando em colocar grades nas salas de aula: ""É importante o estabelecimento de metas para ampliar o acesso à educação, que ainda é muito pequeno. E também o acesso ao trabalho, porque também é possível incorporar o ensino profissionalizante. Por que os institutos federais não podem estar dentro dos presídios?"""
151,4,cintia rangel,Cíntia Rangel,Representante do Ministério da Justiça,,,FEDERAL_EXECUTIVE,2023-10-17,LULA,TOKEN_SUBSET,CÍNTIA RANGEL ASSUMPÇÃO,8,11295,"A pasta vem investindo em formação profissional e equipamentos que possam proporcionar diferentes formas educacionais capazes de atingir um número maior de detentos: ""Uma grande compra, uma aquisição de equipamentos não para substituir a educação formal, mas que nós possamos diversificar e ampliar as alternativas de educação dentro do sistema prisional."""
151,5,mariangela graciano,Mariângela Graciano,Representante do Ministério da Educação,,,FEDERAL_EXECUTIVE,2023-10-17,LULA,EXACT,MARIÂNGELA GRACIANO,2,9775,"Defende a flexibilização do currículo oferecido aos presos incluindo a formação profissional, capacitando essas pessoas para a saída do sistema prisional."
152,0,carlos roberto alves de queiroz,Carlos Roberto Alves de Queiroz,Diretor da Superintendência de Seguros Privados (Susep),,,CIVIL_SOCIETY_OR_OTHER,2023-10-17,LULA,EXACT,CARLOS ROBERTO ALVES DE QUEIROZ,2,11545,"Em 2020, o governo suspendeu a cobrança do DPVAT, que era gerido por um consórcio de seguradoras. No mesmo ano, as empresas de seguro decidiram dissolver o consórcio. | Foi criado um fundo para os recursos do seguro, então em R$ 4 bilhões. A partir de 2021, a Caixa Econômica Federal assumiu a gestão do fundo e o pagamento das indenizações."
152,1,marcio jerry,Márcio Jerry,Deputado (PCdoB-MA),PCDOB,MA,DEPUTY,2023-10-17,LULA,EXACT,Márcio Jerry,16,10110,"Vai criar uma subcomissão para acompanhar o assunto e negociar uma solução junto ao governo federal: ""Vamos propor a criação de uma subcomissão específica para esse tema, porque aí a gente consegue criar um coletivo, com a presença dos parlamentares, com um espaço permanente também de consulta pública para, no curto prazo, nessas próximas semanas, fazer avançar esse debate, já que ele requer, de fato, muita urgência."""
152,2,patricia menezes,Patrícia Menezes,Diretora jurídica do Centro de Defesa das Vítimas do Trânsito,,,CIVIL_SOCIETY_OR_OTHER,2023-10-17,LULA,EXACT,PATRICIA MENEZES,1,5799,"O Ministério da Fazenda criou um grupo de trabalho para elaborar o novo modelo de funcionamento do DPVAT. | O órgão convidou as entidades para fazerem sugestões, mas até hoje não debateu o assunto ou apresentou uma proposta. | ""Cadê o fundo? O valor? Nós não sabemos quanto tem, onde tem. Nós precisamos saber, nós precisamos de transparência para que possamos ter a real noção, e para que seja feita, de maneira urgente, a manutenção do seguro obrigatório DPVAT."""
152,3,enio alberto siloti,Ênio Alberto Siloti,Representante da Associação Nacional dos Procuradores de Seguro,,,CIVIL_SOCIETY_OR_OTHER,2023-10-17,LULA,EXACT,ENIO ALBERTO SILOTI,6,13729,"O valor pago a vítimas de acidentes de trânsito está congelado há 17 anos. | Se tivesse sido corrigido para corresponder aos 40 salários mínimos que valia em 2007, o pagamento em caso de morte ou invalidez seria de R$ 52,8 mil. Para despesas médicas, seria de R$ 10.560,00."
152,4,carlos ademir veras pinheiro,Carlos Ademir Veras Pinheiro,Vice-presidente da Associação Brasileira de Atendimento às Vítimas de Trânsito,,,CIVIL_SOCIETY_OR_OTHER,2023-10-17,LULA,EXACT,CARLOS ADEMIR VERAS PINHEIRO,3,5046,65% das vítimas de trânsito no Brasil ganham entre zero e 1 salário mínimo. | O seguro é fundamental para que possam se reestabelecer.
153,0,paulo pimenta,Paulo Pimenta,Ministro da Secretaria de Comunicação Social da Presidência da República,,,FEDERAL_EXECUTIVE,2023-10-17,LULA,TOKEN_SUBSET,MINISTRO PAULO PIMENTA,3,27420,"Anunciou que a linha de crédito do BNDES criada para socorrer cidades do Rio Grande do Sul afetadas pelas enchentes vai ser estendida para grandes empresas: ""Queremos criar um programa específico para empresas que têm faturamento de até R$ 300 milhões, uma linha específica do BNDES que está sendo regulamentada, num modelo parecido com esse que nós construímos para a restruturação das cooperativas. Então, nós vamos atender também aquelas empresas maiores""."
153,1,waldez goes,Waldez Góes,Ministro da Integração e do Desenvolvimento Regional,,,FEDERAL_EXECUTIVE,2023-10-17,LULA,TOKEN_SUBSET,MINISTRO WALDEZ GÓES,21,58739,"Avaliou que o esforço conjunto dos governos federal, estadual e de prefeituras foi crucial para mitigar os efeitos da calamidade: ""Há uma sinergia muito forte entre o governo federal com a defesa civil estadual e as defesas civis municipais. O que tiver que ser feito para passar os recursos ao governo do estado nós vamos passar, o que for decidido passar para prefeitura, vamos passar para as prefeituras"". | Reforçou que o governo federal deve injetar mais de R$ 1 bilhão de recursos no estado, entre créditos extraordinários para recuperação habitacional e adiantamento de dinheiro do FGTS. | Reconheceu os entraves da burocracia, mas reforçou o compromisso do governo federal em executar as etapas de restruturação e prevenção de tragédias naturais: ""Tem uma burocracia, infelizmente, mas ela tem que ser vencida por nós, não pode vencer a gente"". | Citou pacto federal para monitoramento e retomada de construção de barragens que deve ser firmado por todos os estados até o final do mês."
153,2,marcel van hattem,Marcel van Hattem,Deputado (Novo-RS),NOVO,RS,DEPUTY,2023-10-17,LULA,EXACT,MARCEL VAN HATTEM,73,41658,"Informou que os parlamentares vão se reunir para solucionar questões técnicas para viabilizar o envio do recurso: ""A dificuldade é encontrar uma forma de colocar os R$ 100 milhões que a bancada está disposta dos mais de R$ 300 milhões que tem disponível para uma única rubrica, porque obviamente há outras que precisam ser abertas na saúde, na segurança e para projetos de estrutura""."
153,3,leandro evaldt,Leandro Evaldt,Diretor-geral da Secretaria de Desenvolvimento Econômico do Rio Grande do Sul,,,SUBNATIONAL_OR_OTHER_STATE,2023-10-17,LULA,EXACT,LEANDRO EVALDT,1,1707,"Pediu urgência para atender às 14 grandes empresas afetadas do Vale do Taquari: ""A gente precisa que as empresas atingidas tenham não privilégio, mas sim a prioridade de serem as primeiras atendidas"". | Acrescentou que as operadoras de crédito regionais deveriam ser autorizadas a operar esses recursos, o que daria mais rapidez aos repasses."
153,4,zucco,Zucco,Deputado (Republicanos-RS),REPUBLICANOS,RS,DEPUTY,2023-10-17,LULA,EXACT,ZUCCO,1,3239,"Cobrou agilidade do auxílio federal: ""O que será feito porque estamos sabendo dos problemas. As prefeituras estão desesperadas, temos promessas feitas, mas as pessoas precisam de planejamento""."
154,0,leda borges,Lêda Borges,Deputada (PSDB-GO),PSDB,GO,DEPUTY,2023-10-06,LULA,EXACT,Lêda Borges,30,23712,"Disse: 'É necessário debater a promoção da saúde da mulher para esse ciclo da vida, buscando criar políticas públicas efetivas que melhorem a qualidade de vida dessas mulheres.'"
154,1,debora siqueira beltrammi,Débora Siqueira Beltrammi,Representante do Ministério da Saúde,,,FEDERAL_EXECUTIVE,2023-10-06,LULA,FIRST_LAST,DEBORA SIQUEIRA RAMOS BELTRAMMI,1,9134,"Afirmou que o Ministério da Saúde está desenvolvendo um eixo de atuação, inclusive com o estudo de novos medicamentos para os casos em que a reposição hormonal é contraindicada. Disse: 'O Ministério da Saúde trabalha em parceria com algumas instituições na condução de pesquisas clínicas para a avaliação de segurança e eficácia de hormônios.' | Informou que a pasta está trabalhando em especial com a fitoterapia e que atualmente oferece isoflavona, mas está considerando a inclusão de novos fitoterápicos. Disse: 'O que nós temos de oferta é a isoflavona, mas podemos trabalhar pensando em inclusão de novos fitoterápicos.'"
154,2,ana priscila soggia,Ana Priscila Soggia,Endocrinologista especializada em climatério,,,CIVIL_SOCIETY_OR_OTHER,2023-10-06,LULA,EXACT,ANA PRISCILA SOGGIA,3,10639,"Destacou que 80% das mulheres têm os sintomas do climatério, mas apenas 15% delas fazem tratamento. | Lembrou que a falta de hormônios dobra os riscos de infarto e acidente vascular cerebral (AVC). Disse: 'As mulheres que fazem reposição hormonal têm uma redução de risco de AVC e de mortalidade em geral, de câncer de intestino, de fraturas ósseas, chegando a uma diminuição de 26% de redução de risco de diabetes.'"
154,3,adriana ferreira,Adriana Ferreira,Fundadora da Associação Menopausa Feliz,,,CIVIL_SOCIETY_OR_OTHER,2023-10-06,LULA,EXACT,ADRIANA FERREIRA,6,28070,"Afirmou que as iniciativas para as mulheres nessa fase da vida não saíram do papel, levando a muitos diagnósticos e tratamentos inadequados pela falta de informação também por parte dos médicos. Disse: 'Em 2008, o Ministério da Saúde criou o Manual da Atenção à Saúde do Climatério, uma série de diretrizes que foram criadas por mulheres, movimentos sociais que participaram dessa construção muito bem desenhada à época. Infelizmente, hoje ele já está ultrapassado, porque a ciência está evoluindo muito rápido.' | Destacou que atualmente 18 estados discutem políticas públicas de atenção às mulheres no climatério e na menopausa. | Sugeriu a criação de um dia nacional de conscientização sobre a menopausa para informar e acabar com o tabu que envolve essa fase da vida."
155,0,aliel machado,Aliel Machado,"Presidente da Comissão de Defesa dos Direitos da Pessoa Idosa, deputado (PV-PR)",PV,PR,DEPUTY,2023-10-05,LULA,EXACT,Aliel Machado,14,20951,"Lamentou que o Estatuto do Idoso ainda seja pouco conhecido e tenha determinações legais desobedecidas. | Lembrou que o Estatudo do Idoso foi criado em um momento de transição demográfica e enumerou algumas conquistas que vão além das vagas e filas preferenciais, prioridade no julgamento dos processos judiciais e rapidez na restituição do Imposto de Renda: ""Ele busca garantir a dignidade dos idosos em áreas como saúde, educação, cultura, lazer, trabalho, previdência social e habitação. Por exemplo: o estatuto dá o direito a acompanhante em tempo integral nas internações hospitalares. Também prevê proteção aos aumentos abusivos nos planos de saúde, vantagens nos concursos públicos em caso de empate com mais jovens e quota de 3% nas casas ou apartamentos à venda em programas habitacionais financiados com verba pública."""
155,1,alexandre kalache,Alexandre Kalache,Médico e presidente do Centro Internacional de Longevidade Brasil (ILC-BR),,,CIVIL_SOCIETY_OR_OTHER,2023-10-05,LULA,EXACT,ALEXANDRE KALACHE,1,9330,"Acrescentou que poucos países têm um arcabouço político e legal que reúne, além do Estatuto do Idoso, a Constituição – que criou o Sistema Único de Saúde – e a lei que instituiu o programa de renda mínima (Lei 10.291/01): ""Esse arcabouço legal oferece segurança para que as pessoas idosas de hoje e do futuro não se sintam desprotegidas, desamparadas. Nós temos que falar sempre de um curso de vida, porque eu já envelheci, mas o jovem de hoje, como dizia Cícero há mais de 2 mil anos, almeja envelhecer, e eu espero que possa envelhecer com mais dignidade do que seus pais, que dirá seus avós."""
155,2,antonio costa,Antonio Costa,Ex-secretário Nacional da Pessoa Idosa,,,CIVIL_SOCIETY_OR_OTHER,2023-10-05,LULA,FIRST_LAST,ANTÔNIO FERNANDES TONINHO COSTA,1,10670,Salientou a importância de fortalecer os conselhos municipais e estaduais dedicados aos mais velhos.
155,3,alexandre da silva,Alexandre da Silva,Atual titular da Secretaria Nacional da Pessoa Idosa,,,CIVIL_SOCIETY_OR_OTHER,2023-10-05,LULA,EXACT,ALEXANDRE DA SILVA,2,20250,"Apontou a relevância do trabalho e da aposentadoria como papel social e citou a discriminação quanto à idade, chamada de idadismo, etarismo ou ageísmo, como uma barreira: ""Os espaços onde as pessoas idosas possam ocupar, a forma como elas podem desenvolver a sua cidadania é, sim, muito marcada por essa discriminação que as afeta constantemente. E isso vai gerando inseguranças e um cenário muito ruim. A gente vê, infelizmente, algumas flexibilizações das leis trabalhistas que as deixam mais inseguras de poder ter uma aposentadoria, ter uma pensão."""
156,0,gelson rech,Gelson Rech,Reitor da Universidade de Caxias do Sul,,,CIVIL_SOCIETY_OR_OTHER,2023-10-05,LULA,FIRST_LAST,GELSON LEONARDO RECH,1,2027,"Existem cerca de 70 instituições no País que enfrentam problemas diários de custeio, fechamento de cursos, demissão de professores e concorrência com cursos de educação à distância (EAD): ""Os dados mostram que temos qualidade, mas também mostram que estamos morrendo devagarinho."""
156,1,claudio jacoski,Cláudio Jacoski,Presidente da Associação Brasileira das Universidades Comunitárias (Abruc),,,CIVIL_SOCIETY_OR_OTHER,2023-10-05,LULA,FIRST_LAST,CLÁUDIO ALCIDES JACOSKI,1,7752,"Aponta a necessidade de ajuste legislativo, como um novo modelo de financiamento destas instituições, com recursos públicos: ""Eu diria que hoje nós estamos totalmente amarrados na questão legal, apertados pelo orçamento e disputando um mercado desleal em que o objetivo é o corte de custos."" | Argumenta que a própria lei atual já sinaliza caminhos ao permitir que as universidades comunitárias recebam recursos públicos e mantenham parceria com órgãos públicos na oferta de serviços."
156,2,pedro uczai,Pedro Uczai,Deputado (PT-SC) e coordenador da frente parlamentar em defesa do setor,PT,SC,DEPUTY,2023-10-05,LULA,EXACT,Pedro Uczai,15,19778,"Defendeu a criação de um grupo de trabalho nos Ministérios da Educação; e da Ciência, Tecnologia e Inovação em busca de ações concretas. | Concorda com ajustes na lei que regulamentou as universidades comunitárias. | ""Elas querem a oportunidade de serem ainda melhores. Elas não querem precarizar. Olha a dor de todo mundo [reitores] aqui ao ter que demitir doutores ou fechar programas. Nós queremos potencializar as universidades comunitárias com mediação do Congresso e novo marco legal."""
156,3,giovanna gamba,Giovanna Gamba,Coordenadora da Secretaria de Regulação e Supervisão da Educação Superior do Ministério da Educação,,,FEDERAL_EXECUTIVE,2023-10-05,LULA,FIRST_LAST,GIOVANNA MAÍSA GAMBA,2,5501,Informou a intenção de valorizar o papel das universidades comunitárias dentro do “ecossistema educacional” composto por instituições públicas e privadas com fins lucrativos.
156,4,laerte ferreira junior,Laerte Ferreira Junior,Diretor do programa de bolsas da Capes,,,CIVIL_SOCIETY_OR_OTHER,2023-10-05,LULA,FIRST_LAST,LAERTE GUIMARÃES FERREIRA JUNIOR,1,13197,"Reconheceu a relevância destas universidades na formação acadêmica de mestres e doutores: ""Eu comparo uma instituição comunitária de educação superior a uma Santa Casa. Se uma Santa Casa fechar, a saúde e o SUS ficam totalmente comprometidos. Estamos falando de instituições comprometidas com o País."""
157,0,daniela cerqueira,Daniela Cerqueira,Representante do Ministério da Saúde,,,FEDERAL_EXECUTIVE,2023-10-04,LULA,FIRST_LAST,DANIELA MARRECO CERQUEIRA,3,19242,"Cinco produtos estão registrados no País, com preços entre R$ 1,7 milhão e R$ 7,6 milhões, em tratamentos de doenças como o mieloma múltiplo. Os preços são provisórios devido aos dados de segurança e eficácia ainda limitados: ""As empresas fizeram um compromisso com a Anvisa de que vão apresentar dados adicionais de segurança e de eficácia dessas terapias ao longo dos próximos anos."""
157,1,antoine daher,Antoine Daher,Representante da Federação Brasileira de Associações de Doenças Raras,,,CIVIL_SOCIETY_OR_OTHER,2023-10-04,LULA,EXACT,ANTOINE DAHER,3,9875,"Habitualmente, esses remédios são administrados em dose única. Mas não há garantia de que, daqui a algum tempo, não sejam necessárias várias aplicações dos medicamentos. | As discussões sobre os preços dos medicamentos para as terapias gênicas devem englobar todos os segmentos interessados. | Se aplicada nos primeiros meses de vida, essa medicação pode significar cura e uma vida normal: ""Ao contrário das terapias biológicas, que são para o resto da vida, muitas vezes o paciente depende semanalmente de infusões, depende de ter tratamento por equipes e isso gera custo altíssimo e impacto muito grande social na família toda."""
157,2,bruno abreu,Bruno Abreu,Diretor do Sindicato da Indústria de Produtos Farmacêuticos,,,CIVIL_SOCIETY_OR_OTHER,2023-10-04,LULA,FIRST_LAST,BRUNO CESAR ALMEIDA DE ABREU,3,13371,"Uma solução em torno dos preços deve ter, como um dos objetivos, evitar que a população tenha que entrar na Justiça para ter acesso aos medicamentos. | Enumerou as dificuldades de produção, entre elas, a dependência do exterior."
157,3,paulao,Paulão,Deputado (PT-AL),PT,AL,DEPUTY,2023-10-04,LULA,EXACT,Paulão,7,10407,"O tema é complexo e a indústria de medicamentos é uma das mais poderosas do mundo. | ""É importante a gente socializar esse debate, principalmente com o setor farmacêutico, porque a gente sabe dos altos custos desses medicamentos."""
157,4,valtenir pereira,Valtenir Pereira,Ex-deputado e autor do projeto de lei,,,CIVIL_SOCIETY_OR_OTHER,2023-10-04,LULA,EXACT,VALTENIR PEREIRA,4,12950,"Uma precificação justa deve separar as regras sobre medicamentos para doenças prevalentes, as mais comuns na população, daquelas sobre produtos para doenças raras."
158,0,mary allegretti,Mary Allegretti,Representante do Instituto de Estudos Amazônicos,,,CIVIL_SOCIETY_OR_OTHER,2023-10-04,LULA,FIRST_LAST,MARY HELENA ALLEGRETTI,4,13594,"As reservas extrativistas têm muito a oferecer no mercado de carbono: ""Nós temos 2 bilhões de toneladas de carbono, é um capital natural que pode se transformar em um capital econômico muito relevante"". ""As dezenas de extrativistas têm um grande interesse e um grande potencial na regulamentação do mercado de carbono porque eles podem ser protagonistas de um modelo de desenvolvimento coerente com as demandas que a gente vive hoje no planeta."" | Há riscos que precisam ser enfrentados, como contratos feitos em inglês, que dificultam a compreensão para as comunidades, que ficam propensas a caírem em armadilhas. | O texto do projeto de lei no Senado é um avanço, mas ainda precisa incluir a previsão clara de aprovação dos projetos de crédito pelas comunidades e uma repartição de benefícios. A proposta exige que as comunidades tenham plano de manejo para participarem, mas poucas têm."
158,1,julio barbosa,Júlio Barbosa,Presidente do Conselho Nacional das Populações Extrativistas,,,CIVIL_SOCIETY_OR_OTHER,2023-10-04,LULA,TOKEN_SUBSET,JÚLIO BARBOSA DE AQUINO,1,7063,"É necessário definir diretrizes inegociáveis para qualquer projeto de carbono em comunidades tradicionais. Uma das diretrizes seria respeitar a Convenção Internacional Sobre Povos Indígenas e Tribais. | Mencionou denúncias de que empresas usaram terras públicas para vender irregularmente crédito de carbono a oito companhias. As comunidades de reservas extrativistas deveriam ter sido consultadas sobre esses projetos e preparadas para negociar. | ""Acontece uma situação em que as empresas chegam nas comunidades com uma oferta imediata de dinheiro, isso aconteceu e está acontecendo até agora. E nessas ofertas a gente percebe que a nossa população tem uma dificuldade muito grande de entender os trâmites para elaborar um projeto de geração de crédito de carbono em uma unidade de conservação."""
158,2,kleber karipuna,Kleber Karipuna,Coordenador-executivo da Articulação dos Povos Indígenas do Brasil,,,CIVIL_SOCIETY_OR_OTHER,2023-10-04,LULA,EXACT,KLEBER KARIPUNA,1,9428,Defendeu mais proteção às comunidades. | Alertou para a necessidade de a proposta de regulamentação do mercado de carbono considerar a autodeterminação e a autonomia dos povos indígenas.
158,3,airton faleiro,Airton Faleiro,Deputado (PT-PA),PT,PA,DEPUTY,2023-10-04,LULA,EXACT,Airton Faleiro,15,11677,"Sem regulamentação, o ""elo mais fraco da corrente"" é quem sai perdendo: ""A ausência de regulamentação é gritante. Regulamentação nacional, regulamentação nos estados, em que pese algumas iniciativas já de alguns estados. E, na minha opinião, tudo que não tem regulamentação é frágil, sempre os mais fracos perdem."""
159,0,veronica savatin,Verônica Savatin,Diretora do Conselho de Secretários Municipais de Saúde (Conasems),,,CIVIL_SOCIETY_OR_OTHER,2023-10-03,LULA,TOKEN_SUBSET,VERÔNICA SAVATIN WOTTRICH,2,5721,"Muitos exames são de fácil acesso na rede privada, mas não na rede pública: ""Qual é a garantia de que aqueles pacientes dependentes do Sistema Único de Saúde terão acesso a esses procedimentos e exames?"""
159,1,weliton prado,Weliton Prado,"Deputado, presidente da Comissão Especial de Combate ao Câncer no Brasil",,,DEPUTY,2023-10-03,LULA,EXACT,Weliton Prado,28,27008,"É necessário ter uma fonte de financiamento. A comissão está trabalhando em uma alternativa para criar um Fundo Nacional de Enfrentamento ao Câncer: ""Nós não vamos tirar recursos de outros lugares, nós estamos propondo recursos que estão parados e podem salvar vidas."""
159,2,cintia cerqueira,Cíntia Cerqueira,"Representante do Grupo Escolhemos Viver, paciente oncológica desde 2018",,,CIVIL_SOCIETY_OR_OTHER,2023-10-03,LULA,EXACT,CÍNTIA CERQUEIRA,2,13308,"A falta de medicamentos é prejudicial aos pacientes acometidos pelo câncer: ""O nosso outubro, infelizmente, não é rosa. O nosso outubro é cinza e sombrio, por falta de medicamentos, por falta de exames e por falta de médicos que tenham compaixão."""
159,3,silvia cristina,Silvia Cristina,Deputada (PL-RO),PL,RO,DEPUTY,2023-10-03,LULA,EXACT,SILVIA CRISTINA,2,3516,"O poder público ainda precisa fazer muito para contribuir com os pacientes oncológicos: ""Não adianta só falar sobre melhorias se não houver ação. Um pronunciamento que não consegue atingir o seu José e a dona Maria com políticas públicas não serve."""
160,0,anna paula feminella,Anna Paula Feminella,Secretária Nacional dos Direitos da Pessoa com Deficiência,,,FEDERAL_EXECUTIVE,2023-10-02,LULA,EXACT,ANNA PAULA FEMINELLA,2,17910,"O número de crianças com deficiência que frequentam a educação infantil regular duplicou, de 2006 para 2022, conforme levantamento da Pesquisa Nacional por Amostras de Domicílios Contínua (Pnad). | Reconhece as fragilidades do atual sistema de ensino, como a falta de professores capacitados a atender alunos com demandas específicas: ""Embora tenhamos um grande número de alunos com deficiência na educação básica, nós não temos todas as escolas ainda com salas de recursos, com profissionais fazendo o atendimento educacional especializado"". ""Isso ainda não foi regulamentado como um todo porque temos contextos de municípios muito diferentes."" | Defende a cultura política emancipatória a partir da educação escolar como forma de combater o capacitismo: ""Quanto mais segregados estivermos, mais distantes [estaremos] da política pública, do espaço público. Quanto mais restritos aos espaços internos e aos espaços privados, é pior para nós: há mais exposição à violência e à violação de direitos."""
160,1,luciana viegas,Luciana Viegas,Representante da Coalizão Brasileira pela Educação Inclusiva,,,CIVIL_SOCIETY_OR_OTHER,2023-10-02,LULA,EXACT,LUCIANA VIEGAS,4,13710,"Acredita que o atual modelo de educação pública está falido e precisa ser repensado. | ""Dentro das periferias não falta só um professor de apoio na sala de aula, faltam acesso ao BPC [Benefício de Prestação Continuada], acesso à saúde e à seguridade. É muito difícil você falar de um processo educacional emancipatório quando há falta de comida na mesa."" | É necessário buscar fontes de financiamento."
160,2,decio nascimento guimaraes,Décio Nascimento Guimarães,Representante do Ministério da Educação e chefe do setor de educação inclusiva,,,FEDERAL_EXECUTIVE,2023-10-02,LULA,EXACT,DÉCIO NASCIMENTO GUIMARÃES,2,5759,"Reconhece que é preciso reformar o sistema educacional para abarcar as diferentes realidades dos estudantes: ""É preciso assegurar a participação e o protagonismo daqueles que estão em municípios mais distantes. Precisamos ampliar a nossa concepção de escola, porque pensamos em escolas urbanas, mas precisamos considerar que temos escolas nas águas, nas florestas e no campo."""
160,3,glauber braga,Glauber Braga,Deputado (Psol-RJ),PSOL,RJ,DEPUTY,2023-10-02,LULA,EXACT,Glauber Braga,33,18959,"Vai pedir à representação de seu partido na Comissão Mista de Orçamento (CMO) uma reunião para tratar da previsão de recursos sobre o tema na Lei de Diretrizes Orçamentárias (LDO) de 2024. | Reforçou a importância do ativismo pelos direitos da pessoa com deficiência: ""Uma sensibilização pessoal só vem quando a luta é reforçada coletivamente. E foi exatamente esse reforço coletivo da luta de vocês que propiciou que eu fosse despertado para essa realidade."""
161,0,jurema monteiro,Jurema Monteiro,Representante da Associação Brasileira das Empresas Aéreas,,,CIVIL_SOCIETY_OR_OTHER,2023-09-29,LULA,EXACT,JUREMA MONTEIRO,5,21194,"Combustíveis e dólar explicam o aumento dos preços das passagens aéreas no Brasil: ""Enquanto o combustível aqui pesa 40%, no mercado americano esse peso é de 20%. O mesmo ocorre com mercados da região, como Chile e Colômbia."" | O impacto do preço do combustível no valor das passagens era de 30% há três anos. | Defende uma nova política de preços para combustíveis, o que poderia diminuir em até 17% o preço das passagens. | Não considera os preços excessivos: ""Apenas 5% dos bilhetes têm tarifas superiores a R$ 1.500. A maioria dos passageiros que se organiza consegue com planejamento e compras antecipadas encontrar tarifas competitivas abaixo de R$ 500, na maior parte das vezes."""
161,1,eduardo catanant,Eduardo Catanant,Diretor da Agência Nacional de Aviação Civil (Anac),,,CIVIL_SOCIETY_OR_OTHER,2023-09-29,LULA,NONE,,0,0,"Explica por que uma pessoa paga, por exemplo, R$ 200 em uma passagem e outra paga R$ 1.200 para viajar no mesmo voo, com as mesmas condições, no mesmo horário: ""A questão é a antecedência na compra. Aquela pessoa que pagou mais barato conseguiu se programar, comprou a passagem com muita antecedência. E essas tarifas tendem a subir porque são aqueles últimos lugares do voo e correspondem muitas vezes ao lucro que a empresa tem."" | A solução passa pela entrada de novas companhias no mercado: ""A gente sabe que numa indústria concorrencial, em que a entrada de novos players é livre, os ganhos de eficiência são traduzidos em melhores preços."""
161,2,neto carletto,Neto Carletto,Deputado (PP-BA),PP,BA,DEPUTY,2023-09-29,LULA,EXACT,Neto Carletto,19,19861,"Cobra mais benefícios para o consumidor em resposta aos incentivos que as empresas têm recebido: ""É importante que haja um compromisso das empresas para com os consumidores porque esta Casa vem fazendo sinalizações com o setor aéreo, isenções, como do ICMS, e autorização para cobrança da bagagem, e não tem sido feito nenhum gesto de lá pra cá das empresas para com os consumidores."""
162,0,cirlene zimmermann,Cirlene Zimmermann,Procuradora do Ministério Público do Trabalho,,,CIVIL_SOCIETY_OR_OTHER,2023-09-28,LULA,FIRST_LAST,CIRLENE LUIZA ZIMMERMANN,3,11838,"O risco psicossocial pode estar presente em qualquer órgão ou empresa e necessita ser combatido: ""Os superiores hierárquicos devem estimular tratamento justo e respeitoso nas relações no ambiente de trabalho."" | As normas trabalhistas precisam funcionar como um conjunto de regras que orientam empregadores a tornarem seus espaços de trabalho mais seguros e saudáveis, independentemente do tamanho ou faturamento da corporação. | Reafirmou a importância de se falar sobre os riscos psicossociais ainda em setembro, mês que há uma série ações no País de combate ao suicídio."
162,1,carlos veras,Carlos Veras,Deputado (PT-PE),PT,PE,DEPUTY,2023-09-28,LULA,EXACT,Carlos Veras,9,7591,"A Comissão de Trabalho analisa o Projeto de Lei 3588/20, que obriga o governo federal a editar norma regulamentadora com medidas de prevenção e gestão de riscos no ambiente de trabalho que podem afetar a saúde mental dos trabalhadores. | Além de impactar a saúde mental dos funcionários, os riscos psicossociais prejudicam as relações interpessoais e a produtividade. | ""Os governos precisam cuidar do seu maior patrimônio que é a sua população, o seu povo, a classe trabalhadora."""
162,2,anne caroline da silva,Anne Caroline da Silva,Representante da Coordenação-geral de Vigilância em Saúde do Trabalhador do Ministério da Saúde,,,CIVIL_SOCIETY_OR_OTHER,2023-09-28,LULA,FIRST_LAST,ANNE CAROLINE LUZ GRUDTNER DA SILVA,1,3910,"O ambiente de trabalho deveria ser um local de proteção para a saúde mental, mas, muitas vezes, acaba tornando-se um fator de risco. | ""A gente não tem autonomia. São diferentes formas de assédio, de violência no ambiente de trabalho, de exigências de resultados. Tudo isso isso afeta nossa saúde mental."" | Os gestores devem atuar também como promotores de saúde nos locais de trabalho: ""Para isso, precisamos conhecer os fatores de risco de cada processo e agir na prevenção."""
163,0,amarilis costa,Amarílis Costa,Professora de Direito e pesquisadora,,,CIVIL_SOCIETY_OR_OTHER,2023-09-22,LULA,EXACT,AMARÍLIS COSTA,2,9226,"Ficou evidente a diferença abissal na educação entre meninas brancas e negras. | Sugeriu que a lei municipal da Escola Sem Racismo seja transformada em norma federal. | O combate ao racismo deve começar já na creche: ""Muitas vezes é a creche que ajuda as mulheres negras a acessarem o mercado de trabalho, e, sobretudo, é na creche, muitas vezes, que as crianças negras vão ter acesso à alimentação e aos estímulos pedagógicos necessários."""
163,1,suelaine carneiro,Suelaine Carneiro,Diretora de Educação e Pesquisa do Geledés,,,CIVIL_SOCIETY_OR_OTHER,2023-09-22,LULA,EXACT,SUELAINE CARNEIRO,2,9443,"Apresentou pesquisa mostrando que as meninas negras foram as mais prejudicadas na vida escolar na pandemia de Covid-19: ""A grande maioria delas não tinha acesso às plataformas digitais, que foi a opção tanto de governo municipal quanto estadual frente à inoperância do governo federal."" | O contexto político na pandemia complicou a condição de estudantes em geral, ""mas ainda mais de estudantes negros."""
163,2,magali dantas,Magali Dantas,Coordenadora-geral de capacitação de altos-executivos da Escola Nacional de Administração Pública,,,CIVIL_SOCIETY_OR_OTHER,2023-09-22,LULA,EXACT,MAGALI DANTAS,2,10016,"Disse que, apesar do crescimento da presença de mulheres negras no serviço público, a representação continua abaixo do normal. | Lembrou que em março deste ano um decreto do governo determinou que 30% de cargos de poder e decisão sejam ocupados por negros, com igualdade entre os sexos, até 2025."
163,3,natalia neris,Natália Neris,Coordenadora-geral da Diretoria de Políticas de Ações Afirmativas do Ministério da Igualdade Racial,,,CIVIL_SOCIETY_OR_OTHER,2023-09-22,LULA,EXACT,NATÁLIA NERIS,2,8225,"Apresentou à comissão um programa inédito direcionado exclusivamente a mulheres cientistas negras, indígenas, quilombolas e ciganas. | Afirmou que, do total de bolsas de doutorado sanduíche vigentes no País, 4,9% são destinados a mulheres negras, 31% a mulheres brancas e não há nenhuma indígena beneficiada. | ""No pós-doutorado as negras são 12,6% das bolsistas e as brancas são 37,7%, e também não há registro de indígenas bolsistas."""
163,4,reginete bispo,Reginete Bispo,Deputada (PT-RS),PT,RS,DEPUTY,2023-09-22,LULA,EXACT,Reginete Bispo,19,9957,"""Nós, parlamentares da educação, parlamentares negras, sabemos da importância desse debate e vamos continuar trabalhando para alterar essa realidade."""
164,0,marcelo trindade,Marcelo Trindade,Economista do Banco Nacional de Desenvolvimento Econômico e Social (BNDES),,,CIVIL_SOCIETY_OR_OTHER,2023-09-21,LULA,TOKEN_SUBSET,MARCELO TRINDADE MITERHOF,12,24664,"São necessários investimentos de R$ 31,5 bilhões por ano para alcançar a meta de universalização do sistema de saneamento básico até 2033. A média de investimentos entre 2008 e 2021 foi de pouco mais da metade disso. Por isso, prevê que a meta de universalização seja alcançada até 2040. | Mais da metade dos investimentos em água potável e coleta e tratamento do esgoto entre 2016 e 2020 se concentraram nas três empresas de São Paulo, Minas Gerais e Paraná. Há dificuldade das demais empresas de apresentar projetos e de buscar créditos. | O BNDES está auxiliando as regiões metropolitanas e estados com projetos de concessões, parcerias público-privadas e privatizações, num total de 24, que devem atingir 30% do déficit. Os modelos devem variar conforme a situação: ""O novo marco trouxe essa agenda para a agenda nacional. Muitas empresas que não estavam preocupadas com a universalização passaram a ter que se preocupar. Isso foi uma contribuição inestimável. Agora, é preciso fazer isso com diversidade de modelos. Por um motivo simples, não adianta forçar que vai ser ou o modelo público ou o modelo privado. Isso depende da decisão de cada estado e de suas assembleias legislativas."" | A Sabesp é uma das 'joias da coroa' e não deveria ser privatizada agora, sendo essa a decisão do governo estadual. A Sabesp vai atrair muitos investidores e dificultar a capitalização dos demais sistemas."
164,1,percy soares neto,Percy Soares Neto,Diretor da Associação Nacional das Concessionárias Privadas de Serviços Públicos de Água e Esgoto (Abcon),,,CIVIL_SOCIETY_OR_OTHER,2023-09-21,LULA,EXACT,PERCY SOARES NETO,7,21322,"Se for mantido o ritmo atual de investimentos, a universalização da água potável só virá em 2091 e a do esgoto, em 2060. | Nos últimos três anos, foram realizados 28 leilões na área de saneamento em 17 estados com R$ 98 bilhões em investimentos contratados e outorgas. | Os operadores privados já estariam atendendo 24% da população."
164,2,jamaci avelino,Jamaci Avelino,Coordenador-geral de Orçamento e Finanças do Ministério das Cidades,,,CIVIL_SOCIETY_OR_OTHER,2023-09-21,LULA,TOKEN_SUBSET,JAMACI AVELINO DO NASCIMENTO JUNIOR,21,13166,"Com a edição dos novos decretos que regulamentam o marco regulatório do saneamento básico, o governo acredita que será possível destravar projetos, auxiliando os pequenos municípios. | Os decretos deram prazo para que as prestadoras de serviços atuais comprovem capacidade econômica para cumprir as metas de universalização. | Os decretos tornaram mais difícil que as empresas públicas prestem serviços sem licitação em regiões metropolitanas."
164,3,max lemos,Max Lemos,Deputado (PDT-RJ),PDT,RJ,DEPUTY,2023-09-21,LULA,EXACT,Max Lemos,50,28209,"Pediu mais detalhes sobre os problemas que os municípios vêm enfrentando para se adequarem à legislação: ""Aonde nós temos problema hoje, aonde nós temos contrato que não esteja de acordo com o previsto na legislação. Para que a gente possa entender de que forma a gente ajuda."""
165,0,danilo forte,Danilo Forte,Deputado (União-CE) e relator da LDO de 2024,UNIAO,CE,DEPUTY,2023-09-20,LULA,EXACT,DANILO FORTE,7,19060,"A meta fiscal do governo de zerar o déficit das contas públicas em 2024 é muito ambiciosa devido à queda na arrecadação. | O governo conta com medidas de aumento da arrecadação que precisam ser aprovadas ainda neste ano: ""Nós temos pouco tempo para votar matérias que muitas vezes são impopulares e que a gente percebe claramente que não têm a simpatia do Parlamento brasileiro com relação a aumento de tributos."" | Pretende dar prioridade a ações no Orçamento, como o estímulo ao empreendedorismo feminino. | Pretende adotar um cronograma de desembolsos para emendas parlamentares no Orçamento. | Pretende incluir despesas escolares com uniformes, merenda e transporte no Fundo de Manutenção da Educação Básica."
165,1,gilda cabral,Gilda Cabral,Representante do grupo Elas no Orçamento,,,CIVIL_SOCIETY_OR_OTHER,2023-09-20,LULA,EXACT,GILDA CABRAL,9,14206,"O cronograma de desembolsos é importante: ""A política social, principalmente a voltada para as mulheres, tem que funcionar de janeiro a janeiro. Não é só lá no fim do ano, quando se faz ali uma negociação: dá o voto e eu te dou tanto."""
165,2,raquel melo,Raquel Melo,Ministério do Planejamento,,,CIVIL_SOCIETY_OR_OTHER,2023-09-20,LULA,TOKEN_SUBSET,MARIA RAQUEL MESQUITA MELO,3,15959,"O projeto do Plano Plurianual (PPA) 2024-2027 traz várias metas específicas para mulheres. Como exemplo, citou a meta de levar assistência técnica para 7.500 agricultoras familiares em 2024, com o número subindo até atingir 37.500 mulheres em 2027."
165,3,elaine xavier,Elaine Xavier,Ministério do Planejamento,,,CIVIL_SOCIETY_OR_OTHER,2023-09-20,LULA,FIRST_LAST,ELAINE DE MELO XAVIER,2,16327,O Orçamento de 2024 já foi elaborado de forma a facilitar o acompanhamento da execução de ações específicas para mulheres em diversos ministérios.
165,4,leda borges,Lêda Borges,Deputada (PSDB-GO) e presidente da Comissão de Defesa dos Direitos da Mulher,PSDB,GO,DEPUTY,2023-09-20,LULA,EXACT,Lêda Borges,24,23503,Manifestou preocupação com a pulverização dos recursos. O Ministério das Mulheres deveria concentrar mais ações.
165,5,lia zanotta machado,Lia Zanotta Machado,Consórcio Maria da Penha,,,CIVIL_SOCIETY_OR_OTHER,2023-09-20,LULA,EXACT,LIA ZANOTTA MACHADO,2,9046,"Destacou a queda de recursos para o combate à violência nos últimos anos. | Citou o caso de Brasília, onde houve 25 feminicídios entre janeiro e agosto deste ano."
166,0,caio vianna,Caio Vianna,Deputado (PSD-RJ),PSD,RJ,DEPUTY,2023-09-20,LULA,EXACT,Caio Vianna,43,40448,"O poder público brasileiro deve participar do esforço de pesquisa e aplicação da tecnologia blockchain: ""Acredito que estamos diante de uma grande possibilidade de inovação. O Brasil não pode e não deve ficar para traz nessa discussão""."
166,1,felipe leao,Felipe Leão,Gerente do Laboratório de Inovação da Dataprev,,,CIVIL_SOCIETY_OR_OTHER,2023-09-20,LULA,EXACT,FELIPE LEÃO,5,15567,"A perenidade dos dados na blockchain é um dos seus maiores benefícios. | Os cadastros de identificação fiscal (CPF e CNPJ), mantidos pela Receita Federal, são baseados na tecnologia blockchain."
166,2,aristides cavalcante neto,Aristides Cavalcante Neto,Chefe adjunto do Departamento de Tecnologia da Informação do Banco Central,,,CIVIL_SOCIETY_OR_OTHER,2023-09-20,LULA,FIRST_LAST,ARISTIDES ANDRADE CAVALCANTE NETO,13,18370,"A nova tecnologia blockchain é importante e vem sendo estudada pelo Banco Central. | O Drex, a plataforma que permite a transação de reais virtuais, é baseada em blockchain. | ""Essa é uma tecnologia que não vai trazer vantagem para uma organização sozinha. Ela só faz sentido em uma rede""."
166,3,jeferson barbosa,Jeferson Barbosa,Assessor da presidência da Autoridade Nacional de Proteção de Dados (ANPD),,,CIVIL_SOCIETY_OR_OTHER,2023-09-20,LULA,FIRST_LAST,JEFERSON DIAS BARBOSA,5,15635,"Reconhece os ganhos do setor público ao usar sistemas baseados em blockchain. | Advertiu que pode haver conflitos com a Lei Geral de Proteção de Dados (LGPD). | A lei garante ao cidadão a eliminação dos seus dados pessoais da base de uma organização (empresa ou órgão público), o que se contrapõe à imutabilidade do blockchain. | ""As características do blockchain não deixam de ter consequências""."
167,0,vanessa negrini,Vanessa Negrini,"Diretora do Departamento de Proteção, Defesa e Direitos Animais do Ministério do Meio Ambiente",,,CIVIL_SOCIETY_OR_OTHER,2023-09-15,LULA,EXACT,VANESSA NEGRINI,1,5564,"O manejo de cães e gatos foi a política pública mais votada no PPA participativo em 27 plenárias estaduais com participação de 34 mil pessoas. | Um relatório com mais de mil páginas sobre o assunto já foi entregue à ministra do Meio Ambiente, Marina Silva. | Disse que o programa está pronto: ""Agora a gente precisa trabalhar para a expansão orçamentária e garantir os recursos para já em 2024 a gente já ter esse orçamento para tirar do papel e começar a fazer o projeto piloto"". Esse piloto pode alcançar 1 milhão de castrações em todo o Brasil. | Existem, no Brasil, aproximadamente 54 milhões de cães e 19 milhões de gatos, que liberam aproximadamente 49 milhões de toneladas CO2 por ano. | Se não houver um plano nacional para esterilizar cães e gatos, até 2030, a população de cães e gatos chegará a 112 milhões de animais e a emissão será de 66 milhões de toneladas de CO2."
167,1,camila costa,Camila Costa,Subsecretária de proteção e bem-estar animal do estado do Rio de Janeiro,,,CIVIL_SOCIETY_OR_OTHER,2023-09-15,LULA,EXACT,CAMILA COSTA,1,2495,"Um exemplo citado como política bem realizada ocorre no estado do Rio de Janeiro, onde há 65 clínicas conveniadas e 51 cidades abrangidas por um programa que permite o cadastramento pela internet e a marcação da castração de cães e gatos em clínicas privadas, além de quatro “castramóveis”. Desde o início do programa, em dezembro de 2021, até agosto deste ano, foram castrados cerca de 333 mil cães e gatos."
167,2,luciana imaculada de paula,Luciana Imaculada de Paula,Promotora,,,CIVIL_SOCIETY_OR_OTHER,2023-09-15,LULA,EXACT,LUCIANA IMACULADA DE PAULA,1,8994,"Falta ao texto uma abordagem sobre os elementos que devem fazer parte do manejo de cães e gatos. Os estados, apesar do esforço de normatizar essas questões, não vêm conseguindo, e menos de metade deles tem normas sobre manejo."
167,3,delegado matheus laiola,Delegado Matheus Laiola,Deputado (União-PR),UNIAO,PR,DEPUTY,2023-09-15,LULA,EXACT,DELEGADO MATHEUS LAIOLA,2,3765,"Será preciso garantir recursos que viabilizem essas ações já no orçamento deste ano: ""Temos que elaborar uma estratégia para o Executivo federal efetivamente colocar dinheiro, colocar orçamento, senão daqui a seis meses a gente vai voltar aqui para falar de castração, daqui a um ano, dois anos, e nada resolvido."" | O objetivo da reunião foi receber contribuições para melhorar a legislação em vigor, além de reunir grupos para pressionar por recursos federais para ajudar municípios no controle populacional de cães e gatos."
168,0,vinicius soares,Vinícius Soares,Presidente da Associação Nacional de Pós-Graduandos,,,CIVIL_SOCIETY_OR_OTHER,2023-09-15,LULA,EXACT,VINÍCIUS SOARES,3,14222,"Alunos de mestrado e doutorado se encontram no 'limbo' porque, ao mesmo tempo em que são estudantes, também atuam como professores, mas sem nenhum direito trabalhista ou previdenciário. | A luta para assegurar proteção social a pós-graduandos é antiga, de quase 40 anos. Em 1989, o então deputado Florestan Fernandes apresentou projeto na Câmara para regulamentar esses direitos, mas a proposta nunca foi votada. | Em 2007, o Congresso aprovou uma lei que assegura a licença-maternidade para as estudantes, mas apenas para bolsistas. | A principal consequência da pouca atratividade dos programas de pós-graduação é a perda de talentos: ""Hoje o País vem enfrentando fenômenos sociais da perda de talentos, porque os nossos mestres e doutores que se formaram no último período estão migrando para profissões de menor adensamento científico e tecnológico, estão tendo que virar Uber, fazer docinho para sobreviver."" | ""Precisamos fazer um debate de responsabilidade, inclusive, social, porque o Brasil investiu recursos nessas pessoas, e o Estado brasileiro precisa agora aproveitar e prover oportunidade para que essas pessoas possam contribuir com o desenvolvimento nacional."""
168,1,ricardo galvao,Ricardo Galvão,Presidente do Conselho Nacional de Desenvolvimento Científico e Tecnológico (CNPq),,,CIVIL_SOCIETY_OR_OTHER,2023-09-15,LULA,EXACT,RICARDO GALVÃO,2,12835,"A falta de perspectiva profissional é um sério problema. | O Brasil sempre formou mestres e doutores para atuar em pesquisa. O desafio agora seria promover a ocupação desses profissionais também nos setores produtivos. | Uma pesquisa recente mostrou mudança radical na natureza das principais empresas do mundo. Enquanto em 2013 as corporações mais importantes estavam no comércio, como Wall Mart, em 2023, as seis maiores são do setor tecnologia. | No Brasil, ao contrário, não houve alteração no perfil das empresas. As cinco maiores instituições em 2013 e hoje seriam bancos: ""Nós estamos agora avançando na economia do conhecimento, e, se o País não tiver um nível muito alto de formação, e também até uma sociedade que tenha alfabetização científica mais aprofundada, nós vamos ficar para trás."""
168,2,mercedes bustamante,Mercedes Bustamante,Presidente da Coordenação de Aperfeiçoamento de Pessoal de Nível Superior (Capes),,,CIVIL_SOCIETY_OR_OTHER,2023-09-15,LULA,EXACT,MERCEDES BUSTAMANTE,2,18367,"A pouca interação da academia com o mercado produtivo representa um entrave ao desenvolvimento. | Defende uma adequação dos currículos universitários para maior interação com outros setores, como administração pública, saúde e indústria. | Dados da Capes mostram que o Brasil conta com mais de 4.500 programas de pós-graduação, e quase 7 mil cursos. No ano que vem, outros 300 cursos devem entrar no sistema. | Entre 2013 e 2021, quase 13 mil estudantes ingressaram em um programa de mestrado ou doutorado, e aproximadamente 80 mil receberam um título nesse período."
168,3,alice portugal,Alice Portugal,Deputada (PCdoB-BA),PCDOB,BA,DEPUTY,2023-09-15,LULA,EXACT,Alice Portugal,15,24538,"Se comprometeu a atuar para a solução de alguns dos problemas apontados. | A Câmara já analisa um projeto para estender a licença-maternidade a estudantes que não são bolsistas. | Vai ampliar o conceito para licença parental, de forma a abranger estudantes do sexo masculino. | Outra proposta em análise na Casa trata de direitos previdenciários para pós-graduandos. Agora o desafio é encontrar formas de financiar a medida: ""Seria uma isenção fiscal a quem eleva a qualidade técnica e tecnológica de seus quadros? E por que não? Nós estamos dando isenção a quem não deixa nada."" | Há dois anos atrás, na pandemia, quando o Congresso aprovou a Lei Aldir Blanc 1 também não havia de onde tirar o dinheiro. ""E aí, eu fui parar na mineração. Não deixam quase nada de impostos, têm isenção há mais de 20 anos. Então, vamos dar a quem devolve."""
169,0,maria de lurdes nascimento,Maria de Lurdes Nascimento,Coordenadora-geral da Rede Cerrado,,,CIVIL_SOCIETY_OR_OTHER,2023-09-14,LULA,FIRST_LAST,MARIA DE LOURDES DE SOUZA NASCIMENTO,1,8149,"Criticou o atual foco de proteção apenas em biomas predominantemente florestais: ""Ninguém deve ter a ilusão de que a vida estará salva ao se preservar só a Amazônia. Não estará. A Amazônia não sobreviverá se o Cerrado e a Caatinga deixarem de existir. Temos que dar as mãos e salvar todos os biomas, porque um é tão importante quanto o outro."""
169,1,paulo pedro de carvalho,Paulo Pedro de Carvalho,Coordenador da ASA na Caatinga de Pernambuco,,,CIVIL_SOCIETY_OR_OTHER,2023-09-14,LULA,EXACT,PAULO PEDRO DE CARVALHO,1,7032,"Reforçou a tese de conexão e interdependência dos biomas | Não vê obstáculos das PECs para os setores produtivos ambientalmente sustentáveis: ""Nós não estamos aqui contra o desenvolvimento. Muito pelo contrário: povos da Caatinga e do Cerrado merecemos ter os nossos biomas reconhecidos na Constituição Federal."""
169,2,silvio porto,Sílvio Porto,Diretor de política agrícola da Companhia Nacional de Abastecimento (Conab),,,CIVIL_SOCIETY_OR_OTHER,2023-09-14,LULA,FIRST_LAST,SÍLVIO ISOPPO PORTO,1,7107,"Citou dados do Programa de Aquisição de Alimentos (PAA) para mostrar que a agricultura familiar dos dois biomas oferece rica variedade de alimentos, muito além da monocultura de grãos que avança nesses ecossistemas: ""Da Caatinga, a gente recebeu (no PAA) propostas que representam 221 tipos de produtos e de alimentos diferentes; do Cerrado, são 235. Isso mostra que não é só um, dois ou três produtos (da monocultura) que são relevantes por terem relação com as exportações e a balança comercial."""
169,3,alexandre pires,Alexandre Pires,Diretor do departamento de combate à desertificação do Ministério do Meio Ambiente,,,CIVIL_SOCIETY_OR_OTHER,2023-09-14,LULA,FIRST_LAST,ALEXANDRE HENRIQUE BEZERRA PIRES,1,7241,"Ressaltou a relevância da PEC no atual contexto de mudanças climáticas e de valorização da sociobioeconomia e da agroecologia: ""A aprovação dessa PEC é sobretudo reconhecer a importância dos povos que neles vivem e a importância da biodiversidade para a sustentação e a sobrevivência desse planeta."""
169,4,celia xakriaba,Célia Xakriabá,Deputada (Psol-MG) e presidente da Comissão da Amazônia e dos Povos Originários,PSOL,MG,DEPUTY,2023-09-14,LULA,EXACT,Célia Xakriabá,14,28111,"Anunciou nova articulação para a aprovação da PEC do Cerrado e da Caatinga, com argumentos reforçados pela futura Conferência da ONU sobre Mudanças do Clima, a COP-30: ""Sabemos o quanto os nossos territórios têm sido vítimas de ataque. Iremos nos debruçar aqui com todos os líderes de bancada e articular com o presidente da Casa para pautar e aprovar (a PEC) no Plenário. Não dá para o Brasil sediar a COP sem o compromisso com os outros biomas."""
169,5,dandara,Dandara,Deputada (PT-MG),PT,MG,DEPUTY,2023-09-14,LULA,EXACT,DANDARA,1,5702,"Afirmou que a Frente Parlamentar Ambientalista reforçará a articulação por meio de um grupo de trabalho de proteção do Cerrado. | ""São mais de 12 mil espécies de plantas, a grande maioria ainda nem estudada a fundo. Por isso, nos dói tanto ver incêndios criminosos no Cerrado, porque, para nós, é a mesma coisa que botar fogo em uma biblioteca sem ela nunca ter sido lida."""
170,0,suelaine carneiro,Suelaine Carneiro,Coordenadora do programa de educação do Geledés Instituto da Mulher Negra,,,CIVIL_SOCIETY_OR_OTHER,2023-06-29,LULA,EXACT,SUELAINE CARNEIRO,3,5541,"Necessidade de desconstruir indiferenças e enfrentar a permanente desigualdade em relação a acesso a serviços de saúde, creche, pré-escola, saneamento básico e condições adequadas de moradia: ""Compreendemos que abordar os efeitos socioeconômicos e psicossociais do racismo desde a primeira infância possibilita alterar as relações sociais, assim como as práticas nos serviços e equipamentos públicos, de forma que os serviços prestados atendam as necessidade e especificidades das famílias negras e indígenas""."
170,1,damiana neto,Damiana Neto,Integrante da Ação de Mulheres pela Equidade (AME),,,CIVIL_SOCIETY_OR_OTHER,2023-06-29,LULA,EXACT,DAMIANA NETO,2,5466,"O ambiente escolar é muitas vezes palco de linguagens verbais e não-verbais preconceituosas e estigmatizantes. A escola tem sido um espaço adoecedor: ""A AME tem a proposta de trabalhar com as violações das infâncias negras e indígenas, a partir da concepção de que é obrigatório que a gente ocupe o Parlamento para combinar as nossas demandas e exigir desse Estado políticas públicas que reconheçam que infâncias de crianças negras e indígenas passam por violações que vão desencadear um processo de adoecimento em toda a vida adulta""."
170,2,rosijane tukano,Rosijane Tukano,"Dirigente do Makira-E’TA, a Rede de Mulheres Indígenas do Estado do Amazonas",,,CIVIL_SOCIETY_OR_OTHER,2023-06-29,LULA,NONE,,0,0,"Necessidade de mudança no ambiente escolar: ""Que a gente possa criar um espaço seguro para eles, um espaço de acolhimento, um espaço de direitos realmente realizados""."
170,3,leticia silva,Letícia Silva,Pesquisadora do Instituto Alana,,,CIVIL_SOCIETY_OR_OTHER,2023-06-29,LULA,EXACT,LETÍCIA SILVA,2,7705,"O impacto negativo do racismo vai além das crianças negras e indígenas: ""A gente está falando aqui de crianças negras, mas é importante olhar para os impactos do racismo também nas crianças brancas, que passam a ter a subjetividade moldada a partir de uma lógica de superioridade e são impedidas de conviver e aprender com a potência da diversidade nas relações humanas""."
170,4,erika kokay,Erika Kokay,Deputada (PT-DF),PT,DF,DEPUTY,2023-06-29,LULA,EXACT,Erika Kokay,31,21633,"A partir das denúncias e sugestões apresentadas, vai elaborar um projeto de lei de enfrentamento ao racismo na primeira infância: ""Que a gente discuta um conjunto de políticas públicas de educação, cultura, saúde, assistência... É para a gente discutir o enfrentamento ao racismo em um caráter estruturante""."
171,0,nisia trindade,Nísia Trindade,Ministra da Saúde,,,FEDERAL_EXECUTIVE,2023-09-13,LULA,EXACT,MINISTRA NÍSIA TRINDADE,11,60262,"Rebateu polêmicas com a oposição ao governo federal e detalhou os investimentos na área da saúde dentro do novo Programa de Aceleração do Crescimento (PAC). | Reafirmou que o combate às fakenews é um dos desafios de comunicação do Ministério da Saúde: ""Não se trata de dúvida ou mesmo de reproduzir conteúdo falso ou equivocado. Trata-se de sistematicamente e deliberadamente divulgar mentiras que têm efeitos negativos sobre a saúde e a vida das pessoas. Infelizmente, essas fakenews são propagadas pelas pessoas mais diversas, inclusive profissionais de saúde."" | Disse que a participação da sociedade civil é fundamental na atual gestão e que as sugestões são sempre tratadas de acordo com a legislação e o programa de governo: ""Nós tivemos recorde de participação nessa conferência, com muitos aportes positivos para o SUS e para as políticas públicas. Nós agiremos sempre observando a lei."" | Rebateu críticas sobre suposto atraso na liberação de recursos oriundos de emendas parlamentares, afirmando que já houve empenho de 76% das emendas e efetivo pagamento de 46%, com execução bem superior a 2021. | Atualizou a chamada 'agenda positiva' da pasta, prevendo R$ 7,4 bilhões de investimentos em atenção primária até 2026 e outros R$ 13,8 bilhões em atenção especializada: ""Inclui aporte expressivo de R$ 30,5 bilhões em todos os eixos de atuação do Ministério da Saúde, visando extensão da atenção à saúde, construção de unidades básicas e universalização do SAMU."" | Citou o incremento de R$ 86 milhões no orçamento dos hospitais filantrópicos; a garantia de R$ 540 milhões na Política Nacional de Saúde da Pessoa com Deficiência, com foco nos centros de reabilitação; o apoio ao Rio Grande do Sul na recuperação das estruturas de saúde destruídas por enchentes e ciclones; e a reabertura de 321 leitos nos hospitais federais do Rio de Janeiro. | Comemorou a Lei 14.621/23, de ampliação do Programa Mais Médicos, em vigor desde julho, mencionando que 13 mil novas vagas foram abertas neste ano, atingindo o número recorde de 18,5 mil médicos em atuação em regiões de maior vulnerabilidade."
171,1,osmar terra,Osmar Terra,Deputado (MDB-RS),MDB,RS,DEPUTY,2023-09-13,LULA,EXACT,OSMAR TERRA,15,10974,"Questionou a criação de um grupo de trabalho interministerial para analisar desinformações publicadas em redes sociais por médicos e outros profissionais de saúde, sobretudo em relação a vacinas: ""Eu nunca tinha visto ameaças a profissionais que não concordam com a opinião do ministério. E botar o Ministério da Justiça e Segurança Pública e a AGU em cima é para intimidar os profissionais."""
171,2,franciane bayer,Franciane Bayer,Deputada (Republicanos-RS),REPUBLICANOS,RS,DEPUTY,2023-09-13,LULA,EXACT,FRANCIANE BAYER,1,2728,"Questionou resoluções oriundas da 17ª Conferência Nacional de Saúde, realizada em junho, como a 'revisão da cartilha de pessoas trans' e 'redução da idade de início de hormonização para 14 anos'."
171,3,priscila costa,Priscila Costa,Deputada (PL-CE),PL,CE,DEPUTY,2023-09-13,LULA,EXACT,PRISCILA COSTA,7,8529,"Questionou resoluções oriundas da 17ª Conferência Nacional de Saúde, realizada em junho, como a 'revisão da cartilha de pessoas trans' e 'redução da idade de início de hormonização para 14 anos'."
171,4,filipe martins,Filipe Martins,Deputado (PL-TO),PL,TO,DEPUTY,2023-09-13,LULA,EXACT,FILIPE MARTINS,84,15122,"Citou outras polêmicas da resolução da 17ª Conferência Nacional de Saúde, como 'legalização das drogas, legalização do aborto, separa as religiões privilegiando apenas uma religião dentro da resolução'."
171,5,ana paula lima,Ana Paula Lima,Deputada (PT-SC),PT,SC,DEPUTY,2023-09-13,LULA,EXACT,ANA PAULA LIMA,1,6623,"Elogiou a atuação de Nísia Trindade à frente do Ministério da Saúde. | Destacou o atual protagonismo internacional do Brasil em temas de saúde. | Lembrou que, de 18 a 25 de setembro, a ministra será um dos destaques em reuniões da ONU, em Nova Iorque, sobre preparação e respostas a emergências e pandemias, aceleração de vacinas para tuberculose e cobertura universal de saúde."
171,6,samia bomfim,Sâmia Bomfim,Deputada (Psol-SP),PSOL,SP,DEPUTY,2023-09-13,LULA,EXACT,SÂMIA BOMFIM,6,6293,Elogiou a atuação de Nísia Trindade à frente do Ministério da Saúde.
171,7,lula da fonte,Lula da Fonte,Deputado (PP-PE),PP,PE,DEPUTY,2023-09-13,LULA,EXACT,LULA DA FONTE,9,2937,Elogiou a atuação de Nísia Trindade à frente do Ministério da Saúde.
172,0,reginete bispo,Reginete Bispo,Deputada (PT-RS),PT,RS,DEPUTY,2023-09-13,LULA,EXACT,Reginete Bispo,18,19565,"""Esses dados são um marco histórico, porque demonstram a diversidade e a amplitude das comunidades quilombolas no nosso País; no entanto, eles também ressaltam desafios críticos, como o acesso à terra, o enfrentamento à violência (como nós bem acompanhamos há décadas) e, no último período, o assassinato da Bernardete no estado da Bahia."" | A situação das comunidades quilombolas pode ser ainda mais grave, pois o IBGE recenseou apenas as comunidades certificadas. Mas, conforme explicou, “a grande maioria das comunidades” não chegou sequer a essa fase. | Defende que o governo vá até as comunidades para fazer o reconhecimento territorial e obter um retrato melhor da população quilombola."
172,1,francinete pereira da cruz,Francinete Pereira da Cruz,Representante do Ministério da Igualdade Racial,,,FEDERAL_EXECUTIVE,2023-09-13,LULA,EXACT,FRANCINETE PEREIRA DA CRUZ,1,6731,"Existem hoje 494 quilombos delimitados oficialmente, mas apenas 147 são titulados pelo Incra ou pelos órgãos estaduais, representando pouco mais de 29%."
172,2,jose henrique sampaio pereira,José Henrique Sampaio Pereira,Coordenador de territórios quilombolas do Incra,,,CIVIL_SOCIETY_OR_OTHER,2023-09-13,LULA,EXACT,JOSÉ HENRIQUE SAMPAIO PEREIRA,1,6800,"O Incra tem 1.800 processos de regularização de territórios quilombolas abertos, mas não conta com estrutura para atender a essa demanda. Entre 2014 e 2022, o Incra perdeu 40% do seu quadro de funcionários. O orçamento do Incra para este ano é de R$ 400 mil para todas as suas atividades."
172,3,luiz couto,Luiz Couto,Deputado (PT-PB),PT,PB,DEPUTY,2023-09-13,LULA,EXACT,Luiz Couto,6,2385,"É papel do Parlamento cobrar do governo a reestruturação dos órgãos públicos para garantir os direitos dos quilombolas: ""O importante primeiro é dar a condição para que, de fato, esse levantamento de todos os quilombos possa ser regulamentado, e, para isso, precisa ter técnicos, gente. Por isso, acho que a luta nossa aqui é de exigir também que o próprio governo possa fazer um concurso com técnicos que, efetivamente, sejam comprometidos com essa causa."""
172,4,denildo de moraes biko rodrigues,Denildo de Moraes Biko Rodrigues,Representante da Coordenação Nacional de Articulação de Quilombos,,,CIVIL_SOCIETY_OR_OTHER,2023-09-13,LULA,TOKEN_SUBSET,DENILDO RODRIGUES DE MORAES,1,6255,"Nesse ritmo de demarcação, o Estado brasileiro vai levar mais de 2 mil anos para regularizar os mais de 6 mil territórios quilombolas existentes no País. | Essa situação é resultado do 'racismo fundiário': ""A gente só vai combater esse racismo fundiário na medida em que for reconhecendo os territórios quilombolas, os territórios de povos indígenas, os territórios de povos e comunidades tradicionais, reconhecendo, demarcando e entregando aqueles territórios para aqueles que são, de fato, os donos da terra."" | Defende outras políticas para os moradores de quilombo, como formação escolar específica para essa população. | Considera importante criar linhas de financiamento com regras especiais, pois as instituições financeiras negam os pedidos de empréstimo a essas comunidades devido à posse coletiva dos quilombos."
173,0,geraldo mendes,Geraldo Mendes,Deputado (União-PR),UNIAO,PR,DEPUTY,2023-09-13,LULA,EXACT,Geraldo Mendes,5,13604,"É preciso vencer o discurso de que os reservatórios das usinas hidrelétricas prejudicam o meio ambiente: ""É um grande equivoco que o ‘usineiro’ não tem responsabilidade ambiental. Pelo contrário, nós somos os maiores preservadores ambientais do mundo para poder ter uma boa qualidade de produção de energia."""
173,1,charles lenzi,Charles Lenzi,Presidente executivo da Associação Brasileira de Geração de Energia Limpa (Abragel),,,CIVIL_SOCIETY_OR_OTHER,2023-09-13,LULA,EXACT,CHARLES LENZI,1,15805,"""O sistema aumentou, cresceu, a demanda cresceu, mas a nossa capacidade de armazenar energia, na forma de reservatório, não evoluiu."" | Os reservatórios de acumulação podem ajudar o País a cumprir as metas de descarbonização assumidas em acordos internacionais."
173,2,ludimila lima da silva,Ludimila Lima da Silva,"Superintendente de Concessões, Permissões e Autorizações dos Serviços de Energia Elétrica (SCE) da Aneel",,,CIVIL_SOCIETY_OR_OTHER,2023-09-13,LULA,EXACT,LUDIMILA LIMA DA SILVA,1,10841,"O número de projetos para construção de hidrelétricas vem caindo no Brasil: ""As empresas do setor não têm demonstrando interesse nem sequer em estudar esses aproveitamentos [hídricos]. É um cenário futuro de diminuição do número de outorgas."" | O setor precisa melhorar a sua comunicação com a sociedade sobre o papel das usinas hidrelétricas no suprimento nacional."
173,3,alessandra torres,Alessandra Torres,Presidente da Associação Brasileira de Centrais Geradoras Hidrelétricas e Pequenas Centrais Hidrelétricas (Abrapch),,,CIVIL_SOCIETY_OR_OTHER,2023-09-13,LULA,EXACT,ALESSANDRA TORRES,1,13762,"É preciso descontruir a ideia de que as hidrelétricas prejudicam o meio ambiente: ""Precisamos consertar o discurso de demonização ambiental de parte da sociedade."""
173,4,christiany salgado faria,Christiany Salgado Faria,Diretora do Departamento de Planejamento e Outorgas de Geração de Energia Elétrica do Ministério de Minas e Energia,,,CIVIL_SOCIETY_OR_OTHER,2023-09-13,LULA,EXACT,CHRISTIANY SALGADO FARIA,1,8769,"O potencial a ser explorado de geração hídrica chega a 52 gigawatts, o equivalente a quase quatro Itaipus. Dessas, 77% estão localizadas em áreas protegidas, como unidades de conservação. | A instalação de novos empreendimentos deve passar pelo debate com outros atores: ""Novos reservatórios não têm que ser focados só na geração de energia elétrica. A gente tem que sentar com outros atores e pensar nos usos múltiplos."""
174,0,francisco de assis,Francisco de Assis,Coordenador-geral de Gestão da Educação em Saúde do Ministério da Educação,,,CIVIL_SOCIETY_OR_OTHER,2023-09-12,LULA,TOKEN_SUBSET,FRANCISCO DE ASSIS ROCHA NEVES,7,12963,"Considera complexa a questão da reavaliação dos diplomas. Espera conseguir aprimorar o sistema do exame. ""E talvez permitir uma facilitação, principalmente na segunda etapa da prova, que é muito complexa."" | Informou que as universidades do exterior não vivem apenas das mensalidades dos alunos, pois é ""irreal"" a mensalidade cobrir o custo operacional de uma universidade de pesquisa."
174,1,elizabeth guedes,Elizabeth Guedes,Presidente da Associação Nacional das Universidades Particulares (Anup),,,CIVIL_SOCIETY_OR_OTHER,2023-09-12,LULA,FIRST_LAST,ELIZABETH REGINA NUNES GUEDES,3,15350,"Disse que, ao conseguir a classificação, o médico que sabe pouco mais da metade que ele deveria saber ainda consegue o diploma: ""E tem pessoas dizendo que a prova é feita para não ser aprovada. Ora, uma prova que aprova com 65%, que é o mínimo que exige, não é difícil."" | Informou que 94,7% dos diplomas do Revalida são originados da Bolívia, Paraguai, Cuba e Argentina. 81% desses alunos são brasileiros: ""Os nossos alunos estão indo para a fronteira estudar Medicina. Ou porque não possuem recursos financeiros para isso ou porque não conseguem ser aprovados nos vestibulares da escola de Medicina no Brasil."""
174,2,evair vieira de melo,Evair Vieira de Melo,Deputado (PP-ES),PP,ES,DEPUTY,2023-09-12,LULA,EXACT,Evair Vieira de Melo,13,17229,"Questionou a falta de investimento no ensino brasileiro. | Afirmou que o País precisa criar um ambiente para que o ensino público possa ter ""capacidade e autonomia financeira para gerar os seus recursos e captá-los""."
175,0,jose francisco mansur,José Francisco Mansur,Assessor especial da Secretaria Executiva do Ministério da Fazenda,,,CIVIL_SOCIETY_OR_OTHER,2023-09-12,LULA,NONE,,0,0,"O governo federal está aberto a rever o percentual de taxação das empresas que operam apostas esportivas no Brasil. | Não quis adiantar o percentual que está sendo discutido com o relator da MP, mas sinalizou que o número pode ficar abaixo dos 18%: ""Chegamos a uma flexibilização importante do imposto, algo que vai tornar o mercado muito acessível."" | A tributação das bets é uma questão de justiça tributária: ""Não é um serviço essencial e precisa contribuir com a arrecadação, para que o governo possa reinvestir em outros segmentos que são prioritários, como saúde e educação."" | O governo pode judicializar a qustão das licenças emtidas pelos estados que permitem às bets operar em todo o País. Os estados precisam respeitar 'os limites geográficos': ""Estamos conversando com as advocacias do governo para judicializar a questão. Não é algo que o governo vá permitir, pelo menos não sem reagir."""
175,1,bandeira de mello,Bandeira de Mello,Deputado (PSB-RJ),PSB,RJ,DEPUTY,2023-09-12,LULA,EXACT,BANDEIRA DE MELLO,3,1840,Questionou o assessor especial do Ministério da Fazenda sobre o percentual de taxação das operadoras de apostas esportivas.
175,2,mauricio do volei,Mauricio do Vôlei,Deputado (PL-MG),PL,MG,DEPUTY,2023-09-12,LULA,EXACT,Mauricio do Vôlei,14,9244,"Defendeu a taxação das casas de apostas esportivas: ""Se a gente não regulamentar as apostas, elas vão continuar operando normalmente, sem nenhuma contrapartida para o País."" | Lembrou que parte da arrecadação (3%) vai para o Ministério do Esporte."
176,0,sandra ramalhoso,Sandra Ramalhoso,Presidente da Associação G-14,,,CIVIL_SOCIETY_OR_OTHER,2023-09-11,LULA,EXACT,SANDRA RAMALHOSO,2,11428,"O capacitismo é a principal barreira enfrentada pelas pessoas com deficiência, que têm subestimadas sua capacidade e aptidão em virtude de suas deficiências: ""A deficiência não está em nós, a deficiência está no ambiente, um ambiente que não nos acolhe, um ambiente que não nos oferece acessibilidade, um ambiente que impede a nossa participação completa."" | Não adianta garantir infraestrutura se o ambiente escolar não estiver preparado para receber os alunos com necessidades especiais. | A educação inclusiva esbarra na falta de dados sobre essa parcela da população."
176,1,naira gaspar,Naira Gaspar,Representante do Ministério dos Direitos Humanos e Cidadania,,,FEDERAL_EXECUTIVE,2023-09-11,LULA,EXACT,NAIRA GASPAR,1,8408,"O primeiro passo para combater o capacitismo é justamente a educação. É preciso garantir, além do acesso, condições para que os alunos com deficiência aprendam o mesmo conteúdo dos demais alunos. ""Enquanto nós olharmos para a educação relativa a pessoas com deficiência a partir do déficit, da menos valia, nós não teremos uma educação inclusiva. Nós teremos uma educação onde algumas pessoas são encaixadas em um espaço imóvel, restrito e que não acolhe, não abraça, não agasalha a todas as pessoas."""
176,2,renata tibirica,Renata Tibiriçá,Defensora pública,,,CIVIL_SOCIETY_OR_OTHER,2023-09-11,LULA,NONE,,0,0,"O governo deve adotar a avaliação biopsicossocial, que pode ajudar, no ambiente escolar, a definir quais as necessidades e o grau de apoio necessário para os alunos com deficiência. | Defendeu a qualificação profissional do apoio que esses alunos recebem nas salas de aula, garantindo seu aprendizado e não segregando."
176,3,professora luciene cavalcante,Professora Luciene Cavalcante,Deputada (Psol-SP),PSOL,SP,DEPUTY,2023-09-11,LULA,EXACT,Professora Luciene Cavalcante,15,18995,"É preciso garantir recursos para a implantação do que preconiza a Lei Brasileira de Inclusão: ""A gente vai propor emendas e lutar pela efetivação de emendas orçamentárias para as políticas públicas que garantam a implementação das políticas, que são tão importantes e que já estão disciplinadas no nosso ordenamento jurídico. Vamos levar essa demanda sobre a questão dos dados para o Censo, para o Inep e também para o IBGE."""
177,0,celso russomanno,Celso Russomanno,Deputado (Republicanos-SP),REPUBLICANOS,SP,DEPUTY,2024-05-09,LULA,EXACT,CELSO RUSSOMANNO,34,26155,"A regulamentação do setor vai incidir no bolso do consumidor. | ""O projeto tem um monte de vícios e está aquém do que precisamos para dar segurança jurídica, tanto para o motorista como para o consumidor que paga a conta."""
177,1,gilson marques,Gilson Marques,Deputado (Novo-SC),NOVO,SC,DEPUTY,2024-05-09,LULA,EXACT,Gilson Marques,24,17011,"As novas regras podem produzir efeitos indesejados e não atendem aplicativos de entrega, como o iFood, e aplicativos regionais: ""Essa regulamentação tem custos, que serão embutidos no preço do consumidor. Você vai matar os pequenos aplicativos, e o cliente vai procurar outras alternativas de transporte."""
177,2,carlos shigueo nishikawa,Carlos Shigueo Nishikawa,Diretor de Relações Governamentais do aplicativo InDrive,,,CIVIL_SOCIETY_OR_OTHER,2024-05-09,LULA,EXACT,CARLOS SHIGUEO NISHIKAWA,3,5489,"No modelo proposto pelo PLP 12/24, o valor da contribuição social a ser pago pela sua empresa comprometeria a metade do faturamento. Isso é porque, na sua plataforma, a empresa apenas cobra uma mensalidade dos motoristas, e não exige comissões sobre os ganhos auferidos pelo motorista, que seriam utilizados como base de cálculo da contribuição ao INSS. | Propõe que a contribuição seja cobrada com base no faturamento da empresa: ""O PLP tem uma lógica inversa sobre o impacto da contribuição do INSS por parte da empresa. Quanto maior a comissão da empresa, menor será a contribuição do INSS para o governo."" | ""O projeto incentiva a empresa a aumentar a comissão para pagar menos INSS. Esse custo vai para alguém. O motorista vai pedir uma remuneração maior para o passageiro."""
177,3,eliseu paulino,Eliseu Paulino,Proprietário do Urbano Norte,,,CIVIL_SOCIETY_OR_OTHER,2024-05-09,LULA,EXACT,ELISEU PAULINO,2,2798,"O PLP 12/24 apenas levou em consideração o modelo de negócios utilizado pelas multinacionais que lideram o mercado, em especial a Uber e a 99: ""As empresas regionais ou vão fechar a porta ou migrar para o modelo danoso."" | Sugeriu que os motoristas recolham a contribuição como microempreendedores individuais (MEIs)."
177,4,joao sabino,João Sabino,Diretor-sênior de Assuntos Governamentais e Políticas Públicas do iFood,,,CIVIL_SOCIETY_OR_OTHER,2024-05-09,LULA,EXACT,JOÃO SABINO,4,8771,"Caso a regulamentação para entregadores utilize o mesmo modelo aplicado para motoristas de passageiros, apenas 7% dos trabalhadores da empresa estariam cobertos pelos benefícios da Previdência: ""Os outros estariam pagando sem ter nenhum tipo de retribuição de aposentadoria ou seguridade social. Isso obviamente não resolve nenhum dos problemas."" | Defendeu a criação de um regime para os trabalhadores com ganhos mais baixos. As regras para aplicativos de passageiros não podem ser aplicadas para aplicativos de entregas: ""Há uma diferença grande entre motorista e entregador. Você utiliza um veículo menor, que consome menos gasolina, e o valor da corrida é mais baixo."" | A plataforma de entrega oferece menor tempo de trabalho, porque há maior demanda apenas no horário de almoço e jantar: ""Isso gera um ganho mais baixo."""
177,5,andre porto,André Porto,Diretor-executivo da Associação Brasileira de Mobilidade e Tecnologia,,,CIVIL_SOCIETY_OR_OTHER,2024-05-09,LULA,EXACT,ANDRÉ PORTO,3,11749,"Os custos da regulamentação não podem ser excessivos ao ponto de o consumidor não poder pagar. | Defendeu a inclusão dos trabalhadores de aplicativo na Previdência: ""O trabalhador de plataforma ganha mais do que o trabalhador com vínculo tradicional. A regulamentação é importante. O ponto de equilíbrio é o grande desafio que a gente precisa atingir."""
177,6,renan bernardi kalil,Renan Bernardi Kalil,Promotor da Coordenadoria Nacional de Combate às Fraudes nas Relações de Trabalho da Procuradoria Geral do Trabalho,,,CIVIL_SOCIETY_OR_OTHER,2024-05-09,LULA,EXACT,RENAN BERNARDI KALIL,1,10045,"Questionou os trechos do projeto que caracterizam as empresas como meras intermediárias entre passageiros e consumidores, ao passo que os trabalhadores são considerados autônomos: ""Para que motoristas, de fato, tivessem autonomia na atividade deles, deveriam ter o poder de precificar o valor da corrida, rejeitar corridas sem sofrer nenhum tipo de punição, nem sofrer bloqueio por avaliações negativas ou abaixo da média que a empresa estabelece de forma unilateral."""
177,7,lucas dias,Lucas Dias,Motorista de aplicativo,,,CIVIL_SOCIETY_OR_OTHER,2024-05-09,LULA,EXACT,LUCAS DIAS,6,12564,"Reclamou da taxa variável adotada pelas plataformas sobre as corridas, o que tem baixado a remuneração dos motoristas e prejudicado a qualidade dos serviços: ""Quem roda sabe que estamos ganhando menos. A qualidade caiu demais, tendo como justificativa a baixa remuneração do motorista. Os usuários, porém, continuam pagando os mesmos valores, talvez até mais."""
178,0,breno bispo,Breno Bispo,Coordenador-geral substituto de licenciamento do Ibama,,,CIVIL_SOCIETY_OR_OTHER,2023-09-05,LULA,EXACT,BRENO BISPO,2,10587,"Há dificuldades na conciliação das eólicas offshore com outras atividades: ""Há a disputa territorial entre os próprios parques eólicos e os outros usos de exploração de petróleo, pesca artesanal, rotas de navegação, etc. Para isso tudo, é necessário fazer um planejamento marinho que, em princípio, não é papel do Ibama. Se nada for feito, esse conflito terá de ser solucionado na esfera do licenciamento ambiental, o que a gente não deseja."""
178,1,ana paula prates,Ana Paula Prates,Diretora do Departamento de Oceano e Gestão Costeira do Ministério do Meio Ambiente,,,CIVIL_SOCIETY_OR_OTHER,2023-09-05,LULA,EXACT,ANA PAULA PRATES,2,9902,"Parte desse planejamento está presente no projeto da Lei do Mar (PL 6969/13), pronto para votação no Plenário da Câmara. | A busca de soluções urgentes para a crise climática deve inserir o tema também no Projeto de Lei 11247/18 e apensados, que buscam a regulamentação das eólicas offshore e estão em análise na Comissão de Meio Ambiente da Câmara: ""Nós estamos trabalhando na questão do planejamento espacial marinho, que a gente até está chamando de instrumento de descarbonização, mas que não está dentro do PL 11247/18."" | O governo federal busca a retomada do gerenciamento costeiro; a elaboração de políticas de conservação de ecossistemas vulneráveis, como manguezais e recifes de coral; a ampliação das unidades de conservação marinhas; e a inclusão de metas costeiras nas metas voluntárias do Brasil para a mitigação das mudanças climáticas."
178,2,taliria petrone,Talíria Petrone,Deputada (Psol-RJ),PSOL,RJ,DEPUTY,2023-09-05,LULA,EXACT,Talíria Petrone,10,11483,"Cobrou transição energética com justiça climática: ""Um empreendimento que ganha o nome de energia limpa precisa, de fato, mitigar ou reduzir totalmente os impactos ambientais e sociais. Não estamos aqui contra a energia limpa, mas ela precisar ser efetivamente guardiã dos nossos biomas, povos e comunidades tradicionais."""
178,3,adryane gorayeb,Adryane Gorayeb,Coordenadora do Laboratório de Geoprocessamento e Cartografia Social da Universidade Federal do Ceará (UFCE),,,CIVIL_SOCIETY_OR_OTHER,2023-09-05,LULA,EXACT,ADRYANE GORAYEB,2,11073,"""Os parques offshore não só estão sobre a área de pesca – de curta, média e longa duração – como também impedem a navegação, ou seja, a chegada e o retorno dos pescadores nessas áreas."""
178,4,carine santos silva,Carine Santos Silva,Dirigente da Articulação Povos de Luta do Ceará,,,CIVIL_SOCIETY_OR_OTHER,2023-09-05,LULA,FIRST_LAST,CARINE SANTOS DA SILVA,3,7247,"""O discurso catalogando a energia eólica offshore como fonte de energia limpa e sustentável perde o efeito quando nos deparamos com a realidade dos problemas que afetam a vida das comunidades que têm a pesca artesanal como base de sua atividade econômica, cultural e de subsistência."""
179,0,any ortiz,Any Ortiz,Deputada (Cidadania-RS) e relatora do Projeto de Lei 2768/22,CIDADANIA,RS,DEPUTY,2023-08-31,LULA,EXACT,Any Ortiz,15,11284,"""Esta sequência de audiências públicas foi extremamente importante."" | ""Acredito que a legislação precisa ser aprimorada, enxergando não só o ponto de vista de quem empreende, mas também daqueles que consomem no mercado digital."""
179,1,paula farani,Paula Farani,Diretora de Política de Concorrência para América Latina da Meta,,,CIVIL_SOCIETY_OR_OTHER,2023-08-31,LULA,EXACT,PAULA FARANI,4,13006,"Questionou o PL 2768/22, que atribui à Anatel a regulamentação das plataformas digitais e cria uma taxa para custear a fiscalização de empresas como a Meta. | O Cade já atua na defesa da concorrência e é o órgão regulador mais adequado: ""No Brasil há um sistema de defesa da concorrência que soluciona os problemas, mas talvez existam alguns específicos dos mercados digitais que precisariam ser avaliados."" | O modelo adotado pela Alemanha ""reúne o melhor dos mundos"", porque aplica a legislação consolidada e prevê atualização das normas. | No Brasil, os ajustes poderiam ser feitos ""por meio de estudos de mercado, como faz a Austrália, ou por meio códigos de conduta, como faz a Inglaterra""."
179,2,janaina camilo vendramini,Janaína Camilo Vendramini,Analista técnica de Mercados e Transformação Digital do Sebrae,,,CIVIL_SOCIETY_OR_OTHER,2023-08-31,LULA,EXACT,JANAINA CAMILO VENDRAMINI,2,8070,"A regulamentação dos mercados digitais no Brasil poderá beneficiar as micro e pequenas empresas e especialmente os microempreendedores individuais: ""A regulamentação é muito favorável na medida em que coíbe práticas abusivas, trazendo maior segurança jurídica a quem atua nas plataformas."""
180,0,ricardo vita porto,Ricardo Vita Porto,Presidente da comissão de direito eleitoral da OAB de São Paulo,,,CIVIL_SOCIETY_OR_OTHER,2023-08-31,LULA,EXACT,RICARDO VITA PORTO,2,10869,"Os três artigos da PEC vieram em boa hora para alívio dos partidos que estão sufocados por causa da prestação de contas. | Não se trata de uma anistia e sim de correção na legislação atual, já que a lei das eleições ainda prevê a suspensão do fundo partidário pela desaprovação de contas de campanha.: ""O partido político com as contas de campanha não aprovadas por não cumprimento de cota vai ter como resultado a suspensão do Fundo Partidário. E o que vai acontecer nessa preparação das eleições municipais? Não vai investir na qualificação das mulheres, não vai reservar recursos para investir na campanha de mulheres e negros."""
180,1,raquel branquinho,Raquel Branquinho,Procuradora regional de República,,,CIVIL_SOCIETY_OR_OTHER,2023-08-31,LULA,TOKEN_SUBSET,RAQUEL BRANQUINHO PIMENTA MAMEDE NASCIMENTO,2,13275,"Se trata de anistia e que a PEC não é o melhor caminho para resolver os problemas de prestação de contas por parte dos partidos. A proposta representa um retrocesso nos poucos ganhos de mulheres e negros dentro da política: ""Essa anistia vai representar um grave problema para campanhas vindouras. O desestímulo e a falta de estrutura dos partidos para financiar essas campanhas como se deve, dá o recado de que não é importante para a vida institucional da nossa democracia a representatividade feminina e a representatividade de raça no nosso parlamento."""
180,2,guilherme france,Guilherme France,Representante da Transparência Internacional,,,CIVIL_SOCIETY_OR_OTHER,2023-08-31,LULA,EXACT,GUILHERME FRANCE,1,12977,"A proposta deveria ser para aprimoramento da transparência no uso dos recursos públicos que compõem o Fundo Partidário e para a diminuição nos gastos de eleições. | A PEC é uma das maiores ameaças de retrocesso para o sistema eleitoral e político brasileiro desde a redemocratização: ""Representa, de uma só vez, uma ameaça a três de seus princípios basilares: a promoção da diversidade e o aumento da representação de grupos marginalizados em espaços de poder; a integridade e responsabilidade dos partidos políticos; e o modelo de financiamento político adequado para reduzir os riscos de corrupção, conflitos de interesse e tráfico de influência."""
180,3,brisa lima,Brisa Lima,Representante do Instituto Marielle Franco,,,CIVIL_SOCIETY_OR_OTHER,2023-08-31,LULA,EXACT,BRISA LIMA,1,9355,"Essa é a quarta vez que o Congresso Nacional concede anistia aos partidos políticos, o que só vai fazer com que se perpetue o financiamento da reserva de gênero, já reconhecido pelo Tribunal Superior Eleitoral. | Um dos maiores impedimentos para a participação das mulheres na política é justamente a falta de recursos, o que é ainda mais grave no caso de mulheres negras: ""As mulheres brancas candidatas receberam um percentual de recursos advindos dos partidos num valor de 18,1%, proporcionais às suas candidaturas (18,1%). No entanto, candidatos negros continuaram a ser subfinanciados pelos partidos. Embora mulheres negras representassem 12,9% das candidaturas receberam apenas 6,7% dos recursos."" | ""Os homens negros receberam dos partidos 16,6%, montante desproporcional às suas candidaturas, que era de 26%. Os homens brancos foram sobrefinaciados em 58,5 %, que comparando ao seu percentual de candidatos era de 43,1%."""
180,4,delegado eder mauro,Delegado Éder Mauro,Deputado (PL-PA),PL,PA,DEPUTY,2023-08-31,LULA,EXACT,DELEGADO ÉDER MAURO,1,4714,"Defendeu alterações na lei, afirmando que a Emenda Constitucional 117 foi aprovada em abril de 2022, muito próximo das eleições, e não expressou de maneira clara de que forma o financiamento para mulheres e negros deveria ser realizado, deixando os partidos políticos em dificuldades: ""O artigo 16 da Constituição estabelece que a lei que alterar o processo eleitoral entrará em vigor na data da sua publicação, não se aplicando à eleição que ocorra em até um ano da data da sua vigência."""
180,5,samia bomfim,Sâmia Bomfim,Deputada (Psol-SP),PSOL,SP,DEPUTY,2023-08-31,LULA,EXACT,SÂMIA BOMFIM,2,6155,"As cotas para negros e mulheres foram uma conquista dos movimentos sociais, e mesmo com o aumento da representação política das mulheres no Brasil, o País ainda é o que tem a pior representatividade na América Latina: ""A nossa representação poderia ser muito superior não fosse o não cumprimento dessas regras, e muitos partidos fazem isso de propósito porque sabem que depois serão anistiadas. E não é porque as mulheres não querem participar da política. As mulheres e a população negra são as maiores vítimas ou as maiores beneficiárias das decisões que são tomadas aqui, porque são a maioria da população e porque são setores mais vulneráveis econômica e socialmente."" | Os altos recursos destinados aos partidos justificam uma política eleitoral mais dura, e as dificuldades em prestar conta por parte dos partidos não pode ser usada para promover uma anistia."
181,0,margareth dalcolmo,Margareth Dalcolmo,Presidente da Sociedade Brasileira de Pneumologia e Tisiologia,,,CIVIL_SOCIETY_OR_OTHER,2023-08-31,LULA,EXACT,MARGARETH DALCOLMO,4,9701,"Estima-se que o Brasil já conte com dois milhões usuários de cigarros eletrônicos. | A maioria dos consumidores tem entre 15 e 24 anos. | Ressaltou a facilidade para comprar o produto em qualquer lugar: ""O que estamos fazendo com a permissividade da venda dos cigarros eletrônicos é criar de maneira perversa as novas legiões de dependentes de nicotina, que vão apresentar DPOC [doença pulmonar obstrutiva crônica] em idade muito mais tenra do que aquela que estamos habituados a tratar."""
181,1,sandra marques,Sandra Marques,Coordenadora estadual do Programa Nacional de Controle do Tabagismo de São Paulo,,,CIVIL_SOCIETY_OR_OTHER,2023-08-31,LULA,EXACT,SANDRA MARQUES,1,10692,"25% dos jovens de 18 a 24 estão fazendo a primeira experiência com tabaco por meio de cigarro eletrônico. | O índice aumentou em 20%, conforme dados apresentados pelo Covitel 2023, estudo de monitoramento dos fatores de risco para doenças crônicas no Brasil."
181,2,dr zacharias calil,Dr. Zacharias Calil,Deputado (União-GO),UNIAO,GO,DEPUTY,2023-08-31,LULA,EXACT,Dr. Zacharias Calil,15,9797,"A DPOC é responsável por metade das mortes decorrentes de tabaco: ""Terceira causa de óbitos no mundo, no Brasil essa doença atinge cerca de 17% da população. Para o Sistema Único de Saúde (SUS), os impactos da DPOC são alarmantes, sendo a quinta maior causa de internação entre pacientes com mais de 40 anos, cerca de 200 mil hospitalizações, com gasto anual de R$ 103 milhões."""
181,3,diogo alves,Diogo Alves,Oficial nacional de Controle de Tabaco e Impostos Saudáveis da Organização Mundial da Saúde (OMS) no Brasil,,,CIVIL_SOCIETY_OR_OTHER,2023-08-31,LULA,EXACT,DIOGO ALVES,3,11623,"Mesmo que os números ainda assustem, o Brasil conseguiu reduzir de 35% para menos de 10% a prevalência de fumantes no total da população com políticas públicas em vigor desde a década de 1980. Nenhum outro país conseguiu até hoje o mesmo índice de redução no consumo de produtos com nicotina."
181,4,monica andreis,Monica Andreis,Diretora-geral da ONG Aliança de Controle do Tabagismo,,,CIVIL_SOCIETY_OR_OTHER,2023-08-31,LULA,EXACT,MÔNICA ANDREIS,3,14313,"A medida mais efetiva para essa redução do consumo de cigarro foi a política de preço e impostos. Entre 2009 e 2016, somente essa medida teria reduzido à metade o número de fumantes. | Defende a criação de imposto seletivo para cigarros e demais derivados do tabaco, como foi aprovado pela Câmara na reforma tributária."
182,0,marcio marinho,Márcio Marinho,Deputado (Republicanos-BA),REPUBLICANOS,BA,DEPUTY,2023-08-30,LULA,EXACT,Márcio Marinho,50,20739,"Classificou o aumento de 9,63% dos planos individuais como abusivo. | Salientou que, muitas vezes, o consumidor deixa de comprar comida e roupa para pagar as mensalidades e, depois, não tem o retorno que deseja. | ""O nosso objetivo sempre é fazer a mediação entre os consumidores e os empresários. O nosso objetivo é ser um braço apoiador daquele que, nessa relação de consumo, se torna hipossuficiente, às vezes não tem uma voz para defendê-lo em relação aos seus direitos junto às empresas, aos fabricantes."""
182,1,eduardo tostes,Eduardo Tostes,Coordenador do Núcleo de Defesa do Consumidor da Defensoria Pública do Rio de Janeiro,,,CIVIL_SOCIETY_OR_OTHER,2023-08-30,LULA,FIRST_LAST,EDUARDO CHOW DE MARTINO TOSTES,8,9926,"Relatou reajustes de até 96% em planos coletivos: ""O índice de reajuste do plano coletivo é um dos mais complexos, porque esse índice não tem balizamento, não tem uma regulação por parte da ANS."""
182,2,marcos paulo novais,Marcos Paulo Novais,Superintendente executivo da Associação Brasileira de Planos de Saúde (Abramge),,,CIVIL_SOCIETY_OR_OTHER,2023-08-30,LULA,EXACT,MARCOS PAULO NOVAIS,4,18079,"Argumenta que, nos últimos cinco anos, 141 operadoras saíram do mercado e que o setor terá em 2023 um déficit operacional pelo terceiro ano seguido. | ""De cada 100 beneficiários de plano, um beneficiário vai consumir 30% do que todo mundo pagou. De cada 100 beneficiários de plano, 9 deles vão consumir mais de 60% do que todo mundo pagou. O que significa isso na prática? Os outros 91, eles só veem o reajuste, só veem a mensalidade, mas eles não veem quem está sendo tratado, quem consumiu a maior parte dos recursos."""
182,3,daniela rodrigues,Daniela Rodrigues,Representante da Agência Nacional de Saúde Suplementar (ANS),,,CIVIL_SOCIETY_OR_OTHER,2023-08-30,LULA,NONE,,0,0,"As fragilidades do setor são decorrência de fatores como a crise econômica, a falta de empregos e o envelhecimento da população. | A agência admite que é preciso aprimorar o sistema, principalmente em relação às regras para os reajustes dos planos coletivos: ""Toda aquela vulnerabilidade que se tem no plano contratado por pessoa física permanece na contratação coletiva porque grande parte dessa contratação está sendo feita por pessoa física e não por pessoa jurídica."""
183,0,marina silva,Marina Silva,Ministra do Meio Ambiente e Mudança do Clima,,,FEDERAL_EXECUTIVE,2023-08-30,LULA,TOKEN_SUBSET,MINISTRA MARINA SILVA,10,56449,"A decisão do Ibama de indeferir o pedido da Petrobras para realizar atividade de perfuração na bacia da Foz do Amazonas foi baseada em critérios técnicos e será respeitada. | ""O Ibama não facilita nem dificulta, e o Ministério do Meio Ambiente respeita aquilo que são os procedimentos devidamente instruídos com base na boa gestão pública."" | O governo receia o impacto ambiental do asfaltamento da BR-319, que pode levar à formação de uma rede de estradas vicinais, colocando pressão sobre a floresta: ""Não é só a questão de ter ou não a ‘picada’. É o impacto que a estrada vai causar."""
183,1,rodrigo agostinho,Rodrigo Agostinho,Presidente do Ibama,,,CIVIL_SOCIETY_OR_OTHER,2023-08-30,LULA,EXACT,RODRIGO ANTONIO DE AGOSTINHO MENDONÇA,5,21780,"A Petrobras entregou um pedido de reavaliação do veto, que está sob análise técnica. | Não existe ""nenhuma perseguição"" à Petrobras: ""Nenhuma empresa brasileira, nenhum empreendedor brasileiro tem mais licenças do que a Petrobras."" | O Ibama analisa hoje 15 processos de licenciamento na Margem Equatorial, onde está a foz do Amazonas. | A Petrobras pediu prioridade ao licenciamento de poços na Bacia Potiguar. | A licença prévia para a reestruturação da BR-319 já foi liberada, e o órgão aguarda o DNIT apresentar os estudos para a concessão da licença de instalação. | A obra da Linha de Transmissão Manaus-Boa Vista já tem a licença de instalação desde setembro de 2021 e deve ser retomada em breve."
183,2,lafayette de andrada,Lafayette de Andrada,Deputado (Republicanos-MG),REPUBLICANOS,MG,DEPUTY,2023-08-30,LULA,EXACT,LAFAYETTE DE ANDRADA,1,4510,"O pedido da Petrobras se restringe à perfuração de um poço com o objetivo de verificar a existência ou não de jazida petrolífera na Margem Equatorial: ""Os testes que a Petrobras deseja fazer estavam a 400 km de distância da foz. Me parece longínquo e seriam testes."""
183,3,julio lopes,Julio Lopes,Deputado (PP-RJ),PP,RJ,DEPUTY,2023-08-30,LULA,EXACT,JULIO LOPES,3,8937,"A Guiana e o Suriname, países próximos ao Amapá, já estão explorando petróleo na Margem Equatorial: ""O Suriname identificou uma reserva de petróleo em 2020, começou o licenciamento em 2021 e em 2023 já está em exploração, uma reserva do tamanho de 27% da reserva brasileira."""
183,4,junior ferrari,Júnior Ferrari,Deputado (PSD-PA),PSD,PA,DEPUTY,2023-08-30,LULA,EXACT,JÚNIOR FERRARI,1,3054,"A Petrobras tem experiência na exploração de bacias sedimentares e já garantiu que o risco de acidente com o poço ""é quase zero""."
183,5,sidney leite,Sidney Leite,Deputado (PSD-AM),PSD,AM,DEPUTY,2023-08-30,LULA,EXACT,SIDNEY LEITE,6,4118,"A decisão de não incluir a obra de reestruturação da BR-319 no Novo PAC prejudicou a região: ""O que me causa espécie é que não se trata de uma obra nova. Estamos falando de uma estrada existente, e ela é bem antiga, por sinal."""
183,6,ricardo salles,Ricardo Salles,Deputado (PL-SP),PL,SP,DEPUTY,2023-08-30,LULA,EXACT,RICARDO SALLES,1,9484,"O atraso na obra da Linha de Transmissão Manaus-Boa Vista tem prejudicado o meio ambiente, já que sem o ‘linhão’, o estado vem sendo abastecido por termelétricas poluentes: ""A mim me parece que o licenciamento é uma maneira analítica, técnica, de se dizer o ‘sim’, porque se for para dizer o ‘não’, a gente nem precisa do licenciamento [para o empreendimento]."""
184,0,gianna sagazio,Gianna Sagazio,Diretora de Inovação da Confederação Nacional da Indústria (CNI),,,CIVIL_SOCIETY_OR_OTHER,2023-08-30,LULA,EXACT,GIANNA CARDOSO SAGAZIO,2,11208,"Solicitou que as empresas possam usar o excedente de recursos destinados à pesquisa tecnológica em anos posteriores para cumprimento da legislação: ""A gente está falando do único instrumento fiscal que o Brasil tem para apoiar as empresas a inovar"""
184,1,vitor lippi,Vitor Lippi,Deputado (PSDB-SP) e relator do projeto que muda a Lei do Bem,PSDB,SP,DEPUTY,2023-08-30,LULA,EXACT,Vitor Lippi,21,21679,"""Temos consciência da importância da nova Lei do Bem, que realmente traz algumas contribuições importantes para dar mais estabilidade para as empresas e sustentabilidade de curto, médio e longo prazo"" | A colaboração entre universidades, empresas e governo permite mais eficiência na alocação de recursos, melhora a competitividade das empresas, fortalece as universidades, gera riqueza e empregos e promove o desenvolvimento econômico e social."
184,2,guilherme calheiro,Guilherme Calheiro,Secretário de desenvolvimento tecnológico e inovação do Ministério da Ciência e Tecnologia,,,FEDERAL_EXECUTIVE,2023-08-30,LULA,NONE,,0,0,"O marco legal da ciência, tecnologia e inovação já regulamenta os instrumentos necessários para o funcionamento do modelo de tripla hélice. | Há dificuldades impostas pelos órgãos de controle que dificultam a aplicação efetiva do marco legal: ""Isso dificulta, em grande parte, a aplicação efetiva do marco legal. Os órgãos de controle que não absorveram esse espírito da lei"""
184,3,ricardo galvao,Ricardo Galvão,Presidente do Conselho Nacional de Desenvolvimento Científico e Tecnológico (CNPq),,,CIVIL_SOCIETY_OR_OTHER,2023-08-30,LULA,EXACT,RICARDO MAGNUS OSÓRIO GALVÃO,2,12113,"Sem integração, há barreiras para os investimentos necessários: ""Temos uma dificuldade muito grande, por exemplo, de colocar contratos direto nas empresas para desenvolver componentes. Nunca era reconhecido pela consultoria jurídica da União como uma coisa possível de ser realizada. E isso é um problema seríssimo"""
184,4,lilian amaral,Lílian Amaral,Gerente de relações Institucionais da Associação Nacional de Pesquisa e Desenvolvimento das Empresas Inovadoras,,,CIVIL_SOCIETY_OR_OTHER,2023-08-30,LULA,FIRST_LAST,LILIAN DE ANDRADE AMARAL,2,9717,"O ambiente regulatório precisa ser melhorado para promoção da integração entre universidades, empresas e governo."
185,0,carlos gouvea,Carlos Gouvêa,Diretor da Sociedade Brasileira de Triagem Neonatal e Erros Inatos do Metabolismo,,,CIVIL_SOCIETY_OR_OTHER,2023-08-30,LULA,EXACT,CARLOS GOUVÊA,4,17880,"Apontou uma grande diferença de cobertura do teste do pezinho entre os estados brasileiros. | Citou como exemplo estados como o Piauí e Pernambuco, onde apenas 24% dos nascidos vivos têm a coleta realizada na primeira semana de vida, e Alagoas, onde esse percentual melhora um pouco, mas fica por volta de 40%. | Indicou que nos estados de São Paulo e Paraná, essa cobertura é superior a 80%. | Mencionou que em Brasília, 97% dos bebês são submetidos ao exame nos primeiros 7 dias de vida."
185,1,iza arruda,Iza Arruda,Deputada (MDB-PE),MDB,PE,DEPUTY,2023-08-30,LULA,EXACT,Iza Arruda,20,14397,"Enfatizou a necessidade de políticas públicas que preencham as particularidades dos estados brasileiros: ""A gente entende que cada estado tem uma realidade diferente e é importante que a gente construa essas políticas públicas para alcançar o objetivo""."
185,2,daniela machado mendes,Daniela Machado Mendes,Diretora do Instituto Jô Clemente,,,CIVIL_SOCIETY_OR_OTHER,2023-08-30,LULA,EXACT,DANIELA MACHADO MENDES,2,12817,"Destacou que, além do diagnóstico precoce, a formação de profissionais qualificados também deve estar no planejamento do programa nacional de triagem neonatal."
186,0,taliria petrone,Talíria Petrone,Deputada (Psol-RJ),PSOL,RJ,DEPUTY,2023-08-29,LULA,EXACT,Talíria Petrone,13,16934,"Admitiu alterar Projeto de Lei 83/22 sobre auxílio emergencial de um salário mínimo em situações de enchente e seca. | Cogita elaborar nova proposta mais abrangente para corrigir lacunas da atual legislação. | Quer acatar sugestões como a criação de fórum ou comitê para controle social da execução do auxílio, fim da burocracia na liberação de recursos, combinação de assistência emergencial com mitigação de mudanças climáticas e adoção de novos conceitos como 'racismo ambiental': ""Esse Brasil tem proporções continentais, necessidades diversas e desigualdades muito profundas. Com tantas décadas em que as populações vivem em favelas e periferias, onde o direito não chega, mas chegam o desastre, o deslizamento."""
186,1,gabriel mantelli,Gabriel Mantelli,Assessor do Conectas Direitos Humanos,,,CIVIL_SOCIETY_OR_OTHER,2023-08-29,LULA,EXACT,GABRIEL MANTELLI,2,12536,"Defendeu a inclusão do conceito de 'perdas e danos climáticos' no texto: ""Mundialmente, tem-se falado das políticas de reparação e de responsabilização a partir da linguagem das perdas e danos. Finalmente, no ano passado, conseguiu-se aprovar um fundo mundial para perdas e danos, na COP do Egito. Quanto mais alinhada a gente estiver a essa linguagem, esses fundos chegarão às pessoas brasileiras que estão passando pelas situações de enchentes e desastres."""
186,2,lidia assumpcao,Lídia Assumpção,Membro da Coalizão Negra por Direitos,,,CIVIL_SOCIETY_OR_OTHER,2023-08-29,LULA,FIRST_LAST,LÍDIA LINS ASSUMPÇÃO,2,14399,"Pediu interligação do auxílio com políticas públicas de saúde, educação, assistência social, trabalho e renda. | Afirmou que a legislação não considera a longa repercussão dos desastres climáticos."
186,3,victor machezini,Victor Machezini,Pesquisador do Centro Nacional de Monitoramento e Alerta de Desastres Naturais,,,CIVIL_SOCIETY_OR_OTHER,2023-08-29,LULA,NONE,,0,0,"Concordou que é preciso manter a solidariedade e as ações concretas de socorro mesmo depois da emergência: ""Há muitos casos em que não temos um grande número de mortes durante a emergência da inundação, mas, ao longo do processo de reconstrução e recuperação, há muitas pessoas que morrem de depressão e outros impactos psicossociais. Então, é importante pensar nesse auxílio duradouro."" | Reclamou que o atual Formulário de Informações de Desastres (FIDE) não permite as caracterizações de idade, gênero e étnico-racial dos danos humanos, o que atrapalha o planejamento de políticas públicas."
186,4,maria de jesus,Maria de Jesus,Membro do Movimento dos Trabalhadores Sem-Terra,,,CIVIL_SOCIETY_OR_OTHER,2023-08-29,LULA,EXACT,MARIA DE JESUS,1,6063,"Cobrou medidas efetivas de reflorestamento e de armazenamento de água: ""Não só a bolsa pela bolsa. Precisamos ir além e enfrentar o problema estrutural principalmente em relação às matas ciliares e à recuperação dos nossos rios."""
186,5,gisele sa,Gisele Sá,Membro do Instituto de Referência Negra Peregum,,,CIVIL_SOCIETY_OR_OTHER,2023-08-29,LULA,NONE,,0,0,"Sugeriu que os deputados aproveitem o momento para corrigir instrumentos que não têm funcionado na Lei 10.954/04, que criou o auxílio emergencial financeiro para atingidos por desastres em 2004."
187,0,wanderley da rocha,Wanderley da Rocha,Representante da Associação Nacional das Etnias Ciganas,,,CIVIL_SOCIETY_OR_OTHER,2023-08-24,LULA,EXACT,WANDERLEY DA ROCHA,3,6499,"Os ciganos querem ser reconhecidos e, para isso, é preciso que eles façam parte do Censo demográfico brasileiro: ""Nós somos sim invisibilizados e sonhamos em sair da invisibilidade porque sabemos que é direito nosso e dever do Estado"""
187,1,ronaldo dos santos,Ronaldo dos Santos,Representante do Ministério da Igualdade Racial,,,FEDERAL_EXECUTIVE,2023-08-24,LULA,EXACT,RONALDO DOS SANTOS,1,4678,"O Estatuto do Cigano vai colocar o Brasil na vanguarda do reconhecimento dos direitos dessa população marginalizada no mundo inteiro. | Antes é preciso fazer o levantamento da realidade dessas pessoas para poder executar as políticas públicas necessárias: ""O Brasil não se conhece, o Brasil insiste em não se conhecer. E todos os dias, quando o Brasil se conhece mais um pouquinho, dá a impressão de que o Brasil precisa se esforçar mais para se conhecer mais e melhor, porque ninguém cuida ou respeita aquilo ou aquele que não conhece"""
187,2,luizianne lins,Luizianne Lins,Deputada (PT-CE) e presidente da Comissão de Direitos Humanos,PT,CE,DEPUTY,2023-08-24,LULA,EXACT,Luizianne Lins,12,20245,"Apesar de habitarem o Brasil há mais de 400 anos, os ciganos ainda são invisíveis para a maior parte da população: ""Esses grupos honram sua ancestralidade, lutam por direitos para manterem suas origens, uma vez que hábitos nômades dificultam seus registros e organização. Hábitos nômades muitas vezes seguidos de expulsões para manter a invisibilidade e silenciar a população, quando não se trata muitas vezes de conflito de terra"""
187,3,jose godoy,José Godoy,Procurador do Ministério Público Federal,,,CIVIL_SOCIETY_OR_OTHER,2023-08-24,LULA,TOKEN_SUBSET,JOSÉ GODOY BEZERRA DE SOUZA,2,8794,"Denunciou a violência perpetrada pelo Estado brasileiro contra os ciganos, o que deveria ser levado a uma corte internacional de direitos humanos: ""O que une todos esses grupos, sejam calons, sinti ou roms, sejam ciganos com condições financeiras confortáveis, sejam pobres ou na extrema pobreza, é a violência policial. Essa não tem discriminação e ela bate, ela atira, ela afeta todos os ciganos no Brasil"""
188,0,luana bonone,Luana Bonone,"Coordenadora-geral de Popularização da Ciência e Tecnologia do Ministério da Ciência, Tecnologia e Inovação (MCTCI)",,,CIVIL_SOCIETY_OR_OTHER,2023-08-24,LULA,FIRST_LAST,LUANA MENEGUELLI BONONE,3,11552,"A disparidade de gênero por áreas de conhecimento reflete a divisão sexual tradicional do trabalho: ""Nas ciências exatas e da terra, 35% dos bolsistas são mulheres; em engenharias e computação, elas são 33,6% das bolsistas – ou seja, 1/3 apenas, enquanto em outras áreas, como linguística, letras, artes e áreas da saúde, 66% dos bolsistas são mulheres, percentual mais próximo da participação feminina na graduação"". | São necessárias políticas públicas interministeriais e do Legislativo, com atenção ainda do Judiciário e da sociedade civil, para garantir equidade nas carreiras científicas e tecnológicas. | Citou o programa Futuras Cientistas, que estimula o contato de alunas e professoras da rede pública de ensino com as áreas de Ciência, Tecnologia, Engenharia e Matemática. | Citou o Programa Mulheres Inovadoras, que estimula startups lideradas por mulheres. | Citou o programa Meninas e Mulheres na Ciência, que concede bolsas para pesquisadoras coordenadoras de projetos e estudantes participantes."
188,1,mercedes bustamante,Mercedes Bustamante,Presidente da Coordenação de Aperfeiçoamento de Pessoal de Nível Superior (Capes),,,CIVIL_SOCIETY_OR_OTHER,2023-08-24,LULA,EXACT,MERCEDES BUSTAMANTE,1,12853,"As mulheres são maioria entre os professores nas universidades brasileiras apenas nas matérias da saúde e de linguagem, letras e artes. | Muitos estados do Norte e do Nordeste têm índices ainda menores de mulheres professoras, abaixo da média nacional. | Nos programas de pós-graduação das universidades, dados de 2021 da plataforma Capes mostram que elas representavam 42% dos pesquisadores. Porém, no doutorado acadêmico, eram apenas 38%. Já no pós-doutorado, as mulheres representam 54% dos pesquisadores. | Os números não têm rendido mais contratações (por concurso público) para mulheres como professoras das universidades. | Entre as mulheres com bolsas de produtividade do CNPq, apenas 7% eram negras e 1% eram indígenas (dados de 2015). | Sobre os dados da Capes de 2019, quando mais mulheres do que homens foram tituladas doutoras e elas tinham mais empregos formais como doutoras do que os homens, e ainda assim tinham menor remuneração: ""Isso pode estar associado a dois fatores: a menor participação das mulheres em cargos gerenciais e de liderança e a maior participação das mulheres em áreas e ocupações com menores médias de remuneração"". | Apresentou algumas questões que deveriam ser objeto de políticas públicas: ""Por que hoje formamos mais mulheres com os níveis mais altos de titulação do País e elas continuam sendo pouco absorvidas nas universidades? Por que as doutoras tituladas geralmente recebem uma menor remuneração do que os homens no emprego formal? E, por fim, como nós podemos democratizar sobretudo as carreiras de tecnologia, ciências exatas e da terra e também promover uma educação global inclusiva que traga mais equidade de gênero?"" | É preciso desmistificar a noção de que as carreiras de tecnologia, ciências exatas e da terra são mais difíceis e mais apropriadas para os homens."
188,2,isabela andrade,Isabela Andrade,"Reitora da Universidade Federal de Pelotas, representando a Associação Nacional dos Dirigentes das Instituições Federais de Ensino Superior (Andifes)",,,CIVIL_SOCIETY_OR_OTHER,2023-08-24,LULA,FIRST_LAST,ISABELA FERNANDES ANDRADE,1,9279,"Muitas mulheres não conseguem chegar ao topo da carreira e têm que optar entre carreira e família: ""Muitas não aceitam determinados cargos por não se sentirem aptas, capazes ou por falta de suporte familiar"". | Citou a barreira do assédio sexual. | Citou iniciativas que podem ajudar a alterar esse quadro, como a presença obrigatória de mulheres em bancas examinadoras de concursos públicos para professores, além de critérios compensatórios para pesquisadoras que usufruíram de licença maternidade durante a pós-graduação."
188,3,dalila oliveira,Dalila Oliveira,"Diretora de Cooperação Institucional, Internacional e Inovação do Conselho Nacional de Desenvolvimento Científico e Tecnológico (CNPq)",,,CIVIL_SOCIETY_OR_OTHER,2023-08-24,LULA,FIRST_LAST,DALILA ANDRADE OLIVEIRA,2,8932,"Embora as mulheres sejam maioria nas bolsas, os valores totais aprovados por projeto podem chegar a quantias até 60% menores. | As áreas de Ciência, Tecnologia, Engenharia e Matemática, em geral dominadas por homens, recebem recursos maiores do que as das ciências humanas e sociais. | O CNPq vai lançar o edital Meninas nas Ciências Exatas, Engenharias e Computação, com investimento de R$ 100 milhões para o período de três anos. | Deverá ser lançado em breve o Atlânticas - Programa Beatriz Nascimento de Mulheres na Ciência, para o desenvolvimento da carreira científica de mais mulheres negras, indígenas, quilombolas e ciganas. | Citou a prorrogação de bolsas para mulheres em licença maternidade e a inserção da maternidade no chamado currículo Lattes.: ""Porque faz diferença""."
188,4,ana priscila alves,Ana Priscila Alves,Vice-presidente da Associação Nacional dos Pós-Graduandos (ANPG),,,CIVIL_SOCIETY_OR_OTHER,2023-08-24,LULA,EXACT,ANA PRISCILA ALVES,1,9349,"A licença maternidade é de quatro meses e apenas para bolsistas, sendo necessário avançar na licença de seis meses para todas as pós-graduandas. | Pediu compromisso do Parlamento para a derrubada urgente do decreto (997/93) que proíbe a criação de novas creches nas universidades. | Chamou a atenção para dados do Dossiê Florestan Fernandes, mostrando que mulheres brancas e negras relatam, entre as dificuldades enfrentadas, problemas emocionais, o que não afeta os homens. | Considera importante pesquisar o que tem levado ao adoecimento das mulheres na pós-graduação. | Citou a necessidade de coibir o assédio sexual dentro da universidade."
188,5,ana pimentel,Ana Pimentel,Deputada (PT-MG),PT,MG,DEPUTY,2023-08-24,LULA,EXACT,Ana Pimentel,11,9628,"A redução do número de mulheres à medida que aumenta o grau de formação e as oportunidades na carreira docente ficou conhecida como 'efeito tesoura': ""Esse fenômeno de exclusão, de dificuldade de acesso e continuidade na carreira acadêmica e científica se expressa ainda mais quando acrescentamos recortes raciais e de classe, além da maternidade""."
189,0,luizio felipe rocha,Luizio Felipe Rocha,Consultor de relações governamentais do Spotify,,,CIVIL_SOCIETY_OR_OTHER,2023-08-24,LULA,EXACT,LUIZIO FELIPE ROCHA,3,12236,"Acredita que uma boa regulamentação pode impedir abusos dos dispositivos móveis que dominam o mercado. | Considera que usar a receita das empresas como critério para taxação na nova legislação pode ser 'pouco equitativo'. Acredita que basear taxas às receitas das plataformas pode acabar isentando empresas como Google e Apple por conta de seus modelos de negócios: ""A Apple não licencia ou vende separadamente seu sistema operacional IOS. Ele é monetizado por meio dos iphones que o acompanham. O Google é monetizado por meio de receitas de publicidade possibilitadas pelos dados coletados pelo Google nos seus dispositivos móveis."""
189,1,adriana cardinali,Adriana Cardinali,Diretora de Enhanced Marketplace do Mercado Livre,,,CIVIL_SOCIETY_OR_OTHER,2023-08-24,LULA,TOKEN_SUBSET,ADRIANA LAPORTA CARDINALI STRAUBE,4,13387,"O Brasil não deve importar modelos de regulamentações de outros países. | Critérios como faturamento e número de inscritos podem mascarar operações no setor: ""O Mercado Livre acredita que esse critério está baseado numa técnica regulatória inadequada porque esse tipo de limite, relacionado ao tamanho da plataforma por si só, não mede o nível de concorrência efetiva nos mercados."" | Essa técnica tem um risco de regular mercados competitivos: ""O que, em economia, a gente entende que é o equivalente a administrar remédios para uma pessoa saudável."""
189,2,ricardo medeiros,Ricardo Medeiros,Economista-adjunto do Conselho Administrativo de Defesa Econômica (Cade),,,CIVIL_SOCIETY_OR_OTHER,2023-08-24,LULA,TOKEN_SUBSET,RICARDO MEDEIROS DE CASTRO,4,14363,"Há dificuldades no conselho em ter acesso a dados que permitam a fiscalização. | Defendeu a aprovação de um projeto (PLP 523/18) que daria ao Cade acesso aos bancos de dados da Receita Federal. | ""No Brasil, por exemplo, se tem uma noção de que os dados de notas fiscais eletrônicas devem ser utilizados apenas para análise de infrações de ordem tributária. Ou seja, evasão fiscal, sonegação, mas não se utiliza e não se compartilha esses dados para análise de cartel, de atos de concentração, para modelos de simulação."" | Hoje, o Cade tem que pagar ao Serpro para obter dados que são próprios do serviço público."
189,3,any ortiz,Any Ortiz,Deputada (Cidadania-RS) e relatora do PL 2768/22,CIDADANIA,RS,DEPUTY,2023-08-24,LULA,EXACT,Any Ortiz,15,11354,"""Nós entendemos a importância dos mercados digitais na economia local e é fundamental que a Câmara dos Deputados promova um debate aprofundado. Posteriormente faremos também um seminário para incluir demais players."" | A intenção é elaborar um texto que garanta competitividade, promoção da concorrência, para fomentar inovação, crescimento econômico e direitos dos consumidores e empreendedores."
190,0,marcela pontes,Marcela Pontes,Gerente de Acesso e Precificação do Sindicato da Indústria de Produtos Farmacêuticos (Sindusfarma),,,CIVIL_SOCIETY_OR_OTHER,2023-08-23,LULA,EXACT,MARCELA PONTES,2,7545,"O País está fora da rota mundial de pesquisas clínicas. O Brasil ocupa o 19º lugar no ranking de pesquisas clínicas, considerando todos os tipos de enfermidades. | O custo do estudo clínico por paciente é uma barreira: ""A gente tem uma das cargas tributárias mais altas do mundo, que incide sobre insumos e toda a cadeira científica."" | Apesar de ocupar um lugar modesto na lista de pesquisas, o País é o 8º em consumo de medicamentos."
190,1,romulo marques,Rômulo Marques,Diretor da Federação Brasileira das Associações de Doenças Raras (Febrararas),,,CIVIL_SOCIETY_OR_OTHER,2023-08-23,LULA,FIRST_LAST,RÔMULO BEZERRA MARQUES,2,11870,"Defendeu a aprovação do projeto em análise na Câmara (PL 3262/20) que cria o Fundo Nacional para Custeio e Fornecimento de Medicações e Terapias destinadas ao Tratamento de Doenças Raras ou Negligenciadas. | Defendeu a instalação de centros de referências pelo País: ""A partir dos centros de referências, vão se estabelecer pontos de convergência entre os profissionais de saúde, que produzirão conhecimento, artigos"". ""Esses centros também serão fundamentais ainda para a macrogestão das unidades hospitalares."""
190,2,marina domenech,Marina Domenech,Vice-presidente da Associação Brasileira das Organizações Representativas de Pesquisa Clínica (Abracro),,,CIVIL_SOCIETY_OR_OTHER,2023-08-23,LULA,EXACT,MARINA DOMENECH,2,12732,"O tratamento de doenças raras no Brasil leva cerca de 10 a 15 anos para ser realizado, enquanto nos Estados Unidos a demora é de aproximadamente sete anos: ""A gente precisa de padrões e protocolos comuns para reduzir o tempo de diagnóstico, acho que esse é um pleito que a gente precisa fazer."""
190,3,erika kokay,Erika Kokay,Deputada (PT-DF),PT,DF,DEPUTY,2023-08-23,LULA,EXACT,Erika Kokay,19,14849,"Destacou a importância do diagnóstico precoce. | Ressaltou o dever do Estado de prover ""políticas públicas que assegurem o exercício do direito à saúde, previsto na Constituição."""
191,0,cristina mendonca,Cristina Mendonça,Diretora-executiva da ONG internacional Mercy for Animals,,,CIVIL_SOCIETY_OR_OTHER,2023-08-17,LULA,EXACT,CRISTINA MENDONÇA,4,18618,"O bem-estar animal é fundamental para o efetivo cumprimento das metas de contenção do aquecimento global: ""A gente precisa reduzir 45% das emissões de gases do efeito estufa. A magnitude dessa mudança é extraordinária e é por isso que se fala em mudanças radicais e mudanças transformacionais."""
191,1,celso funcia lemme,Celso Funcia Lemme,Pesquisador da Universidade Federal do Rio de Janeiro (UFRJ),,,CIVIL_SOCIETY_OR_OTHER,2023-08-17,LULA,EXACT,CELSO FUNCIA LEMME,1,9808,"O setor produtivo deve encarar o desafio do bem-estar animal como novas oportunidades econômicas: ""O custo de fazer uma mudança pode ser alto, mas o risco de não fazer pode ser muito maior, ou seja, você pode ser eliminado de mercados, perder oportunidades ou perder a sua liderança."""
191,2,alysson soares,Alysson Soares,Especialista em políticas públicas do The Good Food Institute,,,CIVIL_SOCIETY_OR_OTHER,2023-08-17,LULA,EXACT,ALYSSON SOARES,1,10861,"A produção de alimentos a partir de proteínas de vegetais, proteínas cultivadas e fermentação de precisão é uma das novas oportunidades. | ""Tem o termo hoje dos chamados ‘flextarianos’: são aquelas pessoas que – por motivos nem sempre ligados à causa animal ou à mitigação de impactos climáticos, mas muitas vezes por conta de saúde – têm que reduzir o consumo de carne. E é nesse público que os produtos plant-based e de proteínas alternativas no geral miram."""
191,3,vanessa negrini,Vanessa Negrini,Diretora de proteção e direitos dos animais do Ministério do Meio Ambiente,,,CIVIL_SOCIETY_OR_OTHER,2023-08-17,LULA,EXACT,VANESSA NEGRINI,1,6902,"A causa do bem-estar animal deve ser um tema de Estado: ""Esse tema do bem-estar animal precisa ser debatido no conjunto dos interesses da sociedade, nos vários órgãos que discutem isso. É pelo bem dos animais? Sim, é pelo bem dos animais. Mas, não se iludam, é sobretudo pela vida humana na Terra."""
191,4,bruno ganem,Bruno Ganem,Deputado (Pode-SP),PODEMOS,SP,DEPUTY,2023-08-17,LULA,EXACT,Bruno Ganem,12,6986,"É necessário conscientizar sobre o nexo entre bem-estar animal, meio ambiente e desenvolvimento sustentável: ""É justamente solicitar ao governo brasileiro que apoie e auxilie o PNUMA no desenvolvimento do Relatório Nexus, liderando um processo consultivo regional, capacitando os serviços públicos federais e os diversos ministérios envolvidos."""
192,0,igor rodrigues britto,Igor Rodrigues Britto,Diretor de relações institucionais do Instituto Brasileiro de Defesa do Consumidor (Idec),,,CIVIL_SOCIETY_OR_OTHER,2023-08-16,LULA,EXACT,IGOR RODRIGUES BRITTO,4,15758,"A pouca durabilidade dos componentes do telefone celular, o elevado custo para trocá-lo fora do prazo de garantia e a falta de componentes obrigam o consumidor a mudar de aparelho. | ""O nosso Código de Defesa do Consumidor, muito bem elaborado, muito bem escrito, não é capaz de enfrentar a questão da descartabilidade. As partes que falam de durabilidade de produtos foram escritas em 1990 e, desde então, nunca foram atualizadas. A obsolescência programada é só um elemento complexo de um problema maior, ou seja, a falta de durabilidade dos bens de consumo no Brasil."" | O código também não fala sobre o tempo de funcionamento de softwares e defendeu que os fabricantes mantenham peças de reposição para produtos não mais vendidos, regra que deveria atingir os softwares, como ocorre na legislação europeia."
192,1,humberto barbato,Humberto Barbato,Presidente-executivo da Associação Brasileira da Indústria Elétrica e Eletrônica (Abinee),,,CIVIL_SOCIETY_OR_OTHER,2023-08-16,LULA,EXACT,HUMBERTO BARBATO,5,21133,"Os produtos lançados no Brasil são similares aos do resto do mundo e nega a existência da obsolescência programada. | A média de uso de um telefone celular, de menos de três anos, se deve ao desejo do consumidor de acompanhar as novidades, e que, se os celulares ficassem obsoletos, não haveria mercado de telefones usados: ""Na América Latina, o crescimento de vendas de telefones celulares usados é de 29%; nos Estados Unidos é de 15%; na Índia, de 25%; na China, de 10%. Se o telefone tivesse essa tal obsolescência programada, como se quer dizer que existe, por que uma pessoa iria comprar um telefone usado? Ele não serviria mais. Então, não existe uma obsolescência programada, existem necessidades que o consumidor tem e que nós, como fabricantes, temos que atender."" | A Secretaria Nacional do Consumidor investigou a suposta obsolescência programada nos aparelhos da Samsung e concluiu em nota técnica (NT 399/19) que não havia elementos suficientes para comprovação. O caso acabou arquivado."
192,2,marcelo de souza do nascimento,Marcelo de Souza do Nascimento,Diretor-geral do Procon-DF,,,CIVIL_SOCIETY_OR_OTHER,2023-08-16,LULA,EXACT,MARCELO DE SOUZA DO NASCIMENTO,4,10359,"No Brasil, não há condenação coletiva, mas há decisões individuais favoráveis. O consumidor pode fazer valer o seu direito para casos assim: ""O Judiciário tem entendido, inclusive, que, após o fim do prazo de garantia contratual legal, não cessa a responsabilidade civil do fornecedor para conserto ou troca daquele produto quando é identificado que o produto teve a vida útil abreviada de forma proposital."""
192,3,davison gonzaga da silva,Davison Gonzaga da Silva,Gerente de Certificação e Numeração da Agência Nacional de Telecomunicações (Anatel),,,CIVIL_SOCIETY_OR_OTHER,2023-08-16,LULA,EXACT,DAVISON GONZAGA DA SILVA,4,6397,"A agência trabalha na certificação de celulares, baterias e carregadores de acordo com as normas internacionais: ""E, dentro desse processo, o que nós sempre buscamos é colocar no mercado equipamentos com estejam com as novas tecnologias e que sigam parâmetros técnicos mínimos de qualidade."""
192,4,marcio marinho,Márcio Marinho,Deputado (Republicanos-BA),REPUBLICANOS,BA,DEPUTY,2023-08-16,LULA,EXACT,Márcio Marinho,20,20141,"Criticou a estratégia das empresas de implantar a tecnologia de forma paulatina, de maneira que o consumidor terá sempre que adquirir um novo modelo, pois o seu atual se tornou obsoleto ou não funcional. | Ele deve se reunir com entidades de defesa do consumidor para a elaboração de um projeto de lei que combata a obsolescência programada. | ""[Diante das] várias informações e sugestões de projetos de lei que já nos passaram aqui, nós vamos procurar analisar a legislação de outros países a respeito dessas mesmas empresas que estão aqui representadas pelo senhor Humberto, para que a gente possa ter o mesmo comportamento também no Brasil."""
193,0,jose tarcisio da silva,José Tarcísio da Silva,Presidente da Confederação Nacional das Microempresas e Empresas de Pequeno Porte (Comicro),,,CIVIL_SOCIETY_OR_OTHER,2023-08-15,LULA,EXACT,JOSÉ TARCÍSIO DA SILVA,1,8859,"defendeu uma espécie de Programa Desenrola para microempresas enfrentarem o endividamento agravado por altas taxas de juros. | Afirmou que 40% dos microempreendedores individuais (MEI) estão endividados: ""É impagável. O cara não parou de pagar porque ele quis, não, foi porque ele não pode pagar. Ele está vendendo bens. Para resolver esse problema, só tem uma solução: vamos criar o Desenrola da microempresa, vamos tirar os juros e as multas do Fisco, vamos parcelar o principal [da dívida] e dar tempo para esse cidadão pagar o que deve e começar novamente."""
193,1,jorge goetten,Jorge Goetten,Deputado (PL-SC),PL,SC,DEPUTY,2023-08-15,LULA,EXACT,Jorge Goetten,12,19149,"Defende a autonomia do Banco Central. | Criticou a dependência do Banco Central em relação ao capital especulativo internacional: ""Em fevereiro de 2023, nós tínhamos uma inflação de 5,6% e taxa de juros de 13,75%. O juro real estava na casa de 8,15%: disparado o maior juro real do mundo. Agora, em agosto de 2023, com inflação de 3,16%, a taxa caiu para 13,25%. O juro real foi para 10,9%. É uma conta que não fecha."""
193,2,ze neto,Zé Neto,Deputado (PT-BA),PT,BA,DEPUTY,2023-08-15,LULA,EXACT,ZÉ NETO,1,2999,"Criticou a atual política do Banco Central, afirmando que o mercado financeiro tem se revelado mais importante do que o mercado consumidor e o setor produtivo."
193,3,vitor lippi,Vitor Lippi,Deputado (PSDB-SP),PSDB,SP,DEPUTY,2023-08-15,LULA,EXACT,Vitor Lippi,16,18654,Afirmou que o Brasil ainda tem os “piores ambientes de negócio” do mundo.
193,4,mauricio de moura,Maurício de Moura,Diretor de Relacionamento do Banco Central,,,CIVIL_SOCIETY_OR_OTHER,2023-08-15,LULA,FIRST_LAST,MAURÍCIO COSTA DE MOURA,1,19679,"Defendeu a estratégia de “pouso suave”, baseada no controle da inflação com impacto atenuado sobre nível da atividade econômica. | Afirmou que o processo de desinflação está em curso, mas ainda requer uma política monetária contracionista, ancorada no regime de metas para inflação: ""A gente está vendo a inflação baixa agora não é pela taxa de 13,75% de duas semanas atrás. É por causa da Selic de 18 meses atrás. Essa Selic de hoje vai apresentar potência máxima de seu resultado daqui a 18 meses"". ""A gente tem que tomar decisões pela inflação corrente, pelo hiato do produto, pela inflação que será no futuro e pela expectativa das pessoas e dos agentes de mercado de que a inflação, de fato, vai convergir para o centro da meta."" | Afirmou que o crédito para as pequenas e médias empresas tem crescido de forma constante."
193,5,bndes,BNDES,Banco Nacional de Desenvolvimento Econômico e Social,,,CIVIL_SOCIETY_OR_OTHER,2023-08-15,LULA,NONE,,0,0,"Informou apoiar o setor de pequenas e médias empresas por meio de operações indiretas e instituições parceiras, como bancos comerciais, agências de fomento, cooperativas de crédito e bancos de montadoras."
193,6,febraban,Febraban,Federação Brasileira de Bancos,,,CIVIL_SOCIETY_OR_OTHER,2023-08-15,LULA,NONE,,0,0,"Defendeu o aperfeiçoamento dos fundos garantidores de crédito. | Defendeu a aprovação do projeto de lei (PL 4188/21) que trata do sistema de garantias. | Afirmou que a redução do spread bancário dependeria da queda nos custos de intermediação financeira, como inadimplência e impostos."
194,0,renata falzoni,Renata Falzoni,Representante do movimento Bike é Legal,,,CIVIL_SOCIETY_OR_OTHER,2023-08-15,LULA,EXACT,RENATA FALZONI,2,14338,"Em acidentes envolvendo pedestres ou ciclistas e carros, se a velocidade for de até 40 km/h as chances de sobrevivência são de 65% contra 15%, se a velocidade for de 60 km/h. | ""Com isso, há redução dos congestionamentos, da poluição, do consumo de combustível, do stress da cidade e do ruído urbano e criamos um ambiente de tolerância, um compartilhamento das vias baseado em um trânsito calmo, de gentileza."""
194,1,maria alice nascimento,Maria Alice Nascimento,Diretora do Departamento de Segurança no Trânsito do Ministério dos Transportes,,,CIVIL_SOCIETY_OR_OTHER,2023-08-15,LULA,TOKEN_SUBSET,MARIA ALICE NASCIMENTO SOUZA,1,7359,"A pasta adotou dois manuais: um de medidas moderadoras e outro de ruas completas e de gestão de velocidade. | As medidas de diminuição da violência no trânsito serão mais eficazes quando essa disciplina fizer parte da grade curricular de todas as escolas brasileiras: ""A gente sabe que começa no ensino e eu não entendo porque até hoje não é obrigatório."""
194,2,ana carboni,Ana Carboni,Representante da União de Ciclistas do Brasil,,,CIVIL_SOCIETY_OR_OTHER,2023-08-15,LULA,FIRST_LAST,ANA LUIZA CARBONI,1,7123,"A legislação brasileira já prevê que pedestres e ciclistas são prioridades nas ruas, mas mesmo assim o Brasil é o terceiro país no ranking mundial de mortes no trânsito. | Somente a redução na velocidade das vias vai ser capaz de evitar essas mortes."
194,3,jonas donizette,Jonas Donizette,Deputado (PSB-SP),PSB,SP,DEPUTY,2023-08-15,LULA,EXACT,Jonas Donizette,17,12478,"A redução da velocidade nas vias brasileiras ainda é um desafio para os gestores que enfrentam o descontentamento de parte da população: ""Mas o resultado é comprovado."" | No centro de Campinas nós temos um viaduto que se chama viaduto Cury. Constantemente tinha acidentes, eu coloquei 40 km/h e nós não tivemos mais nem mortes, nem pessoas mutiladas."
195,0,assimakis komminos,Assimakis Komminos,Advogado especialista em mercados e serviços digitais do escritório de advocacia White & Case,,,CIVIL_SOCIETY_OR_OTHER,2023-08-10,LULA,NONE,,0,0,"Discorda de que se use como modelo a regulação da União Europeia: ""Cada país tem seus próprios interesses nacionais, que devem ser protegidos claramente. Porque a União Europeia introduziu essa legislação numa área específica não significa que todos os países devem fazer a mesma coisa. A União Europeia é muito intervencionista e aprova uma quantidade muito grande de regras e leis para todas as áreas, e nem todos os países devem fazer a mesma coisa. Mas isso depende de como cada país vai defender seus interesses nacionais."" | O Brasil deve adotar um modelo mais flexível, como o da Alemanha. | O País deve identificar interesses públicos nacionais que justificam as regras, que, apesar de serem próprias, não podem ser muito diferentes das regras adotadas no resto do mundo."
195,1,giorgio monti,Giorgio Monti,"Professor de direito da concorrência da Universidade de Direito Tilburg, dos Países Baixos",,,CIVIL_SOCIETY_OR_OTHER,2023-08-10,LULA,NONE,,0,0,"Defende uma regulação focada na suavização do controle de acesso essencial das plataformas digitais. | A regulação, diferentemente do que muitos imaginam, não trata de combate às notícias falsas que os meios digitais possibilitam: ""Nós temos que pensar cuidadosamente sobre o nosso objetivo. Se fake news é a preocupação de certas plataformas no processo democrático, no processo político, então temos que olhar outros instrumentos. Se estivermos preocupados com o dinamismo do mercado, com a dependência econômica, então precisamos focar em instrumentos como a Lei de Mercado Digital na Europa e equivalentes na Alemanha e outras partes do mundo."" | Acredita que as condições do Brasil são diferentes da União Europeia e mais próximas da flexibilidade adotada pela Alemanha e do Reino Unido. | Se na Europa a autorregulação não seria a melhor saída, em outros países pode ser assim."
195,2,krisztian katona,Krisztian Katona,Vice-presidente de concorrência global e política regulatória da Computer and Communications Industry Association (CCIA),,,CIVIL_SOCIETY_OR_OTHER,2023-08-10,LULA,EXACT,KRISZTIAN KATONA,3,14684,"Acredita que os reguladores estão sob pressão para desenvolverem programas digitais nacionais. | É muito importante não depender de exemplos internacionais e elaborar políticas locais mais adequadas. | No Brasil, a regulação será sentida no bolso: ""Se você pensar no impacto sobre os consumidores, se a conformidade com a proposta brasileira vai aumentar os custos variados ou fixos, é muito importante destacar que os serviços vão aumentar os custos para os usuários e os das empresas também podem aumentar - e, se elas tiverem esse aumento dos custos, vão repassar para os consumidores. Então eu acredito que o impacto dessa regulação de fato pode aumentar o preço para os consumidores."""
195,3,any ortiz,Any Ortiz,Deputada (Cidadania-RS),CIDADANIA,RS,DEPUTY,2023-08-10,LULA,EXACT,Any Ortiz,12,12819,"Acredita que a audiência pública com especialistas estrangeiros é um movimento de vanguarda no Parlamento brasileiro: ""Nós estamos aqui tendo uma grande oportunidade de enriquecer o debate, aprendendo com o que já foi construído em outros países, e a experiência que têm, considerando o fato de que os mercados digitais têm se expandido de forma exponencial nas últimas décadas com serviços de tecnologia e informação se tornando cada vez mais presentes na vida cotidiana das pessoas e empresas."""
196,0,lucia maria teixeira,Lúcia Maria Teixeira,Presidente do Sindicato das Entidades Mantenedoras de Estabelecimentos de Ensino Superior de São Paulo,,,CIVIL_SOCIETY_OR_OTHER,2023-08-10,LULA,EXACT,LÚCIA MARIA TEIXEIRA,3,8582,"Menos de 18% da população entre 18 e 24 anos frequentam algum curso superior. | 4,5 milhões de jovens poderiam demandar bolsa de estudos do governo, por pertencerem a famílias de baixa renda, mas não contam com essa possibilidade: ""Essa ausência de políticas públicas tem provocado recuo nas taxas de escolarização e nos distanciado ainda mais da nossa meta. A realidade da população brasileira demonstra que não haverá desenvolvimento do ensino superior sem essa política pública que dê acesso aos mais carentes."" | Dados do IBGE mostram que 90% dos estudantes do ensino superior têm renda de até três salários mínimos. Desses, quase metade receberiam somente um salário e meio mensal."
196,1,atila lira,Átila Lira,Deputado (PP-PI),PP,PI,DEPUTY,2023-08-10,LULA,EXACT,Átila Lira,9,19210,"No governo da presidente Dilma Rousseff, o Fies chegou a atender 700 mil alunos em um ano. | Com modificação que sofreu em 2017, no governo de Michel Temer, o financiamento estudantil ficou mais caro, e o número de beneficiários caiu até chegar a menos de 36 mil matrículas atualmente. | ""Eu acho que o Fies de hoje só está sendo bom para o banco, que administra. O aluno não está concluindo, ele está ficando inadimplente, porque ele não tem condição de pagar. Não é um financiamento social."" | As instituições não conseguem ter sustentabilidade financeira: ""Em nenhum lugar do mundo, nem em qualquer financiamento do mundo, não existe um fundo garantidor que chega a 60% do que arrecada, e o governo não está tendo resolutividade no programa."" | O impacto social compensaria o investimento de R$ 7 bilhões para a subvenção das bolsas de estudo: ""Socialmente, eu acho que é um investimento muito positivo para que a gente possa fazer com que o Brasil melhore seus índices educacionais, pelo menos próximo aos nossos países vizinhos, que chegam a níveis de 30%, 40%, 50% de jovens no ensino superior, e hoje a gente não chega a 20%."""
196,2,rafael tavares,Rafael Tavares,Coordenador-geral de Financiamento Estudantil no Fundo Nacional de Desenvolvimento da Educação (FNDE),,,CIVIL_SOCIETY_OR_OTHER,2023-08-10,LULA,FIRST_LAST,RAFAEL RODRIGUES TAVARES,3,8180,"Atualmente o pagamento do financiamento não está condicionado a um porcentual mínimo da renda do beneficiário. Com isso, pode atingir até mais da metade do que o estudante recebe depois de formado. | O comitê gestor do Fies estuda limitar a cobrança a, no máximo, 13% da renda do participante. | Não há previsão de recursos no governo federal para arcar com os custos da medida proposta por Átila Lira."
196,3,celso niskier,Celso Niskier,Diretor-presidente da Associação Brasileira de Mantenedoras de Ensino Superior,,,CIVIL_SOCIETY_OR_OTHER,2023-08-10,LULA,EXACT,CELSO NISKIER,2,11114,"Apesar de o valor total parecer elevado, o governo gasta bem menos com subsídio a um aluno da rede privada que com aquele matriculado no ensino superior público. Um jovem com bolsa integral do Prouni, programa do governo federal, custa o equivalente a 16% do valor investido em um estudante da universidade pública."
197,0,leopoldo muraro,Leopoldo Muraro,Consultor jurídico do Ministério da Ciência e Tecnologia,,,CIVIL_SOCIETY_OR_OTHER,2023-08-09,LULA,FIRST_LAST,LEOPOLDO GOMES MURARO,1,14263,"É necessário aprimorar o regime jurídico e as previsões legais das agências de fomento e dos institutos de ciência e tecnologia (ICTs). | 42% dos institutos federais de ensino superior não fizeram, nos últimos três anos, contratos de prestação de serviços em projetos de pesquisa, e 48% não fizeram contratos que envolvem transferência de tecnologia. | ""Uma sugestão é deixar na nova legislação até onde o pesquisador pode ou não pode, para evitar problemas com órgãos de controle. O marco incentiva que ele tenha empresa. Mas ele pode ou não pode atuar na universidade? Ele pode ou não pode atuar no centro de pesquisa?"""
197,1,daniel nascimento,Daniel Nascimento,Assessor da área de negócios da Embrapa,,,CIVIL_SOCIETY_OR_OTHER,2023-08-09,LULA,FIRST_LAST,DANIEL TRENTO DO NASCIMENTO,1,12225,"Citou uma visita a um instituto de pesquisa em Israel onde uma pesquisadora era sócia de uma startup e não via conflito de interesses. ""Ela mencionou: eu sou sócia dessa startup. Ao ser perguntada se não via conflito de interesses, ela não entendeu a pergunta. 'Conflito como? Estamos gerando emprego, renda, levando inovação para o mercado, atingindo outros países. Tem a receita que essa startup gera para a universidade, esse laboratório é o mais estruturado da universidade, e eu sou sócia de mais cinco'. Esse modelo já existe em diversos países."""
197,2,paulo foina,Paulo Foina,Presidente da Associação Brasileira das Instituições de Pesquisa Tecnológica e Inovação (Abipti),,,CIVIL_SOCIETY_OR_OTHER,2023-08-09,LULA,FIRST_LAST,PAULO ROGÉRIO FOINA,1,6851,"Fazer pesquisa no Brasil, sendo professor, é uma atividade de alto risco. | ""Tem muito órgão no Brasil que atrapalha o desenvolvimento científico."" | ""Eu não faço compra tecnológica, não sou louco de colocar meu CPF nisso, na encomenda tecnológica. E nem em compra com dispensa de licitação. Cansei de ver empresas que só têm um fornecedor, como o supercomputador, e eu poderia pedir compra com licença, mas, se eu pedir, metade do TCU vai cair nas minhas costas. Eu estou fazendo certo, mas terei que provar que estou certo."""
197,3,ricardo galvao,Ricardo Galvão,Presidente do Conselho Nacional de Desenvolvimento Científico e Tecnológico (CNPq),,,CIVIL_SOCIETY_OR_OTHER,2023-08-09,LULA,EXACT,RICARDO MAGNUS OSÓRIO GALVÃO,1,7772,"A legislação precisa ser revista para ser melhor executada: ""Um instrumento de pesquisa, um supercomputador, só tem um fabricante. Só tem ele. Quando fui instruir o processo para comprar partes para modernizar o computador, não foi aceito. 'Por que você não faz uma concorrência pública? Você abre um jornal, tem preço de laptop', perguntaram."""
197,4,odir dellagostin,Odir Dellagostin,Presidente do Conselho Nacional das Fundações Estaduais de Amparo à Pesquisa (Confap),,,CIVIL_SOCIETY_OR_OTHER,2023-08-09,LULA,FIRST_LAST,ODIR ANTÔNIO DELLAGOSTIN,2,6782,"A pouca disponibilidade de recursos para pesquisa científica e tecnológica foi amenizada pelo aporte dos governos estaduais por meio das fundações. | O tempo que poderia ser gasto com inovação é gasto com atividades burocráticas exigidas pela legislação, mesmo quando os recursos estão disponíveis para o pesquisador: ""Ele tem que buscar pelos orçamentos para fazer determinado gasto, porque a lei a exige. Observar critérios, prestar contas com nível de exigência enorme e isso tudo tem custo, é um custo muito elevado e que não mensuramos."" | No Brasil, são necessários três meses para conseguir um reagente que em países desenvolvidos é obtido em poucas horas. | Citou um projeto de lei em tramitação no Senado (PLS 226/16) que concede autonomia financeira aos institutos de ciência e tecnologia públicos e dá segurança jurídica para a concessão de bolsas e isenção de impostos de importação para empresas em projetos de pesquisa e desenvolvimento."
197,5,gianna sagazio,Gianna Sagazio,Diretora de Inovação da Confederação Nacional da Indústria (CNI),,,CIVIL_SOCIETY_OR_OTHER,2023-08-09,LULA,EXACT,GIANNA CARDOSO SAGAZIO,1,7609,Citou o projeto de lei em tramitação no Senado (PLS 226/16) que concede autonomia financeira aos institutos de ciência e tecnologia públicos e dá segurança jurídica para a concessão de bolsas e isenção de impostos de importação para empresas em projetos de pesquisa e desenvolvimento. | Lembrou que o Brasil está na posição 54 entre 132 países no índice global de inovação e ocupa a sexagésima posição em 64 países no ranking de competitividade.
197,6,bruno monteiro portela,Bruno Monteiro Portela,Procurador Federal da Advocacia-Geral da União (AGU),,,CIVIL_SOCIETY_OR_OTHER,2023-08-09,LULA,EXACT,BRUNO MONTEIRO PORTELA,1,14958,"O marco legal da inovação deu muita liberdade ao gestor, mas citou um acórdão do TCU que mostra sua baixa implementação. | Cerca de 20% das universidades federais brasileiras não elaboraram sua política de inovação. | ""A gente precisa limpar a mesa da burocracia, simplificar. E isso aqui eu já coloco como avanço. Essa é uma visão do próprio ministro que busca, dentro das regulações que estamos trabalhando na AGU, simplificação e desburocratização para o tema"". ""A gente precisa, dentro dessa análise do marco legal, a partir de lei e decreto, ter em mente quais as possibilidades de exigir menos do pesquisador, porque ele tem que cumprir a área finalística e tem que ser desincumbido da área operacional."" | O marco construiu alianças estratégicas. Hoje, o gestor público pode assinar alianças com entidades públicas, privadas, nacionais ou estrangeiras por meio de 25 instrumentos que o marco legal disponibiliza para o setor acadêmico, produtivo e público."
197,7,luisa canziani,Luisa Canziani,Deputada (PSD-PR),PSD,PR,DEPUTY,2023-08-09,LULA,EXACT,Luisa Canziani,12,4793,"Argumentou que é necessário avaliar os benefícios, as limitações e gargalos na legislação."
198,0,oscar sanchez,Oscar Sanchez,Representante adjunto do ACNUR no Brasil,,,CIVIL_SOCIETY_OR_OTHER,2023-08-09,LULA,EXACT,OSCAR SÁNCHEZ,2,6539,"Relembrou o pioneirismo brasileiro ao ratificar a Convenção da ONU sobre o Estatuto dos Refugiados, em 1951, e ao regulamentá-lo por lei (Lei 9.474/97). | Destacou que os instrumentos legais viabilizam os vistos humanitários, fundamentais na atual acolhida aos afegãos: ""É uma política que está salvando vidas"". | Citou o exemplo do Afeganistão, onde houve aumento de restrições às mulheres: ""Elas não podem sair de suas casas, não podem estudar e não podem trabalhar. Agora, o Talibã está queimando itens de música. Essa é a repressão que há no Afeganistão e o Brasil é um dos poucos países do mundo inteiro que está oferecendo vistos para as pessoas chegarem aqui""."
198,1,tomas alejandro guzman,Tomás Alejandro Guzman,Diretor da ONG Casa Venezuela,,,CIVIL_SOCIETY_OR_OTHER,2023-08-09,LULA,EXACT,TOMÁS ALEJANDRO GUZMÁN,1,2780,"Agradeceu pela Operação Acolhida, iniciada em 2018, no governo Temer, e mantida no governo Lula: ""O Brasil tem a melhor resposta humanitária da região para nossos irmãos venezuelanos. Em menos de 72 horas, a Operação Acolhida consegue documentar os venezuelanos e garante a esse venezuelano acesso ao SUS. A resposta humanitária do Brasil para o meu povo eu vou agradecer infinitamente""."
198,2,marina rongo,Marina Rongo,ONG Conectas Direitos Humanos,,,CIVIL_SOCIETY_OR_OTHER,2023-08-09,LULA,EXACT,MARINA RONGO,2,7289,Pediu apoio orçamentário e de pessoal para que o Comitê Nacional para os Refugiados diminua a fila de espera de 90 mil pessoas e o tempo médio de dois anos e meio nos processos de regularização.
198,3,bianca abrahami,Bianca Abrahami,Instituto Migrações e Direitos Humanos,,,CIVIL_SOCIETY_OR_OTHER,2023-08-09,LULA,TOKEN_SUBSET,BIANCA ABRAHAMI PINTO DA CUNHA,2,6075,"Cobrou políticas especiais de proteção para crianças e adolescentes, que, em média, correspondem a 40% dos refugiados no mundo. | Defendeu a aprovação do projeto de lei (PL 2482/20) sobre simplificação da revalidação de diplomas."
198,4,fernanda rosas,Fernanda Rosas,Chefe de participação social e diversidade do Ministério de Portos e Aeroportos,,,CIVIL_SOCIETY_OR_OTHER,2023-08-09,LULA,EXACT,FERNANDA ROSAS,2,5812,"Anunciou que o pedido de revogação da Portaria 678/22 já está na Casa Civil e que a revogação deve ser anunciada nos próximos dias. | Acena com uma nova legislação para acolher refugiados que se abrigam nos aeroportos, como foi o caso dos afegãos: ""Legalmente, ficou um vácuo, já que a Polícia Federal cuida da documentação, a Anvisa cuida de vacinas, a Receita Federal cuida do que entra, mas não tem um órgão central para atender aqueles refugiados. E eu tenho a sinalização da Casa Civil de que, em breve, a gente vai ter, de fato, uma política nacional para esse acolhimento""."
198,5,luizianne lins,Luizianne Lins,Deputada e presidente da Comissão de Direitos Humanos,,,DEPUTY,2023-08-09,LULA,EXACT,Luizianne Lins,20,11964,"Cobrou medidas urgentes: ""Uma espécie de força-tarefa intersetorial para que a gente pudesse ter o atendimento mais rápido possível nessas situações""."
198,6,lutiana barbosa,Lutiana Barbosa,"Coordenadora nacional do grupo de trabalho Migração, Apatridia e Refúgio da Defensoria Pública da União",,,CIVIL_SOCIETY_OR_OTHER,2023-08-09,LULA,AMBIGUOUS,lutiana valadares f barbosa|lutiana valadares fernandes barbosa,0,0,"Informou que o órgão tem realizado mutirões de regularização migratória, sobretudo com foco nas crianças sem documento. | Ressaltou que são necessárias outras ações em massa."
199,0,nisia trindade,Nísia Trindade,Ministra da Saúde,,,FEDERAL_EXECUTIVE,2023-08-09,LULA,EXACT,MINISTRA NÍSIA TRINDADE LIMA,74,90920,"Defendeu a autossuficiência na produção de insumos para a saúde. | Propôs um pacto para fortalecer o complexo econômico-industrial da área. | ""A pandemia de Covid-19 mostrou a vulnerabilidade do nosso País frente a tecnologias [de saúde], algumas complexas, como as vacinas, e outras muito simples, como luvas e máscaras. Não havia suprimentos para atender a população."" | Afirmou que a compra emergencial de insulina análoga de ação rápida e imunoglobulina humana decorreu do baixo estoque dos produtos no Brasil. | A compra emergial de insulina seguiu os trâmites exigidos: ""A compra internacional foi autorizada pela Anvisa, por sua diretoria, por unanimidade."" | Informou que o laboratório japonês Takeda entrou com pedido de incorporação ao SUS da vacina para prevenção da dengue: ""Se houver a decisão de que deve ser incorporada, isso ocorrerá com base em critérios técnicos e com base no interesse do SUS."" | Afirmou que a homologação da Resolução 715/23 é uma medida de praxe, exigida pela legislação, e que não representa apoio a todas as orientações da resolução. | ""A nossa posição é clara: seremos estritos ao cumprimento da lei e ela determina os casos em que se considera legal a efetivação do aborto."" | Afirmou que a incorporação do canabidiol ao SUS vai depender de análise da Conitec: ""São os estudos científicos que devem falar mais forte."" | Elencou medidas tomadas para recuperar os seis hospitais federais do Rio de Janeiro, incluindo a reabertura de 305 leitos e a contratação de novos profissionais."
199,1,adriana ventura,Adriana Ventura,Deputada (Novo-SP),NOVO,SP,DEPUTY,2023-08-09,LULA,EXACT,ADRIANA VENTURA,3,5130,"Questionou a qualidade da insulina adquirida de uma empresa chinesa que não tem registro junto à Anvisa: ""Em que pese a escassez do produto, causou estranheza essa empresa ter um preço significativamente inferior ao de mercado."""
199,2,bia kicis,Bia Kicis,"Deputada, Presidente da Comissão de Fiscalização Financeira",,,DEPUTY,2023-08-09,LULA,EXACT,Bia Kicis,147,25109,Mostrou preocupação com os riscos à população devido à compra emergencial de insulina.
199,3,alberto mourao,Alberto Mourão,Deputado (MDB-SP),MDB,SP,DEPUTY,2023-08-09,LULA,EXACT,ALBERTO MOURÃO,2,9063,"Defendeu a autossuficiência em insumos para a saúde: ""O Brasil vive um problema seríssimo: não cuida da sua cadeia de produção."""
199,4,evair vieira de melo,Evair Vieira de Melo,Deputado (PP-ES),PP,ES,DEPUTY,2023-08-09,LULA,EXACT,EVAIR VIEIRA DE MELO,10,5077,Questionou sobre a incorporação da vacina para prevenção da dengue ao SUS.
199,5,nikolas ferreira,Nikolas Ferreira,Deputado (PL-MG),PL,MG,DEPUTY,2023-08-09,LULA,EXACT,NIKOLAS FERREIRA,9,4536,"Criticou orientações da Resolução 715/23 relacionadas à maconha, à população LGBTQIA+ e ao aborto."
199,6,priscila costa,Priscila Costa,Deputada (PL-CE),PL,CE,DEPUTY,2023-08-09,LULA,EXACT,PRISCILA COSTA,6,3246,"Criticou orientações da Resolução 715/23 relacionadas à maconha, à população LGBTQIA+ e ao aborto."
199,7,junio amaral,Junio Amaral,Deputado (PL-MG),PL,MG,DEPUTY,2023-08-09,LULA,EXACT,JUNIO AMARAL,7,3151,"Criticou orientações da Resolução 715/23 relacionadas à maconha, à população LGBTQIA+ e ao aborto: ""Do meu ponto de vista, é uma afronta ao Legislativo, que tem a prerrogativa de legislar. E hoje o que está posto [na legislação] é a criminalização da droga, o que está posto é a proibição do aborto, salvo nos casos previstos em lei."""
199,8,padre joao,Padre João,Deputado (PT-MG),PT,MG,DEPUTY,2023-08-09,LULA,EXACT,PADRE JOÃO,6,2268,Questionou sobre a incorporação do canabidiol ao SUS.
199,9,carlos jordy,Carlos Jordy,Deputado (PL-RJ),PL,RJ,DEPUTY,2023-08-09,LULA,EXACT,CARLOS JORDY,4,3133,"Reconheceu a situação precária dos hospitais federais do Rio de Janeiro. | Afirmou que o governo não quer assumir a sua responsabilidade pela situação dos hospitais: ""O governo quer responsabilizar o governo anterior por esse cenário."" | Afirmou que o Hospital de Bonsucesso foi prejudicado por nomeações políticas ligadas ao PT."
199,10,rubens pereira junior,Rubens Pereira Júnior,Deputado (PT-MA),PT,MA,DEPUTY,2023-08-09,LULA,EXACT,RUBENS PEREIRA JÚNIOR,7,5797,Apoiou a ministra Nísia Trindade.
199,11,jorge solla,Jorge Solla,Deputado (PT-BA),PT,BA,DEPUTY,2023-08-09,LULA,EXACT,JORGE SOLLA,10,11065,"Apoiou a ministra Nísia Trindade: ""O ministério, em poucos meses, conseguiu reconquistar a autoridade técnico-política da direção nacional do SUS. Isso é fundamental, porque, infelizmente, no governo anterior foi uma desmoralização."""
200,0,eduardo santana,Eduardo Santana,"Fisioterapeuta, representante da Associação Internacional de Especialistas e Pesquisadores em Funcionalidade e CIF",,,CIVIL_SOCIETY_OR_OTHER,2023-08-08,LULA,TOKEN_SUBSET,EDUARDO SANTANA CORDEIRO,3,7370,"A proposta do Projeto de Lei 1673/21 (institui a Política Nacional de Saúde Funcional, baseada na Classificação Internacional de Funcionalidade, Incapacidade e Saúde (CIF)) 'não muda muita coisa' na estrutura do Sistema Único de Saúde (SUS), mas deverá apresentar impactos sociais e econômicos: ""Do ponto de vista prático, [o projeto] muda a organização do sistema e introduz o pensamento biopsicossocial. Isso beneficiará pessoas tanto do ponto de vista assistencial quanto do direito social, com a inclusão por meio de cotas ou com auxílio-doença e aposentadoria especial, entre outros."""
200,1,dr leonardo,Dr. Leonardo,Ex-deputado (MT),,,CIVIL_SOCIETY_OR_OTHER,2023-08-08,LULA,NONE,,0,0,"Defendeu a avaliação da saúde funcional, do bem-estar e da qualidade de vida dos brasileiros: ""Cada vez mais há a necessidade de acompanhar pessoas convivendo com limitações de atividades e com restrições da participação social. A Classificação Estatística Internacional de Doenças e Problemas Relacionados à Saúde (CID), amplamente utilizada, é insuficiente para classificar e descrever o contexto em que esses problemas acontecem. A CIF é capaz de gerar dados mais compatíveis com a realidade dos indivíduos."""
200,2,erika kokay,Erika Kokay,Deputada (PT-DF),PT,DF,DEPUTY,2023-08-08,LULA,EXACT,Erika Kokay,20,20497,"A adoção da Política Nacional de Saúde Funcional será de extrema importância: ""A CIF é uma ferramenta que pode ajudar na compreensão das necessidades das pessoas com doenças crônicas e na definição de políticas públicas."" | Saúde não é contraponto de doença, e a ausência de doença não significa que eu tenho saúde: ""Saúde deve significar qualidade de vida, e a qualidade de vida deve significar que tenho funcionalidade para as diversas atividades que reafirmam a condição humana."" | Doenças crônicas afetam cerca de 40% da população brasileira: ""Esse universo é desafiador, devido aos possíveis acometimentos e comprometimentos que interferem na capacidade do indivíduo de desenvolver atividades diárias."""
200,3,professora goreth,Professora Goreth,Deputada (PDT-AP),PDT,AP,DEPUTY,2023-08-08,LULA,EXACT,PROFESSORA GORETH,1,1601,"""O debate foi esclarecedor. As pessoas querem produzir para fazermos um País melhor, mas não conseguem."""
201,0,marcel van hattem,Marcel van Hattem,Deputado (Novo-RS),NOVO,RS,DEPUTY,2023-08-03,LULA,EXACT,MARCEL VAN HATTEM,41,25895,"O Judiciário não está tendo o cuidado de individualizar as condutas dos presos: ""Cada um, mesmo aqueles que depredaram, que quebraram, tem que ser tratado de acordo com a proporcionalidade dos seus atos, e não de acordo com a conveniência da cabeça de um juiz, que ao mesmo tempo tem agido como vítima e como algoz."" | Lamentou o não comparecimento de seis convidados ao debate, como o ministro Alexandre de Moraes e o diretor-geral da Polícia Federal, Andrei Rodrigues."
201,1,sanderson,Sanderson,Deputado (PL-RS),PL,RS,DEPUTY,2023-08-03,LULA,EXACT,Sanderson,120,69698,"""O objetivo é jogar luzes sobre uma situação que muitos ouvem falar apenas pela imprensa."" | ""Estamos vendo pessoas com 60, 70 anos, que nunca pisaram numa delegacia, sendo tratados como facínoras."""
201,2,gabriela ritter,Gabriela Ritter,Advogada e presidente da Associação dos Familiares e Vítimas de 8 de janeiro,,,CIVIL_SOCIETY_OR_OTHER,2023-08-03,LULA,FIRST_LAST,GABRIELA FERNANDA RITTER,31,29507,"Os presos são acusados de ações muito parecidas, sem evidências do que cada um teria feito individualmente. | O caso demonstra que houve prisão em massa: ""A ordem foi essa: prendam, algemem e coloquem nos ônibus, sem distinção. Essas pessoas estão presas há sete meses sem individualização das condutas."" | As detenções desrespeitam convenções internacionais de direitos humanos, dos quais o Brasil é signatário. | Negou que tenha havido tentativa de golpe naquele dia: ""Não era vontade dessas pessoas. Pode ter pessoas que queriam algo assim, mas a grande maioria dos presos não almejava isso."""
201,3,rodrigo valadares,Rodrigo Valadares,Deputado (União-SE),UNIAO,SE,DEPUTY,2023-08-03,LULA,EXACT,RODRIGO VALADARES,4,1684,Criticou a manutenção das prisões e a postura do STF.
201,4,fred linhares,Fred Linhares,Deputado (Republicanos-DF),REPUBLICANOS,DF,DEPUTY,2023-08-03,LULA,EXACT,FRED LINHARES,1,3449,Criticou a manutenção das prisões e a postura do STF.
201,5,jose medeiros,José Medeiros,Deputado (PL-MT),PL,MT,DEPUTY,2023-08-03,LULA,EXACT,JOSÉ MEDEIROS,6,5333,Criticou a manutenção das prisões e a postura do STF.
201,6,sargento goncalves,Sargento Gonçalves,Deputado (PL-RN),PL,RN,DEPUTY,2023-08-03,LULA,EXACT,SARGENTO GONÇALVES,2,4300,Criticou a manutenção das prisões e a postura do STF.
201,7,cabo gilberto silva,Cabo Gilberto Silva,Deputado (PL-PB),PL,PB,DEPUTY,2023-08-03,LULA,EXACT,CABO GILBERTO SILVA,12,12907,"Cobrou uma posição do presidente do Congresso Nacional e do Senado, Rodrigo Pacheco, acerca da atuação do STF."
201,8,bruno renato teixeira,Bruno Renato Teixeira,Ouvidor nacional de Direitos Humanos,,,CIVIL_SOCIETY_OR_OTHER,2023-08-03,LULA,NONE,,0,0,"Acompanhou parte da audiência pública como representante do Ministério de Direitos Humanos e da Cidadania, mas teve que se ausentar devido a outro compromisso."
202,0,alice portugal,Alice Portugal,Deputada (PCdoB-BA),PCDOB,BA,DEPUTY,2023-08-03,LULA,EXACT,Alice Portugal,14,17569,"A regulamentação da profissão de quiropraxista vem sendo discutido na Câmara há alguns anos. | Considera a técnica importante, mas acredita que algumas técnicas na área de saúde devem ser absorvidas por profissões já regulamentadas, com abordagem curricular mais vasta: ""Ao se ter no Brasil tanto o fisiatra, na medicina, como o fisioterapeuta, na fisioterapia, com uma construção técnico-científica em cursos de graduação de 4 anos e meio a 5 anos, o correto seria aproveitar as profissões já regulamentadas — a medicina, há quase 1 século, e a fisioterapia, há mais de meio século"""
202,1,paulo mayall,Paulo Mayall,Representante da Secretaria de Gestão do Trabalho e Educação em Saúde do Ministério da Saúde,,,FEDERAL_EXECUTIVE,2023-08-03,LULA,TOKEN_SUBSET,PAULO MAYALL GUILAYN,3,3994,"A técnica pode ser incluída como uma especialidade da Fisioterapia ou da Medicina: ""Nós entendemos, assim como a OMS, que a quiropraxia é uma terapia complementar. Nós temos uma política nacional de terapias integrativas e complementares, que já é definida por portaria. Nós poderíamos incluir a quiropraxia, assim como a osteopatia, nas nossas portarias"""
202,2,daniel facchini,Daniel Facchini,Presidente da Associação Brasileira de Quiropraxia,,,CIVIL_SOCIETY_OR_OTHER,2023-08-03,LULA,EXACT,DANIEL FACCHINI,5,17257,"Argumenta que a quiropraxia não é uma técnica, mas uma profissão distinta, por exemplo, do fisioterapeuta: ""Claro, existem outros países em que a profissão ainda não é regulamentada, mas em nenhum deles nós temos ela sujeita a outra profissão"" | A busca da população pelo serviço é alta, e o nível de satisfação do atendimento quiroprático no Sistema Único de Saúde (SUS) é altíssimo, com 88,5% dos usuários avaliando o atendimento com nota máxima. | O profissional graduado em quiropraxia, com mais horas de estudo, é o adequado para fazer o atendimento. | Hoje existem cinco cursos de graduação na área aprovados pelo Ministério da Educação. Por outro lado, também existem cursos de apenas dois dias para a formação de quiropraxistas, inclusive on-line, afetam a segurança da profissão: ""O remédio é regulamentar. Nós temos um problema enorme, nós precisamos de regulamentação, para que a população tenha acesso a um atendimento de qualidade e saiba dizer ‘este indivíduo que está me atendendo tem uma formação adequada, que é uma graduação em quiropraxia’"" | A regulamentação vai não apenas proporcionar segurança para a população, como aumentar o número de profissionais disponíveis e o acesso da população ao serviço."
202,3,estevam rivello,Estevam Rivello,Conselheiro do Conselho Federal de Medicina,,,CIVIL_SOCIETY_OR_OTHER,2023-08-03,LULA,EXACT,ESTEVAM RIVELLO,2,6731,Questionou a necessidade de subdivisão de especialidades e áreas da saúde.
202,4,marcelo massahud junior,Marcelo Massahud Junior,Conselheiro do Conselho Federal de Fisioterapia e Terapia Ocupacional,,,CIVIL_SOCIETY_OR_OTHER,2023-08-03,LULA,FIRST_LAST,MARCELO RENATO MASSAHUD JUNIOR,2,7179,"O ato da quiropraxia é regulamentado desde 1969, por meio de decreto-lei que considera a atividade privativa de fisioterapeutas: ""O ajuste articular chamado pelo quiropraxista, ou manipulação articular, é um recurso de terapia física, já feito pelo fisioterapeuta. O PL tenta regulamentar uma profissão que já existe, a fisioterapia, que já trabalha com isso"""
203,0,carmela zigoni,Carmela Zigoni,Assessora política do Instituto de Estudos Socioeconômicos (Inesc),,,CIVIL_SOCIETY_OR_OTHER,2023-08-02,LULA,EXACT,CARMELA ZIGONI,2,9982,"A execução orçamentária de ações voltadas ao público feminino sofreu redução de 75% entre 2014 e 2019. Passou de R$ 185 milhões para R$ 46 milhões. | Para 2022, o Executivo enviou ao Congresso uma proposta de lei orçamentária que destinava nada mais que R$ 13 milhões para todas as políticas de proteção a mulheres. Com a posse do novo governo, houve uma recomposição das verbas, que chegaram a R$ 120 milhões."
203,1,leticia godinho,Letícia Godinho,Pesquisadora da Fundação João Pinheiro,,,CIVIL_SOCIETY_OR_OTHER,2023-08-02,LULA,EXACT,LETÍCIA GODINHO,3,8725,"A explicação para o aumento da violência contra mulheres está na ascensão do 'ultraconservadorismo': ""Eu vou chamar a atenção para esse movimento, para esse período que a gente viveu de ultraconservadorismo, não só viveu, mas está vivendo, porque em 2022 a gente esperava uma redução dessas violências justamente por conta da saída do isolamento social, a Covid arrefeceu, e esses registros deveriam ter diminuído, mas, ao contrário, eles aumentaram."""
203,2,denise mota dau,Denise Mota Dau,Secretária de Enfrentamento da Violência contra a Mulher do Ministério das Mulheres,,,FEDERAL_EXECUTIVE,2023-08-02,LULA,FIRST_LAST,DENISE MOTTA DAU,2,7342,"O próprio Fórum Brasileiro de Segurança Pública aponta o desmonte das políticas de proteção como causa do aumento da violência contra mulheres. | Na origem do problema está a ascensão de 'movimentos ultraconservadores'. Esses movimentos colocam a igualdade de gênero como o inimigo principal a ser combatido, o que gera como reação a violência contra mulheres que tentam romper com seus papeis históricos e estereótipos. | Vários países da América Latina que conseguiram conter outras formas de violência não tiveram sucesso em debelar a violência contra mulheres. São necessárias ações específicas com foco em gênero. | Além do fortalecimento das ações de acolhimento de mulheres, o Ministério da Mulher lança ainda em agosto uma campanha nacional de combate à misoginia."
203,3,ana pimentel,Ana Pimentel,Deputada (PT-MG),PT,MG,DEPUTY,2023-08-02,LULA,EXACT,Ana Pimentel,15,8147,"A violência de gênero tem como origem os estereótipos sociais de gênero: ""A violência não é natural: é uma construção social e se fundamenta na desigualdade estrutural entre homens e mulheres. Sabemos que existe base material, que é a divisão sexual do trabalho, que, ainda hoje, coloca as mulheres como responsáveis pelo trabalho de cuidado, colocando isso, inclusive, como destino natural da vida das mulheres, as aprisionam em papeis sociais historicamente produzidos. E, ao fazer isso, todas as vezes que as mulheres ousam sair desses lugares, elas sofrem diversas violências."""
203,4,leda borges,Lêda Borges,Deputada (PSDB-GO) e presidente da Comissão de Defesa dos Direitos das Mulheres,PSDB,GO,DEPUTY,2023-08-02,LULA,EXACT,LÊDA BORGES,3,8341,"A melhor maneira de quebrar o ciclo da violência é a independência econômica das mulheres. Medidas como casas de acolhimento e inserção no mercado de trabalho são fundamentais. | Atualmente, existem apenas sete Casas da Mulher Brasileira em funcionamento no País. O governo federal tem projeto de construir mais 40 dessas instituições."
204,0,sara casagrande,Sara Casagrande,Neurologista,,,CIVIL_SOCIETY_OR_OTHER,2023-07-13,LULA,EXACT,SARA CASAGRANDE,2,21030,"A distonia provoca espasmos musculares, a maioria das vezes contínuos, que geram posturas anormais e torções corporais. | A distonia pode ser causada por predisposições genéticas, por efeitos colaterais de medicamentos ou por outros fatores."
204,1,patricia moller,Patrícia Moller,Neurologista pediátrica,,,CIVIL_SOCIETY_OR_OTHER,2023-07-13,LULA,FIRST_LAST,PATRICIA DUMKE DA SILVA MÖLLER,2,15012,"A distonia pode causar dor, deformidade nos ossos, internações frequentes e perda permanente de movimento, além de impactos sociais e econômicos, como abandono de estudos e dificuldade no mercado de trabalho. | Apesar de não ter cura, é possível sim controlar sintomas, reduzir complicações e melhorar a qualidade de vida das pessoas com distonia. | O diagnóstico é complicado, já que não existem exames específicos: ""A gente está falando de muitas crianças, muitos adolescentes e muitos adultos com distonia não tratada ou sequer diagnosticada no Brasil."""
204,2,heitor felipe lima,Heitor Felipe Lima,Neurologista,,,CIVIL_SOCIETY_OR_OTHER,2023-07-13,LULA,EXACT,HEITOR FELIPE LIMA,2,10266,"É preciso capacitar os profissionais de saúde para reconhecer a distonia, para facilitar o diagnóstico e o tratamento adequado. | É necessário garantir o acesso do paciente a uma rede de reabilitação multiprofissional, com fonoaudiólogos e fisioterapeutas. | Um dos tratamentos para a distonia é a aplicação regular da toxina botulínica, o botox, que diminui a quantidade de contrações involuntárias sem atrapalhar a função do músculo."
204,3,rosangela moro,Rosângela Moro,Deputada (União-SP),UNIAO,SP,DEPUTY,2023-07-13,LULA,EXACT,ROSÂNGELA MORO,1,3863,"É essencial a ampliação da informação sobre a distonia. | Sugeriu a criação de uma cadeira obrigatória sobre doenças de origem genética nos cursos superiores de medicina e a capacitação de profissionais da porta de entrada do SUS. | ""Saúde não é só cura, saúde é qualidade de vida e, se nós temos tratamentos disponíveis para melhorar a qualidade de vida, precisamos sim fornecê-los."""
204,4,amira awada,Amira Awada,Presidente do Instituto Vidas Raras,,,CIVIL_SOCIETY_OR_OTHER,2023-07-13,LULA,EXACT,AMIRA AWADA,1,2013,"As pessoas com doenças e condições crônicas, como é a distonia, precisam ser incluídas na sociedade. Além de um tratamento integral, é necessário o direito à educação e ao trabalho."
204,5,kedna de souza pereira,Kedna de Souza Pereira,Representante do Instituto Distonia Saúde,,,CIVIL_SOCIETY_OR_OTHER,2023-07-13,LULA,FIRST_LAST,KEDNA SOUZA PEREIRA,2,13540,"Teve de abandonar a profissão de cabeleireira por causa da distonia, que demorou muito para ser diagnosticada: ""Eu fui diversas vezes nas emergências de hospitais públicos. Muitas. Na maioria delas, eu saía com uma tala no braço e tomava injeção para dor."""
204,6,maria nilde soares,Maria Nilde Soares,Presidente do Instituto Distonia Saúde,,,CIVIL_SOCIETY_OR_OTHER,2023-07-13,LULA,EXACT,MARIA NILDE SOARES,2,10454,"Foram sete neurologistas em quatro anos e meio até que ela fosse diagnosticada. Nesse tempo, ela teve gastos desnecessários e adquiriu sequelas que poderiam ser evitadas com o diagnóstico e tratamento precoce. | Defende o acesso à informação. | ""Nós não somos um fardo, somos vítimas de um diagnóstico errado, tardio."""
205,0,coronel ulysses,Coronel Ulysses,Deputado (União-AC),UNIAO,AC,DEPUTY,2023-07-11,LULA,EXACT,Coronel Ulysses,26,20380,"Ressaltou a dificuldade de garantir a segurança diante da extensão das fronteiras brasileiras: ""São 16.885 km de fronteira, que abrangem 10 dos 12 países que compõem a América do Sul. São 150 km de largura ao longo de fronteiras terrestres, o que corresponde a 27% do território nacional e abrange 588 municípios."" | Explicou que já é implementado pelo governo federal o Programa de Proteção Integrada de Fronteiras, instituído por um decreto de 2016 e o Programa Nacional de Segurança nas Fronteiras e Divisas (Vigia) lançado pelo Ministério da Justiça em 2019, atualmente conhecido como Guardiões da Fronteira. | Pediu que o Ministério da Justiça destine mais recursos para o Programa de Proteção Integrada de Fronteiras e o Programa Nacional de Segurança nas Fronteiras e Divisas (Vigia). | Defendeu a valorização dos profissionais da fronteira, seja por meio de remuneração ou da estrutura."
205,1,eduardo bettini,Eduardo Bettini,Chefe do Grupo Especial de Polícia Marítima,,,CIVIL_SOCIETY_OR_OTHER,2023-07-11,LULA,FIRST_LAST,EDUARDO MAIA BETTINI,3,12455,"Defendeu mais participação das Forças Armadas na segurança das fronteiras. | Sugeriu que a investigação das organizações criminosas seja coordenada pela Polícia Federal para punir os criminosos de maneira vertical. | Defendeu a cooperação internacional efetiva. | Sugeriu a revisão dos critérios de rateio entre os estados dos recursos de segurança pública. | Defendeu o investimento em tecnologias, como cercas eletrônicas em rodovias e radares do Sistema Integrado de Monitoramento de Fronteiras do Exército brasileiro. | Considera importante desenvolver indicadores para medir o impacto das operações de fronteira sobre a população. | Sugeriu mudar a legislação para permitir que o Ministério da Justiça pague diárias para policiais estaduais."
205,2,sanderson,Sanderson,Deputado (PL-RS) e Presidente da Comissão de Segurança Pública,PL,RS,DEPUTY,2023-07-11,LULA,EXACT,Sanderson,21,29112,"Salientou que é papel da União fazer a segurança das fronteiras, seja por meio da Polícia Federal ou das Forças Armadas. | Considera que há negligência do governo federal, e as Polícias Militares dos estados tiveram que assumir muitas vezes o papel que caberia à União. | Listou alguns desafios que o País enfrenta na fronteira: ""Temos problemas no Sul do Brasil, no extremo sul, na fronteira com Uruguai, tráfico de armas inclusive. Temos na fronteira do Paraná, em Foz do Iguaçu, problema forte com contrabando e tráfico de drogas e também tráfico de armas. No Mato Grosso, tráfico de drogas e tráfico de armas. Subindo, na Amazônia, Rondônia, Acre, problemas seríssimos de tráfico de drogas."" | Citou o contrabando de armas que ocorre pela via marítima, por meio dos portos."
205,3,gustavo correia,Gustavo Correia,Coronel e Chefe das Operações da Faixa de Fronteira do Exército Brasileiro,,,CIVIL_SOCIETY_OR_OTHER,2023-07-11,LULA,FIRST_LAST,GUSTAVO LUIZ DE LIMA CORREIA,1,10199,"Defendeu maior aporte de recursos para o Sistema Integrado de Monitoramento de Fronteiras. | Deu detalhes sobre as Operações Ágata, parte do Programa de Proteção Integrada de Fronteiras do governo federal: ""Em 2023, as nossas operações Ágatas causaram um prejuízo no montante de mais de R$ 600 milhões ao crime. E é importante destacar que o aporte de recursos disponibilizados para o Exército brasileiro em 2023 foi um total de R$ 10 milhões."""
205,4,carlos augusto bock,Carlos Augusto Bock,Coordenador-geral de Operações Integradas e Combate ao Crime Organizado do Ministério da Justiça e Segurança Pública,,,CIVIL_SOCIETY_OR_OTHER,2023-07-11,LULA,FIRST_LAST,CARLOS AUGUSTO DO PRADO BOCK,1,7793,"Garantiu que o programa Vigia, hoje conhecido como Guardiões da Fronteira, segue sendo implementado e que mudanças para melhorá-lo estão sendo estudadas. | ""A gente tem 185 toneladas de drogas apreendidas, mais de 19 milhões de maços de cigarro apreendidos, 163 embarcações apreendidas, 1.750 veículos apreendidos."" | Sobre a demanda para gratificação para policiais estaduais que trabalham na área de fronteira, disse que atualmente há impedimento jurídico, mas afirmou que o Ministério da Justiça pode somar forças com o Congresso para mudar a Lei 12.855/13 e permitir a gratificação."
205,5,alexandre martins angoti,Alexandre Martins Angoti,Coordenador Operacional de Vigilância e Repressão da Receita Federal,,,CIVIL_SOCIETY_OR_OTHER,2023-07-11,LULA,EXACT,ALEXANDRE MARTINS ANGOTI,1,10502,"Em 2022, a apreensão de mercadorias ilegais foi de cerca de R$ 3 bilhões, e em 2021 chegou a atingir R$ 4,5 bilhões. | Este ano, a apreensão já está R$ 200 milhões acima da atingida no mesmo período de 2021, então os R$ 4,5 bilhões provavelmente serão ultrapassados. | A principal mercadoria apreendida é cigarro. | Considera essencial valorizar o profissional que trabalha na fronteira, seja financeiramente, seja dando estrutura para ele. | Chamou a atenção para a falta de recursos humanos, lembrando que a Receita Federal ficou mais de sete anos sem concurso público."
205,6,eldison prado,Eldison Prado,Comandante do Batalhão de Policiamento de Fronteira da PM do Paraná,,,CIVIL_SOCIETY_OR_OTHER,2023-07-11,LULA,FIRST_LAST,ELDISON MARTINS DO PRADO,2,9485,"Destacou a importância da criação do batalhão em 2012, que divide atribuições com a Polícia Federal. | Para ele, a PM ter passado a atuar na região de fronteira no Paraná foi uma decisão acertada e pode servir de referência para a atuação em outras partes do País. | Defende que a União compense financeiramente os estados pelo trabalho das polícias militares nas regiões de fronteira, além do complemento financeiro para os agentes que trabalham em fronteiras."
205,7,everson antonio rozeni,Everson Antônio Rozeni,Diretor do Departamento de Operações de Fronteira do Mato Grosso do Sul,,,CIVIL_SOCIETY_OR_OTHER,2023-07-11,LULA,EXACT,EVERSON ANTÔNIO ROZENI,3,7408,"Afirmou que lá a PM também trabalha integrada com a Polícia Civil, o que funciona bem."
205,8,marcos pollon,Marcos Pollon,Deputado (PL-MS),PL,MS,DEPUTY,2023-07-11,LULA,EXACT,MARCOS POLLON,1,4654,Defende que 30% dos recursos do Fundo Nacional de Segurança Pública sejam destinados a estados da fronteira. Disse que vai apresentar projeto de lei sobre isso.
205,9,felipe vianna de menezes,Felipe Vianna de Menezes,Chefe do Serviço de Projetos Especiais e Fronteiras da Diretoria de Combate ao Crime Organizado da Polícia Federal,,,CIVIL_SOCIETY_OR_OTHER,2023-07-11,LULA,EXACT,FELIPE VIANNA DE MENEZES,3,7120,"Ressaltou a importância de compartilhamento de dados por todos os órgãos para que as investigações da PF avancem e para repressão dos crimes nas fronteiras. Conforme ele, nem sempre isso vem acontecendo, e a Lei Geral de Proteção de Dados não pode ser aplicada indiscriminadamente para as polícias: ""É necessário se discutir um projeto de lei de proteção de dados para fins penais, projeto que resguarde a possibilidade de compartilhamento, obviamente com rastreabilidade, com medidas de segurança, com proteção aos direitos dos titulares, mas que resguarde a possibilidade de obtenção de dados pelas polícias. Sem isso, a investigação criminal vai ter retrocessos imensos e prejuízos muito grandes."""
206,0,nilma lino,Nilma Lino,"Ex-ministra da Mulher, Família e Direitos Humanos",,,CIVIL_SOCIETY_OR_OTHER,2023-06-30,LULA,TOKEN_SUBSET,NILMA LINO GOMES,1,7852,"A revisão da Lei de Cotas deve englobar melhorias na lei e não a sua revogação. | As cotas têm como eixo o combate ao racismo: ""O combate ao racismo estrutural e estruturante faz emergir uma série de outras desigualdades e discriminações que atingem uma série de outros grupos além da população negra. Qualquer discussão que façamos tem que ter um único eixo: a continuidade e o aprimoramento dessas políticas. É isso, não tem outra conversa!"""
206,1,bruna brelaz,Bruna Brelaz,Presidente da União Nacional dos Estudantes (UNE),,,CIVIL_SOCIETY_OR_OTHER,2023-06-30,LULA,EXACT,BRUNA BRELAZ,1,6677,"A política de cotas vem mudando radicalmente o País e é preciso garantir a permanência desses estudantes: ""A gente quer propor que o Plano Nacional de Assistência Estudantil esteja vinculado às cotas. Que o estudante que entre, que pise o pé na universidade consiga sair com um diploma na mão e que o Estado brasileiro se responsabilize pela garantia da permanência do estudante. Que o Estado brasileiro entenda que é investimento fazer com que esse estudante saia da universidade com o diploma na mão."""
206,2,vinicius soares,Vinícius Soares,Presidente da Associação Nacional de Pós-Graduandos,,,CIVIL_SOCIETY_OR_OTHER,2023-06-30,LULA,TOKEN_SUBSET,ROGEAN VINÍCIUS SANTOS SOARES,1,2739,"Desde 2016, existe uma portaria do Ministério da Educação para adoção de políticas afirmativas para a pós-graduação, mas, até agora, pouco foi feito, levando à evasão dos alunos mais pobres: ""O Brasil deixou de titular, de 2019 para 2020, 4 mil doutores. Ainda não temos os dados para saber quem são esses doutores, mas sabemos que as políticas de ações afirmativas juntamente com a assistência estudantil têm o poder de atrair novos talentos para a pós-graduação."""
206,3,dandara,Dandara,Deputada (PT-MG),PT,MG,DEPUTY,2023-06-30,LULA,EXACT,Dandara,23,27217,"Destacou a importância da diversidade na produção de conhecimento científico: ""Nós não pioramos as instituições. Pelo contrário: melhoramos e fizemos avançar. Os índices de qualidade e rendimento não caíram. Pelo contrário: nós levamos outras epistemologias, outras áreas do conhecimento, outros saberes."""
206,4,douglas belchior,Douglas Belchior,Representante da Uneafro,,,CIVIL_SOCIETY_OR_OTHER,2023-06-30,LULA,EXACT,DOUGLAS BELCHIOR,1,7506,"A presença de jovens negros nas universidades ajuda a questionar o ensino que, ao longo dos anos, fortaleceu e capilarizou o racismo estrutural."
206,5,maria do rosario tripodi,Maria do Rosário Tripodi,Representante do Ministério da Educação,,,FEDERAL_EXECUTIVE,2023-06-30,LULA,FIRST_LAST,MARIA DO ROSARIO FIGUEIREDO TRIPODI,1,6150,"Reconheceu o êxito da política de cotas. | A pasta já está trabalhando para atender às recomendações do Tribunal de Contas da União (TCU), entre elas: corrigir a renda das famílias para acesso ao plano; diminuir as fraudes, com a adoção de comissões de identificação nas universidades; garantir o acesso com correções no Sisu; e aprimorar a bolsa permanência."
