pair_id,side,source_record_id,actor_name,source_summary,speaker_marker,turn_start,turn_end,evidence_start,evidence_end,evidence_text,lexical_score,candidate_rank
263f772b51bf1354,a,149,Alexandre da Silva,"A grande diversidade social e do perfil da população entre as diferentes regiões brasileiras representa mais um desafio no planejamento das políticas públicas: ""O planejamento para o envelhecimento da região Sul, por exemplo, precisa ser diferente da região Norte. Temos que considerar as desigualdades, que vão se perpetuando, acumulando, se agravando e também chegando às idades mais avançadas, ao ponto de garantir ou não que grupo social vai ou não envelhecer e com qual condição de vida.""",O SR. ALEXANDRE DA SILVA,4197,21873,9061,9264,"As desigualdades vão se perpetuando, se acumulando, se agravando e também chegando às idades mais avançadas, a ponto de garantir ou não que grupo social vai ou não envelhecer e com qual condição de vida.",0.6452,1
263f772b51bf1354,a,149,Alexandre da Silva,"A grande diversidade social e do perfil da população entre as diferentes regiões brasileiras representa mais um desafio no planejamento das políticas públicas: ""O planejamento para o envelhecimento da região Sul, por exemplo, precisa ser diferente da região Norte. Temos que considerar as desigualdades, que vão se perpetuando, acumulando, se agravando e também chegando às idades mais avançadas, ao ponto de garantir ou não que grupo social vai ou não envelhecer e com qual condição de vida.""",O SR. ALEXANDRE DA SILVA,4197,21873,8634,8738,O planejamento que eu faço para o envelhecimento da Região Sul precisa ser diferente do da Região Norte.,0.28,2
263f772b51bf1354,a,149,Alexandre da Silva,"A grande diversidade social e do perfil da população entre as diferentes regiões brasileiras representa mais um desafio no planejamento das políticas públicas: ""O planejamento para o envelhecimento da região Sul, por exemplo, precisa ser diferente da região Norte. Temos que considerar as desigualdades, que vão se perpetuando, acumulando, se agravando e também chegando às idades mais avançadas, ao ponto de garantir ou não que grupo social vai ou não envelhecer e com qual condição de vida.""",O SR. ALEXANDRE DA SILVA,4197,21873,5601,5816,"Eu queria só fazer uma breve recordação aqui de dados que mostram qual é a expectativa de vida da pessoa a partir do momento que nasce, para nós sabermos como temos que pensar o planejamento da população brasileira.",0.1587,3
263f772b51bf1354,a,149,Alexandre da Silva,"A grande diversidade social e do perfil da população entre as diferentes regiões brasileiras representa mais um desafio no planejamento das políticas públicas: ""O planejamento para o envelhecimento da região Sul, por exemplo, precisa ser diferente da região Norte. Temos que considerar as desigualdades, que vão se perpetuando, acumulando, se agravando e também chegando às idades mais avançadas, ao ponto de garantir ou não que grupo social vai ou não envelhecer e com qual condição de vida.""",O SR. ALEXANDRE DA SILVA,4197,21873,7086,7351,"Então, o primeiro desafio que eu quero colocar aqui é por que nós, de certa forma, naturalizamos a feminização da velhice, ou seja, mais mulheres chegando às idades mais avançadas, e, infelizmente, naturalizamos a mortalidade precoce de pessoas do gênero masculino.",0.1538,4
263f772b51bf1354,a,149,Alexandre da Silva,"A grande diversidade social e do perfil da população entre as diferentes regiões brasileiras representa mais um desafio no planejamento das políticas públicas: ""O planejamento para o envelhecimento da região Sul, por exemplo, precisa ser diferente da região Norte. Temos que considerar as desigualdades, que vão se perpetuando, acumulando, se agravando e também chegando às idades mais avançadas, ao ponto de garantir ou não que grupo social vai ou não envelhecer e com qual condição de vida.""",O SR. ALEXANDRE DA SILVA,4197,21873,14831,15070,"Então, o letramento digital, a inclusão digital, a facilidade de acesso aos aplicativos e equipamentos que vão garantir o uso desses aplicativos têm que ser algo não só garantido, como também pensado exatamente para as pessoas mais velhas.",0.1538,5
263f772b51bf1354,b,110,Alexandre da Silva,"""A gente tem que cada vez mais aprimorar as nossas ações para que as pessoas idosas possam usufruir melhor das condições de vida. Construir também linhas de cuidado a partir das particularidades dos diversos grupos.""",O SR. ALEXANDRE DA SILVA,24268,37581,33066,33240,"Então, temos que, cada vez mais, aprimorar as nossas ações, para que as pessoas idosas possam usufruir tanto de uma melhor qualidade de vida como de outras condições de vida.",0.619,1
263f772b51bf1354,b,110,Alexandre da Silva,"""A gente tem que cada vez mais aprimorar as nossas ações para que as pessoas idosas possam usufruir melhor das condições de vida. Construir também linhas de cuidado a partir das particularidades dos diversos grupos.""",O SR. ALEXANDRE DA SILVA,24268,37581,33242,33337,Também temos que construir linhas de cuidado a partir das particularidades dos diversos grupos.,0.5,2
263f772b51bf1354,b,110,Alexandre da Silva,"""A gente tem que cada vez mais aprimorar as nossas ações para que as pessoas idosas possam usufruir melhor das condições de vida. Construir também linhas de cuidado a partir das particularidades dos diversos grupos.""",O SR. ALEXANDRE DA SILVA,24268,37581,37493,37559,Que possamos construir cada vez mais ações para as pessoas idosas!,0.4516,3
263f772b51bf1354,b,110,Alexandre da Silva,"""A gente tem que cada vez mais aprimorar as nossas ações para que as pessoas idosas possam usufruir melhor das condições de vida. Construir também linhas de cuidado a partir das particularidades dos diversos grupos.""",O SR. ALEXANDRE DA SILVA,24268,37581,24317,24420,Quero mais uma vez agradecer o convite e também agradecer a presença das pessoas idosas nestes espaços.,0.2941,4
263f772b51bf1354,b,110,Alexandre da Silva,"""A gente tem que cada vez mais aprimorar as nossas ações para que as pessoas idosas possam usufruir melhor das condições de vida. Construir também linhas de cuidado a partir das particularidades dos diversos grupos.""",O SR. ALEXANDRE DA SILVA,24268,37581,31148,31289,"São espaços onde há pessoas idosas, e nós gostaríamos que neles fosse discutida cada vez mais a pauta das pessoas idosas e do envelhecimento.",0.2703,5
d4e87de87b4f3431,a,199,Adriana Ventura,"Questionou a qualidade da insulina adquirida de uma empresa chinesa que não tem registro junto à Anvisa: ""Em que pese a escassez do produto, causou estranheza essa empresa ter um preço significativamente inferior ao de mercado.""",A SRA. ADRIANA VENTURA(NOVO - SP),45987,50118,47000,47199,"Em que pese a escassez do produto e a incapacidade de suprimento dessa demanda, causou estranheza o fato de a empresa Global X apresentar um preço significativamente inferior ao praticado no mercado.",0.5,1
d4e87de87b4f3431,a,199,Adriana Ventura,"Questionou a qualidade da insulina adquirida de uma empresa chinesa que não tem registro junto à Anvisa: ""Em que pese a escassez do produto, causou estranheza essa empresa ter um preço significativamente inferior ao de mercado.""",A SRA. ADRIANA VENTURA(NOVO - SP),45987,50118,48142,48258,"A empresa Gan & Lee, que é uma produtora de insulina, com que a Global X comercializa, também não tem representante.",0.2424,2
d4e87de87b4f3431,a,199,Adriana Ventura,"Questionou a qualidade da insulina adquirida de uma empresa chinesa que não tem registro junto à Anvisa: ""Em que pese a escassez do produto, causou estranheza essa empresa ter um preço significativamente inferior ao de mercado.""",A SRA. ADRIANA VENTURA(NOVO - SP),45987,50118,48048,48087,E essa empresa nunca produziu insulina.,0.2222,3
d4e87de87b4f3431,a,199,Adriana Ventura,"Questionou a qualidade da insulina adquirida de uma empresa chinesa que não tem registro junto à Anvisa: ""Em que pese a escassez do produto, causou estranheza essa empresa ter um preço significativamente inferior ao de mercado.""",A SRA. ADRIANA VENTURA(NOVO - SP),45987,50118,48456,48492,Também não tinha registro na ANVISA.,0.2222,4
d4e87de87b4f3431,a,199,Adriana Ventura,"Questionou a qualidade da insulina adquirida de uma empresa chinesa que não tem registro junto à Anvisa: ""Em que pese a escassez do produto, causou estranheza essa empresa ter um preço significativamente inferior ao de mercado.""",A SRA. ADRIANA VENTURA(NOVO - SP),45987,50118,47774,47827,E a empresa Global X não tem representante no Brasil.,0.2143,5
d4e87de87b4f3431,b,16,Adriana Ventura,"""Ela é esposa de líder do Comando Vermelho, condenada em segunda instância por organização criminosa, associação para o tráfico e lavagem de dinheiro. Nos causou muito desconforto, principalmente porque houve audiência com servidores e o ministério pagou diárias e viagens. Nós fizemos requerimento de informação, denúncia na Comissão de Ética Pública e projeto de lei para que a não publicização de agenda e compromisso seja configurada como improbidade administrativa.""",A SRA. ADRIANA VENTURA(NOVO - SP),20082,23811,20739,21088,"Luciane Barbosa Faria, sabendo-se que era esposa de líder do Comando Vermelho, condenada em segunda instância por organização criminosa, associação para o tráfico, lavagem de dinheiro, realmente nos causaram muito desconforto, especialmente a mim, principalmente porque foi feita audiência com servidores, tendo o Ministério pagado diárias, viagens.",0.557,1
d4e87de87b4f3431,b,16,Adriana Ventura,"""Ela é esposa de líder do Comando Vermelho, condenada em segunda instância por organização criminosa, associação para o tráfico e lavagem de dinheiro. Nos causou muito desconforto, principalmente porque houve audiência com servidores e o ministério pagou diárias e viagens. Nós fizemos requerimento de informação, denúncia na Comissão de Ética Pública e projeto de lei para que a não publicização de agenda e compromisso seja configurada como improbidade administrativa.""",A SRA. ADRIANA VENTURA(NOVO - SP),20082,23811,21165,21465,"Fizemos denúncia na Comissão de Ética Pública, fizemos um projeto de lei falando sobre a não publicização de agenda e compromissos, para isso se configurar como improbidade administrativa, e fizemos um requerimento de informação falando sobre o pagamento de diárias à referida cidadã pelo Ministério.",0.5,2
d4e87de87b4f3431,b,16,Adriana Ventura,"""Ela é esposa de líder do Comando Vermelho, condenada em segunda instância por organização criminosa, associação para o tráfico e lavagem de dinheiro. Nos causou muito desconforto, principalmente porque houve audiência com servidores e o ministério pagou diárias e viagens. Nós fizemos requerimento de informação, denúncia na Comissão de Ética Pública e projeto de lei para que a não publicização de agenda e compromisso seja configurada como improbidade administrativa.""",A SRA. ADRIANA VENTURA(NOVO - SP),20082,23811,21894,22231,"Se eles têm autonomia para indicar, e o senhor não interfere — essa foi uma das afirmações que o Ministério fez —, por que o Ministério paga diárias e passagens de uma ""dama do tráfico"", condenada, e não faz absolutamente checagem nenhuma, não tem nenhum tipo de cuidado em relação a isso, já que estamos também falando de verba pública?",0.1579,3
d4e87de87b4f3431,b,16,Adriana Ventura,"""Ela é esposa de líder do Comando Vermelho, condenada em segunda instância por organização criminosa, associação para o tráfico e lavagem de dinheiro. Nos causou muito desconforto, principalmente porque houve audiência com servidores e o ministério pagou diárias e viagens. Nós fizemos requerimento de informação, denúncia na Comissão de Ética Pública e projeto de lei para que a não publicização de agenda e compromisso seja configurada como improbidade administrativa.""",A SRA. ADRIANA VENTURA(NOVO - SP),20082,23811,21090,21164,"Nós fizemos requerimento de informação, que o senhor já deve ter recebido.",0.1176,4
d4e87de87b4f3431,b,16,Adriana Ventura,"""Ela é esposa de líder do Comando Vermelho, condenada em segunda instância por organização criminosa, associação para o tráfico e lavagem de dinheiro. Nos causou muito desconforto, principalmente porque houve audiência com servidores e o ministério pagou diárias e viagens. Nós fizemos requerimento de informação, denúncia na Comissão de Ética Pública e projeto de lei para que a não publicização de agenda e compromisso seja configurada como improbidade administrativa.""",A SRA. ADRIANA VENTURA(NOVO - SP),20082,23811,22834,23034,"Vemos nisso uma questão de descentralização que eu acho até interessante, mas, tendo em vista a rubrica orçamentária própria, que denota a autonomia administrativa, por que foi o Ministério que pagou?",0.0952,5
24c599750bdd544f,a,195,Any Ortiz,"Acredita que a audiência pública com especialistas estrangeiros é um movimento de vanguarda no Parlamento brasileiro: ""Nós estamos aqui tendo uma grande oportunidade de enriquecer o debate, aprendendo com o que já foi construído em outros países, e a experiência que têm, considerando o fato de que os mercados digitais têm se expandido de forma exponencial nas últimas décadas com serviços de tecnologia e informação se tornando cada vez mais presentes na vida cotidiana das pessoas e empresas.""",A SRA. PRESIDENTE(Any Ortiz. Bloco/CIDADANIA - RS),53,6030,4917,5145,"Considerando o fato de que os mercados digitais têm se expandido de forma exponencial nas últimas décadas, com serviços de tecnologia e informação se tornando cada vez mais presentes na vida cotidiana das pessoas e das empresas.",0.6667,1
24c599750bdd544f,a,195,Any Ortiz,"Acredita que a audiência pública com especialistas estrangeiros é um movimento de vanguarda no Parlamento brasileiro: ""Nós estamos aqui tendo uma grande oportunidade de enriquecer o debate, aprendendo com o que já foi construído em outros países, e a experiência que têm, considerando o fato de que os mercados digitais têm se expandido de forma exponencial nas últimas décadas com serviços de tecnologia e informação se tornando cada vez mais presentes na vida cotidiana das pessoas e empresas.""",A SRA. PRESIDENTE(Any Ortiz. Bloco/CIDADANIA - RS),53,6030,4733,4915,"Nós estamos aqui tendo uma grande oportunidade de poder enriquecer cada vez mais o nosso debate, aprendendo com o que já foi construído em outros países e a experiência que eles têm.",0.5312,2
24c599750bdd544f,a,195,Any Ortiz,"Acredita que a audiência pública com especialistas estrangeiros é um movimento de vanguarda no Parlamento brasileiro: ""Nós estamos aqui tendo uma grande oportunidade de enriquecer o debate, aprendendo com o que já foi construído em outros países, e a experiência que têm, considerando o fato de que os mercados digitais têm se expandido de forma exponencial nas últimas décadas com serviços de tecnologia e informação se tornando cada vez mais presentes na vida cotidiana das pessoas e empresas.""",A SRA. PRESIDENTE(Any Ortiz. Bloco/CIDADANIA - RS),53,6030,3404,3625,"Esta audiência pública tem como objetivo analisar as experiências internacionais no desenvolvimento e regulamentação dos mercados digitais, buscando compreender os avanços, obstáculos e lições aprendidas em outros países.",0.2154,3
24c599750bdd544f,a,195,Any Ortiz,"Acredita que a audiência pública com especialistas estrangeiros é um movimento de vanguarda no Parlamento brasileiro: ""Nós estamos aqui tendo uma grande oportunidade de enriquecer o debate, aprendendo com o que já foi construído em outros países, e a experiência que têm, considerando o fato de que os mercados digitais têm se expandido de forma exponencial nas últimas décadas com serviços de tecnologia e informação se tornando cada vez mais presentes na vida cotidiana das pessoas e empresas.""",A SRA. PRESIDENTE(Any Ortiz. Bloco/CIDADANIA - RS),53,6030,4295,4500,"A realização dessa audiência pública será uma oportunidade única para ouvir as visões desses especialistas, bem como para debater as melhores práticas internacionais de regulamentação de mercados digitais.",0.1875,4
24c599750bdd544f,a,195,Any Ortiz,"Acredita que a audiência pública com especialistas estrangeiros é um movimento de vanguarda no Parlamento brasileiro: ""Nós estamos aqui tendo uma grande oportunidade de enriquecer o debate, aprendendo com o que já foi construído em outros países, e a experiência que têm, considerando o fato de que os mercados digitais têm se expandido de forma exponencial nas últimas décadas com serviços de tecnologia e informação se tornando cada vez mais presentes na vida cotidiana das pessoas e empresas.""",A SRA. PRESIDENTE(Any Ortiz. Bloco/CIDADANIA - RS),53,6030,53,316,"Declaro aberta a reunião de audiência pública da Comissão de Desenvolvimento Econômico da Câmara dos Deputados, que tem como objetivo debater as experiências internacionais no desenvolvimento e regulamentação dos mercados digitais, matéria do Projeto de Lei nº 2.",0.1515,5
24c599750bdd544f,b,189,Any Ortiz,"""Nós entendemos a importância dos mercados digitais na economia local e é fundamental que a Câmara dos Deputados promova um debate aprofundado. Posteriormente faremos também um seminário para incluir demais players.""",A SRA. PRESIDENTE(Any Ortiz. Bloco/CIDADANIA - RS),60750,61998,60836,60924,"Nós entendemos a importância, é óbvio, dos mercados digitais na economia local e global.",0.4444,1
24c599750bdd544f,b,189,Any Ortiz,"""Nós entendemos a importância dos mercados digitais na economia local e é fundamental que a Câmara dos Deputados promova um debate aprofundado. Posteriormente faremos também um seminário para incluir demais players.""",A SRA. PRESIDENTE(Any Ortiz. Bloco/CIDADANIA - RS),60750,61998,60925,61075,"É fundamental que a Câmara dos Deputados promova um debate aprofundado, e é justamente o que nós estamos tentando fazer com essas audiências públicas.",0.375,2
24c599750bdd544f,b,189,Any Ortiz,"""Nós entendemos a importância dos mercados digitais na economia local e é fundamental que a Câmara dos Deputados promova um debate aprofundado. Posteriormente faremos também um seminário para incluir demais players.""",A SRA. PRESIDENTE(Any Ortiz. Bloco/CIDADANIA - RS),60750,61998,61076,61285,"Posteriormente, faremos também um seminário, para incluir os demaisplayersque por algum motivo não puderam estar presentes nas audiências públicas, até pelo número limitado de convidados que nós tínhamos aqui.",0.2564,3
24c599750bdd544f,b,189,Any Ortiz,"""Nós entendemos a importância dos mercados digitais na economia local e é fundamental que a Câmara dos Deputados promova um debate aprofundado. Posteriormente faremos também um seminário para incluir demais players.""",A SRA. PRESIDENTE(Any Ortiz. Bloco/CIDADANIA - RS),16658,17464,16927,16997,"No entanto, também acreditamos que são mercados e culturas diferentes.",0.1538,4
24c599750bdd544f,b,189,Any Ortiz,"""Nós entendemos a importância dos mercados digitais na economia local e é fundamental que a Câmara dos Deputados promova um debate aprofundado. Posteriormente faremos também um seminário para incluir demais players.""",A SRA. PRESIDENTE(Any Ortiz. Bloco/CIDADANIA - RS),53,4510,384,510,"Informo que a audiência está sendo transmitida pela página da Câmara dos Deputados e pelo Youtube, no canal oficial da Câmara.",0.1333,5
8f79764e69daadf2,a,149,Alexandre Lindenmeyer,"Preocupação com os recentes dados demográficos brasileiros que projetam para o ano de 2060 uma proporção de uma pessoa idosa (acima de 60 anos) para 1,6 pessoa na faixa de idade entre 14 e 59 anos: ""É importante que o Estado brasileiro se prepare, com ações de curto, médio e longo prazos, para uma outra realidade demográfica, com a diminuição da natalidade e o aumento da população idosa.""",O SR. PRESIDENTE(Alexandre Lindenmeyer. Bloco/PT - RS),57,4171,2861,3101,"Além disso, há alguns dados que nos preocupam, que nos chamam a atenção e que demandam a necessidade de que o Estado brasileiro, no curto, médio e longo prazo, possa estar preparado para uma outra realidade em relação à questão demográfica.",0.3273,1
8f79764e69daadf2,a,149,Alexandre Lindenmeyer,"Preocupação com os recentes dados demográficos brasileiros que projetam para o ano de 2060 uma proporção de uma pessoa idosa (acima de 60 anos) para 1,6 pessoa na faixa de idade entre 14 e 59 anos: ""É importante que o Estado brasileiro se prepare, com ações de curto, médio e longo prazos, para uma outra realidade demográfica, com a diminuição da natalidade e o aumento da população idosa.""",O SR. PRESIDENTE(Alexandre Lindenmeyer. Bloco/PT - RS),57,4171,3336,3463,"E se projeta que, talvez, já em 2060, nós tenhamos, para cada pessoa com mais de 60 anos, 1,6 pessoas na faixa de 14 a 59 anos.",0.1905,2
8f79764e69daadf2,a,149,Alexandre Lindenmeyer,"Preocupação com os recentes dados demográficos brasileiros que projetam para o ano de 2060 uma proporção de uma pessoa idosa (acima de 60 anos) para 1,6 pessoa na faixa de idade entre 14 e 59 anos: ""É importante que o Estado brasileiro se prepare, com ações de curto, médio e longo prazos, para uma outra realidade demográfica, com a diminuição da natalidade e o aumento da população idosa.""",O SR. PRESIDENTE(Alexandre Lindenmeyer. Bloco/PT - RS),57,4171,1936,2148,"Izabel Guimarães Marri, Gerente de Estudos e Análises da Dinâmica Demográfica da Coordenação de População e Indicadores Sociais da Diretoria de Pesquisas do Instituto Brasileiro de Geografia e Estatística — IBGE.",0.1176,3
8f79764e69daadf2,a,149,Alexandre Lindenmeyer,"Preocupação com os recentes dados demográficos brasileiros que projetam para o ano de 2060 uma proporção de uma pessoa idosa (acima de 60 anos) para 1,6 pessoa na faixa de idade entre 14 e 59 anos: ""É importante que o Estado brasileiro se prepare, com ações de curto, médio e longo prazos, para uma outra realidade demográfica, com a diminuição da natalidade e o aumento da população idosa.""",O SR. PRESIDENTE(Alexandre Lindenmeyer. Bloco/PT - RS),64419,64867,64601,64815,"Izabel Guimarães Marri, Gerente de Estudos e Análises da Dinâmica Demográfica, da Coordenação de População e Indicadores Sociais, da Diretoria de Pesquisas do Instituto Brasileiro de Geografia e Estatística — IBGE.",0.1176,4
8f79764e69daadf2,a,149,Alexandre Lindenmeyer,"Preocupação com os recentes dados demográficos brasileiros que projetam para o ano de 2060 uma proporção de uma pessoa idosa (acima de 60 anos) para 1,6 pessoa na faixa de idade entre 14 e 59 anos: ""É importante que o Estado brasileiro se prepare, com ações de curto, médio e longo prazos, para uma outra realidade demográfica, com a diminuição da natalidade e o aumento da população idosa.""",O SR. PRESIDENTE(Alexandre Lindenmeyer. Bloco/PT - RS),57,4171,101,201,Declaro aberta esta reunião de audiência pública da Comissão de Defesa dos Direitos da Pessoa Idosa.,0.093,5
8f79764e69daadf2,b,110,Alexandre Lindenmeyer,A pauta do envelhecimento saudável não é exclusiva do Brasil.,O SR. ALEXANDRE LINDENMEYER(Bloco/PT - RS),60033,64859,60523,60860,"E, ao mesmo tempo, quando esse tema é provocado no G20, é porque essa não é uma pauta exclusiva do Brasil, mas, trazendo para dentro do Brasil, as palavras do Alexandre foram completas: o País é continental, com diversidade, com pluralidade de situações socioeconômicas que são desafiadoras, principalmente para as pessoas sejam ouvidas.",0.2105,1
8f79764e69daadf2,b,110,Alexandre Lindenmeyer,A pauta do envelhecimento saudável não é exclusiva do Brasil.,O SR. ALEXANDRE LINDENMEYER(Bloco/PT - RS),60033,64859,61543,61584,"Cheias de medicamentos, de não sei o quê.",0.2,2
8f79764e69daadf2,b,110,Alexandre Lindenmeyer,A pauta do envelhecimento saudável não é exclusiva do Brasil.,O SR. ALEXANDRE LINDENMEYER(Bloco/PT - RS),60033,64859,62093,62147,"Isso não acontecerá aos 60 anos, a partir dos 65 anos.",0.1818,3
8f79764e69daadf2,b,110,Alexandre Lindenmeyer,A pauta do envelhecimento saudável não é exclusiva do Brasil.,O SR. ALEXANDRE LINDENMEYER(Bloco/PT - RS),60033,64859,64259,64318,"Então, é gigante o desafio, mas estamos juntos nessa pauta.",0.1429,4
8f79764e69daadf2,b,110,Alexandre Lindenmeyer,A pauta do envelhecimento saudável não é exclusiva do Brasil.,O SR. ALEXANDRE LINDENMEYER(Bloco/PT - RS),60033,64859,62214,62281,É nosso desafio também não enxergar isso como sendo temas isolados.,0.125,5
af4d70f0c140e9c9,a,57,Ana Paula Lima,"O aumento da violência nas escolas é reflexo do ambiente político vigente no Brasil nos últimos anos: ""O que a gente podia esperar se tivemos personalidades políticas que incitavam o ódio e a violência, faziam 'arminha'? Até hoje parlamentares desta Casa tiram foto com metralhadora empunhada, disseminando o ódio e a violência.""",A SRA. ANA PAULA LIMA(Bloco/PT - SC),97967,101963,99996,100144,"Mas o que vamos esperar dos últimos anos, quando tivemos personalidades políticas que incitavam o ódio e a violência, que faziam gesto de “arminha”.",0.4889,1
af4d70f0c140e9c9,a,57,Ana Paula Lima,"O aumento da violência nas escolas é reflexo do ambiente político vigente no Brasil nos últimos anos: ""O que a gente podia esperar se tivemos personalidades políticas que incitavam o ódio e a violência, faziam 'arminha'? Até hoje parlamentares desta Casa tiram foto com metralhadora empunhada, disseminando o ódio e a violência.""",A SRA. ANA PAULA LIMA(Bloco/PT - SC),97967,101963,100145,100251,"Até hoje Parlamentares desta Casa tiram fotos com metralhadoras empunhadas, emanando o ódio e a violência.",0.381,2
af4d70f0c140e9c9,a,57,Ana Paula Lima,"O aumento da violência nas escolas é reflexo do ambiente político vigente no Brasil nos últimos anos: ""O que a gente podia esperar se tivemos personalidades políticas que incitavam o ódio e a violência, faziam 'arminha'? Até hoje parlamentares desta Casa tiram foto com metralhadora empunhada, disseminando o ódio e a violência.""",A SRA. PRESIDENTE(Ana Paula Lima. Bloco/PT - SC),51,3615,783,1122,"Esta reunião de audiência pública foi convocada, nos termos do Requerimento nº 10, de 2023, de autoria do Deputado Pastor Henrique Vieira, que se encontra aqui na Mesa comigo, e do Requerimento nº 11, de 2023, de minha autoria, Deputada Ana Paula Lima, para debater o aumento dos atos de violência ocorridos em escolas e creches no Brasil.",0.1311,3
af4d70f0c140e9c9,a,57,Ana Paula Lima,"O aumento da violência nas escolas é reflexo do ambiente político vigente no Brasil nos últimos anos: ""O que a gente podia esperar se tivemos personalidades políticas que incitavam o ódio e a violência, faziam 'arminha'? Até hoje parlamentares desta Casa tiram foto com metralhadora empunhada, disseminando o ódio e a violência.""",A SRA. ANA PAULA LIMA(Bloco/PT - SC),97967,101963,100621,100690,"Foi presa muita gente, adolescentes, adultos, pela incitação ao ódio.",0.1053,4
af4d70f0c140e9c9,a,57,Ana Paula Lima,"O aumento da violência nas escolas é reflexo do ambiente político vigente no Brasil nos últimos anos: ""O que a gente podia esperar se tivemos personalidades políticas que incitavam o ódio e a violência, faziam 'arminha'? Até hoje parlamentares desta Casa tiram foto com metralhadora empunhada, disseminando o ódio e a violência.""",A SRA. ANA PAULA LIMA(Bloco/PT - SC),97967,101963,100252,100338,"Hoje mesmo, ali no plenário, novamente um Parlamentar usou a tribuna incitando o ódio.",0.1,5
af4d70f0c140e9c9,b,30,Ana Paula Lima,As cinco emendas no projeto de Lei de Diretrizes Orçamentárias (LDO) de 2024 para combater a violência contra crianças e adolescentes foram aceitas pelo relator da LDO.,A SRA. PRESIDENTE(Ana Paula Lima. Bloco/PT - SC),29306,35734,34203,34525,"Também no dia 31 de outubro, a Coalizão Brasileira pelo Fim da Violência contra Crianças e Adolescentes apresentou à Comissão de Legislação Participativa propostas, como eu já disse, de emendas ao texto da Lei de Diretrizes Orçamentárias, e o nosso Relator, o Deputado Danilo Forte — também já mencionei —, acatou a todas.",0.3913,1
af4d70f0c140e9c9,b,30,Ana Paula Lima,As cinco emendas no projeto de Lei de Diretrizes Orçamentárias (LDO) de 2024 para combater a violência contra crianças e adolescentes foram aceitas pelo relator da LDO.,A SRA. PRESIDENTE(Ana Paula Lima. Bloco/PT - SC),51,2779,1429,1556,"Lucas José Ramos Lopes, Secretário-Executivo da Coalizão Brasileira pelo Fim da Violência contra Crianças e Adolescentes; o Sr.",0.2759,2
af4d70f0c140e9c9,b,30,Ana Paula Lima,As cinco emendas no projeto de Lei de Diretrizes Orçamentárias (LDO) de 2024 para combater a violência contra crianças e adolescentes foram aceitas pelo relator da LDO.,A SRA. PRESIDENTE(Ana Paula Lima. Bloco/PT - SC),29306,35734,30297,30378,"948 casos de violência sexual de crianças e adolescentes, quase 80 casos por dia.",0.25,3
af4d70f0c140e9c9,b,30,Ana Paula Lima,As cinco emendas no projeto de Lei de Diretrizes Orçamentárias (LDO) de 2024 para combater a violência contra crianças e adolescentes foram aceitas pelo relator da LDO.,A SRA. PRESIDENTE(Ana Paula Lima. Bloco/PT - SC),51,2779,2608,2777,"Lucas José Ramos Lopes, Secretário-Executivo da Coalizão Brasileira pelo Fim da Violência contra Crianças e Adolescentes, que dispõe de até 5 minutos para sua exposição.",0.2424,4
af4d70f0c140e9c9,b,30,Ana Paula Lima,As cinco emendas no projeto de Lei de Diretrizes Orçamentárias (LDO) de 2024 para combater a violência contra crianças e adolescentes foram aceitas pelo relator da LDO.,A SRA. PRESIDENTE(Ana Paula Lima. Bloco/PT - SC),29306,35734,34732,35064,"Na emenda que destacamos há a proposta de incluir a marcação do nível do plano orçamentário de todas as despesas relacionadas com crianças e adolescentes, que é fundamental para ampliar a transparência do Orçamento e possibilitar a análise total de investimentos em prevenção, em resposta à violência contra crianças e adolescentes.",0.1951,5
d4c07b40fb424a0c,a,15,Bia Kicis,"A discussão não deve ser politizada: ""Existe uma elite globalista que quer, sim, forçar essa vacinação, inclusive em bebês, e o Brasil está sendo pioneiro nessa obrigação. No resto do mundo, até pode se recomendar, mas não se obriga. Vão começar pelo Brasil pra depois começar a obrigar nos outros lugares também?""",A SRA. PRESIDENTE(Bia Kicis. PL - DF),149586,155295,151818,151951,"Existe uma elite globalista que quer, sim, forçar essa vacinação, inclusive em bebês, e o Brasil está sendo pioneiro nessa obrigação.",0.6275,1
d4c07b40fb424a0c,a,15,Bia Kicis,"A discussão não deve ser politizada: ""Existe uma elite globalista que quer, sim, forçar essa vacinação, inclusive em bebês, e o Brasil está sendo pioneiro nessa obrigação. No resto do mundo, até pode se recomendar, mas não se obriga. Vão começar pelo Brasil pra depois começar a obrigar nos outros lugares também?""",A SRA. PRESIDENTE(Bia Kicis. PL - DF),149586,155295,151952,152013,"No resto do mundo, até se pode recomendar, mas não se obriga.",0.3721,2
d4c07b40fb424a0c,a,15,Bia Kicis,"A discussão não deve ser politizada: ""Existe uma elite globalista que quer, sim, forçar essa vacinação, inclusive em bebês, e o Brasil está sendo pioneiro nessa obrigação. No resto do mundo, até pode se recomendar, mas não se obriga. Vão começar pelo Brasil pra depois começar a obrigar nos outros lugares também?""",A SRA. PRESIDENTE(Bia Kicis. PL - DF),149586,155295,152014,152087,"Vai começar pelo Brasil, para depois obrigarem nos outros lugares também?",0.2791,3
d4c07b40fb424a0c,a,15,Bia Kicis,"A discussão não deve ser politizada: ""Existe uma elite globalista que quer, sim, forçar essa vacinação, inclusive em bebês, e o Brasil está sendo pioneiro nessa obrigação. No resto do mundo, até pode se recomendar, mas não se obriga. Vão começar pelo Brasil pra depois começar a obrigar nos outros lugares também?""",A SRA. PRESIDENTE(Bia Kicis. PL - DF),155545,158506,156173,156218,"No resto do mundo, isso não está sendo feito.",0.2381,4
d4c07b40fb424a0c,a,15,Bia Kicis,"A discussão não deve ser politizada: ""Existe uma elite globalista que quer, sim, forçar essa vacinação, inclusive em bebês, e o Brasil está sendo pioneiro nessa obrigação. No resto do mundo, até pode se recomendar, mas não se obriga. Vão começar pelo Brasil pra depois começar a obrigar nos outros lugares também?""",A SRA. PRESIDENTE(Bia Kicis. PL - DF),155545,158506,158124,158410,"Essa audiência contará com a presença de médicos de fora do Brasil, médicos americanos e de outros países que também estão muito preocupados com que o Brasil seja usado como boi de piranha, digamos assim, para que depois se queira colocar essa obrigatoriedade em outros países do mundo.",0.1967,5
d4c07b40fb424a0c,b,129,Bia Kicis,"O imunizante não deveria ser chamado de vacina, mas de terapia gênica. O assunto precisa de mais debates: ""Nós somos todos favoráveis às vacinas que estão no PNI há muito tempo, que são vacinas seguras, de eficácia comprovada, mas essa, o próprio FDA chama de terapia gênica.""",A SRA. BIA KICIS(PL - DF),61202,65697,61569,61688,"Nós somos todos favoráveis às vacinas que estão no PNI há muito tempo, que são vacinas seguras, de eficácia comprovada.",0.6,1
d4c07b40fb424a0c,b,129,Bia Kicis,"O imunizante não deveria ser chamado de vacina, mas de terapia gênica. O assunto precisa de mais debates: ""Nós somos todos favoráveis às vacinas que estão no PNI há muito tempo, que são vacinas seguras, de eficácia comprovada, mas essa, o próprio FDA chama de terapia gênica.""",A SRA. BIA KICIS(PL - DF),61202,65697,61835,61922,"Nós estamos questionando muito claramente essa terapia gênica, e não as demais vacinas.",0.3158,2
d4c07b40fb424a0c,b,129,Bia Kicis,"O imunizante não deveria ser chamado de vacina, mas de terapia gênica. O assunto precisa de mais debates: ""Nós somos todos favoráveis às vacinas que estão no PNI há muito tempo, que são vacinas seguras, de eficácia comprovada, mas essa, o próprio FDA chama de terapia gênica.""",A SRA. BIA KICIS(PL - DF),61202,65697,61744,61787,O próprio FDA chama isso de terapia gênica.,0.2941,3
d4c07b40fb424a0c,b,129,Bia Kicis,"O imunizante não deveria ser chamado de vacina, mas de terapia gênica. O assunto precisa de mais debates: ""Nós somos todos favoráveis às vacinas que estão no PNI há muito tempo, que são vacinas seguras, de eficácia comprovada, mas essa, o próprio FDA chama de terapia gênica.""",A SRA. PRESIDENTE(Bia Kicis. PL - DF),170388,172298,171129,171284,"Então, nós precisamos também cuidar de que sejam votados nesta Casa projetos que impeçam que esse imunizante, que essa terapia gênica seja incluída no PNI.",0.2174,4
d4c07b40fb424a0c,b,129,Bia Kicis,"O imunizante não deveria ser chamado de vacina, mas de terapia gênica. O assunto precisa de mais debates: ""Nós somos todos favoráveis às vacinas que estão no PNI há muito tempo, que são vacinas seguras, de eficácia comprovada, mas essa, o próprio FDA chama de terapia gênica.""",A SRA. PRESIDENTE(Bia Kicis. PL - DF),40,9505,8798,9002,"Ninguém aqui é contra vacina, ninguém é antivacina, mas nós também temos recebido de médicos a informação de que esse imunizante sequer deveria ser chamado de ""vacina"", porque ele se presta a outra coisa.",0.2041,5
0138e27cd0f53d95,a,41,Aliel Machado,"Considera constrangedor que o projeto ainda não tenha sido aprovado: ""Nós estamos agora em um processo de articulação para a aprovação dessa que é uma necessidade para o nosso país, e nos constrange ter isso na pauta há tanto tempo e ainda não termos conseguido. Já me reuni com o presidente desta Casa, que se comprometeu em nos ajudar a pautar a matéria.""",O SR. PRESIDENTE(Aliel Machado. Bloco/PV - PR),49,4284,743,840,"Constrange-nos, há tanto tempo, ter isso na pauta, para aprovação, e ainda não termos conseguido.",0.5,1
0138e27cd0f53d95,a,41,Aliel Machado,"Considera constrangedor que o projeto ainda não tenha sido aprovado: ""Nós estamos agora em um processo de articulação para a aprovação dessa que é uma necessidade para o nosso país, e nos constrange ter isso na pauta há tanto tempo e ainda não termos conseguido. Já me reuni com o presidente desta Casa, que se comprometeu em nos ajudar a pautar a matéria.""",O SR. PRESIDENTE(Aliel Machado. Bloco/PV - PR),49,4284,551,742,"Acredito que a reunião desta audiência pública ficará registrada na história, visto que estamos agora num processo de articulação para aprovação desta que é uma necessidade para o nosso País.",0.3529,2
0138e27cd0f53d95,a,41,Aliel Machado,"Considera constrangedor que o projeto ainda não tenha sido aprovado: ""Nós estamos agora em um processo de articulação para a aprovação dessa que é uma necessidade para o nosso país, e nos constrange ter isso na pauta há tanto tempo e ainda não termos conseguido. Já me reuni com o presidente desta Casa, que se comprometeu em nos ajudar a pautar a matéria.""",O SR. PRESIDENTE(Aliel Machado. Bloco/PV - PR),49,4284,1091,1218,"Também me reuni já com o Presidente desta Casa, o Deputado Arthur Lira, que se comprometeu em nos ajudar a pautar esta matéria.",0.3478,3
0138e27cd0f53d95,a,41,Aliel Machado,"Considera constrangedor que o projeto ainda não tenha sido aprovado: ""Nós estamos agora em um processo de articulação para a aprovação dessa que é uma necessidade para o nosso país, e nos constrange ter isso na pauta há tanto tempo e ainda não termos conseguido. Já me reuni com o presidente desta Casa, que se comprometeu em nos ajudar a pautar a matéria.""",O SR. PRESIDENTE(Aliel Machado. Bloco/PV - PR),49,4284,2315,2509,"Vai ser gerado um documento desta audiência pública, que vai subsidiar as ações de articulação política que estamos fazendo para que possamos ter a aprovação da convenção o mais rápido possível.",0.1923,4
0138e27cd0f53d95,a,41,Aliel Machado,"Considera constrangedor que o projeto ainda não tenha sido aprovado: ""Nós estamos agora em um processo de articulação para a aprovação dessa que é uma necessidade para o nosso país, e nos constrange ter isso na pauta há tanto tempo e ainda não termos conseguido. Já me reuni com o presidente desta Casa, que se comprometeu em nos ajudar a pautar a matéria.""",O SR. PRESIDENTE(Aliel Machado. Bloco/PV - PR),14816,15661,14908,15159,"Muito além do compromisso que nós temos aqui enquanto pauta por decisão política desta Comissão e do interesse de todos nós, há também, por trás disso tudo, a imagem e o interesse que inclusive trazem impactos nas negociações econômicas do nosso País.",0.1379,5
0138e27cd0f53d95,b,155,Aliel Machado,Lamentou que o Estatuto do Idoso ainda seja pouco conhecido e tenha determinações legais desobedecidas.,O SR. PRESIDENTE(Aliel Machado. Bloco/PV - PR),49,10036,1477,1614,"O Brasil avançou consideravelmente na proteção das pessoas mais velhas, mas há, ainda, parte de determinações legais que não é obedecida.",0.24,1
0138e27cd0f53d95,b,155,Aliel Machado,Lamentou que o Estatuto do Idoso ainda seja pouco conhecido e tenha determinações legais desobedecidas.,O SR. PRESIDENTE(Aliel Machado. Bloco/PV - PR),49,10036,1615,1733,"Outro desafio observado é o pouco conhecimento da sociedade acerca do Estatuto, o que prejudica também a sua execução.",0.1818,2
0138e27cd0f53d95,b,155,Aliel Machado,Lamentou que o Estatuto do Idoso ainda seja pouco conhecido e tenha determinações legais desobedecidas.,O SR. PRESIDENTE(Aliel Machado. Bloco/PV - PR),49,10036,1392,1430,"O Estatuto da Pessoa Idosa, Lei nº 10.",0.1333,3
0138e27cd0f53d95,b,155,Aliel Machado,Lamentou que o Estatuto do Idoso ainda seja pouco conhecido e tenha determinações legais desobedecidas.,O SR. PRESIDENTE(Aliel Machado. Bloco/PV - PR),59999,60284,60092,60143,"Ainda não é o debate, porque há outros expositores.",0.1176,4
0138e27cd0f53d95,b,155,Aliel Machado,Lamentou que o Estatuto do Idoso ainda seja pouco conhecido e tenha determinações legais desobedecidas.,O SR. PRESIDENTE(Aliel Machado. Bloco/PV - PR),89218,92055,91082,91138,E esse é o conceito central do Estatuto da Pessoa Idosa.,0.1176,5
2e42e8583aea6939,a,123,Antonio Brito,Ressaltou que o Brasil registra mais de 80 mil casos de tuberculose por ano.,O SR. PRESIDENTE(Antonio Brito. Bloco/PSD - BA),50,9316,6738,6869,"Não se pode imaginar que nós vamos ter que erradicar essa doença, que tem 80 mil casos novos por ano no Brasil, que mata mais de 4.",0.4167,1
2e42e8583aea6939,a,123,Antonio Brito,Ressaltou que o Brasil registra mais de 80 mil casos de tuberculose por ano.,O SR. PRESIDENTE(Antonio Brito. Bloco/PSD - BA),50,9316,7749,7931,"Como os senhores sabem, hoje, proporcionalmente, o Estado no Brasil em primeiro lugar em número de casos de tuberculose é o Amazonas, são 6 mil novos casos por ano, se não me engano.",0.3704,2
2e42e8583aea6939,a,123,Antonio Brito,Ressaltou que o Brasil registra mais de 80 mil casos de tuberculose por ano.,O SR. PRESIDENTE(Antonio Brito. Bloco/PSD - BA),50,9316,8206,8274,"Com 27 Estados no País e com 80 mil casos, não dá para erradicarmos.",0.2857,3
2e42e8583aea6939,a,123,Antonio Brito,Ressaltou que o Brasil registra mais de 80 mil casos de tuberculose por ano.,O SR. PRESIDENTE(Antonio Brito. Bloco/PSD - BA),50,9316,1174,1278,"Marcia de Ávila Leão, Coordenadora da Parceria Brasileira contra a Tuberculose — STOP TB Brasil(palmas).",0.2105,4
2e42e8583aea6939,a,123,Antonio Brito,Ressaltou que o Brasil registra mais de 80 mil casos de tuberculose por ano.,O SR. PRESIDENTE(Antonio Brito. Bloco/PSD - BA),50,9316,8277,8389,"O número de casos cairia para um terço, talvez para 27 mil, 25 mil casos novos, para cumprirmos a meta até 2030.",0.2105,5
2e42e8583aea6939,b,114,Antonio Brito,"Sugere foco no Amazonas para ampliar os futuros resultados efetivos de erradicação: ""No Amazonas, são 6 mil casos novos por ano. Então, o impacto de fazer um programa piloto na região para erradicação da tuberculose até 2030 dará a sensação de causa e efeito.""",O SR. PRESIDENTE(Antonio Brito. Bloco/PSD - BA),50,12169,8426,8706,"Então, o impacto de você fechar o programa piloto, que o CIEDDS focou no Amazonas — claro, vai focar no Brasil todo —, de forma a ter erradicado a tuberculose, em 2030, em um Estado brasileiro importante, com visão mundial, dará a sensação da causa e efeito de um programa piloto.",0.4074,1
2e42e8583aea6939,b,114,Antonio Brito,"Sugere foco no Amazonas para ampliar os futuros resultados efetivos de erradicação: ""No Amazonas, são 6 mil casos novos por ano. Então, o impacto de fazer um programa piloto na região para erradicação da tuberculose até 2030 dará a sensação de causa e efeito.""",O SR. PRESIDENTE(Antonio Brito. Bloco/PSD - BA),50,12169,6053,6186,Precisaríamos ter de 27 mil a 30 mil casos para atingir a meta de erradicação da tuberculose até 2030 como problema de saúde pública.,0.3,2
2e42e8583aea6939,b,114,Antonio Brito,"Sugere foco no Amazonas para ampliar os futuros resultados efetivos de erradicação: ""No Amazonas, são 6 mil casos novos por ano. Então, o impacto de fazer um programa piloto na região para erradicação da tuberculose até 2030 dará a sensação de causa e efeito.""",O SR. PRESIDENTE(Antonio Brito. Bloco/PSD - BA),50,12169,8213,8345,"Vejam, segundo o Draurio me disse, se os números não estiverem me faltando, no Amazonas hoje são 6 mil casos novos por ano, confere?",0.2857,3
2e42e8583aea6939,b,114,Antonio Brito,"Sugere foco no Amazonas para ampliar os futuros resultados efetivos de erradicação: ""No Amazonas, são 6 mil casos novos por ano. Então, o impacto de fazer um programa piloto na região para erradicação da tuberculose até 2030 dará a sensação de causa e efeito.""",O SR. PRESIDENTE(Antonio Brito. Bloco/PSD - BA),50,12169,5953,6052,"Nós fizemos a seguinte avaliação: em média, há 80 mil novos casos de tuberculose no Brasil por ano.",0.2778,4
2e42e8583aea6939,b,114,Antonio Brito,"Sugere foco no Amazonas para ampliar os futuros resultados efetivos de erradicação: ""No Amazonas, são 6 mil casos novos por ano. Então, o impacto de fazer um programa piloto na região para erradicação da tuberculose até 2030 dará a sensação de causa e efeito.""",O SR. PRESIDENTE(Antonio Brito. Bloco/PSD - BA),50,12169,8346,8425,"Portanto, se eu reduzisse isso, eu teria que reduzir 2 mil casos novos por ano.",0.2286,5
3459768d16f576e5,a,3,Capitão Alberto Neto,"Criticou a possibilidade de extinção do saque-aniversário. 57% dos recursos são usados hoje para quitar dívidas. ""O saque-aniversário é como se fosse o 14º salário do trabalhador.""",O SR. CAPITÃO ALBERTO NETO(PL - AM),35621,38416,35792,35955,"Eu diria, conversando com os trabalhadores do meu País, que seria cruel e até maligno o fim do Saque-Aniversário, que é como se fosse o 14º salário do trabalhador.",0.4242,1
3459768d16f576e5,a,3,Capitão Alberto Neto,"Criticou a possibilidade de extinção do saque-aniversário. 57% dos recursos são usados hoje para quitar dívidas. ""O saque-aniversário é como se fosse o 14º salário do trabalhador.""",O SR. CAPITÃO ALBERTO NETO(PL - AM),38536,45256,39055,39173,"Entretanto, punir o trabalhador brasileiro com o fim do Saque-Aniversário, volto a dizer, Ministro, é muita crueldade.",0.2143,2
3459768d16f576e5,a,3,Capitão Alberto Neto,"Criticou a possibilidade de extinção do saque-aniversário. 57% dos recursos são usados hoje para quitar dívidas. ""O saque-aniversário é como se fosse o 14º salário do trabalhador.""",O SR. CAPITÃO ALBERTO NETO(PL - AM),35621,38416,36280,36414,"Então, não se justifica tirar a oportunidade do trabalhador de ter o Saque-Aniversário somente porque foi criado no Governo Bolsonaro.",0.1935,3
3459768d16f576e5,a,3,Capitão Alberto Neto,"Criticou a possibilidade de extinção do saque-aniversário. 57% dos recursos são usados hoje para quitar dívidas. ""O saque-aniversário é como se fosse o 14º salário do trabalhador.""",O SR. CAPITÃO ALBERTO NETO(PL - AM),35621,38416,35737,35791,"Queria começar com o tema Saque-Aniversário, Ministro.",0.1818,4
3459768d16f576e5,a,3,Capitão Alberto Neto,"Criticou a possibilidade de extinção do saque-aniversário. 57% dos recursos são usados hoje para quitar dívidas. ""O saque-aniversário é como se fosse o 14º salário do trabalhador.""",O SR. CAPITÃO ALBERTO NETO(PL - AM),35621,38416,38222,38285,"Nós não estamos, com o Saque-Aniversário, prejudicando o fundo.",0.1818,5
3459768d16f576e5,b,10,Capitão Alberto Neto,"O saque-aniversário tem sido importante para atender diversas necessidades do trabalhador, mas pode passar por aperfeiçoamentos.",O SR. PRESIDENTE(Capitão Alberto Neto. PL - AM),133284,138279,137094,137158,"Se ele estiver negativado, ele tem a opção do saque-aniversário.",0.3,1
3459768d16f576e5,b,10,Capitão Alberto Neto,"O saque-aniversário tem sido importante para atender diversas necessidades do trabalhador, mas pode passar por aperfeiçoamentos.",O SR. PRESIDENTE(Capitão Alberto Neto. PL - AM),58525,59443,59070,59197,"Eu não consegui entender por que o Secretário trouxe uma informação diferente, que o saque-aniversário tem fragilizado o fundo.",0.24,2
3459768d16f576e5,b,10,Capitão Alberto Neto,"O saque-aniversário tem sido importante para atender diversas necessidades do trabalhador, mas pode passar por aperfeiçoamentos.",O SR. PRESIDENTE(Capitão Alberto Neto. PL - AM),133284,138279,137571,137699,"Acho que precisamos aprimorar o saque-aniversário, mas acabar neste momento seria uma solução muito cruel para os trabalhadores.",0.2222,3
3459768d16f576e5,b,10,Capitão Alberto Neto,"O saque-aniversário tem sido importante para atender diversas necessidades do trabalhador, mas pode passar por aperfeiçoamentos.",O SR. PRESIDENTE(Capitão Alberto Neto. PL - AM),29346,30062,29580,29643,Seria menor do que o crédito oferecido com o saque-aniversário?,0.2105,4
3459768d16f576e5,b,10,Capitão Alberto Neto,"O saque-aniversário tem sido importante para atender diversas necessidades do trabalhador, mas pode passar por aperfeiçoamentos.",O SR. PRESIDENTE(Capitão Alberto Neto. PL - AM),29346,30062,29701,29753,"Tudo bem, mas eu estou preocupado com o trabalhador.",0.2105,5
1f862b43757396e1,a,80,Augusto Coutinho,"Considerará, além do principal e do apensado, o PL 1202/07, também de Carlos Zarattini e pronto para o Plenário: ""A gente tem como harmonizar os projetos, acho que essa será a solução para que possamos avançar.""",O SR. PRESIDENTE(Augusto Coutinho. REPUBLICANOS - PE),77746,78612,77978,78032,Acho que essa é a solução para que consigamos avançar.,0.3077,1
1f862b43757396e1,a,80,Augusto Coutinho,"Considerará, além do principal e do apensado, o PL 1202/07, também de Carlos Zarattini e pronto para o Plenário: ""A gente tem como harmonizar os projetos, acho que essa será a solução para que possamos avançar.""",O SR. PRESIDENTE(Augusto Coutinho. REPUBLICANOS - PE),77746,78612,77920,77977,Temos como harmonizar esses projetos que estão em debate.,0.2143,2
1f862b43757396e1,a,80,Augusto Coutinho,"Considerará, além do principal e do apensado, o PL 1202/07, também de Carlos Zarattini e pronto para o Plenário: ""A gente tem como harmonizar os projetos, acho que essa será a solução para que possamos avançar.""",O SR. PRESIDENTE(Augusto Coutinho. REPUBLICANOS - PE),11680,13636,11812,12025,"Esse projeto de lei é de autoria do Governo Federal e está apensado a ele um projeto do Deputado Carlos Zarattini, que inclusive já foi aprovado aqui na CTASP e na CCJ e que aguarda, desde 2018, a ida ao plenário.",0.1818,3
1f862b43757396e1,a,80,Augusto Coutinho,"Considerará, além do principal e do apensado, o PL 1202/07, também de Carlos Zarattini e pronto para o Plenário: ""A gente tem como harmonizar os projetos, acho que essa será a solução para que possamos avançar.""",O SR. PRESIDENTE(Augusto Coutinho. REPUBLICANOS - PE),13692,14210,14000,14180,"Nós não compusemos a Mesa porque há mais gente para falar do que lugares à mesa e também queremos um pouco de agilidade na audiência pública, senão perderemos a sessão no plenário.",0.1538,4
1f862b43757396e1,a,80,Augusto Coutinho,"Considerará, além do principal e do apensado, o PL 1202/07, também de Carlos Zarattini e pronto para o Plenário: ""A gente tem como harmonizar os projetos, acho que essa será a solução para que possamos avançar.""",O SR. PRESIDENTE(Augusto Coutinho. REPUBLICANOS - PE),56,4068,2565,2628,"Este plenário precisa ser liberado, tem hora para ser liberado.",0.1481,5
1f862b43757396e1,b,87,Augusto Coutinho,"[A gente] vai construir um relatório que tente ser harmonioso, para que a gente avance com essa matéria e que até o meio deste ano, antes do recesso, a gente consiga oferecer ao Brasil uma legislação justa e que atenda uma necessidade que hoje é real na nossa vida.",O SR. AUGUSTO COUTINHO(Bloco/REPUBLICANOS - PE),219832,222582,221715,221951,"Vamos tentar construir um relatório harmonioso, para que avancemos com essa matéria e consigamos, até o meio deste ano, antes do recesso, oferecer ao Brasil uma legislação que seja justa, que atenda a uma necessidade real na nossa vida.",0.7843,1
1f862b43757396e1,b,87,Augusto Coutinho,"[A gente] vai construir um relatório que tente ser harmonioso, para que a gente avance com essa matéria e que até o meio deste ano, antes do recesso, a gente consiga oferecer ao Brasil uma legislação justa e que atenda uma necessidade que hoje é real na nossa vida.",O SR. AUGUSTO COUTINHO(Bloco/REPUBLICANOS - PE),219832,222582,221951,222010,Os aplicativos estão inseridos na nossa vida de forma real.,0.1818,2
1f862b43757396e1,b,87,Augusto Coutinho,"[A gente] vai construir um relatório que tente ser harmonioso, para que a gente avance com essa matéria e que até o meio deste ano, antes do recesso, a gente consiga oferecer ao Brasil uma legislação justa e que atenda uma necessidade que hoje é real na nossa vida.",O SR. AUGUSTO COUTINHO(Bloco/REPUBLICANOS - PE),219832,222582,220566,220618,A necessidade de se avançar com esse projeto é real.,0.129,3
1f862b43757396e1,b,87,Augusto Coutinho,"[A gente] vai construir um relatório que tente ser harmonioso, para que a gente avance com essa matéria e que até o meio deste ano, antes do recesso, a gente consiga oferecer ao Brasil uma legislação justa e que atenda uma necessidade que hoje é real na nossa vida.",O SR. AUGUSTO COUTINHO(Bloco/REPUBLICANOS - PE),234390,235140,234734,234828,"E o Governo está aberto para construir, dentro deste projeto, o que vocês muito disseram aqui.",0.1081,4
1f862b43757396e1,b,87,Augusto Coutinho,"[A gente] vai construir um relatório que tente ser harmonioso, para que a gente avance com essa matéria e que até o meio deste ano, antes do recesso, a gente consiga oferecer ao Brasil uma legislação justa e que atenda uma necessidade que hoje é real na nossa vida.",O SR. AUGUSTO COUTINHO(Bloco/REPUBLICANOS - PE),234390,235140,234986,235138,"Esse acordo é o que o Legislativo tem com o Governo, para que este projeto avance e seja votado por nós, a fim de que seja regulamentada essa profissão.",0.1,5
16c67be32f60e074,a,91,Danilo Forte,"O debate sobre as contas de luz precisa ser ampliado: ""O problema é grave, mas vejo disposição de todos em buscar soluções, que passarão pelas energias renováveis.""",O SR. PRESIDENTE(Danilo Forte. UNIÃO - CE),136647,140338,136842,136912,Entendo e vejo em todos a preocupação em busca da solução do problema.,0.25,1
16c67be32f60e074,a,91,Danilo Forte,"O debate sobre as contas de luz precisa ser ampliado: ""O problema é grave, mas vejo disposição de todos em buscar soluções, que passarão pelas energias renováveis.""",O SR. PRESIDENTE(Danilo Forte. UNIÃO - CE),124148,131879,124180,124246,Agradeço a todos os participantes desta primeira rodada de debate.,0.1667,2
16c67be32f60e074,a,91,Danilo Forte,"O debate sobre as contas de luz precisa ser ampliado: ""O problema é grave, mas vejo disposição de todos em buscar soluções, que passarão pelas energias renováveis.""",O SR. PRESIDENTE(Danilo Forte. UNIÃO - CE),136647,140338,136778,136841,"O debate, às vezes, é um pouco ríspido, duro, mas é necessário.",0.1667,3
16c67be32f60e074,a,91,Danilo Forte,"O debate sobre as contas de luz precisa ser ampliado: ""O problema é grave, mas vejo disposição de todos em buscar soluções, que passarão pelas energias renováveis.""",O SR. PRESIDENTE(Danilo Forte. UNIÃO - CE),124148,131879,131672,131857,"De antemão, já agradeço a todos que participaram deste debate, inclusive aos Deputados que estão em conjunto conosco, diretamente na Comissão de Minas e Energia na Câmara dos Deputados.",0.1212,4
16c67be32f60e074,a,91,Danilo Forte,"O debate sobre as contas de luz precisa ser ampliado: ""O problema é grave, mas vejo disposição de todos em buscar soluções, que passarão pelas energias renováveis.""",O SR. PRESIDENTE(Danilo Forte. UNIÃO - CE),136647,140338,137482,137684,"Isso precisa ser respondido para que possamos construir uma alternativa de equação e para que possamos fortalecer a transição energética, não na busca da dependência, mas na busca da soberania nacional.",0.1212,5
16c67be32f60e074,b,104,Danilo Forte,Já existe consenso entre os parlamentares de que o modelo atual das concessionárias precisa ser mudado.,O SR. DANILO FORTE(Bloco/UNIÃO - CE),117374,120965,118243,118337,Um deles é que o modelo atual das concessionárias de energia no Brasil precisa ser modificado.,0.4706,1
16c67be32f60e074,b,104,Danilo Forte,Já existe consenso entre os parlamentares de que o modelo atual das concessionárias precisa ser mudado.,O SR. DANILO FORTE(Bloco/UNIÃO - CE),117374,120965,118338,118462,O modelo de negócio atual faz com que todas as empresas tenham um reconhecimento negativo por parte da sociedade brasileira.,0.1905,2
16c67be32f60e074,b,104,Danilo Forte,Já existe consenso entre os parlamentares de que o modelo atual das concessionárias precisa ser mudado.,O SR. DANILO FORTE(Bloco/UNIÃO - CE),117374,120965,119145,119185,Há diferença entre incentivo e subsídio.,0.1538,3
16c67be32f60e074,b,104,Danilo Forte,Já existe consenso entre os parlamentares de que o modelo atual das concessionárias precisa ser mudado.,O SR. DANILO FORTE(Bloco/UNIÃO - CE),117374,120965,120245,120284,Esse é um debate que precisa continuar.,0.1538,4
16c67be32f60e074,b,104,Danilo Forte,Já existe consenso entre os parlamentares de que o modelo atual das concessionárias precisa ser mudado.,O SR. DANILO FORTE(Bloco/UNIÃO - CE),117374,120965,119889,119941,O debate precisa ser feito em torno dessas questões.,0.1333,5
2a22c99d1d3a678c,a,68,Dr. Zacharias Calil,"A fila de espera por uma consulta é o principal problema: ""Porque o paciente fica sem acompanhamento. A gente sabe que o diabetes é uma doença progressiva, crônica e silenciosa, que vai causando uma série de problemas.""",O SR. PRESIDENTE(Dr. Zacharias Calil. UNIÃO - GO),22792,23991,23577,23653,"E nós sabemos que o diabetes é uma doença progressiva, crônica e silenciosa.",0.3704,1
2a22c99d1d3a678c,a,68,Dr. Zacharias Calil,"A fila de espera por uma consulta é o principal problema: ""Porque o paciente fica sem acompanhamento. A gente sabe que o diabetes é uma doença progressiva, crônica e silenciosa, que vai causando uma série de problemas.""",O SR. PRESIDENTE(Dr. Zacharias Calil. UNIÃO - GO),22792,23991,23654,23724,"Ela vai atuando, destruindo os vasos, causando uma série de problemas.",0.2759,2
2a22c99d1d3a678c,a,68,Dr. Zacharias Calil,"A fila de espera por uma consulta é o principal problema: ""Porque o paciente fica sem acompanhamento. A gente sabe que o diabetes é uma doença progressiva, crônica e silenciosa, que vai causando uma série de problemas.""",O SR. PRESIDENTE(Dr. Zacharias Calil. UNIÃO - GO),22792,23991,23425,23576,"Eu estou vendo aqui — estou estudando esse tema — que o problema maior é a fila de espera, o que faz com que esses pacientes não tenham acompanhamento.",0.2162,3
2a22c99d1d3a678c,a,68,Dr. Zacharias Calil,"A fila de espera por uma consulta é o principal problema: ""Porque o paciente fica sem acompanhamento. A gente sabe que o diabetes é uma doença progressiva, crônica e silenciosa, que vai causando uma série de problemas.""",O SR. PRESIDENTE(Dr. Zacharias Calil. UNIÃO - GO),53180,53957,53776,53955,"E como isso é problema de gestão, se o recurso que chega, de determinado valor, o Estado ou o Município não pode transferir para cobrir outro, porque o outro também vai ficar sem?",0.1951,4
2a22c99d1d3a678c,a,68,Dr. Zacharias Calil,"A fila de espera por uma consulta é o principal problema: ""Porque o paciente fica sem acompanhamento. A gente sabe que o diabetes é uma doença progressiva, crônica e silenciosa, que vai causando uma série de problemas.""",O SR. PRESIDENTE(Dr. Zacharias Calil. UNIÃO - GO),65011,65316,65185,65238,"Todos podem fazer uma assinaturaon-line,sem problema.",0.1429,5
2a22c99d1d3a678c,b,105,Dr. Zacharias Calil,"O SUS precisa se atualizar para preservar a visão e a qualidade de vida dos pacientes: ""É fundamental que o SUS revise e atualize seus protocolos clínicos para incluir diretrizes claras e abrangentes para o diagnóstico, tratamento e acompanhamento do edema macular. Além disso, é necessário garantir um sistema de financiamento adequado que cubra os custos.""",O SR. PRESIDENTE(Dr. Zacharias Calil. Bloco/UNIÃO - GO),58,5542,3674,3855,"É fundamental que o SUS revise e atualize seus protocolos clínicos para incluir diretrizes claras e abrangentes para o diagnóstico, o tratamento e o acompanhamento do edema macular.",0.6522,1
2a22c99d1d3a678c,b,105,Dr. Zacharias Calil,"O SUS precisa se atualizar para preservar a visão e a qualidade de vida dos pacientes: ""É fundamental que o SUS revise e atualize seus protocolos clínicos para incluir diretrizes claras e abrangentes para o diagnóstico, tratamento e acompanhamento do edema macular. Além disso, é necessário garantir um sistema de financiamento adequado que cubra os custos.""",O SR. PRESIDENTE(Dr. Zacharias Calil. Bloco/UNIÃO - GO),58,5542,3856,4098,"Além disso, é necessário garantir um sistema de financiamento adequado que cubra os custos de medicamentos, procedimentos e acompanhamento oftalmológico dos pacientes com EMD, assegurando assim um atendimento de qualidade e acessível a todos.",0.4615,2
2a22c99d1d3a678c,b,105,Dr. Zacharias Calil,"O SUS precisa se atualizar para preservar a visão e a qualidade de vida dos pacientes: ""É fundamental que o SUS revise e atualize seus protocolos clínicos para incluir diretrizes claras e abrangentes para o diagnóstico, tratamento e acompanhamento do edema macular. Além disso, é necessário garantir um sistema de financiamento adequado que cubra os custos.""",O SR. PRESIDENTE(Dr. Zacharias Calil. Bloco/UNIÃO - GO),58,5542,4100,4270,Devemos unir esforços para superar esses desafios e garantir que os pacientes de EMD no SUS recebam a assistência necessária para preservar sua visão e qualidade de vida.,0.2917,3
2a22c99d1d3a678c,b,105,Dr. Zacharias Calil,"O SUS precisa se atualizar para preservar a visão e a qualidade de vida dos pacientes: ""É fundamental que o SUS revise e atualize seus protocolos clínicos para incluir diretrizes claras e abrangentes para o diagnóstico, tratamento e acompanhamento do edema macular. Além disso, é necessário garantir um sistema de financiamento adequado que cubra os custos.""",O SR. PRESIDENTE(Dr. Zacharias Calil. Bloco/UNIÃO - GO),58,5542,2926,3180,"Hoje, estamos reunidos aqui para discutir os desafios assistenciais enfrentados pelos pacientes do Edema Macular Diabético — EMD, no Sistema Único de Saúde,especialmente as necessidades não atendidas nos protocolos clínicos e no sistema de financiamento.",0.2545,4
2a22c99d1d3a678c,b,105,Dr. Zacharias Calil,"O SUS precisa se atualizar para preservar a visão e a qualidade de vida dos pacientes: ""É fundamental que o SUS revise e atualize seus protocolos clínicos para incluir diretrizes claras e abrangentes para o diagnóstico, tratamento e acompanhamento do edema macular. Além disso, é necessário garantir um sistema de financiamento adequado que cubra os custos.""",O SR. PRESIDENTE(Dr. Zacharias Calil. Bloco/UNIÃO - GO),58,5542,746,869,"Zacharias Calil, para debater os desafios assistenciais dos pacientes de Edema Macular Diabético no Sistema Único de Saúde.",0.186,5
56076bd074c74d1a,a,166,Caio Vianna,"O poder público brasileiro deve participar do esforço de pesquisa e aplicação da tecnologia blockchain: ""Acredito que estamos diante de uma grande possibilidade de inovação. O Brasil não pode e não deve ficar para traz nessa discussão"".",O SR. PRESIDENTE(Caio Vianna. Bloco/PSD - RJ),95047,97955,96371,96454,"Portanto, eu acho que o Brasil não pode e não deve ficar para trás nesta discussão.",0.3636,1
56076bd074c74d1a,a,166,Caio Vianna,"O poder público brasileiro deve participar do esforço de pesquisa e aplicação da tecnologia blockchain: ""Acredito que estamos diante de uma grande possibilidade de inovação. O Brasil não pode e não deve ficar para traz nessa discussão"".",O SR. PRESIDENTE(Caio Vianna. Bloco/PSD - RJ),95047,97955,96226,96369,"Eu acredito que nós estamos diante de outra grande possibilidade de inovação, a das redes de registros distribuídos, assim como a dablockchain.",0.3333,2
56076bd074c74d1a,a,166,Caio Vianna,"O poder público brasileiro deve participar do esforço de pesquisa e aplicação da tecnologia blockchain: ""Acredito que estamos diante de uma grande possibilidade de inovação. O Brasil não pode e não deve ficar para traz nessa discussão"".",O SR. PRESIDENTE(Caio Vianna. Bloco/PSD - RJ),118486,122802,120177,120235,Não dá para nós aqui no Brasil abdicarmos dessa discussão.,0.2069,3
56076bd074c74d1a,a,166,Caio Vianna,"O poder público brasileiro deve participar do esforço de pesquisa e aplicação da tecnologia blockchain: ""Acredito que estamos diante de uma grande possibilidade de inovação. O Brasil não pode e não deve ficar para traz nessa discussão"".",O SR. PRESIDENTE(Caio Vianna. Bloco/PSD - RJ),146534,146669,146599,146667,"Eu não acho que o Governo brasileiro está atrasado em inovação, não.",0.2,4
56076bd074c74d1a,a,166,Caio Vianna,"O poder público brasileiro deve participar do esforço de pesquisa e aplicação da tecnologia blockchain: ""Acredito que estamos diante de uma grande possibilidade de inovação. O Brasil não pode e não deve ficar para traz nessa discussão"".",O SR. PRESIDENTE(Caio Vianna. Bloco/PSD - RJ),153205,157247,153537,153654,"Não têm por que a possibilidade de simplesmente se apagar da história do Brasil os gastos públicos, os investimentos.",0.1818,5
56076bd074c74d1a,b,138,Caio Vianna,"Os dados são hoje um ativo valioso, e é preciso dar mais condições para a agência desenvolver seu trabalho: ""Muitas vezes a gente faz um cadastro e imediatamente nosso telefone já está tocando com uma outra empresa que a gente não fez o cadastro oferecendo algum tipo de serviço, ou mandando e-mail ou mandando SMS, importunando inclusive o dia-a-dia do cidadão que está trabalhando. Então, isso é uma questão que a gente precisa avançar, precisa ter apoio deste Parlamento para que a ANPD possa desenvolver esse trabalho com cada vez mais eficiência, para que a gente possa proteger os cidadãos brasileiros dessas investidas e proteger os seus dados também.""",O SR. PRESIDENTE(Caio Vianna. Bloco/PSD - RJ),48,3466,1928,2208,"Muitas vezes, fazemos um cadastro, e, imediatamente, o nosso telefone já está tocando, com outra empresa, com a qual não fizemos o cadastro, oferecendo algum tipo de serviço, ou mandandoe-mail, ou mandando SMS, importunando, inclusive, o dia a dia do cidadão que está trabalhando.",0.5349,1
56076bd074c74d1a,b,138,Caio Vianna,"Os dados são hoje um ativo valioso, e é preciso dar mais condições para a agência desenvolver seu trabalho: ""Muitas vezes a gente faz um cadastro e imediatamente nosso telefone já está tocando com uma outra empresa que a gente não fez o cadastro oferecendo algum tipo de serviço, ou mandando e-mail ou mandando SMS, importunando inclusive o dia-a-dia do cidadão que está trabalhando. Então, isso é uma questão que a gente precisa avançar, precisa ter apoio deste Parlamento para que a ANPD possa desenvolver esse trabalho com cada vez mais eficiência, para que a gente possa proteger os cidadãos brasileiros dessas investidas e proteger os seus dados também.""",O SR. PRESIDENTE(Caio Vianna. Bloco/PSD - RJ),48,3466,2210,2491,"Então, essa é uma questão na qual precisamos avançar, para a qual precisamos ter o apoio deste Parlamento, a fim de que a ANPD possa desenvolver esse trabalho com cada vez mais eficiência, com o objetivo de proteger o cidadão brasileiro dessas investidas, assim como os seus dados.",0.4773,2
56076bd074c74d1a,b,138,Caio Vianna,"Os dados são hoje um ativo valioso, e é preciso dar mais condições para a agência desenvolver seu trabalho: ""Muitas vezes a gente faz um cadastro e imediatamente nosso telefone já está tocando com uma outra empresa que a gente não fez o cadastro oferecendo algum tipo de serviço, ou mandando e-mail ou mandando SMS, importunando inclusive o dia-a-dia do cidadão que está trabalhando. Então, isso é uma questão que a gente precisa avançar, precisa ter apoio deste Parlamento para que a ANPD possa desenvolver esse trabalho com cada vez mais eficiência, para que a gente possa proteger os cidadãos brasileiros dessas investidas e proteger os seus dados também.""",O SR. PRESIDENTE(Caio Vianna. Bloco/PSD - RJ),48,3466,2839,3031,"Acho que é de conhecimento de todos que os dados são hoje um dos maiores ativos que nós temos; muitas vezes é até considerado um ativo mais valioso do que o petróleo, do que outrascommodities.",0.2078,3
56076bd074c74d1a,b,138,Caio Vianna,"Os dados são hoje um ativo valioso, e é preciso dar mais condições para a agência desenvolver seu trabalho: ""Muitas vezes a gente faz um cadastro e imediatamente nosso telefone já está tocando com uma outra empresa que a gente não fez o cadastro oferecendo algum tipo de serviço, ou mandando e-mail ou mandando SMS, importunando inclusive o dia-a-dia do cidadão que está trabalhando. Então, isso é uma questão que a gente precisa avançar, precisa ter apoio deste Parlamento para que a ANPD possa desenvolver esse trabalho com cada vez mais eficiência, para que a gente possa proteger os cidadãos brasileiros dessas investidas e proteger os seus dados também.""",O SR. PRESIDENTE(Caio Vianna. Bloco/PSD - RJ),48,3466,1664,1867,"Quando vamos fazer um cadastro, nós autorizamos que a empresa, obviamente, possa utilizar os nossos dados para aquela finalidade, para aquela operação, mas, às vezes, vemos que não é isso o que acontece.",0.1772,4
56076bd074c74d1a,b,138,Caio Vianna,"Os dados são hoje um ativo valioso, e é preciso dar mais condições para a agência desenvolver seu trabalho: ""Muitas vezes a gente faz um cadastro e imediatamente nosso telefone já está tocando com uma outra empresa que a gente não fez o cadastro oferecendo algum tipo de serviço, ou mandando e-mail ou mandando SMS, importunando inclusive o dia-a-dia do cidadão que está trabalhando. Então, isso é uma questão que a gente precisa avançar, precisa ter apoio deste Parlamento para que a ANPD possa desenvolver esse trabalho com cada vez mais eficiência, para que a gente possa proteger os cidadãos brasileiros dessas investidas e proteger os seus dados também.""",O SR. PRESIDENTE(Caio Vianna. Bloco/PSD - RJ),26359,28876,28716,28874,"Eu também não sei quais são ainda, mas me parece que estão faltando mais instrumentos para que vocês consigam ter mais celeridade até para haver esta punição.",0.1519,5
ebcdef50abd4418f,a,89,Érika Kokay,"Defendeu a proteção aos territórios indígenas e o avanço nas políticas de demarcação dos territórios: ""Se o território é protegido, a vida é protegida. Nossa Constituição diz que crianças e adolescentes são prioridades. Portanto, é fundamental traçar planos que envolvem políticas públicas e avançar na demarcação das terras indígenas e na sua homologação.""",A SRA. ERIKA KOKAY(PT - DF),38075,46715,41772,41888,"É fundamental que nós possamos traçar os planos que envolvem políticas públicas, como já foi falado aqui pela Sonia.",0.3077,1
ebcdef50abd4418f,a,89,Érika Kokay,"Defendeu a proteção aos territórios indígenas e o avanço nas políticas de demarcação dos territórios: ""Se o território é protegido, a vida é protegida. Nossa Constituição diz que crianças e adolescentes são prioridades. Portanto, é fundamental traçar planos que envolvem políticas públicas e avançar na demarcação das terras indígenas e na sua homologação.""",A SRA. ERIKA KOKAY(PT - DF),38075,46715,41551,41678,"Portanto, esta Constituição que assegura os territórios indígenas também diz que criança e adolescente são prioridade absoluta.",0.3,2
ebcdef50abd4418f,a,89,Érika Kokay,"Defendeu a proteção aos territórios indígenas e o avanço nas políticas de demarcação dos territórios: ""Se o território é protegido, a vida é protegida. Nossa Constituição diz que crianças e adolescentes são prioridades. Portanto, é fundamental traçar planos que envolvem políticas públicas e avançar na demarcação das terras indígenas e na sua homologação.""",A SRA. ERIKA KOKAY(PT - DF),38075,46715,41889,41956,"É importante avançar na demarcação, na homologação dos territórios.",0.25,3
ebcdef50abd4418f,a,89,Érika Kokay,"Defendeu a proteção aos territórios indígenas e o avanço nas políticas de demarcação dos territórios: ""Se o território é protegido, a vida é protegida. Nossa Constituição diz que crianças e adolescentes são prioridades. Portanto, é fundamental traçar planos que envolvem políticas públicas e avançar na demarcação das terras indígenas e na sua homologação.""",A SRA. ERIKA KOKAY(PT - DF),38075,46715,41315,41499,"Inclusive as mulheres, com as Marchas das Mulheres Indígenas, trazem a defesa do próprio território, porque o território é protegido, as vidas são protegidas, a existência é protegida.",0.2381,4
ebcdef50abd4418f,a,89,Érika Kokay,"Defendeu a proteção aos territórios indígenas e o avanço nas políticas de demarcação dos territórios: ""Se o território é protegido, a vida é protegida. Nossa Constituição diz que crianças e adolescentes são prioridades. Portanto, é fundamental traçar planos que envolvem políticas públicas e avançar na demarcação das terras indígenas e na sua homologação.""",A SRA. ERIKA KOKAY(PT - DF),38075,46715,41679,41770,Esta é a única prioridade absoluta que está em nossa Constituição: crianças e adolescentes.,0.2286,5
ebcdef50abd4418f,b,85,Erika Kokay,"Enfatizou a importância do planejamento das políticas públicas para essa parte da população: ""Os planos possibilitam a intersetorialidade e, ao mesmo tempo, a avaliação de especificidades dentro da comunidade LBGTQIA+.""",A SRA. PRESIDENTE(Erika Kokay. Bloco/PT - DF),29036,32348,29718,30197,"Penso que a existência de Conselho e de planos é muito importante, como pontua a pesquisa, porque os planos possibilitam a intersetorialidade e, ao mesmo tempo, a avaliação de especificidades dentro da comunidade LGBTQIA+, que tem especificidades que precisam ser consideradas, como agregação inclusive da dupla discriminação, ou da dupla ausência de políticas públicas, porque um país LGBTfóbico é também um país sexista, um país racista, um país capacitista e um país etarista.",0.4074,1
ebcdef50abd4418f,b,85,Erika Kokay,"Enfatizou a importância do planejamento das políticas públicas para essa parte da população: ""Os planos possibilitam a intersetorialidade e, ao mesmo tempo, a avaliação de especificidades dentro da comunidade LBGTQIA+.""",A SRA. PRESIDENTE(Erika Kokay. Bloco/PT - DF),29036,32348,31358,31589,"Aqui estamos vendo um raio-x de como estão os equipamentos, os planos, as políticas para o enfrentamento da discriminação e, ao mesmo tempo, para o rompimento da invisibilização, para a garantia dos direitos da comunidade LGBTQIA+.",0.2703,2
ebcdef50abd4418f,b,85,Erika Kokay,"Enfatizou a importância do planejamento das políticas públicas para essa parte da população: ""Os planos possibilitam a intersetorialidade e, ao mesmo tempo, a avaliação de especificidades dentro da comunidade LBGTQIA+.""",A SRA. PRESIDENTE(Erika Kokay. Bloco/PT - DF),29036,32348,30199,30453,"É importante definir onde há planos, porque os planos asseguram a intersetorialidade e a participação da sociedade civil e, ao mesmo tempo, asseguram um planejamento, para que se possa designar prazos e responsáveis, apontar necessidades a ser superadas.",0.2632,3
ebcdef50abd4418f,b,85,Erika Kokay,"Enfatizou a importância do planejamento das políticas públicas para essa parte da população: ""Os planos possibilitam a intersetorialidade e, ao mesmo tempo, a avaliação de especificidades dentro da comunidade LBGTQIA+.""",A SRA. PRESIDENTE(Erika Kokay. Bloco/PT - DF),29036,32348,30454,30653,"Os planos nos permitem trabalhar com a intersetorialidade, e nenhuma política pública tem, isoladamente, condição para enfrentar todos os direitos que devem ser assegurados para a população LGBTQIA+.",0.1714,4
ebcdef50abd4418f,b,85,Erika Kokay,"Enfatizou a importância do planejamento das políticas públicas para essa parte da população: ""Os planos possibilitam a intersetorialidade e, ao mesmo tempo, a avaliação de especificidades dentro da comunidade LBGTQIA+.""",A SRA. PRESIDENTE(Erika Kokay. Bloco/PT - DF),51407,53801,51586,51656,"A partir daí, há instrumentos para a efetivação de políticas públicas.",0.1667,5
d3769de977ace19d,a,113,Gilson Daniel,"Cobrou maior número de contratos no novo PAC Encostas e reforço orçamentário: ""O País necessita organizar fontes de recursos específicas para a prevenção de desastres. Ao longo dos anos, temos recebido medidas provisórias que só chegam após o acontecimento do desastre, depois que a gente perde vidas e patrimônio.""",O SR. PRESIDENTE(Gilson Daniel. Bloco/PODE - ES),3861,7371,4618,4817,"Ao longo dos anos, temos recebido, na Câmara dos Deputados, medidas provisórias que somente chegam aqui após o acontecimento dos desastres, depois que se perdem vidas, depois que se perde patrimônio.",0.549,1
d3769de977ace19d,a,113,Gilson Daniel,"Cobrou maior número de contratos no novo PAC Encostas e reforço orçamentário: ""O País necessita organizar fontes de recursos específicas para a prevenção de desastres. Ao longo dos anos, temos recebido medidas provisórias que só chegam após o acontecimento do desastre, depois que a gente perde vidas e patrimônio.""",O SR. PRESIDENTE(Gilson Daniel. Bloco/PODE - ES),3861,7371,4496,4617,"O País necessita de recursos financeiros, precisa organizar fontes de recursos específicas para a prevenção de desastres.",0.381,2
d3769de977ace19d,a,113,Gilson Daniel,"Cobrou maior número de contratos no novo PAC Encostas e reforço orçamentário: ""O País necessita organizar fontes de recursos específicas para a prevenção de desastres. Ao longo dos anos, temos recebido medidas provisórias que só chegam após o acontecimento do desastre, depois que a gente perde vidas e patrimônio.""",O SR. PRESIDENTE(Gilson Daniel. Bloco/PODE - ES),3861,7371,4148,4333,"Essa é uma pauta que nós temos trabalhado constantemente nesta Casa, que tem sido chamada à discussão e, quase sempre, para pronta resposta, ou seja, após o acontecimento dos desastres.",0.1569,3
d3769de977ace19d,a,113,Gilson Daniel,"Cobrou maior número de contratos no novo PAC Encostas e reforço orçamentário: ""O País necessita organizar fontes de recursos específicas para a prevenção de desastres. Ao longo dos anos, temos recebido medidas provisórias que só chegam após o acontecimento do desastre, depois que a gente perde vidas e patrimônio.""",O SR. PRESIDENTE(Gilson Daniel. Bloco/PODE - ES),3861,7371,5466,5701,"Nós sabemos que há uma informação de investimentos por intermédio do PAC, mas a Comissão precisa tomar conhecimento até para ver qual o trabalho que precisa ser feito nesta Casa, para alocar mais recursos para a prevenção de desastres.",0.1481,4
d3769de977ace19d,a,113,Gilson Daniel,"Cobrou maior número de contratos no novo PAC Encostas e reforço orçamentário: ""O País necessita organizar fontes de recursos específicas para a prevenção de desastres. Ao longo dos anos, temos recebido medidas provisórias que só chegam após o acontecimento do desastre, depois que a gente perde vidas e patrimônio.""",O SR. PRESIDENTE(Gilson Daniel. Bloco/PODE - ES),3861,7371,3861,4146,"Agradeço ao Deputado Federal Leo Prates, que preside esse trabalho da nossa Comissão e nos orienta a organizar audiências como essa, em função de trabalharmos, ao final, um relatório que consiga proporcionar um arcabouço de prevenção de desastres e de calamidade pública no nosso País.",0.1333,5
d3769de977ace19d,b,107,Gilson Daniel,"Ressaltou que o Fundo Nacional de Calamidade Pública foi criado em 1969, mas nunca contou com fonte própria de recursos. Até hoje as emergências são atendidas por meio de medidas provisórias.",O SR. PRESIDENTE(Gilson Daniel. Bloco/PODE - ES),110760,113016,111867,112026,"Eu trabalhei fortemente pelo financiamento, para colocar recursos no Fundo de Calamidade Pública, que foi criado em 1969, mas nunca foi abastecido de recursos.",0.5,1
d3769de977ace19d,b,107,Gilson Daniel,"Ressaltou que o Fundo Nacional de Calamidade Pública foi criado em 1969, mas nunca contou com fonte própria de recursos. Até hoje as emergências são atendidas por meio de medidas provisórias.",O SR. PRESIDENTE(Gilson Daniel. Bloco/PODE - ES),3249,9881,4071,4292,"Hoje o Ministro Waldez esteve na Comissão de Integração Nacional e Desenvolvimento Regional e falou muito das alterações legislativas necessárias, que precisam ser feitas, principalmente no FUNCAP, que foi criado em 1969.",0.2326,2
d3769de977ace19d,b,107,Gilson Daniel,"Ressaltou que o Fundo Nacional de Calamidade Pública foi criado em 1969, mas nunca contou com fonte própria de recursos. Até hoje as emergências são atendidas por meio de medidas provisórias.",O SR. PRESIDENTE(Gilson Daniel. Bloco/PODE - ES),114106,115328,114812,115216,"Vocês viram que não conseguimos convidar todos os representantes dos Estados, mas, na nossa nova audiência pública para discutir sobre alerta e sobre o novo Plano Nacional de Proteção e Defesa Civil, esperamos convidar todos os representantes e ter a participação de todos, para construirmos nesta Comissão um relatório em que todas as demandas sejam atendidas, principalmente as demandas de cada Estado.",0.1404,3
d3769de977ace19d,b,107,Gilson Daniel,"Ressaltou que o Fundo Nacional de Calamidade Pública foi criado em 1969, mas nunca contou com fonte própria de recursos. Até hoje as emergências são atendidas por meio de medidas provisórias.",O SR. PRESIDENTE(Gilson Daniel. Bloco/PODE - ES),110760,113016,112027,112131,"Em 1969, o legislador já havia percebido a necessidade de recursos para prevenção, para pronta resposta.",0.129,4
d3769de977ace19d,b,107,Gilson Daniel,"Ressaltou que o Fundo Nacional de Calamidade Pública foi criado em 1969, mas nunca contou com fonte própria de recursos. Até hoje as emergências são atendidas por meio de medidas provisórias.",O SR. PRESIDENTE(Gilson Daniel. Bloco/PODE - ES),3249,9881,4293,4393,"Há muitas alterações ainda a serem feitas, inclusive com relação à destinação dos recursos do fundo.",0.125,5
36fb1e1240a12ac4,a,139,Célia Xakriabá,Sugeriu uma consulta pública sobre uma lei prisional específica para os indígenas.,A SRA. PRESIDENTE(Célia Xakriabá. Bloco/PSOL - MG),10931,12110,11635,11947,"Eu já gostaria de colocar aqui, como encaminhamento desta audiência do dia de hoje, o nosso mandato à disposição, juntamente com a senhora e os demais que compõem a Mesa, para pensar numa legislação específica do sistema prisional carcerário para as questões indígenas a partir de uma consulta pública inclusive.",0.2703,1
36fb1e1240a12ac4,a,139,Célia Xakriabá,Sugeriu uma consulta pública sobre uma lei prisional específica para os indígenas.,A SRA. PRESIDENTE(Célia Xakriabá. Bloco/PSOL - MG),53,3704,53,252,"Declaro aberta a reunião de audiência pública desta Comissão da Amazônia e dos Povos Originários e Tradicionais, destinada a debater o temaTratamento de povos indígenas no contexto de encarceramento.",0.1667,2
36fb1e1240a12ac4,a,139,Célia Xakriabá,Sugeriu uma consulta pública sobre uma lei prisional específica para os indígenas.,A SRA. PRESIDENTE(Célia Xakriabá. Bloco/PSOL - MG),10931,12110,11074,11140,É importante falar sobre a criminalização de lideranças indígenas.,0.1667,3
36fb1e1240a12ac4,a,139,Célia Xakriabá,Sugeriu uma consulta pública sobre uma lei prisional específica para os indígenas.,A SRA. PRESIDENTE(Célia Xakriabá. Bloco/PSOL - MG),28321,31358,29879,29928,É algo muito perigoso para as questões indígenas.,0.1667,4
36fb1e1240a12ac4,a,139,Célia Xakriabá,Sugeriu uma consulta pública sobre uma lei prisional específica para os indígenas.,A SRA. PRESIDENTE(Célia Xakriabá. Bloco/PSOL - MG),53,3704,1599,1834,"Aléssia Bertuleza Tuxá, Defensora Pública do Estado da Bahia e Coordenadora do Grupo de Trabalho sobre Igualdade Étnica dos Povos Indígenas e Presidente da Comissão de Direito dos Povos Indígenas, nossa primeira Defensora do povo Tuxá.",0.1481,5
36fb1e1240a12ac4,b,136,Célia Xakriabá,"Sugeriu o reconhecimento e a regulamentação dos agentes ambientais indígenas e a articulação do programa de gestão territorial com a Política de Educação Escolar Indígena e de Atendimento à Saúde Indígena: ""Fortalecendo os princípios da sustentabilidade com recursos orçamentários compatíveis com a necessidade das comunidades"".",A SRA. PRESIDENTE(Célia Xakriabá. Bloco/PSOL - MG),40654,46104,41911,42135,"A PNGATI deve estar articulada com a política de educação escolar indígena e de atendimento à saúde indígena, fortalecendo os princípios da sustentabilidade, com recurso orçamentário compatível à necessidade das comunidades.",0.5238,1
36fb1e1240a12ac4,b,136,Célia Xakriabá,"Sugeriu o reconhecimento e a regulamentação dos agentes ambientais indígenas e a articulação do programa de gestão territorial com a Política de Educação Escolar Indígena e de Atendimento à Saúde Indígena: ""Fortalecendo os princípios da sustentabilidade com recursos orçamentários compatíveis com a necessidade das comunidades"".",A SRA. PRESIDENTE(Célia Xakriabá. Bloco/PSOL - MG),12228,14759,14085,14201,"Nós temos plano, e a Política Nacional de Gestão Territorial e Ambiental de Terras Indígenas trata exatamente disso.",0.2222,2
36fb1e1240a12ac4,b,136,Célia Xakriabá,"Sugeriu o reconhecimento e a regulamentação dos agentes ambientais indígenas e a articulação do programa de gestão territorial com a Política de Educação Escolar Indígena e de Atendimento à Saúde Indígena: ""Fortalecendo os princípios da sustentabilidade com recursos orçamentários compatíveis com a necessidade das comunidades"".",A SRA. PRESIDENTE(Célia Xakriabá. Bloco/PSOL - MG),40654,46104,42443,42614,"É preciso ampliar a implementação do Programa Nacional de Alimentação Escolar — PNAE nas comunidades indígenas, com procedimentos adequados, e não envenenando as crianças.",0.2051,3
36fb1e1240a12ac4,b,136,Célia Xakriabá,"Sugeriu o reconhecimento e a regulamentação dos agentes ambientais indígenas e a articulação do programa de gestão territorial com a Política de Educação Escolar Indígena e de Atendimento à Saúde Indígena: ""Fortalecendo os princípios da sustentabilidade com recursos orçamentários compatíveis com a necessidade das comunidades"".",A SRA. PRESIDENTE(Célia Xakriabá. Bloco/PSOL - MG),53,4085,1839,1998,"Eu gostaria de convidar também o Bruno Potiguara, Diretor de Gestão Ambiental, Territorial e Promoção ao Bem Viver Indígena, do Ministério dos Povos Indígenas.",0.2,4
36fb1e1240a12ac4,b,136,Célia Xakriabá,"Sugeriu o reconhecimento e a regulamentação dos agentes ambientais indígenas e a articulação do programa de gestão territorial com a Política de Educação Escolar Indígena e de Atendimento à Saúde Indígena: ""Fortalecendo os princípios da sustentabilidade com recursos orçamentários compatíveis com a necessidade das comunidades"".",A SRA. PRESIDENTE(Célia Xakriabá. Bloco/PSOL - MG),53,4085,2476,2660,"Eu gostaria de mais uma vez esclarecer, para quem não se lembra, que a PNGATI é a Política Nacional de Gestão Territorial e Ambiental de Terras Indígenas, instituída pelo Decreto nº 7.",0.1951,5
36e4b11ff6345a11,a,199,Jorge Solla,"Apoiou a ministra Nísia Trindade: ""O ministério, em poucos meses, conseguiu reconquistar a autoridade técnico-política da direção nacional do SUS. Isso é fundamental, porque, infelizmente, no governo anterior foi uma desmoralização.""",O SR. JORGE SOLLA(Bloco/PT - BA),66566,69058,66930,67103,"No entanto, eu destacaria, primeiro, que o Ministério, em poucos meses, conseguiu reconquistar a autoridade técnica e política da Direção Nacional do Sistema Único de Saúde.",0.4615,1
36e4b11ff6345a11,a,199,Jorge Solla,"Apoiou a ministra Nísia Trindade: ""O ministério, em poucos meses, conseguiu reconquistar a autoridade técnico-política da direção nacional do SUS. Isso é fundamental, porque, infelizmente, no governo anterior foi uma desmoralização.""",O SR. JORGE SOLLA(Bloco/PT - BA),66566,69058,67104,67192,"Isso é fundamental, porque, infelizmente, no Governo anterior, houve uma desmoralização.",0.4516,2
36e4b11ff6345a11,a,199,Jorge Solla,"Apoiou a ministra Nísia Trindade: ""O ministério, em poucos meses, conseguiu reconquistar a autoridade técnico-política da direção nacional do SUS. Isso é fundamental, porque, infelizmente, no governo anterior foi uma desmoralização.""",O SR. JORGE SOLLA(Bloco/PT - BA),130509,136661,130948,131150,"Ministra Nísia Trindade, eu quero lhe agradecer publicamente, porque, no mês de maio, a senhora incluiu oito hospitais no programa de financiamento do Ministério da Saúde — oito hospitais, Deputada Ana!",0.2326,3
36e4b11ff6345a11,a,199,Jorge Solla,"Apoiou a ministra Nísia Trindade: ""O ministério, em poucos meses, conseguiu reconquistar a autoridade técnico-política da direção nacional do SUS. Isso é fundamental, porque, infelizmente, no governo anterior foi uma desmoralização.""",O SR. JORGE SOLLA(Bloco/PT - BA),66566,69058,67988,68228,Acho que foi emblemático ter sido a primeira conferência do Governo do Presidente Lula e a primeira conferência nacional depois desses anos de afastamento da população brasileira e de seus representantes das decisões das políticas públicas.,0.1364,4
36e4b11ff6345a11,a,199,Jorge Solla,"Apoiou a ministra Nísia Trindade: ""O ministério, em poucos meses, conseguiu reconquistar a autoridade técnico-política da direção nacional do SUS. Isso é fundamental, porque, infelizmente, no governo anterior foi uma desmoralização.""",O SR. JORGE SOLLA(Bloco/PT - BA),130509,136661,135663,135878,"E aqui, de novo, eu tenho que publicamente agradecer, porque a maior compra no mundo de equipamentos de radioterapia foi feita pela Presidenta Dilma no seu Governo — se não me engano, foram 80 aceleradores lineares.",0.1364,5
36e4b11ff6345a11,b,16,Jorge Solla,Elogiou a gestão de Sílvio Almeida no Ministério dos Direitos Humanos.,O SR. JORGE SOLLA(Bloco/PT - BA),47477,47576,47477,47572,Procedimentos para a reunião de comparecimento do Ministro dos Direitos Humanos e da Cidadania.,0.2857,1
36e4b11ff6345a11,b,16,Jorge Solla,Elogiou a gestão de Sílvio Almeida no Ministério dos Direitos Humanos.,O SR. JORGE SOLLA(Bloco/PT - BA),196306,198954,196724,196761,à frente do Ministério é fundamental.,0.2,2
36e4b11ff6345a11,b,16,Jorge Solla,Elogiou a gestão de Sílvio Almeida no Ministério dos Direitos Humanos.,O SR. JORGE SOLLA(Bloco/PT - BA),196306,198954,196317,196650,"Ministro, inicialmente, quero parabenizá-lo pela brilhante atuação à frente do Ministério dos Direitos Humanos, área que teve uma destruição sem precedentes no Governo anterior, porque não foram só os direitos previdenciários e trabalhistas, mas os direitos mais essenciais: direitos humanos, direitos sociais, direitos democráticos.",0.1765,3
36e4b11ff6345a11,b,16,Jorge Solla,Elogiou a gestão de Sílvio Almeida no Ministério dos Direitos Humanos.,O SR. JORGE SOLLA(Bloco/PT - BA),196306,198954,197124,197192,"no Ministério, está reconstruindo os espaços de participação social.",0.1538,4
36e4b11ff6345a11,b,16,Jorge Solla,Elogiou a gestão de Sílvio Almeida no Ministério dos Direitos Humanos.,O SR. JORGE SOLLA(Bloco/PT - BA),196306,198954,196651,196719,"A destruição de direitos foi algo de grande monta, e a atuação de V.",0.1429,5
3d382d16e23d6fe6,a,188,Mercedes Bustamante,"Nos programas de pós-graduação das universidades, dados de 2021 da plataforma Capes mostram que elas representavam 42% dos pesquisadores. Porém, no doutorado acadêmico, eram apenas 38%. Já no pós-doutorado, as mulheres representam 54% dos pesquisadores.",A SRA. MERCEDES BUSTAMANTE,6065,18920,15442,15647,"Quando nós consideramos hoje as bolsistas no exterior, no âmbito do Sistema Nacional de Pós-Graduação, com dados de 2019, as mulheres já representam 55% das bolsistas no exterior em nível de pós-graduação.",0.2941,1
3d382d16e23d6fe6,a,188,Mercedes Bustamante,"Nos programas de pós-graduação das universidades, dados de 2021 da plataforma Capes mostram que elas representavam 42% dos pesquisadores. Porém, no doutorado acadêmico, eram apenas 38%. Já no pós-doutorado, as mulheres representam 54% dos pesquisadores.",A SRA. MERCEDES BUSTAMANTE,6065,18920,7725,7847,Eu trago agora alguns dados da CAPES sobre a participação de docentes e pós-doutoras no Sistema Nacional de Pós-Graduação.,0.2581,2
3d382d16e23d6fe6,a,188,Mercedes Bustamante,"Nos programas de pós-graduação das universidades, dados de 2021 da plataforma Capes mostram que elas representavam 42% dos pesquisadores. Porém, no doutorado acadêmico, eram apenas 38%. Já no pós-doutorado, as mulheres representam 54% dos pesquisadores.",A SRA. MERCEDES BUSTAMANTE,6065,18920,10114,10397,"Novamente, nós observamos que, apesar de a média nacional da participação de docentes mulheres, na pós-graduação, ser em torno de 42%, contra 58% dos homens, nós temos uma participação feminina menor naqueles níveis de formação de pós-graduação de doutorado acadêmico e profissional.",0.2439,3
3d382d16e23d6fe6,a,188,Mercedes Bustamante,"Nos programas de pós-graduação das universidades, dados de 2021 da plataforma Capes mostram que elas representavam 42% dos pesquisadores. Porém, no doutorado acadêmico, eram apenas 38%. Já no pós-doutorado, as mulheres representam 54% dos pesquisadores.",A SRA. MERCEDES BUSTAMANTE,6065,18920,12802,12974,"Considerando dados de 2015, já com uma certa defasagem, nós tínhamos apenas 7% de mulheres negras com bolsa de produtividade CNPq, e as indígenas representavam menos de 1%.",0.2353,4
3d382d16e23d6fe6,a,188,Mercedes Bustamante,"Nos programas de pós-graduação das universidades, dados de 2021 da plataforma Capes mostram que elas representavam 42% dos pesquisadores. Porém, no doutorado acadêmico, eram apenas 38%. Já no pós-doutorado, as mulheres representam 54% dos pesquisadores.",A SRA. MERCEDES BUSTAMANTE,6065,18920,11393,11627,"Apesar de as mulheres terem uma participação maior como discentes na pós-graduação — eu vou mostrar esses dados daqui a pouco —, as universidades têm contratado menos mulheres para substituição das vagas dentro do quadro das docentes.",0.2326,5
3d382d16e23d6fe6,b,168,Mercedes Bustamante,"Dados da Capes mostram que o Brasil conta com mais de 4.500 programas de pós-graduação, e quase 7 mil cursos. No ano que vem, outros 300 cursos devem entrar no sistema.",A SRA. MERCEDES BUSTAMANTE,20597,36929,23360,23668,"Foram mais de 4 mil e 500 programas de pós-graduação; quase 7 mil cursos — esse número vai subir, porque cerca de 300 cursos devem entrar no sistema no próximo ano, divididos entre mestrados, doutorados, acadêmicos e profissionais —; quase 113 mil ingressantes; e aproximadamente 80 mil titulados no período.",0.5,1
3d382d16e23d6fe6,b,168,Mercedes Bustamante,"Dados da Capes mostram que o Brasil conta com mais de 4.500 programas de pós-graduação, e quase 7 mil cursos. No ano que vem, outros 300 cursos devem entrar no sistema.",A SRA. MERCEDES BUSTAMANTE,86162,88199,86937,87112,"A CAPES, infelizmente, vem, para 2024, na proposta de Lei Orçamentária, com um orçamento menor que 2023 apesar de o sistema de pós-graduação estar crescendo de 2023 para 2024.",0.2778,2
3d382d16e23d6fe6,b,168,Mercedes Bustamante,"Dados da Capes mostram que o Brasil conta com mais de 4.500 programas de pós-graduação, e quase 7 mil cursos. No ano que vem, outros 300 cursos devem entrar no sistema.",A SRA. MERCEDES BUSTAMANTE,20597,36929,34591,34963,"A CAPES vem investindo num aspecto importante, ou seja, na gestão e na governança da informação, com o lançamento do Programa de Governança Colaborativa de Informações da Pós-Graduação — GOPG, que esperamos torne mais transparente, mais claro e menos oneroso o processo de inserção, pelos programas, das informações sobre seus funcionamentos dentro da plataforma da CAPES.",0.2353,3
3d382d16e23d6fe6,b,168,Mercedes Bustamante,"Dados da Capes mostram que o Brasil conta com mais de 4.500 programas de pós-graduação, e quase 7 mil cursos. No ano que vem, outros 300 cursos devem entrar no sistema.",A SRA. MERCEDES BUSTAMANTE,20597,36929,27892,27935,São aproximadamente 300 mil pós-graduandos.,0.2308,4
3d382d16e23d6fe6,b,168,Mercedes Bustamante,"Dados da Capes mostram que o Brasil conta com mais de 4.500 programas de pós-graduação, e quase 7 mil cursos. No ano que vem, outros 300 cursos devem entrar no sistema.",A SRA. MERCEDES BUSTAMANTE,20597,36929,23277,23338,Esta é a dimensão do nosso Sistema Nacional de Pós-Graduação.,0.2222,5
9b028d8dc263fd18,a,197,Gianna Sagazio,Citou o projeto de lei em tramitação no Senado (PLS 226/16) que concede autonomia financeira aos institutos de ciência e tecnologia públicos e dá segurança jurídica para a concessão de bolsas e isenção de impostos de importação para empresas em projetos de pesquisa e desenvolvimento.,A SRA. GIANNA CARDOSO SAGAZIO,62321,69932,67371,67549,"Também é preciso prover segurança jurídica para a concessão de bolsas aos preceptores de residências médicas e profissionais bolsistas de projetos de ensino, pesquisa e extensão.",0.2927,1
9b028d8dc263fd18,a,197,Gianna Sagazio,Citou o projeto de lei em tramitação no Senado (PLS 226/16) que concede autonomia financeira aos institutos de ciência e tecnologia públicos e dá segurança jurídica para a concessão de bolsas e isenção de impostos de importação para empresas em projetos de pesquisa e desenvolvimento.,A SRA. GIANNA CARDOSO SAGAZIO,62321,69932,67630,67794,"—, e trazer igualdade para as importações das empresas em projetos de P&D por meio da isenção do Imposto de Importação e do Imposto sobre Produtos Industrializados.",0.2222,2
9b028d8dc263fd18,a,197,Gianna Sagazio,Citou o projeto de lei em tramitação no Senado (PLS 226/16) que concede autonomia financeira aos institutos de ciência e tecnologia públicos e dá segurança jurídica para a concessão de bolsas e isenção de impostos de importação para empresas em projetos de pesquisa e desenvolvimento.,A SRA. GIANNA CARDOSO SAGAZIO,62321,69932,66181,66704,"Chegando aos avanços do marco legal — não vou entrar muito em detalhes —, podemos dizer que de fato existe o reconhecimento de que avançamos, principalmente com a maior facilidade de remanejamento dos recursos dentro dos projetos de ciência, tecnologia e inovação, com a possibilidade de uma maior dedicação dos professores a projetos cooperativos, com a isenção ou redução do imposto de importação para as empresas, com a participação minoritária do Estado no capital social das empresas, com a contratação direta de ICTs.",0.1791,3
9b028d8dc263fd18,a,197,Gianna Sagazio,Citou o projeto de lei em tramitação no Senado (PLS 226/16) que concede autonomia financeira aos institutos de ciência e tecnologia públicos e dá segurança jurídica para a concessão de bolsas e isenção de impostos de importação para empresas em projetos de pesquisa e desenvolvimento.,A SRA. GIANNA CARDOSO SAGAZIO,62321,69932,68249,68378,"26 da Lei de Inovação, a fim de garantir a inserção dos temas referentes à ciência, tecnologia e inovação na formação dos alunos.",0.1667,4
9b028d8dc263fd18,a,197,Gianna Sagazio,Citou o projeto de lei em tramitação no Senado (PLS 226/16) que concede autonomia financeira aos institutos de ciência e tecnologia públicos e dá segurança jurídica para a concessão de bolsas e isenção de impostos de importação para empresas em projetos de pesquisa e desenvolvimento.,A SRA. GIANNA CARDOSO SAGAZIO,62321,69932,68081,68200,"Essa é mais uma questão de segurança jurídica, para que as ICTs possam ter participação no capital social das empresas.",0.1622,5
9b028d8dc263fd18,b,184,Gianna Sagazio,"Solicitou que as empresas possam usar o excedente de recursos destinados à pesquisa tecnológica em anos posteriores para cumprimento da legislação: ""A gente está falando do único instrumento fiscal que o Brasil tem para apoiar as empresas a inovar""",A SRA. GIANNA CARDOSO SAGAZIO,40041,49753,42541,42637,Estamos falando do único instrumento fiscal que o Brasil tem para apoiar as empresas a inovarem.,0.4848,1
9b028d8dc263fd18,b,184,Gianna Sagazio,"Solicitou que as empresas possam usar o excedente de recursos destinados à pesquisa tecnológica em anos posteriores para cumprimento da legislação: ""A gente está falando do único instrumento fiscal que o Brasil tem para apoiar as empresas a inovar""",A SRA. GIANNA CARDOSO SAGAZIO,40041,49753,42747,42854,"Então, nós, setor empresarial, consideramos a Lei do Bem o principal instrumento para as empresas inovarem.",0.1212,2
9b028d8dc263fd18,b,184,Gianna Sagazio,"Solicitou que as empresas possam usar o excedente de recursos destinados à pesquisa tecnológica em anos posteriores para cumprimento da legislação: ""A gente está falando do único instrumento fiscal que o Brasil tem para apoiar as empresas a inovar""",A SRA. GIANNA CARDOSO SAGAZIO,98068,99566,98688,98789,"Os gastos com pesquisa científica e inovação tecnológica ficam em 13º lugar, com apenas 1,57% do PIB.",0.1212,3
9b028d8dc263fd18,b,184,Gianna Sagazio,"Solicitou que as empresas possam usar o excedente de recursos destinados à pesquisa tecnológica em anos posteriores para cumprimento da legislação: ""A gente está falando do único instrumento fiscal que o Brasil tem para apoiar as empresas a inovar""",A SRA. GIANNA CARDOSO SAGAZIO,40041,49753,41987,42337,"A fragmentação do sistema de educação e pesquisa e do sistema de produção e inovação e a ineficiência, muitas vezes, dos subsistemas de política e regulação, isso requer importantes reformas relacionadas à tributação, à regulação das empresas e à política macroeconômica, que não tem, algumas vezes, uma visão de longo prazo desvinculada da inovação.",0.12,4
9b028d8dc263fd18,b,184,Gianna Sagazio,"Solicitou que as empresas possam usar o excedente de recursos destinados à pesquisa tecnológica em anos posteriores para cumprimento da legislação: ""A gente está falando do único instrumento fiscal que o Brasil tem para apoiar as empresas a inovar""",A SRA. GIANNA CARDOSO SAGAZIO,40041,49753,45875,45991,Aqui são as políticas de incentivo à cooperação entre as empresas para apoiar a inovação de maior risco tecnológico.,0.1143,5
de54c782d361768c,a,203,Lêda Borges,A melhor maneira de quebrar o ciclo da violência é a independência econômica das mulheres. Medidas como casas de acolhimento e inserção no mercado de trabalho são fundamentais.,A SRA. LÊDA BORGES(Bloco/PSDB - GO),47507,54263,50603,50756,"Mas, na minha visão, se começamos a quebrar o ciclo da violência com a independência econômica dessa mulher, nós já estaremos contribuindo objetivamente.",0.3226,1
de54c782d361768c,a,203,Lêda Borges,A melhor maneira de quebrar o ciclo da violência é a independência econômica das mulheres. Medidas como casas de acolhimento e inserção no mercado de trabalho são fundamentais.,A SRA. LÊDA BORGES(Bloco/PSDB - GO),47507,54263,49700,49865,"Nós precisamos avançar no ciclo da violência para que ele seja interrompido, principalmente na independência econômica, porque essa é mais palpável para nós, Denise.",0.25,2
de54c782d361768c,a,203,Lêda Borges,A melhor maneira de quebrar o ciclo da violência é a independência econômica das mulheres. Medidas como casas de acolhimento e inserção no mercado de trabalho são fundamentais.,A SRA. LÊDA BORGES(Bloco/PSDB - GO),47507,54263,53921,54027,Essas são as minhas palavras: é assustador o que vivemos hoje de violência contra as mulheres e os idosos.,0.2143,3
de54c782d361768c,a,203,Lêda Borges,A melhor maneira de quebrar o ciclo da violência é a independência econômica das mulheres. Medidas como casas de acolhimento e inserção no mercado de trabalho são fundamentais.,A SRA. LÊDA BORGES(Bloco/PSDB - GO),47507,54263,51138,51215,Ela tem que sair de casa e ser imediatamente inserida no mercado de trabalho.,0.16,4
de54c782d361768c,a,203,Lêda Borges,A melhor maneira de quebrar o ciclo da violência é a independência econômica das mulheres. Medidas como casas de acolhimento e inserção no mercado de trabalho são fundamentais.,A SRA. LÊDA BORGES(Bloco/PSDB - GO),47507,54263,51724,51825,"Elas são necessárias, inclusive se tivéssemos casas pequenininhas em todos os Municípios brasileiros.",0.1481,5
de54c782d361768c,b,154,Lêda Borges,"Disse: 'É necessário debater a promoção da saúde da mulher para esse ciclo da vida, buscando criar políticas públicas efetivas que melhorem a qualidade de vida dessas mulheres.'",A SRA. PRESIDENTE(Lêda Borges. Bloco/PSDB - GO),50,5865,1446,1614,"É necessário debater a promoção da saúde da mulher para esse ciclo da vida, buscando criar políticas públicas efetivas que melhorem a qualidade de vida dessas mulheres.",0.9714,1
de54c782d361768c,b,154,Lêda Borges,"Disse: 'É necessário debater a promoção da saúde da mulher para esse ciclo da vida, buscando criar políticas públicas efetivas que melhorem a qualidade de vida dessas mulheres.'",A SRA. PRESIDENTE(Lêda Borges. Bloco/PSDB - GO),50,5865,2432,2648,"A ciência, a tecnologia e o mundo evoluíram sobre esse tema e acreditamos ser necessário discutir sobre as várias formas de tratamentos e medicações de promoção da saúde feminina existentes para esse período da vida.",0.2703,2
de54c782d361768c,b,154,Lêda Borges,"Disse: 'É necessário debater a promoção da saúde da mulher para esse ciclo da vida, buscando criar políticas públicas efetivas que melhorem a qualidade de vida dessas mulheres.'",A SRA. PRESIDENTE(Lêda Borges. Bloco/PSDB - GO),110709,111161,110855,110945,Temos certeza de que as discussões se efetivarão como políticas públicas para as mulheres.,0.2308,3
de54c782d361768c,b,154,Lêda Borges,"Disse: 'É necessário debater a promoção da saúde da mulher para esse ciclo da vida, buscando criar políticas públicas efetivas que melhorem a qualidade de vida dessas mulheres.'",A SRA. PRESIDENTE(Lêda Borges. Bloco/PSDB - GO),50,5865,2781,2976,Acredito que esta audiência pública possa contribuir para o aprofundamento da discussão e do aprimoramento das políticas públicas em prol do amparo à saúde da mulher no climatério e na menopausa.,0.2286,4
de54c782d361768c,b,154,Lêda Borges,"Disse: 'É necessário debater a promoção da saúde da mulher para esse ciclo da vida, buscando criar políticas públicas efetivas que melhorem a qualidade de vida dessas mulheres.'",A SRA. PRESIDENTE(Lêda Borges. Bloco/PSDB - GO),49005,50029,49543,49631,"Estão participando virtualmente, porque a vida dessas mulheres e desse homem é preciosa.",0.2143,5
ffe531755c6def2e,a,112,Paulo Xavier,Defendeu a rejeição integral da proposta do Executivo.,O SR. PAULO XAVIER,23565,24921,24600,24651,"Então, nós queremos a rejeição total desse projeto.",0.1818,1
ffe531755c6def2e,a,112,Paulo Xavier,Defendeu a rejeição integral da proposta do Executivo.,O SR. PAULO XAVIER,19959,23004,20004,20077,"Cumprimento todos os Deputados, as autoridades presentes e os motoristas.",0.0,2
ffe531755c6def2e,a,112,Paulo Xavier,Defendeu a rejeição integral da proposta do Executivo.,O SR. PAULO XAVIER,19959,23004,20105,20288,Queria perguntar — e eu ouvi o Jair falar que praticamente todo o auditório ou boa parte dele é formada por motoristas — quais de vocês foram ouvidos nesse processo da regulamentação?,0.0,3
ffe531755c6def2e,a,112,Paulo Xavier,Defendeu a rejeição integral da proposta do Executivo.,O SR. PAULO XAVIER,19959,23004,20315,20369,"Existe, Deputado, nositeda Câmara mesmo, uma pesquisa.",0.0,4
ffe531755c6def2e,a,112,Paulo Xavier,Defendeu a rejeição integral da proposta do Executivo.,O SR. PAULO XAVIER,19959,23004,20370,20430,O resultado mostra que 98% dos motoristas não foram ouvidos.,0.0,5
ffe531755c6def2e,b,87,Paulo Xavier,Rechaça a proposta do governo.,O SR. PAULO XAVIER,40988,48330,47701,47776,O próprio Governo chegou ao entendimento de que 25% representam ganho real.,0.2,1
ffe531755c6def2e,b,87,Paulo Xavier,Rechaça a proposta do governo.,O SR. PAULO XAVIER,40988,48330,43076,43143,"O Governo pode, sim, criar mecanismos para que o MEI seja ampliado.",0.1818,2
ffe531755c6def2e,b,87,Paulo Xavier,Rechaça a proposta do governo.,O SR. PAULO XAVIER,40988,48330,46686,46761,"A elaboração da proposta 536, esta sim, teve a participação dos motoristas.",0.1818,3
ffe531755c6def2e,b,87,Paulo Xavier,Rechaça a proposta do governo.,O SR. PAULO XAVIER,40988,48330,47777,47960,"Nosso ganho real é, de fato, muito baixo, portanto o Imposto de Renda também precisa passar por uma equiparação neste modelo, nesta proposta, na aprovação que o Governo precisa fazer.",0.1739,4
ffe531755c6def2e,b,87,Paulo Xavier,Rechaça a proposta do governo.,O SR. PAULO XAVIER,40988,48330,44398,44496,Entendemos que o Governo tem uma grande oportunidade de criar um projeto que atenda o trabalhador.,0.1667,5
4cffd4e8a3906c01,a,17,Lafayette de Andrada,"O Parlamento deve tratar sobre certos assuntos, ainda que seja ao não votar nada sobre o tema: ""Quem tem competência e quem deve exprimir a voz da população, os anseios do povo, da sociedade, é o Poder Legislativo. Ele que foi votado, ele que foi escolhido para isso. E, se o Poder Legislativo silencia em função de determinado tema, muitas vezes é um silêncio eloquente, é porque não há o amadurecimento necessário ainda para legislar sobre aquilo.""",O SR. LAFAYETTE DE ANDRADA(Bloco/REPUBLICANOS - MG),75543,80360,77593,77790,"E se, frequentemente, o Poder Legislativo silencia em função de determinado tema, muitas vezes é um silêncio eloquente, é porque não há o necessário amadurecimento ainda para legislar sobre aquilo.",0.5965,1
4cffd4e8a3906c01,a,17,Lafayette de Andrada,"O Parlamento deve tratar sobre certos assuntos, ainda que seja ao não votar nada sobre o tema: ""Quem tem competência e quem deve exprimir a voz da população, os anseios do povo, da sociedade, é o Poder Legislativo. Ele que foi votado, ele que foi escolhido para isso. E, se o Poder Legislativo silencia em função de determinado tema, muitas vezes é um silêncio eloquente, é porque não há o amadurecimento necessário ainda para legislar sobre aquilo.""",O SR. LAFAYETTE DE ANDRADA(Bloco/REPUBLICANOS - MG),75543,80360,77417,77535,"Quem tem competência e quem deve exprimir a voz da população, os anseios do povo, da sociedade, é o Poder Legislativo.",0.4706,2
4cffd4e8a3906c01,a,17,Lafayette de Andrada,"O Parlamento deve tratar sobre certos assuntos, ainda que seja ao não votar nada sobre o tema: ""Quem tem competência e quem deve exprimir a voz da população, os anseios do povo, da sociedade, é o Poder Legislativo. Ele que foi votado, ele que foi escolhido para isso. E, se o Poder Legislativo silencia em função de determinado tema, muitas vezes é um silêncio eloquente, é porque não há o amadurecimento necessário ainda para legislar sobre aquilo.""",O SR. LAFAYETTE DE ANDRADA(Bloco/REPUBLICANOS - MG),75543,80360,77536,77592,"Ele é que foi votado, ele é que foi escolhido para isso.",0.2273,3
4cffd4e8a3906c01,a,17,Lafayette de Andrada,"O Parlamento deve tratar sobre certos assuntos, ainda que seja ao não votar nada sobre o tema: ""Quem tem competência e quem deve exprimir a voz da população, os anseios do povo, da sociedade, é o Poder Legislativo. Ele que foi votado, ele que foi escolhido para isso. E, se o Poder Legislativo silencia em função de determinado tema, muitas vezes é um silêncio eloquente, é porque não há o amadurecimento necessário ainda para legislar sobre aquilo.""",O SR. LAFAYETTE DE ANDRADA(Bloco/REPUBLICANOS - MG),75543,80360,76060,76315,"Mas o que é grave e eu quero trazer aqui é que não poucas vezes, nos últimos anos, o Poder Judiciário, em especial o Supremo, de maneira muito flagrante, tem adentrado naquilo que é a competência do Poder Legislativo, muitas vezes sob duas justificativas.",0.2154,4
4cffd4e8a3906c01,a,17,Lafayette de Andrada,"O Parlamento deve tratar sobre certos assuntos, ainda que seja ao não votar nada sobre o tema: ""Quem tem competência e quem deve exprimir a voz da população, os anseios do povo, da sociedade, é o Poder Legislativo. Ele que foi votado, ele que foi escolhido para isso. E, se o Poder Legislativo silencia em função de determinado tema, muitas vezes é um silêncio eloquente, é porque não há o amadurecimento necessário ainda para legislar sobre aquilo.""",O SR. LAFAYETTE DE ANDRADA(Bloco/REPUBLICANOS - MG),75543,80360,76868,76946,"Aí, sim, ele está flagrantemente invadindo a competência do Poder Legislativo.",0.1702,5
4cffd4e8a3906c01,b,104,Lafayette de Andrada,"Criticou as distribuidoras por estarem criando dificuldade para conectar as unidades de geração distribuída à rede elétrica: ""As distribuidoras não estão obedecendo à lei, não estão obedecendo às próprias resoluções da Aneel""",O SR. LAFAYETTE DE ANDRADA(Bloco/REPUBLICANOS - MG),121194,124064,121773,121965,"Elas não obedecem às normas, não obedecem à lei, não obedecem às resoluções da ANEEL e estão criando uma dificuldade imensa para um segmento que tem uma capilaridade gigantesca em todo o País.",0.4,1
4cffd4e8a3906c01,b,104,Lafayette de Andrada,"Criticou as distribuidoras por estarem criando dificuldade para conectar as unidades de geração distribuída à rede elétrica: ""As distribuidoras não estão obedecendo à lei, não estão obedecendo às próprias resoluções da Aneel""",O SR. LAFAYETTE DE ANDRADA(Bloco/REPUBLICANOS - MG),121194,124064,121315,121409,"Infelizmente, nos dias atuais, as concessionárias, lamentavelmente, não estão cumprindo a lei.",0.2222,2
4cffd4e8a3906c01,b,104,Lafayette de Andrada,"Criticou as distribuidoras por estarem criando dificuldade para conectar as unidades de geração distribuída à rede elétrica: ""As distribuidoras não estão obedecendo à lei, não estão obedecendo às próprias resoluções da Aneel""",O SR. LAFAYETTE DE ANDRADA(Bloco/REPUBLICANOS - MG),121194,124064,121639,121772,Essa queda de 61% no investimento ocorreu em função do que as distribuidoras têm feito com os empreendimentos de geração distribuída.,0.2069,3
4cffd4e8a3906c01,b,104,Lafayette de Andrada,"Criticou as distribuidoras por estarem criando dificuldade para conectar as unidades de geração distribuída à rede elétrica: ""As distribuidoras não estão obedecendo à lei, não estão obedecendo às próprias resoluções da Aneel""",O SR. LAFAYETTE DE ANDRADA(Bloco/REPUBLICANOS - MG),121194,124064,123009,123130,"Hoje, as concessionárias não cumprem a lei, não cumprem a regulação e, quando a ANEEL as autua, tudo fica por isso mesmo.",0.1935,4
4cffd4e8a3906c01,b,104,Lafayette de Andrada,"Criticou as distribuidoras por estarem criando dificuldade para conectar as unidades de geração distribuída à rede elétrica: ""As distribuidoras não estão obedecendo à lei, não estão obedecendo às próprias resoluções da Aneel""",O SR. LAFAYETTE DE ANDRADA(Bloco/REPUBLICANOS - MG),121194,124064,123132,123312,"Segundo os dados que me chegam, houve no último ano cerca de 17 mil reclamações à ANEEL de consumidores que tentaram buscar empreendimentos de geração distribuída em todo o Brasil.",0.1667,5
e001ebac1d8033f1,a,118,Leo Prates,"Avalia que a situação exige apoio extra às vítimas: ""Eu acho que a gente tem que criar um sistema nacional de apoio às vítimas de desastres, um arcabouço que faça parte, inclusive, do Sistema Nacional de Defesa Civil, com prevenção, pronta resposta e recuperação das áreas atingidas por desastres.""",O SR. PRESIDENTE(Leo Prates. Bloco/PDT - BA),52585,56782,52895,53061,"Eu acho que temos que criar um sistema nacional de apoio a vítimas de desastres, um arcabouço que faça parte inclusive do Sistema Nacional de Proteção e Defesa Civil.",0.65,1
e001ebac1d8033f1,a,118,Leo Prates,"Avalia que a situação exige apoio extra às vítimas: ""Eu acho que a gente tem que criar um sistema nacional de apoio às vítimas de desastres, um arcabouço que faça parte, inclusive, do Sistema Nacional de Defesa Civil, com prevenção, pronta resposta e recuperação das áreas atingidas por desastres.""",O SR. PRESIDENTE(Leo Prates. Bloco/PDT - BA),52585,56782,52806,52894,O Secretário Wolnei falou muito bem sobre o Sistema Nacional de Proteção e Defesa Civil.,0.2286,2
e001ebac1d8033f1,a,118,Leo Prates,"Avalia que a situação exige apoio extra às vítimas: ""Eu acho que a gente tem que criar um sistema nacional de apoio às vítimas de desastres, um arcabouço que faça parte, inclusive, do Sistema Nacional de Defesa Civil, com prevenção, pronta resposta e recuperação das áreas atingidas por desastres.""",O SR. PRESIDENTE(Leo Prates. Bloco/PDT - BA),52585,56782,53145,53203,O Deputado Gilson falou da prevenção e da pronta resposta.,0.1935,3
e001ebac1d8033f1,a,118,Leo Prates,"Avalia que a situação exige apoio extra às vítimas: ""Eu acho que a gente tem que criar um sistema nacional de apoio às vítimas de desastres, um arcabouço que faça parte, inclusive, do Sistema Nacional de Defesa Civil, com prevenção, pronta resposta e recuperação das áreas atingidas por desastres.""",O SR. PRESIDENTE(Leo Prates. Bloco/PDT - BA),52585,56782,53204,53272,Eu falaria mais: da recuperação dessas áreas atingidas por desastre.,0.1875,4
e001ebac1d8033f1,a,118,Leo Prates,"Avalia que a situação exige apoio extra às vítimas: ""Eu acho que a gente tem que criar um sistema nacional de apoio às vítimas de desastres, um arcabouço que faça parte, inclusive, do Sistema Nacional de Defesa Civil, com prevenção, pronta resposta e recuperação das áreas atingidas por desastres.""",O SR. PRESIDENTE(Leo Prates. Bloco/PDT - BA),47,3562,458,739,"Quero dizer ao Secretário Wolnei, saudando também aqui o Deputado Gilson Daniel, meu amigo e Relator, da felicidade que é ver aqui a Defesa Civil, que eu acho que tem um papel fundamental, principalmente na definição dos polígonos, digamos assim, onde estão as vítimas de desastre.",0.1818,5
e001ebac1d8033f1,b,113,Leo Prates,"""O grande desafio é criar um arcabouço legal que possa dar proteção especialmente aos vulneráveis. Imagina o que é, na Amazônia, não ter acesso a um médico porque as hidrovias e os rios estão secos; ou, no Rio Grande do Sul, a perda de pequenas atividades comerciais que sustentavam famílias inteiras.""",O SR. PRESIDENTE(Leo Prates. Bloco/PDT - BA),47,3810,3010,3201,"No Rio Grande do Sul, tem havido a perda de pequenos negócios, de salões de beleza, de pequenas atividades comerciais que sustentavam famílias inteiras, a perda de casas, de eletrodomésticos.",0.4167,1
e001ebac1d8033f1,b,113,Leo Prates,"""O grande desafio é criar um arcabouço legal que possa dar proteção especialmente aos vulneráveis. Imagina o que é, na Amazônia, não ter acesso a um médico porque as hidrovias e os rios estão secos; ou, no Rio Grande do Sul, a perda de pequenas atividades comerciais que sustentavam famílias inteiras.""",O SR. PRESIDENTE(Leo Prates. Bloco/PDT - BA),47,3810,2646,2884,"O nosso grande desafio, o meu e especialmente o do Deputado Gilson, que está liderando nossa equipe na questão do relatório, é criar um arcabouço legal que possa dar proteção, especialmente aos vulneráveis, nessas enchentes, nessas secas.",0.3774,2
e001ebac1d8033f1,b,113,Leo Prates,"""O grande desafio é criar um arcabouço legal que possa dar proteção especialmente aos vulneráveis. Imagina o que é, na Amazônia, não ter acesso a um médico porque as hidrovias e os rios estão secos; ou, no Rio Grande do Sul, a perda de pequenas atividades comerciais que sustentavam famílias inteiras.""",O SR. PRESIDENTE(Leo Prates. Bloco/PDT - BA),47,3810,2886,3009,"Nós imaginamos como é na Amazônia não se conseguir chegar a um médico porque as hidrovias estão secas, os rios estão secos.",0.3721,3
e001ebac1d8033f1,b,113,Leo Prates,"""O grande desafio é criar um arcabouço legal que possa dar proteção especialmente aos vulneráveis. Imagina o que é, na Amazônia, não ter acesso a um médico porque as hidrovias e os rios estão secos; ou, no Rio Grande do Sul, a perda de pequenas atividades comerciais que sustentavam famílias inteiras.""",O SR. PRESIDENTE(Leo Prates. Bloco/PDT - BA),47,3810,3420,3642,Peço à Vera que leve ao Ministro que nós estamos muito ansiosos pela participação do Ministério do Desenvolvimento Social e loucos para criar um arcabouço legal que possa proteger os cidadãos e as cidadãs mais vulneráveis.,0.1961,4
e001ebac1d8033f1,b,113,Leo Prates,"""O grande desafio é criar um arcabouço legal que possa dar proteção especialmente aos vulneráveis. Imagina o que é, na Amazônia, não ter acesso a um médico porque as hidrovias e os rios estão secos; ou, no Rio Grande do Sul, a perda de pequenas atividades comerciais que sustentavam famílias inteiras.""",O SR. PRESIDENTE(Leo Prates. Bloco/PDT - BA),47,3810,2423,2644,"Antes de passar a palavra e a Presidência, porque vou ter que me ausentar, eu queria parabenizar o Deputado Gilson Daniel e destacar a importância, no meu entendimento, da presença do Ministério do Desenvolvimento Social.",0.0784,5
d336204af6200b5c,a,68,Vanessa Pirolo,"""A pessoa com diabetes, no mínimo, tem que passar uma vez ao ano para fazer o exame adequado nos olhos e para ver como está o controle da doença.""",A SRA. VANESSA PIROLO,4115,12749,7102,7377,"Eu queria sensibilizar o Ministério da Saúde no sentido de conseguirmos fazer esse tipo de coisa, como podemos encaminhá-las, porque a pessoa com diabetes tem que, no mínimo, uma vez ao ano, fazer um exame adequado nos olhos e constatar como ela está com relação ao diabetes.",0.5455,1
d336204af6200b5c,a,68,Vanessa Pirolo,"""A pessoa com diabetes, no mínimo, tem que passar uma vez ao ano para fazer o exame adequado nos olhos e para ver como está o controle da doença.""",A SRA. VANESSA PIROLO,4115,12749,6201,6267,Hoje ele está numa fila de espera para fazer a cirurgia nos olhos.,0.24,2
d336204af6200b5c,a,68,Vanessa Pirolo,"""A pessoa com diabetes, no mínimo, tem que passar uma vez ao ano para fazer o exame adequado nos olhos e para ver como está o controle da doença.""",A SRA. VANESSA PIROLO,4115,12749,5946,6042,"Uma amiga minha tem um filho que está com diabetes, além de um problema de visão há alguns anos.",0.2222,3
d336204af6200b5c,a,68,Vanessa Pirolo,"""A pessoa com diabetes, no mínimo, tem que passar uma vez ao ano para fazer o exame adequado nos olhos e para ver como está o controle da doença.""",A SRA. VANESSA PIROLO,4115,12749,11846,12007,"Primeira questão: como podemos sensibilizar os médicos, todos eles, a indicarem um oftalmologista ao paciente, para que ele o visite, pelo menos, uma vez ao ano?",0.1875,4
d336204af6200b5c,a,68,Vanessa Pirolo,"""A pessoa com diabetes, no mínimo, tem que passar uma vez ao ano para fazer o exame adequado nos olhos e para ver como está o controle da doença.""",A SRA. VANESSA PIROLO,70066,71167,70594,70648,"Acho que ele tem apenas 30 anos, ele está desesperado.",0.1739,5
d336204af6200b5c,b,105,Vanessa Pirolo,"Os gastos hoje com diabetes superam 43 bilhões de dólares ao ano, e 60% desse valor cobre complicações da doença.",A SRA. VANESSA PIROLO,7673,16415,9937,10056,"Os gastos hoje com diabetes superam 43 milhões de dólares ao ano, e 60% desses gastos são com complicações do diabetes.",0.6364,1
d336204af6200b5c,b,105,Vanessa Pirolo,"Os gastos hoje com diabetes superam 43 bilhões de dólares ao ano, e 60% desse valor cobre complicações da doença.",A SRA. VANESSA PIROLO,5565,7650,6427,6519,Nós envolvemos hoje 26 organizações de diabetes para trabalhar as nossas políticas públicas.,0.2,2
d336204af6200b5c,b,105,Vanessa Pirolo,"Os gastos hoje com diabetes superam 43 bilhões de dólares ao ano, e 60% desse valor cobre complicações da doença.",A SRA. VANESSA PIROLO,7673,16415,10976,11073,"""Para que eu vou prescrever esse tratamento para essa pessoa se o valor não cobre os meus custos?",0.1739,3
d336204af6200b5c,b,105,Vanessa Pirolo,"Os gastos hoje com diabetes superam 43 bilhões de dólares ao ano, e 60% desse valor cobre complicações da doença.",A SRA. VANESSA PIROLO,5565,7650,6845,6977,"Hoje, estamos aqui para falar dos problemas de retina, especificamente de uma complicação do diabetes chamada retinopatia diabética.",0.1667,4
d336204af6200b5c,b,105,Vanessa Pirolo,"Os gastos hoje com diabetes superam 43 bilhões de dólares ao ano, e 60% desse valor cobre complicações da doença.",A SRA. VANESSA PIROLO,5565,7650,6647,6844,"A nossa ideia é trabalhar políticas públicas para melhorar o acesso, no País, ao tratamento adequado do diabetes, da obesidade e de todas as doenças associadas, que são as complicações do diabetes.",0.1379,5
e6a308550846aa5f,a,134,Leônidas Cristino,"A Câmara busca amplo consenso sobre o tema: ""Está aí o problema posto e, aqui nesta Casa, nós temos a obrigação de elaborar um marco regulatório que seja factível e bom para todo o País, acompanhando as experiências que estão sendo feitas nas academias. É para dar tranquilidade ao Brasil de investir e para demonstrar ao mundo que nós vamos ajudar o planeta a diminuir o aquecimento global.""",O SR. PRESIDENTE(Leônidas Cristino. Bloco/PDT - CE),72641,74917,73626,73863,"Nesta Casa, nós temos a obrigação de elaborar um marco regulatório que seja factível, bom, interessante para todo o País, essa é a nossa dificuldade, igualmente olhando e acompanhando as experiências que estão sendo feitas nas academias.",0.5714,1
e6a308550846aa5f,a,134,Leônidas Cristino,"A Câmara busca amplo consenso sobre o tema: ""Está aí o problema posto e, aqui nesta Casa, nós temos a obrigação de elaborar um marco regulatório que seja factível e bom para todo o País, acompanhando as experiências que estão sendo feitas nas academias. É para dar tranquilidade ao Brasil de investir e para demonstrar ao mundo que nós vamos ajudar o planeta a diminuir o aquecimento global.""",O SR. PRESIDENTE(Leônidas Cristino. Bloco/PDT - CE),84329,85724,84914,85438,"Daqui a uns dias, já estará treinando com bola e, daqui a outros dias, estará trabalhando conosco, aqui na Casa, no sentido de disponibilizarmos nosso projeto de lei, que vai ser muito importante para que o Congresso Nacional defina o marco regulatório dessa produção de hidrogênio verde, dessa coisa da transição energética e dar tranquilidade ao Brasil de investir uma quantidade expressiva de recursos, para demonstrar ao mundo que nós, brasileiros, vamos ajudar o planeta a diminuir esse aquecimento global, com certeza.",0.3636,2
e6a308550846aa5f,a,134,Leônidas Cristino,"A Câmara busca amplo consenso sobre o tema: ""Está aí o problema posto e, aqui nesta Casa, nós temos a obrigação de elaborar um marco regulatório que seja factível e bom para todo o País, acompanhando as experiências que estão sendo feitas nas academias. É para dar tranquilidade ao Brasil de investir e para demonstrar ao mundo que nós vamos ajudar o planeta a diminuir o aquecimento global.""",O SR. PRESIDENTE(Leônidas Cristino. Bloco/PDT - CE),62526,63425,63185,63268,"Nós vamos diminuir essa taxa, porque vamos ter um ITA agora em Fortaleza, no Ceará.",0.0816,3
e6a308550846aa5f,a,134,Leônidas Cristino,"A Câmara busca amplo consenso sobre o tema: ""Está aí o problema posto e, aqui nesta Casa, nós temos a obrigação de elaborar um marco regulatório que seja factível e bom para todo o País, acompanhando as experiências que estão sendo feitas nas academias. É para dar tranquilidade ao Brasil de investir e para demonstrar ao mundo que nós vamos ajudar o planeta a diminuir o aquecimento global.""",O SR. PRESIDENTE(Leônidas Cristino. Bloco/PDT - CE),17725,18298,18101,18188,"Se você puder ficar, será bom, se não, seja muito feliz e muito obrigado pela presença.",0.08,4
e6a308550846aa5f,a,134,Leônidas Cristino,"A Câmara busca amplo consenso sobre o tema: ""Está aí o problema posto e, aqui nesta Casa, nós temos a obrigação de elaborar um marco regulatório que seja factível e bom para todo o País, acompanhando as experiências que estão sendo feitas nas academias. É para dar tranquilidade ao Brasil de investir e para demonstrar ao mundo que nós vamos ajudar o planeta a diminuir o aquecimento global.""",O SR. PRESIDENTE(Leônidas Cristino. Bloco/PDT - CE),72641,74917,74197,74335,"Essa é a característica dos nossos conterrâneos baianos, estimo todos, principalmente os que estão aqui mais perto, no Congresso Nacional.",0.0755,5
e6a308550846aa5f,b,23,Leônidas Cristino,"Propôs que outros setores da economia, além dos transportes, também possam usar o biometano: ""Temos abranger todos os segmentos da economia, para que a gente possa tirar o gás carbônico da atmosfera, caso contrário o mundo não vai suportar.""",O SR. LEÔNIDAS CRISTINO(Bloco/PDT - CE),85174,91549,86228,86512,"Pois bem, nós temos que avançar nesse combustível para termos a tranquilidade de saber que vamos abranger todos os segmentos da economia do mundo, para que possamos descarbonizar, tirar o carbono, principalmente o gás carbônico, da atmosfera, caso contrário, o mundo não vai suportar.",0.5556,1
e6a308550846aa5f,b,23,Leônidas Cristino,"Propôs que outros setores da economia, além dos transportes, também possam usar o biometano: ""Temos abranger todos os segmentos da economia, para que a gente possa tirar o gás carbônico da atmosfera, caso contrário o mundo não vai suportar.""",O SR. LEÔNIDAS CRISTINO(Bloco/PDT - CE),85174,91549,87157,87205,"Caso contrário, não vai ter importância nenhuma.",0.2424,2
e6a308550846aa5f,b,23,Leônidas Cristino,"Propôs que outros setores da economia, além dos transportes, também possam usar o biometano: ""Temos abranger todos os segmentos da economia, para que a gente possa tirar o gás carbônico da atmosfera, caso contrário o mundo não vai suportar.""",O SR. LEÔNIDAS CRISTINO(Bloco/PDT - CE),85174,91549,87264,87343,"Além da densidade energética, nós temos que ver e acompanhar outros parâmetros.",0.1765,3
e6a308550846aa5f,b,23,Leônidas Cristino,"Propôs que outros setores da economia, além dos transportes, também possam usar o biometano: ""Temos abranger todos os segmentos da economia, para que a gente possa tirar o gás carbônico da atmosfera, caso contrário o mundo não vai suportar.""",O SR. LEÔNIDAS CRISTINO(Bloco/PDT - CE),85174,91549,90655,90749,São outros problemas que nós temos que tirar desta reunião para que nos dê essa tranquilidade.,0.1714,4
e6a308550846aa5f,b,23,Leônidas Cristino,"Propôs que outros setores da economia, além dos transportes, também possam usar o biometano: ""Temos abranger todos os segmentos da economia, para que a gente possa tirar o gás carbônico da atmosfera, caso contrário o mundo não vai suportar.""",O SR. LEÔNIDAS CRISTINO(Bloco/PDT - CE),85174,91549,90099,90212,"Agora, não; o gás de Fortaleza está muito mais caro do que os de outros Estados, de outras capitais, por exemplo.",0.1538,5
