pair_id,event_a,date_a,topic_a,text_a,context_before_a,evidence_a,context_after_a,event_b,date_b,topic_b,text_b,context_before_b,evidence_b,context_after_b,blinding_warning,stance_determinable_a,stance_determinable_b,target_proposition_a,target_proposition_b,same_proposition,stance_a,stance_b,determinability_confidence_a,determinability_confidence_b,proposition_confidence_a,proposition_confidence_b,comparability_confidence,stance_confidence_a,stance_confidence_b,annotation_notes_a,annotation_notes_b,comparability_notes
d4e87de87b4f3431,MINISTER_APPEARANCE,2023-12-05,Debate sobre denúncias envolvendo o custeio de viagem de Luciane Barbosa Farias e questões relacionadas aos direitos humanos,"Muito obrigada, Deputada Bia.

Eu cumprimento aqui o Ministro Silvio Almeida e agradeço-lhe a presença nesta Comissão.

Ministro, eu sou do Partido Novo. Nós do Partido Novo questionamos algumas coisas que o senhor explanou hoje. Acho que é muito bom este debate. Acho que realmente é bom conversarmos.

Eu gostaria de abordar uma questão dentro desse contexto, até para que o senhor veja onde vou colocar o foco. Sou Deputada de segundo mandato e, no último, fui Presidente da Frente Parlamentar Mista Ética contra a Corrupção. Na verdade, o nosso objetivo sempre foi questionar e lutar contra o crime, contra a impunidade.

Os eventos relacionados à Sra. Luciane Barbosa Faria, sabendo-se que era esposa de líder do Comando Vermelho, condenada em segunda instância por organização criminosa, associação para o tráfico, lavagem de dinheiro, realmente nos causaram muito desconforto, especialmente a mim, principalmente porque foi feita audiência com servidores, tendo o Ministério pagado diárias, viagens.

Nós fizemos requerimento de informação, que o senhor já deve ter recebido. Fizemos denúncia na Comissão de Ética Pública, fizemos um projeto de lei falando sobre a não publicização de agenda e compromissos, para isso se configurar como improbidade administrativa, e fizemos um requerimento de informação falando sobre o pagamento de diárias à referida cidadã pelo Ministério.

Eu vou ser muito objetiva nas minhas perguntas, até porque eu gostaria que houvesse objetividade nas respostas. O senhor publicou nota dizendo que existe um orçamento próprio reservado ao Comitê Nacional de Prevenção e Combate à Tortura e que isso foi indicação exclusiva dos comitês estaduais.

A primeira pergunta que eu gostaria de fazer é: qual é o instrumento legal que obriga o seu Ministério a arcar com essas despesas? Se eles têm autonomia para indicar, e o senhor não interfere — essa foi uma das afirmações que o Ministério fez —, por que o Ministério paga diárias e passagens de uma ""dama do tráfico"", condenada, e não faz absolutamente checagem nenhuma, não tem nenhum tipo de cuidado em relação a isso, já que estamos também falando de verba pública?

A minha segunda pergunta, Sr. Ministro, é a seguinte: se o Ministério faz bom uso desses recursos, que sabemos que são escassos, financiando deslocamento, custeio de representante regional, qual é o fluxo interno do Ministério para a aprovação de passagens e diárias e por que não se faz nenhuma checagem e não há nenhum filtro? Eu queria saber se existe algum tipo de verificação, algum tipo de fiscalização.

A terceira pergunta diz respeito ao fato de que, na nota, a Pasta deu a entender que as indicações dos Comitês de Prevenção e Combate à Tortura não podem ser questionadas pelo órgão central.Vemos nisso uma questão de descentralização que eu acho até interessante, mas, tendo em vista a rubrica orçamentária própria, que denota a autonomia administrativa, por que foi o Ministério que pagou? Essa parte eu também não entendi. Gostaria de um esclarecimento.

A outra pergunta que eu gostaria de fazer é em relação à agenda, ao episódio da agenda, que inclusive o meu colega de bancada Deputado Marcel van Hattem questionou. De acordo com o Decreto nº 10.889, de 2021, existe um prazo para registro de agenda, e, na sua agenda, num período de 6 dias, 7 dias, colocaram 153 registros em atraso. Então, eu realmente gostaria que o senhor esclarecesse essa agenda, o porquê do atraso, o porquê de 150 registros terem sido colocados fora de prazo, contrariando o decreto, contrariando inclusive uma norma. Alguns foram colocados com quase 290 dias de atraso. Então, em 7 dias se arrumou a agenda.

Essas são minhas perguntas. Eu lhe agradeço as respostas.

Muito obrigada.

","Muito obrigada, Deputada Bia.

Eu cumprimento aqui o Ministro Silvio Almeida e agradeço-lhe a presença nesta Comissão.

Ministro, eu sou do Partido Novo. Nós do Partido Novo questionamos algumas coisas que o senhor explanou hoje. Acho que é muito bom este debate. Acho que realmente é bom conversarmos.

Eu gostaria de abordar uma questão dentro desse contexto, até para que o senhor veja onde vou colocar o foco. Sou Deputada de segundo mandato e, no último, fui Presidente da Frente Parlamentar Mista Ética contra a Corrupção. Na verdade, o nosso objetivo sempre foi questionar e lutar contra o crime, contra a impunidade.

Os eventos relacionados à Sra. ","Luciane Barbosa Faria, sabendo-se que era esposa de líder do Comando Vermelho, condenada em segunda instância por organização criminosa, associação para o tráfico, lavagem de dinheiro, realmente nos causaram muito desconforto, especialmente a mim, principalmente porque foi feita audiência com servidores, tendo o Ministério pagado diárias, viagens.","

Nós fizemos requerimento de informação, que o senhor já deve ter recebido. Fizemos denúncia na Comissão de Ética Pública, fizemos um projeto de lei falando sobre a não publicização de agenda e compromissos, para isso se configurar como improbidade administrativa, e fizemos um requerimento de informação falando sobre o pagamento de diárias à referida cidadã pelo Ministério.

Eu vou ser muito objetiva nas minhas perguntas, até porque eu gostaria que houvesse objetividade nas respostas. O senhor publicou nota dizendo que existe um orçamento próprio reservado ao Comitê Nacional de Prevenção e Combate à Tortura e que isso foi indicação exclusiva dos comitês estaduais.

A primeira pergunta que eu gostaria de fazer é: qual é o instrumento legal que obriga o seu Ministério a arcar com essas despesas? Se eles têm autonomia para indicar, e o senhor não interfere — essa foi uma das afirmações que o Ministério fez —, por que o Ministério paga diárias e passagens de uma ""dama do tráfico"", condenada, e não faz absolutamente checagem nenhuma, não tem nenhum tipo de cuidado em relação a isso, já que estamos também falando de verba pública?

A minha segunda pergunta, Sr. Ministro, é a seguinte: se o Ministério faz bom uso desses recursos, que sabemos que são escassos, financiando deslocamento, custeio de representante regional, qual é o fluxo interno do Ministério para a aprovação de passagens e diárias e por que não se faz nenhuma checagem e não há nenhum filtro? Eu queria saber se existe algum tipo de verificação, algum tipo de fiscalização.

A terceira pergunta diz respeito ao fato de que, na nota, a Pasta deu a entender que as indicações dos Comitês de Prevenção e Combate à Tortura não podem ser questionadas pelo órgão central.Vemos nisso uma questão de descentralização que eu acho até interessante, mas, tendo em vista a rubrica orçamentária própria, que denota a autonomia administrativa, por que foi o Ministério que pagou? Essa parte eu também não entendi. Gostaria de um esclarecimento.

A outra pergunta que eu gostaria de fazer é em relação à agenda, ao episódio da agenda, que inclusive o meu colega de bancada Deputado Marcel van Hattem questionou. De acordo com o Decreto nº 10.889, de 2021, existe um prazo para registro de agenda, e, na sua agenda, num período de 6 dias, 7 dias, colocaram 153 registros em atraso. Então, eu realmente gostaria que o senhor esclarecesse essa agenda, o porquê do atraso, o porquê de 150 registros terem sido colocados fora de prazo, contrariando o decreto, contrariando inclusive uma norma. Alguns foram colocados com quase 290 dias de atraso. Então, em 7 dias se arrumou a agenda.

Essas são minhas perguntas. Eu lhe agradeço as respostas.

Muito obrigada.

",MINISTER_APPEARANCE,2023-08-09,Autossuficiência na produção de insumos para a saúde e questões relacionadas à compra emergencial de medicamentos pelo SUS,"Obrigada, Presidente Bia Kicis.

Agradeço bastante à Ministra, novamente, por estar aqui, atender o nosso convite e prestar esses esclarecimentos tão importantes. Muitas vezes vemos fatos, vemos notícias, muitas pessoas vão aos nossos gabinetes e fazem questionamentos. Recebemos muita gente. Mas vou me ater, Ministra, a um requerimento específico que eu fiz.Eu fiz vários requerimentos. Até brinquei quando a conheci. Eu disse que sou a rainha dos requerimentos de informação, em todos os aspectos. Sou aquela chata que quer saber. Portanto, agradeço a presença.

Vou me ater à questão da compra de insulina rápida, e por uma razão muito específica. No caso dessa aquisição emergencial, foi feita a contratação da empresa Global X, como sabemos, para compra de 1,3 milhão de unidades, no valor de 19 milhões de reais. Sabemos que é realmente um problema nacional e internacional essa falta de abastecimento. Só que algumas questões chamaram a atenção. Foi por isso que apresentei o requerimento de informação.

Em que pese a escassez do produto e a incapacidade de suprimento dessa demanda, causou estranheza o fato de a empresa Global X apresentar um preço significativamente inferior ao praticado no mercado. Quem conhece um pouco de economia sabe que, se falta produto, o preço sobe, o preço não cai. Esse questionamento chama a atenção porque não estamos falando de um preço similar ou um pouco mais baixo, estamos falando de um preço muito mais baixo. Essa é a primeira questão.

Outra questão também chamou a atenção. Havia outra empresa, a Novo Nordisk, que já era fornecedora regular de insulina para o Ministério da Saúde, mas foi desclassificada porque não atendia o prazo de 60 dias. Parece que o prazo dela era de 6 a 8 dias a mais. Ela foi desclassificada por essa razão. E a empresa Global X não tem representante no Brasil. Inclusive, é uma intermediadora. O Sr. Freddy Rabbat, um conhecido importador de relógios de luxo, foi investigado na época da pandemia de COVID. Ele é que está à frente da Global X, que não tem representante no Brasil. E essa empresa nunca produziu insulina. Não sabemos nem se essa empresa que ele representa... A empresa Gan & Lee, que é uma produtora de insulina, com que a Global X comercializa, também não tem representante.

Pergunto: por que foi escolhida uma empresa que tem histórico problemático de investigação? E é uma empresa que nunca produziu insulina. Não sabemos. Eu quero saber se houve comparação de preços. Também não tinha registro na ANVISA. Isso também chamou muito a atenção. Sei que o tempo é escasso, mas precisamos colocar foco nas perguntas também. O Ministério da Saúde avaliou todos esses pontos antes da contratação? Se avaliou, por que optou pela contratação da Global X, mesmo com todos esses alertas indicando que não era o melhor caminho? Lembro que havia outra empresa apta a fornecer a insulina, empresa já conhecida, que já era fornecedora. O que apuramos e o que as pessoas dizem é que esses produtos que foram contratados pela Global X, com a desculpa do prazo, ainda não foram entregues. Então, 1 mês de atraso. Eu queria saber se a senhora confirma essa informação, se ela procede, se não procede. E, se tiver procedência, quais são as providências que estão sendo tomadas?

Ministra, aproveitando o restante do meu tempo, eu quero fazer uma breve pergunta. Quanto a essa questão de transparência, dispensa de licitação ocorreu também na compra de vacina contra pneumonia. Houve mudança radical de orientação da CONITEC para a incorporação de vacinas? Eu queria que a senhora falasse um pouco sobre isso, até porque aconteceu uma situação similar com vacina da Pfizer, que já tinha sido aprovada pela CONITEC no ano passado. Houve consulta pública.Em 2023 mudou radicalmente e contratou agora Manguinhos FIOCRUZ, mesmo que existisse outra mais barata, que também é era boa.Eu gostaria de saber se há uma orientação específica para o Ministério dar preferência à produção de vacina estatal. Como fica a questão do preço? Temos de pensar no interesse público.

Então, eu gostaria que a V.Exa. nos esclarecesse essas duas questões.

Muito obrigada.

","Obrigada, Presidente Bia Kicis.

Agradeço bastante à Ministra, novamente, por estar aqui, atender o nosso convite e prestar esses esclarecimentos tão importantes. Muitas vezes vemos fatos, vemos notícias, muitas pessoas vão aos nossos gabinetes e fazem questionamentos. Recebemos muita gente. Mas vou me ater, Ministra, a um requerimento específico que eu fiz.Eu fiz vários requerimentos. Até brinquei quando a conheci. Eu disse que sou a rainha dos requerimentos de informação, em todos os aspectos. Sou aquela chata que quer saber. Portanto, agradeço a presença.

Vou me ater à questão da compra de insulina rápida, e por uma razão muito específica. No caso dessa aquisição emergencial, foi feita a contratação da empresa Global X, como sabemos, para compra de 1,3 milhão de unidades, no valor de 19 milhões de reais. Sabemos que é realmente um problema nacional e internacional essa falta de abastecimento. Só que algumas questões chamaram a atenção. Foi por isso que apresentei o requerimento de informação.

","Em que pese a escassez do produto e a incapacidade de suprimento dessa demanda, causou estranheza o fato de a empresa Global X apresentar um preço significativamente inferior ao praticado no mercado. Quem conhece um pouco de economia sabe que, se falta produto, o preço sobe, o preço não cai. Esse questionamento chama a atenção porque não estamos falando de um preço similar ou um pouco mais baixo, estamos falando de um preço muito mais baixo. Essa é a primeira questão.

Outra questão também chamou a atenção. Havia outra empresa, a Novo Nordisk, que já era fornecedora regular de insulina para o Ministério da Saúde, mas foi desclassificada porque não atendia o prazo de 60 dias. Parece que o prazo dela era de 6 a 8 dias a mais. Ela foi desclassificada por essa razão. E a empresa Global X não tem representante no Brasil. Inclusive, é uma intermediadora. O Sr. Freddy Rabbat, um conhecido importador de relógios de luxo, foi investigado na época da pandemia de COVID. Ele é que está à frente da Global X, que não tem representante no Brasil. E essa empresa nunca produziu insulina. Não sabemos nem se essa empresa que ele representa... A empresa Gan & Lee, que é uma produtora de insulina, com que a Global X comercializa, também não tem representante.

Pergunto: por que foi escolhida uma empresa que tem histórico problemático de investigação? E é uma empresa que nunca produziu insulina. Não sabemos. Eu quero saber se houve comparação de preços. Também não tinha registro na ANVISA. Isso também chamou muito a atenção."," Sei que o tempo é escasso, mas precisamos colocar foco nas perguntas também. O Ministério da Saúde avaliou todos esses pontos antes da contratação? Se avaliou, por que optou pela contratação da Global X, mesmo com todos esses alertas indicando que não era o melhor caminho? Lembro que havia outra empresa apta a fornecer a insulina, empresa já conhecida, que já era fornecedora. O que apuramos e o que as pessoas dizem é que esses produtos que foram contratados pela Global X, com a desculpa do prazo, ainda não foram entregues. Então, 1 mês de atraso. Eu queria saber se a senhora confirma essa informação, se ela procede, se não procede. E, se tiver procedência, quais são as providências que estão sendo tomadas?

Ministra, aproveitando o restante do meu tempo, eu quero fazer uma breve pergunta. Quanto a essa questão de transparência, dispensa de licitação ocorreu também na compra de vacina contra pneumonia. Houve mudança radical de orientação da CONITEC para a incorporação de vacinas? Eu queria que a senhora falasse um pouco sobre isso, até porque aconteceu uma situação similar com vacina da Pfizer, que já tinha sido aprovada pela CONITEC no ano passado. Houve consulta pública.Em 2023 mudou radicalmente e contratou agora Manguinhos FIOCRUZ, mesmo que existisse outra mais barata, que também é era boa.Eu gostaria de saber se há uma orientação específica para o Ministério dar preferência à produção de vacina estatal. Como fica a questão do preço? Temos de pensar no interesse público.

Então, eu gostaria que a V.Exa. nos esclarecesse essas duas questões.

Muito obrigada.

",POSSIBLE_POLITICAL_ROLE_IN_ORIGINAL_TEXT,YES,YES,O Ministério verifica quem recebe diárias e passagens,Foi adequada a contratação dessa empresa pelo Ministério da Saúde.,NO,AGAINST,AGAINST,MEDIUM,MEDIUM,HIGH,HIGH,HIGH,HIGH,HIGH,O orador revela o seu partido,"A deputada se auto refere como ""rainha dos requerimentos""",
e001ebac1d8033f1,PUBLIC_HEARING,2024-03-20,Ações de prevenção de desastres naturais e auxílio à população detalhadas por ministérios na Câmara dos Deputados,"Declaro aberta a 6ª Reunião Extraordinária da Comissão Especial, destinada a estudar e analisar formas de prevenção e auxílio a desastres e calamidades naturais, que têm assolado todo o território nacional.

Encontra-se à disposição na página da Comissão, na Internet, a ata da 5ª Reunião, realizada no dia 5 de março de 2023.

Fica dispensada a sua leitura nos termos do parágrafo único do art. 5º do Ato da Mesa nº 123, de 2020.

Não havendo quem queira retificá-la, em votação a ata.

Aqueles que concordam permaneçam como se encontram.(Pausa.)

Aprovada a ata.

Expediente.

Informo que a Deputada Rosângela Reis, do PL de Minas Gerais, foi efetivada como suplente no último dia 15 de março.

Seja muito bem-vinda, Deputada Rosângela! Espero que possamos continuar fazendo esse trabalho profícuo.

Ordem do Dia.

Esclareço que, na Ordem do Dia de hoje, está prevista a realização de audiência pública que cumpre decisão do colegiado, em atendimento aos Requerimentos nº 7 e nº 10, de 2023, de autoria do Relator, o Deputado Gilson Daniel.

Os Ministros convidados não puderam comparecer, mas enviaram representantes.

Audiência pública.

Daremos início à audiência pública, oportunidade em que os representantes do Ministério do Desenvolvimento e Assistência Social, Família e Combate à Fome e do Ministério das Cidades apresentarão as ações das referidas Pastas sobre prevenção e auxílio a desastres e calamidades naturais.

Convidados.

Agradeço a presença de todos, em especial a dos convidados, e informo que participarão dos trabalhos os seguintes palestrantes: a Sra. Vera Campelo, Coordenadora da Secretaria Nacional de Assistência Social do Ministério do Desenvolvimento e Assistência Social, Família e Combate à Fome — seja bem-vinda, Vera! —; o Sr. Pedro Henrique Lopes Batista, Diretor Substituto da Secretaria Nacional de Periferias do Ministério das Cidades.

Regras da audiência pública.

Para melhor andamento dos trabalhos, esclareço que adotaremos os seguintes procedimentos:

Em conformidade com decisão da Presidência da Casa, não será mais permitida a divisão de tempo para Comunicações de Liderança.

O tempo concedido aos convidados será de 20 minutos, prorrogáveis a juízo da Comissão.

O autor do requerimento será o primeiro a usar a palavra para considerações, por 3 minutos. Cada membro inscrito terá 3 minutos. Cada não membro terá 2 minutos.

Antes de passar a palavra e a Presidência, porque vou ter que me ausentar, eu queria parabenizar o Deputado Gilson Daniel e destacar a importância, no meu entendimento, da presença do Ministério do Desenvolvimento Social.

O nosso grande desafio, o meu e especialmente o do Deputado Gilson, que está liderando nossa equipe na questão do relatório, é criar um arcabouço legal que possa dar proteção, especialmente aos vulneráveis, nessas enchentes, nessas secas.

Nós imaginamos como é na Amazônia não se conseguir chegar a um médico porque as hidrovias estão secas, os rios estão secos. No Rio Grande do Sul, tem havido a perda de pequenos negócios, de salões de beleza, de pequenas atividades comerciais que sustentavam famílias inteiras, a perda de casas, de eletrodomésticos.

Para mim, Deputado Gilson, depois da criação do fundo, que é essencial para financiar todas essas ações, a ação na área social e a participação do Ministério do Desenvolvimento Social são muito importantes para nós.

Peço à Vera que leve ao Ministro que nós estamos muito ansiosos pela participação do Ministério do Desenvolvimento Social e loucos para criar um arcabouço legal que possa proteger os cidadãos e as cidadãs mais vulneráveis.

Eu queria, por tradição, porque já fazemos essas audiências públicas, convidar o autor do requerimento, o Deputado Gilson Daniel, para presidir a audiência pública.

","Declaro aberta a 6ª Reunião Extraordinária da Comissão Especial, destinada a estudar e analisar formas de prevenção e auxílio a desastres e calamidades naturais, que têm assolado todo o território nacional.

Encontra-se à disposição na página da Comissão, na Internet, a ata da 5ª Reunião, realizada no dia 5 de março de 2023.

Fica dispensada a sua leitura nos termos do parágrafo único do art. 5º do Ato da Mesa nº 123, de 2020.

Não havendo quem queira retificá-la, em votação a ata.

Aqueles que concordam permaneçam como se encontram.(Pausa.)

Aprovada a ata.

Expediente.

Informo que a Deputada Rosângela Reis, do PL de Minas Gerais, foi efetivada como suplente no último dia 15 de março.

Seja muito bem-vinda, Deputada Rosângela! Espero que possamos continuar fazendo esse trabalho profícuo.

Ordem do Dia.

Esclareço que, na Ordem do Dia de hoje, está prevista a realização de audiência pública que cumpre decisão do colegiado, em atendimento aos Requerimentos nº 7 e nº 10, de 2023, de autoria do Relator, o Deputado Gilson Daniel.

Os Ministros convidados não puderam comparecer, mas enviaram representantes.

Audiência pública.

Daremos início à audiência pública, oportunidade em que os representantes do Ministério do Desenvolvimento e Assistência Social, Família e Combate à Fome e do Ministério das Cidades apresentarão as ações das referidas Pastas sobre prevenção e auxílio a desastres e calamidades naturais.

Convidados.

Agradeço a presença de todos, em especial a dos convidados, e informo que participarão dos trabalhos os seguintes palestrantes: a Sra. Vera Campelo, Coordenadora da Secretaria Nacional de Assistência Social do Ministério do Desenvolvimento e Assistência Social, Família e Combate à Fome — seja bem-vinda, Vera! —; o Sr. Pedro Henrique Lopes Batista, Diretor Substituto da Secretaria Nacional de Periferias do Ministério das Cidades.

Regras da audiência pública.

Para melhor andamento dos trabalhos, esclareço que adotaremos os seguintes procedimentos:

Em conformidade com decisão da Presidência da Casa, não será mais permitida a divisão de tempo para Comunicações de Liderança.

O tempo concedido aos convidados será de 20 minutos, prorrogáveis a juízo da Comissão.

O autor do requerimento será o primeiro a usar a palavra para considerações, por 3 minutos. Cada membro inscrito terá 3 minutos. Cada não membro terá 2 minutos.

Antes de passar a palavra e a Presidência, porque vou ter que me ausentar, eu queria parabenizar o Deputado Gilson Daniel e destacar a importância, no meu entendimento, da presença do Ministério do Desenvolvimento Social.

","O nosso grande desafio, o meu e especialmente o do Deputado Gilson, que está liderando nossa equipe na questão do relatório, é criar um arcabouço legal que possa dar proteção, especialmente aos vulneráveis, nessas enchentes, nessas secas.","

Nós imaginamos como é na Amazônia não se conseguir chegar a um médico porque as hidrovias estão secas, os rios estão secos. No Rio Grande do Sul, tem havido a perda de pequenos negócios, de salões de beleza, de pequenas atividades comerciais que sustentavam famílias inteiras, a perda de casas, de eletrodomésticos.

Para mim, Deputado Gilson, depois da criação do fundo, que é essencial para financiar todas essas ações, a ação na área social e a participação do Ministério do Desenvolvimento Social são muito importantes para nós.

Peço à Vera que leve ao Ministro que nós estamos muito ansiosos pela participação do Ministério do Desenvolvimento Social e loucos para criar um arcabouço legal que possa proteger os cidadãos e as cidadãs mais vulneráveis.

Eu queria, por tradição, porque já fazemos essas audiências públicas, convidar o autor do requerimento, o Deputado Gilson Daniel, para presidir a audiência pública.

",PUBLIC_HEARING_WITH_DELIBERATION,2023-12-12,Impacto dos desastres climáticos no Brasil em 2023 e medidas de prevenção e resposta,"Nós temos um novo bloco aqui, mas, antes de abri-lo, eu queria fazer algumas considerações em relação ao que o Deputado Gilson e os nobres colegas colocaram.

Deputado Gilson, eu acho que nós temos uma missão maior aqui. O Secretário Wolnei falou muito bem sobre o Sistema Nacional de Proteção e Defesa Civil. Eu acho que temos que criar um sistema nacional de apoio a vítimas de desastres, um arcabouço que faça parte inclusive do Sistema Nacional de Proteção e Defesa Civil.

Eu também tenho uma pergunta a V.Exa., Secretário, mas daqui a pouco eu a farei.

O Deputado Gilson falou da prevenção e da pronta resposta. Eu falaria mais: da recuperação dessas áreas atingidas por desastre. Eu acho que nós precisamos ter um arcabouço tributário também que favoreça, por exemplo — e eu conversava com a Deputada Soraya Santos sobre isso —, pequenos salões de beleza, pequenos restaurantes. Vamos dizer que, em uma comunidade de Santa Catarina, sobre a qual a Deputada Ana Paula estava falando muito bem, onde a cabeleireira perdeu tudo, perdeu o seu salão, precisamos pensar num arcabouço que possa também — até com o Ministro da Fazenda, minha sugestão a V.Exa., Deputado Gilson, permita-me chamar assim — enxergar a recuperação desses locais, e que seja como V.Exa. disse, por meio de um auxílio. Lá em Salvador, na Bahia, nós estabelecemos um auxílio emergencial de 1.200 reais para as pessoas começarem as suas coisas.

Hoje, eu conversava com o Ministro Carlos Lupi, e ele topa antecipar, por exemplo, nas áreas em que ocorrerem desastres — e aí vem a minha pergunta —, o 13º das pessoas que não o tivessem pegado, da Previdência ou dos beneficiários, naquele período de desastre. Então, por exemplo, se o desastre acontece em fevereiro, teríamos a possibilidade de estar colocando naquelas comunidades o 13º das aposentadorias. Assim, estaríamos estimulando a economia e forçando a recuperação em 70% dos Municípios brasileiros, onde a maior parte da renda é de aposentados.

Então, eu acho que devemos pensar também em um arcabouço que permita o pós-desastre. Quando a mídia está lá, quando há uma comoção geral, todos nós descemos para lá, mas e o depois? E esses negócios que foram perdidos? E essas pessoas que perderam sua televisão, sua geladeira, as coisas que juntaram durante toda uma vida? Eu acho que é a grande oportunidade que nós temos, Deputado Gilson Daniel. V.Exas. viveram isso, temos o depoimento do Deputado Pedro Aihara, e isso me comove muito. É uma honra tê-los aqui, porque precisamos pensar também nesse arcabouço legal que permita que uma matriz que diga assim:""Aconteceu isso, vamos responder assim e depois vamos atuar assim"".Mas que já tenhamos aquela matriz e saibamos como vai ser a resposta do Estado brasileiro. Não estamos falando de Prefeituras, de Governo do Estado, mas do Estado brasileiro para a proteção daquelas vítimas de desastres. Eu acho que essa é a nossa principal missão, e com V.Exa. nos liderando, Deputado Gilson, nessa matriz, vamos dizer assim, de proteção, principalmente aos mais vulneráveis.

Aí vem a minha pergunta. Ao final eu passo a palavra ao Deputado Pedro. Eu gostaria de saber se há sistemas precisos, Secretário Wolnei, para a definição dessa poligonal, porque acho que há muitas ideias boas, inclusive o Senador Paulo Paim, do PT do Rio Grande do Sul, tem um projeto muito bom que é o da antecipação da própria questão do FGTS para aqueles locais de desastre, para a proteção daqueles trabalhadores e trabalhadoras. Eu acho que seria o caso da definição dessa poligonal, da clareza dessa poligonal do desastre, se os sistemas da defesa civil estão preparados. Por exemplo, no Rio Grande do Sul ou em Santa Catarina, nós temos a clareza dessa poligonal, vamos dizer assim, a poligonal do desastre. Definida essa poligonal, nós temos aqui instrumentos, como o fundo de desastre que o Deputado Gilson criou e que é muito importante para todas essas ações. É necessária a clareza desse polígono do desastre, vamos dizer assim, infelizmente, para que quem não percebeu entre, e para que quem percebeu esteja com firmeza dentro de toda essa rede de proteção.

Esse é o meu questionamento.

Passo a palavra ao Deputado Pedro Aihara.

","Nós temos um novo bloco aqui, mas, antes de abri-lo, eu queria fazer algumas considerações em relação ao que o Deputado Gilson e os nobres colegas colocaram.

Deputado Gilson, eu acho que nós temos uma missão maior aqui. O Secretário Wolnei falou muito bem sobre o Sistema Nacional de Proteção e Defesa Civil. ","Eu acho que temos que criar um sistema nacional de apoio a vítimas de desastres, um arcabouço que faça parte inclusive do Sistema Nacional de Proteção e Defesa Civil.","

Eu também tenho uma pergunta a V.Exa., Secretário, mas daqui a pouco eu a farei.

O Deputado Gilson falou da prevenção e da pronta resposta. Eu falaria mais: da recuperação dessas áreas atingidas por desastre. Eu acho que nós precisamos ter um arcabouço tributário também que favoreça, por exemplo — e eu conversava com a Deputada Soraya Santos sobre isso —, pequenos salões de beleza, pequenos restaurantes. Vamos dizer que, em uma comunidade de Santa Catarina, sobre a qual a Deputada Ana Paula estava falando muito bem, onde a cabeleireira perdeu tudo, perdeu o seu salão, precisamos pensar num arcabouço que possa também — até com o Ministro da Fazenda, minha sugestão a V.Exa., Deputado Gilson, permita-me chamar assim — enxergar a recuperação desses locais, e que seja como V.Exa. disse, por meio de um auxílio. Lá em Salvador, na Bahia, nós estabelecemos um auxílio emergencial de 1.200 reais para as pessoas começarem as suas coisas.

Hoje, eu conversava com o Ministro Carlos Lupi, e ele topa antecipar, por exemplo, nas áreas em que ocorrerem desastres — e aí vem a minha pergunta —, o 13º das pessoas que não o tivessem pegado, da Previdência ou dos beneficiários, naquele período de desastre. Então, por exemplo, se o desastre acontece em fevereiro, teríamos a possibilidade de estar colocando naquelas comunidades o 13º das aposentadorias. Assim, estaríamos estimulando a economia e forçando a recuperação em 70% dos Municípios brasileiros, onde a maior parte da renda é de aposentados.

Então, eu acho que devemos pensar também em um arcabouço que permita o pós-desastre. Quando a mídia está lá, quando há uma comoção geral, todos nós descemos para lá, mas e o depois? E esses negócios que foram perdidos? E essas pessoas que perderam sua televisão, sua geladeira, as coisas que juntaram durante toda uma vida? Eu acho que é a grande oportunidade que nós temos, Deputado Gilson Daniel. V.Exas. viveram isso, temos o depoimento do Deputado Pedro Aihara, e isso me comove muito. É uma honra tê-los aqui, porque precisamos pensar também nesse arcabouço legal que permita que uma matriz que diga assim:""Aconteceu isso, vamos responder assim e depois vamos atuar assim"".Mas que já tenhamos aquela matriz e saibamos como vai ser a resposta do Estado brasileiro. Não estamos falando de Prefeituras, de Governo do Estado, mas do Estado brasileiro para a proteção daquelas vítimas de desastres. Eu acho que essa é a nossa principal missão, e com V.Exa. nos liderando, Deputado Gilson, nessa matriz, vamos dizer assim, de proteção, principalmente aos mais vulneráveis.

Aí vem a minha pergunta. Ao final eu passo a palavra ao Deputado Pedro. Eu gostaria de saber se há sistemas precisos, Secretário Wolnei, para a definição dessa poligonal, porque acho que há muitas ideias boas, inclusive o Senador Paulo Paim, do PT do Rio Grande do Sul, tem um projeto muito bom que é o da antecipação da própria questão do FGTS para aqueles locais de desastre, para a proteção daqueles trabalhadores e trabalhadoras. Eu acho que seria o caso da definição dessa poligonal, da clareza dessa poligonal do desastre, se os sistemas da defesa civil estão preparados. Por exemplo, no Rio Grande do Sul ou em Santa Catarina, nós temos a clareza dessa poligonal, vamos dizer assim, a poligonal do desastre. Definida essa poligonal, nós temos aqui instrumentos, como o fundo de desastre que o Deputado Gilson criou e que é muito importante para todas essas ações. É necessária a clareza desse polígono do desastre, vamos dizer assim, infelizmente, para que quem não percebeu entre, e para que quem percebeu esteja com firmeza dentro de toda essa rede de proteção.

Esse é o meu questionamento.

Passo a palavra ao Deputado Pedro Aihara.

",POSSIBLE_POLITICAL_ROLE_IN_ORIGINAL_TEXT|POSSIBLE_PARTY_IN_ORIGINAL_TEXT,YES,YES,Deve ser criado um arcabouço legal de proteção às pessoas vulneráveis atingidas por desastres como enchentes e secas.,"Deve ser criado um sistema nacional de apoio a vítimas de desastres, integrado ao Sistema Nacional de Proteção e Defesa Civil.",YES,FAVOR,FAVOR,HIGH,HIGH,HIGH,HIGH,MEDIUM,HIGH,HIGH,O orador se apresenta como autor da lei que abasteceu o fundo de calamidades,A fala revela o estado do orador fala e sua atuação pelo Fundo de Calamidade Pública,
263f772b51bf1354,PUBLIC_HEARING,18/10/2023,Mudança demográfica e a necessidade de reestruturação do Estado para atender ao envelhecimento da população brasileira,"Boa tarde a todas as pessoas presentes.

Deputado Alexandre Lindenmeyer, mais uma vez, obrigado pelo convite e pela iniciativa de fazer este debate, que é tão importante para nós pensarmos esse planejamento, em que cabe várias perspectivas do que queremos planejar para o Estado brasileiro frente a essas mudanças demográficas.

Eu quero também aqui cumprimentar o Danyel, o Matheus, a Andréa, a Izabel, o Milton. Espero que nós possamos fazer um debate bastante rico e compreender melhor o que vem se passando na nossa sociedade.

Com um grupo de especialistas em números e indicadores, eu acho que nós vamos ter várias informações. Mas, só para nós iniciarmos este debate, vamos aqui lembrar e pontuar que estamos falando do segmento populacional que mais cresce no nosso País, que, hoje, já está em torno de 15%. Vamos aguardar os próximos dados do IBGE em termos de perspectivas.

As projeções são de que esse aumento ainda tenha uma influência grande na nossa sociedade.Eu uso a palavra ""influência"", não falo impacto, custo, porque a nossa Secretaria e o nosso Ministério entendem o envelhecimento como um ganho das políticas públicas, que permitiram essa perspectiva de longevidade, em particular, SUS, SUAS, benefícios previdenciários, que são possibilidades de dar essa longevidade para boa parte da população, ainda que nós já notemos a necessidade de aprimoramentos e de avanços nesse campo.

Eu queria só fazer uma breve recordação aqui de dados que mostram qual é a expectativa de vida da pessoa a partir do momento que nasce, para nós sabermos como temos que pensar o planejamento da população brasileira. Nós temos um dado que fala da perspectiva de vida quando a pessoa nasce e outro dado, que é importante, que fala da perspectiva de vida da pessoa quando chega aos 60 anos.

Então, só para vocês terem uma ideia, eu vou fazer um recorte de 1980 a 2019. Por exemplo, as mulheres tinham uma expectativa de vida em 1980 de 65,7 anos; em 2019 a expectativa de vida já está na faixa de 80 anos. Em 1980, aos 60 anos, elas tinham, em média, 17,8 anos de expectativa de vida; em 2019, tinham uma expectativa de vida de 25,3 anos. Vejam que todos os indicadores apontam para um aumento dessa longevidade.

Nós temos que observar quantas pessoas chegaram aos 60 anos e como chegaram aos 60 anos. Nós poderíamos trazer um outro indicador aqui no sentido de como está a pessoa que chegou aos 60 anos em termos de capacidade, de condição de fazer tudo aquilo que deseja. Às vezes, a pessoa chega aos 60 anos quase sem muita independência física ou autonomia para fazer aquilo que deseja.

Os homens tinham uma expectativa de vida, em 1980, na faixa de 53,5 anos; e, em 2019, de 72 anos, que era o valor das mulheres em 1991. Quando olhamos a expectativa de vida a partir dos 60 anos, os homens tinham, em 1980, 15,4 anos e, em 2019, 21,8 anos, que era o valor das mulheres em 2000.

Então, o primeiro desafio que eu quero colocar aqui é por que nós, de certa forma, naturalizamos a feminização da velhice, ou seja, mais mulheres chegando às idades mais avançadas, e, infelizmente, naturalizamos a mortalidade precoce de pessoas do gênero masculino. Alguma coisa acontece que faz com que as pessoas idosas masculinas morram precocemente. Nós sabemos que há uma questão de cultura, de hábitos. Quem trabalha na assistência numa unidade de base de saúde sabe que os homens não estão dentro da unidade, estão dentro do carro, porque não querem entrar, porque acham que, se entrarem numa unidade básica, vão ficar doentes. Eles não vão ficar doentes. Vão descobrir um diagnóstico de doenças que são tratáveis, que são evitáveis.

Quantos espaços de promoção à saúde, de empregabilidade, de educação nós temos também às pessoas do sexo biológico masculino? Se eu falar de uma questão de gênero, de orientação sexual, nós temos uma outra questão também, que é de pensar a empregabilidade dessas pessoas e quantas vão chegar aos 60 anos, que é uma outra provocação que eu vou fazer um pouco mais à frente.

O Brasil, de fato, já entendeu que não é mais um país de jovens? Conversando com o Deputado, nós falávamos um pouquinho de situações de alguns Municípios do Rio Grande do Sul, nos quais a cada três pessoas do Município uma já é idosa. Em muitos locais, o envelhecimento já é um fato. Nós já temos que pensar algo para algumas regiões, dadas as barreiras, os problemas sociais enfrentados, visto que não se envelhece da mesma forma. O planejamento que eu faço para o envelhecimento da Região Sul precisa ser diferente do da Região Norte.

Temos também que considerar as diversidades existentes no nosso País, o que enriquece, o que fortalece a nossa Nação, vamos dizer assim. Diversidade é bom, sim, novos saberes, novas práticas, isso é muito bom para qualquer país, qualquer nação, mas para nós ainda existe um problema sério, que é pensar as desigualdades. As desigualdades vão se perpetuando, se acumulando, se agravando e também chegando às idades mais avançadas, a ponto de garantir ou não que grupo social vai ou não envelhecer e com qual condição de vida.

Fica, agora, uma primeira provocação aqui também de quais indicadores nós estamos utilizando para pensar esse planejamento para a população brasileira. Será que nós estamos usando um indicador ou indicadores que são possíveis de serem utilizados por todos os gestores estaduais, municipais? Será que a academia consegue, de fato, compreender essa importância? Será que os espaços de produção de ciência também estão com essas lentes para olhar as interseccionalidades?

Temos alguns desafios que eu quero compartilhar aqui e que vão nos fazer realmente pensar melhor como o planejamento tem que ser feito, e tem a ver com a questão demográfica.

O primeiro ponto é o tamanho das famílias. As famílias hoje estão cada vez menores em alguns locais, ou na maioria dos locais, e não temos nem a reposição. Em muitos locais é 2,5 ou alguma coisa assim. Em outros lugares, até menos. Como nós vamos pensar naquela cultura que se tinha, de quem cuida da pessoa mais velha, se muitas vezes a pessoa mais velha também quer  é um direito dela  estar ativa, fazendo as suas coisas? Se nós não tivermos essa garantia do bem envelhecer, que está para além do cuidado, se ela precisar de alguma assistência, ela pode não encontrar, e não é simplesmente por uma não vontade da família, apenas por uma insuficiência; é a não possibilidade mesmo, porque os deslocamentos que as pessoas têm entre trabalho e casa, a preocupação, às vezes, com a educação dos mais jovens, ou das pessoas mais velhas, mesmo entre filhos, enfim, dificulta esse cuidado.

Então, é o momento de nós discutirmos esse cuidado compartilhado entre o Governo Federal, Governo Estadual, Municipal, Prefeituras, delegacias, conselhos, universidades, terceiro setor, enfim, todos os atores sociais precisam ser convidados para fazer parte desse cuidar ampliado da pessoa mais velha.

O quanto será que nós estamos construindo de políticas e programas que de fato vão garantir ações de equidade para os diversos grupos sociais?O que a saúde tem pensado nessa perspectiva de ampliação do seu alcance, da sua capilaridade, dos seus equipamentos e da eficiência das suas práticas?

Quanto ao trabalho, um ponto que nós precisamos dimensionar é que nós estamos num modelo capitalista, e isso muitas vezes reforça uma questão de idadismo, mas nós precisamos ser combatentes a esse modelo capitalista. Qual é o trabalho para essa pessoa idosa? Ela tem esse direito ao trabalho decente. Muitas pessoas nunca tiveram direito a um trabalho decente, começaram a trabalhar aos 9, 10 anos, nunca mais pararam de trabalhar. Qual é esse tipo de trabalho e quais formações nós estamos pensando para essas pessoas mais velhas?

Ao mesmo tempo, temos que considerar a questão da previdência. Quais são os direitos garantidos para a aposentadoria, para o acesso a pensão? Quais são os desafios que nós temos que lidar a curto prazo  para não falar imediatamente  para aquelas pessoas que já teriam direito a uma aposentadoria, a algum benefício e que não estão conseguindo?

No campo dos direitos humanos e do bem-estar das pessoas, e como um dos pilares do envelhecimento ativo, como estão as possibilidades de participação social nos espaços de cultura, de lazer e também, por que não, da conjugalidade e da sexualidade das pessoas idosas? Aqui eu falo da sexualidade no sentido de você estar bem com uma pessoa que você queira. O quanto será que isso é permitido? Quantos espaços que começam a aceitar melhor as pessoas idosas nem sempre aceitam que as pessoas idosas possam expressar algum tipo de afeto ou sexualidade por uma outra pessoa, independentemente do seu gênero, idade, classe social e tantas outras características que essa pessoa possa ter.

Outro desafio que eu quero colocar é a questão da aprendizagem e educação ao longo da vida, porque ainda temos na população idosa o maior número de pessoas analfabetas e com poucos anos de escolaridade. Dado esse excesso de digitalização, dado as demandas que nós temos também no campo do trabalho e em outras áreas, como nós estamos fazendo isso? A nossa Secretaria já está pensando algumas ações nessa perspectiva, considerando, por exemplo, a educação para jovens e adultos e pessoas idosas, que vai dar essa possibilidade de aprendizado com muito respeito às biografias e singularidades das pessoas mais velhas.

Um problema de saúde pública que nós podemos observar, e cada vez mais o seu aumento, é a questão da solidão. Muitas pessoas idosas podem não estar vivendo sozinhas, numa perspectiva de solitude, porque isso é algo construído  eu gosto de ficar sozinho, gosto de ter o meu espaço, de dormir a hora que eu quero, de fazer meus horários ; mas a outra é:""Eu não tenho ninguém, eu olho para os lados e não vejo ninguém ao meu lado para dar minimamente qualquer suporte que eu queira"". Na solitude, eu posso procurar essa rede quando eu ligo, quando eu vou para um bairro, quando eu ligo para alguém.

Há um grupo importante de pessoas que estão vivendo sozinhas. No Estado de São Paulo, por exemplo, são as mulheres idosas, pardas, que vivem mais sozinhas, algo em torno de 40%, baseado numa construção da trajetória de vida dos seus familiares, que, se gênero masculino, pode ser morte precoce ou por violência; se mulheres,muitas vezes, por morte materna durante o parto. Quer dizer, são causas evitáveis e necessárias que marcam o porquê para alguns grupos sociais ainda é difícil envelhecer.Temos também o desafio que cada vez mais se coloca para nós de pensar a violência digital nos meios digitais, porque cada vez mais nós estamos nessa inserção. Então, o letramento digital, a inclusão digital, a facilidade de acesso aos aplicativos e equipamentos que vão garantir o uso desses aplicativos têm que ser algo não só garantido, como também pensado exatamente para as pessoas mais velhas. E aí eu vejo aqui uma parceira nossa que está para fazer essa experiência de entender como nós podemos fazer isso, com humanização, com respeito, aprendendo com as pessoas mais velhas o que para elas faz sentido, e ao mesmo tempo também o que ocorre no meio digital, esse enfrentamento ao discurso de ódio e àsfake news. Eu quero agradecer por isso. Estamos bastante esperançosos com os resultados, sabemos que serão bons resultados, e que poderemos replicá-los cada vez mais para todo o País.

A rede de proteção às outras formas de violência tem que ser pensada. Recentemente, nós tivemos a retomada do Conselho Nacional de Direitos da Pessoa Idosa e com isso podemos avançar na ampliação dessa rede de enfrentamento. Vejam, as violências tanto podem ser sutis, como podem ser bem mais evidentes. Há aquela violência que é evidente, como maus-tratos, a agressão física, uma agressão psicológica que muitas vezes nos atravessa, mas há aquela que é sutil, como, por exemplo, não deixar a pessoa idosa manusear o próprio dinheiro ou chamá-la por um nome de que ela não gosta. Isso vira brincadeirinha, mas tem um fundo de violência, de desrespeito, e é assim que se vê a perpetuação de práticas que não são adequadas.

Nessa perspectiva, já é esperado para os próximos anos, dada a nossa retomada e valorização do Disque 100, esse aumento da violência, infelizmente, e uma maior explicação de quais são as formas de violência. Pode ser que nos próximos anos os números ainda sejam altos, mas porque estamos agora querendo captar melhor quais são os tipos de violência.

Eu vou trazer três explicações. Para a pessoa com idade entre 60 anos e 70 anos ou mais há um perfil da agressão e do agressor, geralmente é uma agressão cometida dentro de casa por filhos e netos. Quando vamos para 80 anos, isso muda, acontece fora da casa, na casa da nora, do genro ou de outro familiar, perpetuada muitas vezes por noras e genros. Então, parece que essa possibilidade de a pessoa idosa aos 80 anos já ter algum declínio funcional ou alguma vulnerabilidade a coloca numa outra situação, porque ela vai estar fora da sua casa e vai conviver com outras pessoas, que, ainda que familiares, estão perpetuando a violência. E o terceiro caso, se eu estou falando de pessoas idosas LGBTQIA+, pode ser que essas pessoas sofram  o dado é de Belo Horizonte  violência por um desconhecido e geralmente fora de casa. Só para entender que quanto mais ampliarmos essa rede para entender as formas de violência, mais assertivas poderão ser as nossas ações para esses diversos grupos de pessoas idosas.

Outro ponto são as moradias. Quais formatos de moradias são importantes para as pessoas idosas? Nós temos os formatos, eu vou dizer, mais tradicionais, mais habituais, mas é urgente que nós possamos pensar em meios alternativose eficazes e com respeito às pessoas idosas. O fato de termos três ou quatro pessoas que são de diversas partes de um mesmo Estado ou de um mesmo país já coloca, pensando no respeito à dignidade de envelhecer, desafios mínimos.Se eu perguntar aqui para todos qual é o horário que estão habituados a tomar café, vamos ver uma diferença; qual é o tipo de alimento de que eu me sirvo no café da manhã, já vai ser diferente; qual é o horário que eu vou dormir; quais são os meus rituais para dormir, da mesma forma. Veja, eu não posso perpetuar muitos equipamentos que vão a todo momento querer padronizar algo que para nós é um desrespeito, pois pode ser que o alimento que vai ser servido num espaço não seja o seu e aí vai ser um tamanho desrespeito. Então, seria criar equipamentos que vão cada vez mais garantir, eu dei o exemplo do tipo de alimentação, mas poderia ser do trabalho, poderia ser dos relacionamentos, poderia ser da aprendizagem. Assim, entender que essas moradias podem ser de vários formatos, mas que vão sempre garantir mais cidadania e respeito à autonomia das pessoas idosas é um ponto que eu considero muito necessário para um planejamento demográfico do nosso País.Dos últimos dois pontos, um deles é a convivência intergeracional, ou seja, entendemos que a causa da violência passa pelos agressores, e a solução passa por esse grupo também. Se vemos que muitas vezes são filhos, netos, genros, noras que perpetuam a violência ou alguns profissionais que também a perpetuam nos seus espaços, serão os outros familiares, os outros profissionais de boa intenção a solução do problema.

E como podemos disseminar isso? Como podemos, já desde a infância, mostrar que aquela formação está gerando estereótipo negativo da pessoa idosa? Nós temos, por exemplo, uma ação de ofertar gibis para as crianças, para que comecem a tirar aquele estereótipo de que velha é a bruxa, velha é a maldosa, a que vai roubar, enfim, e mostrar uma outra percepção. Uma outra experiência nossa é mostrar quem é o idoso, quem é a pessoa idosa que o inspira ou que o inspirou, assim a criança poderá trazer essa conexão.

Não é nada impossível imaginar que muito dos adoecimentos mentais que nós temos hoje passam por esse ""não lugar"" de onde eu vim. Para muitos aqui há um sorriso que aparece quando eu lembro de onde eu venho, mas para outros vem um vazio ou vem dor daquela pessoa que o antecedeu. Esse é um ponto que nós queremos cada vez mais trazer para o debate, inclusive nas redes sociais. E queremos trazer o rádio de novo, para que as pessoas possam cada vez mais entender que só se vai melhorar o convívio intergeracional trazendo um debate para as outras gerações também.

E o último ponto, que talvez poderia ser o primeiro dessa minha fala, é o enfrentamento ao idadismo, que é essa discriminação a partir da idade. E por que eu falo que poderia ser o primeiro? Porque o idadismo está em vários espaços. Quem me acompanha sabe que eu sempre faço questão de agradecer a presença das pessoas mais velhas, porque às vezes não há um convite para que elas possam participar, não há um convite formal. Dizem assim:""Lá você também pode ir"". É quando se vê, em alguns espaços, uma loja da moda, uma academia, um curso, chegar uma pessoa mais velha e ela receber um olhar de repulsa, de estranhamento, e isso não pode acontecer. Isso são manifestações do idadismo, do etarismo, do ageísmo. Enfim, os nomes vocês podem escolher, mas o fato é que todos dizem respeito à discriminaçãoque a pessoa sofre a partir da sua idade.Isso também pode acontecer em outros níveis, pode ser algo interpessoal, mas o grande problema é quando qualquer tipo de discriminação, inclusive o idadismo, atravessa a pessoa mais velha, e ela se sente de fato sem potencial, sem autoestima, sem o direito de viver plenamente a sua cidadania. Para mim, tudo o que nós temos que fazer é de fato criar uma proteção, para que o idadismo nunca a atravesse e seja cada vez menos presente nos nossos espaços.Era isso.Obrigado.

","Boa tarde a todas as pessoas presentes.

Deputado Alexandre Lindenmeyer, mais uma vez, obrigado pelo convite e pela iniciativa de fazer este debate, que é tão importante para nós pensarmos esse planejamento, em que cabe várias perspectivas do que queremos planejar para o Estado brasileiro frente a essas mudanças demográficas.

Eu quero também aqui cumprimentar o Danyel, o Matheus, a Andréa, a Izabel, o Milton. Espero que nós possamos fazer um debate bastante rico e compreender melhor o que vem se passando na nossa sociedade.

Com um grupo de especialistas em números e indicadores, eu acho que nós vamos ter várias informações. Mas, só para nós iniciarmos este debate, vamos aqui lembrar e pontuar que estamos falando do segmento populacional que mais cresce no nosso País, que, hoje, já está em torno de 15%. Vamos aguardar os próximos dados do IBGE em termos de perspectivas.

As projeções são de que esse aumento ainda tenha uma influência grande na nossa sociedade.Eu uso a palavra ""influência"", não falo impacto, custo, porque a nossa Secretaria e o nosso Ministério entendem o envelhecimento como um ganho das políticas públicas, que permitiram essa perspectiva de longevidade, em particular, SUS, SUAS, benefícios previdenciários, que são possibilidades de dar essa longevidade para boa parte da população, ainda que nós já notemos a necessidade de aprimoramentos e de avanços nesse campo.

Eu queria só fazer uma breve recordação aqui de dados que mostram qual é a expectativa de vida da pessoa a partir do momento que nasce, para nós sabermos como temos que pensar o planejamento da população brasileira. Nós temos um dado que fala da perspectiva de vida quando a pessoa nasce e outro dado, que é importante, que fala da perspectiva de vida da pessoa quando chega aos 60 anos.

Então, só para vocês terem uma ideia, eu vou fazer um recorte de 1980 a 2019. Por exemplo, as mulheres tinham uma expectativa de vida em 1980 de 65,7 anos; em 2019 a expectativa de vida já está na faixa de 80 anos. Em 1980, aos 60 anos, elas tinham, em média, 17,8 anos de expectativa de vida; em 2019, tinham uma expectativa de vida de 25,3 anos. Vejam que todos os indicadores apontam para um aumento dessa longevidade.

Nós temos que observar quantas pessoas chegaram aos 60 anos e como chegaram aos 60 anos. Nós poderíamos trazer um outro indicador aqui no sentido de como está a pessoa que chegou aos 60 anos em termos de capacidade, de condição de fazer tudo aquilo que deseja. Às vezes, a pessoa chega aos 60 anos quase sem muita independência física ou autonomia para fazer aquilo que deseja.

Os homens tinham uma expectativa de vida, em 1980, na faixa de 53,5 anos; e, em 2019, de 72 anos, que era o valor das mulheres em 1991. Quando olhamos a expectativa de vida a partir dos 60 anos, os homens tinham, em 1980, 15,4 anos e, em 2019, 21,8 anos, que era o valor das mulheres em 2000.

Então, o primeiro desafio que eu quero colocar aqui é por que nós, de certa forma, naturalizamos a feminização da velhice, ou seja, mais mulheres chegando às idades mais avançadas, e, infelizmente, naturalizamos a mortalidade precoce de pessoas do gênero masculino. Alguma coisa acontece que faz com que as pessoas idosas masculinas morram precocemente. Nós sabemos que há uma questão de cultura, de hábitos. Quem trabalha na assistência numa unidade de base de saúde sabe que os homens não estão dentro da unidade, estão dentro do carro, porque não querem entrar, porque acham que, se entrarem numa unidade básica, vão ficar doentes. Eles não vão ficar doentes. Vão descobrir um diagnóstico de doenças que são tratáveis, que são evitáveis.

Quantos espaços de promoção à saúde, de empregabilidade, de educação nós temos também às pessoas do sexo biológico masculino? Se eu falar de uma questão de gênero, de orientação sexual, nós temos uma outra questão também, que é de pensar a empregabilidade dessas pessoas e quantas vão chegar aos 60 anos, que é uma outra provocação que eu vou fazer um pouco mais à frente.

O Brasil, de fato, já entendeu que não é mais um país de jovens? Conversando com o Deputado, nós falávamos um pouquinho de situações de alguns Municípios do Rio Grande do Sul, nos quais a cada três pessoas do Município uma já é idosa. Em muitos locais, o envelhecimento já é um fato. Nós já temos que pensar algo para algumas regiões, dadas as barreiras, os problemas sociais enfrentados, visto que não se envelhece da mesma forma. ",O planejamento que eu faço para o envelhecimento da Região Sul precisa ser diferente do da Região Norte.,"

Temos também que considerar as diversidades existentes no nosso País, o que enriquece, o que fortalece a nossa Nação, vamos dizer assim. Diversidade é bom, sim, novos saberes, novas práticas, isso é muito bom para qualquer país, qualquer nação, mas para nós ainda existe um problema sério, que é pensar as desigualdades. As desigualdades vão se perpetuando, se acumulando, se agravando e também chegando às idades mais avançadas, a ponto de garantir ou não que grupo social vai ou não envelhecer e com qual condição de vida.

Fica, agora, uma primeira provocação aqui também de quais indicadores nós estamos utilizando para pensar esse planejamento para a população brasileira. Será que nós estamos usando um indicador ou indicadores que são possíveis de serem utilizados por todos os gestores estaduais, municipais? Será que a academia consegue, de fato, compreender essa importância? Será que os espaços de produção de ciência também estão com essas lentes para olhar as interseccionalidades?

Temos alguns desafios que eu quero compartilhar aqui e que vão nos fazer realmente pensar melhor como o planejamento tem que ser feito, e tem a ver com a questão demográfica.

O primeiro ponto é o tamanho das famílias. As famílias hoje estão cada vez menores em alguns locais, ou na maioria dos locais, e não temos nem a reposição. Em muitos locais é 2,5 ou alguma coisa assim. Em outros lugares, até menos. Como nós vamos pensar naquela cultura que se tinha, de quem cuida da pessoa mais velha, se muitas vezes a pessoa mais velha também quer  é um direito dela  estar ativa, fazendo as suas coisas? Se nós não tivermos essa garantia do bem envelhecer, que está para além do cuidado, se ela precisar de alguma assistência, ela pode não encontrar, e não é simplesmente por uma não vontade da família, apenas por uma insuficiência; é a não possibilidade mesmo, porque os deslocamentos que as pessoas têm entre trabalho e casa, a preocupação, às vezes, com a educação dos mais jovens, ou das pessoas mais velhas, mesmo entre filhos, enfim, dificulta esse cuidado.

Então, é o momento de nós discutirmos esse cuidado compartilhado entre o Governo Federal, Governo Estadual, Municipal, Prefeituras, delegacias, conselhos, universidades, terceiro setor, enfim, todos os atores sociais precisam ser convidados para fazer parte desse cuidar ampliado da pessoa mais velha.

O quanto será que nós estamos construindo de políticas e programas que de fato vão garantir ações de equidade para os diversos grupos sociais?O que a saúde tem pensado nessa perspectiva de ampliação do seu alcance, da sua capilaridade, dos seus equipamentos e da eficiência das suas práticas?

Quanto ao trabalho, um ponto que nós precisamos dimensionar é que nós estamos num modelo capitalista, e isso muitas vezes reforça uma questão de idadismo, mas nós precisamos ser combatentes a esse modelo capitalista. Qual é o trabalho para essa pessoa idosa? Ela tem esse direito ao trabalho decente. Muitas pessoas nunca tiveram direito a um trabalho decente, começaram a trabalhar aos 9, 10 anos, nunca mais pararam de trabalhar. Qual é esse tipo de trabalho e quais formações nós estamos pensando para essas pessoas mais velhas?

Ao mesmo tempo, temos que considerar a questão da previdência. Quais são os direitos garantidos para a aposentadoria, para o acesso a pensão? Quais são os desafios que nós temos que lidar a curto prazo  para não falar imediatamente  para aquelas pessoas que já teriam direito a uma aposentadoria, a algum benefício e que não estão conseguindo?

No campo dos direitos humanos e do bem-estar das pessoas, e como um dos pilares do envelhecimento ativo, como estão as possibilidades de participação social nos espaços de cultura, de lazer e também, por que não, da conjugalidade e da sexualidade das pessoas idosas? Aqui eu falo da sexualidade no sentido de você estar bem com uma pessoa que você queira. O quanto será que isso é permitido? Quantos espaços que começam a aceitar melhor as pessoas idosas nem sempre aceitam que as pessoas idosas possam expressar algum tipo de afeto ou sexualidade por uma outra pessoa, independentemente do seu gênero, idade, classe social e tantas outras características que essa pessoa possa ter.

Outro desafio que eu quero colocar é a questão da aprendizagem e educação ao longo da vida, porque ainda temos na população idosa o maior número de pessoas analfabetas e com poucos anos de escolaridade. Dado esse excesso de digitalização, dado as demandas que nós temos também no campo do trabalho e em outras áreas, como nós estamos fazendo isso? A nossa Secretaria já está pensando algumas ações nessa perspectiva, considerando, por exemplo, a educação para jovens e adultos e pessoas idosas, que vai dar essa possibilidade de aprendizado com muito respeito às biografias e singularidades das pessoas mais velhas.

Um problema de saúde pública que nós podemos observar, e cada vez mais o seu aumento, é a questão da solidão. Muitas pessoas idosas podem não estar vivendo sozinhas, numa perspectiva de solitude, porque isso é algo construído  eu gosto de ficar sozinho, gosto de ter o meu espaço, de dormir a hora que eu quero, de fazer meus horários ; mas a outra é:""Eu não tenho ninguém, eu olho para os lados e não vejo ninguém ao meu lado para dar minimamente qualquer suporte que eu queira"". Na solitude, eu posso procurar essa rede quando eu ligo, quando eu vou para um bairro, quando eu ligo para alguém.

Há um grupo importante de pessoas que estão vivendo sozinhas. No Estado de São Paulo, por exemplo, são as mulheres idosas, pardas, que vivem mais sozinhas, algo em torno de 40%, baseado numa construção da trajetória de vida dos seus familiares, que, se gênero masculino, pode ser morte precoce ou por violência; se mulheres,muitas vezes, por morte materna durante o parto. Quer dizer, são causas evitáveis e necessárias que marcam o porquê para alguns grupos sociais ainda é difícil envelhecer.Temos também o desafio que cada vez mais se coloca para nós de pensar a violência digital nos meios digitais, porque cada vez mais nós estamos nessa inserção. Então, o letramento digital, a inclusão digital, a facilidade de acesso aos aplicativos e equipamentos que vão garantir o uso desses aplicativos têm que ser algo não só garantido, como também pensado exatamente para as pessoas mais velhas. E aí eu vejo aqui uma parceira nossa que está para fazer essa experiência de entender como nós podemos fazer isso, com humanização, com respeito, aprendendo com as pessoas mais velhas o que para elas faz sentido, e ao mesmo tempo também o que ocorre no meio digital, esse enfrentamento ao discurso de ódio e àsfake news. Eu quero agradecer por isso. Estamos bastante esperançosos com os resultados, sabemos que serão bons resultados, e que poderemos replicá-los cada vez mais para todo o País.

A rede de proteção às outras formas de violência tem que ser pensada. Recentemente, nós tivemos a retomada do Conselho Nacional de Direitos da Pessoa Idosa e com isso podemos avançar na ampliação dessa rede de enfrentamento. Vejam, as violências tanto podem ser sutis, como podem ser bem mais evidentes. Há aquela violência que é evidente, como maus-tratos, a agressão física, uma agressão psicológica que muitas vezes nos atravessa, mas há aquela que é sutil, como, por exemplo, não deixar a pessoa idosa manusear o próprio dinheiro ou chamá-la por um nome de que ela não gosta. Isso vira brincadeirinha, mas tem um fundo de violência, de desrespeito, e é assim que se vê a perpetuação de práticas que não são adequadas.

Nessa perspectiva, já é esperado para os próximos anos, dada a nossa retomada e valorização do Disque 100, esse aumento da violência, infelizmente, e uma maior explicação de quais são as formas de violência. Pode ser que nos próximos anos os números ainda sejam altos, mas porque estamos agora querendo captar melhor quais são os tipos de violência.

Eu vou trazer três explicações. Para a pessoa com idade entre 60 anos e 70 anos ou mais há um perfil da agressão e do agressor, geralmente é uma agressão cometida dentro de casa por filhos e netos. Quando vamos para 80 anos, isso muda, acontece fora da casa, na casa da nora, do genro ou de outro familiar, perpetuada muitas vezes por noras e genros. Então, parece que essa possibilidade de a pessoa idosa aos 80 anos já ter algum declínio funcional ou alguma vulnerabilidade a coloca numa outra situação, porque ela vai estar fora da sua casa e vai conviver com outras pessoas, que, ainda que familiares, estão perpetuando a violência. E o terceiro caso, se eu estou falando de pessoas idosas LGBTQIA+, pode ser que essas pessoas sofram  o dado é de Belo Horizonte  violência por um desconhecido e geralmente fora de casa. Só para entender que quanto mais ampliarmos essa rede para entender as formas de violência, mais assertivas poderão ser as nossas ações para esses diversos grupos de pessoas idosas.

Outro ponto são as moradias. Quais formatos de moradias são importantes para as pessoas idosas? Nós temos os formatos, eu vou dizer, mais tradicionais, mais habituais, mas é urgente que nós possamos pensar em meios alternativose eficazes e com respeito às pessoas idosas. O fato de termos três ou quatro pessoas que são de diversas partes de um mesmo Estado ou de um mesmo país já coloca, pensando no respeito à dignidade de envelhecer, desafios mínimos.Se eu perguntar aqui para todos qual é o horário que estão habituados a tomar café, vamos ver uma diferença; qual é o tipo de alimento de que eu me sirvo no café da manhã, já vai ser diferente; qual é o horário que eu vou dormir; quais são os meus rituais para dormir, da mesma forma. Veja, eu não posso perpetuar muitos equipamentos que vão a todo momento querer padronizar algo que para nós é um desrespeito, pois pode ser que o alimento que vai ser servido num espaço não seja o seu e aí vai ser um tamanho desrespeito. Então, seria criar equipamentos que vão cada vez mais garantir, eu dei o exemplo do tipo de alimentação, mas poderia ser do trabalho, poderia ser dos relacionamentos, poderia ser da aprendizagem. Assim, entender que essas moradias podem ser de vários formatos, mas que vão sempre garantir mais cidadania e respeito à autonomia das pessoas idosas é um ponto que eu considero muito necessário para um planejamento demográfico do nosso País.Dos últimos dois pontos, um deles é a convivência intergeracional, ou seja, entendemos que a causa da violência passa pelos agressores, e a solução passa por esse grupo também. Se vemos que muitas vezes são filhos, netos, genros, noras que perpetuam a violência ou alguns profissionais que também a perpetuam nos seus espaços, serão os outros familiares, os outros profissionais de boa intenção a solução do problema.

E como podemos disseminar isso? Como podemos, já desde a infância, mostrar que aquela formação está gerando estereótipo negativo da pessoa idosa? Nós temos, por exemplo, uma ação de ofertar gibis para as crianças, para que comecem a tirar aquele estereótipo de que velha é a bruxa, velha é a maldosa, a que vai roubar, enfim, e mostrar uma outra percepção. Uma outra experiência nossa é mostrar quem é o idoso, quem é a pessoa idosa que o inspira ou que o inspirou, assim a criança poderá trazer essa conexão.

Não é nada impossível imaginar que muito dos adoecimentos mentais que nós temos hoje passam por esse ""não lugar"" de onde eu vim. Para muitos aqui há um sorriso que aparece quando eu lembro de onde eu venho, mas para outros vem um vazio ou vem dor daquela pessoa que o antecedeu. Esse é um ponto que nós queremos cada vez mais trazer para o debate, inclusive nas redes sociais. E queremos trazer o rádio de novo, para que as pessoas possam cada vez mais entender que só se vai melhorar o convívio intergeracional trazendo um debate para as outras gerações também.

E o último ponto, que talvez poderia ser o primeiro dessa minha fala, é o enfrentamento ao idadismo, que é essa discriminação a partir da idade. E por que eu falo que poderia ser o primeiro? Porque o idadismo está em vários espaços. Quem me acompanha sabe que eu sempre faço questão de agradecer a presença das pessoas mais velhas, porque às vezes não há um convite para que elas possam participar, não há um convite formal. Dizem assim:""Lá você também pode ir"". É quando se vê, em alguns espaços, uma loja da moda, uma academia, um curso, chegar uma pessoa mais velha e ela receber um olhar de repulsa, de estranhamento, e isso não pode acontecer. Isso são manifestações do idadismo, do etarismo, do ageísmo. Enfim, os nomes vocês podem escolher, mas o fato é que todos dizem respeito à discriminaçãoque a pessoa sofre a partir da sua idade.Isso também pode acontecer em outros níveis, pode ser algo interpessoal, mas o grande problema é quando qualquer tipo de discriminação, inclusive o idadismo, atravessa a pessoa mais velha, e ela se sente de fato sem potencial, sem autoestima, sem o direito de viver plenamente a sua cidadania. Para mim, tudo o que nós temos que fazer é de fato criar uma proteção, para que o idadismo nunca a atravesse e seja cada vez menos presente nos nossos espaços.Era isso.Obrigado.

",PUBLIC_HEARING,09/04/2024,Prioridade para a agenda do envelhecimento saudável no G20,"Bom dia a todas as pessoas. Tudo bem com vocês?

Quero mais uma vez agradecer o convite e também agradecer a presença das pessoas idosas nestes espaços. Reforço um pouco do que o Felipe falou sobre a importância da participação social, no caso, das pessoas idosas.

Quero cumprimentar o Presidente da CIDOSO, o Deputado Pedro Aihara; o Deputado Luiz Couto, que está presidindo esta audiência; o Deputado Alexandre Lindenmeyer, que posso dizer que é um amigo que tenho a alegria de reencontrar, e sua assessoria; os demais participantes da Mesa, o Felipe, a Lígia  estamos juntos há muito tempo , a Rafaela; e todas as demais pessoas presentes neste espaço.

Eu vou fazer um panorama da situação da pessoa idosa no nosso País e, ao falar sobre envelhecimento ativo e saudável e sobre a importância do G20, vou trazer algumas contribuições da nossa Secretaria.

Nós estamos observando nas últimas décadas um aumento crescente da população idosa. Isso já vem sendo notado há muito tempo. Hoje, podemos dizer que há quase 16% da população brasileira com 60 anos ou mais, o que corresponde a mais de 32 milhões de pessoas idosas.

É um processo, é uma condição, é um ganho que hoje tem algumas particularidades, como, eu diria, diversidade, mas também um pouco de desigualdade. Há hoje um predomínio do envelhecimento feminino, então há uma morte precoce das pessoas do gênero masculino. Enquanto na população como um todo 54% se declaram como pretos ou pardos, essa proporção cai para 48% entre aqueles com 60 anos ou mais. Isso indica que há uma não chegada de pessoas de pele mais escura à velhice.

Quando olhamos para o território, percebemos que há Estados onde menos de 10% da população é idosa, como Roraima, e outros onde mais de 20% da população é idosa, como é o caso do Rio Grande do Sul. Ao observarmos uma escala ainda menor, nos Municípios, encontramos lugares onde menos de 5% da população é idosa, porque as pessoas não conseguem envelhecer, e outros onde, de cada dez pessoas, quatro já são pessoas idosas; ou seja, existe uma grande heterogeneidade na forma de se envelhecer no nosso País, marcada não só pela adversidade, mas principalmente por desigualdades e por iniquidades.

Pensar em envelhecimento ativo e saudável, para o nosso Ministério, para a nossa Secretaria, é tentar contextualizar isso em uma perspectiva dos direitos humanos. Fala-se desses pilares, como já antecipado pelo meu amigo Alexandre Kalache, na questão da saúde. A saúde é um direito na perspectiva dos direitos humanos. Vemos o Ministério da Saúde fazendo a sua articulação, operacionalizando a questão da saúde, mas precisamos pensar como é que a saúde tem que ser garantida. A partir disso, junto com ações de outros Ministérios, nós também temos já a expectativa de olhar o que é saúde para as pessoas em uma perspectiva tanto individual quanto familiar ou comunitária. Quem conhece pessoas mais velhas sabe que, muitas vezes, elas ficam doentes quando sabem que algum familiar também está doente. Então, pensar nessa visão mais ampliada da saúde é um ponto importante da nossa Secretaria.

Considerando que a saúde precisa ser sempre ampliada nas ações, nós temos um projeto chamado Vida Digna em Casa, que pode ser implantado em alguns Estados. Nós já estamos com esse projeto em andamento no Rio Grande do Norte e estamos negociando com as Secretarias de outros Estados. O projeto Vida Digna em Casa é para atender, Deputado, pessoas que ficam acamadas ou domiciliadas. Enquanto há uma parte do trabalho do SUS, nós levamos equipamentos a essas pessoas para garantir-lhes o direito de escolher entre sair de casa ou ficar nela.

Outro pilar do envelhecimento ativo é o da educação ao logo da vida. Entendendo que 55% das pessoas analfabetas do nosso País são idosas, tanto no âmbito rural quanto no urbano, nós criamos junto ao MEC um projeto chamado Educação Para Toda a Vida. Este projeto também começa nos Municípios, com a intenção de levar a educação popular até a casa das pessoas idosas.

Outro pilar já mencionado é o da segurança. Costumo dizer seguranças, porque esse pilar envolve as seguranças física, emocional, psicológica, patrimonial, financeira, cultural, etc. Para uma delas, criamos um projeto chamado Viva Mais Cidadania Digital, que vai olhar para aquelas situações que vulnerabilizam as pessoas idosas, principalmente no mundo virtual, como os golpes, os empréstimos consignados.Em tempos de eleição, tanto na passada quanto na atual, é importante pensar no enfrentamento do discurso de ódio e dasfake news. Este é um projeto que acontece na UnB e que já começa a trazer os primeiros resultados.

Sobre a participação social, já tão comentada por todas e todos aqui, também temos que ampliar a participação social dentro do nosso conselho. Hoje, de 14 assentos, passamos para 18, considerando os novos assentos que vão falar sobre igualdade racial, população LGBTQIA+, mulheres e povos indígenas, sempre tentando fazer uma maior aproximação com os movimentos sociais. Eu acho que esse é um desafio, porque muitos desses grupos sociais nem sequer eram convidados a participar do cenário político. Então, eu convido todas e todos aqui a nos ajudar a mobilizar a participação social para estar conosco nos espaços políticos. Também devemos pensar em situações de desastres, em que proporcionalmente pessoas idosas são aquelas que mais sofrem.

Quando olhamos as ações da Secretaria, nós também estamos contextualizando os Objetivos de Desenvolvimento Sustentável  ODS, que consideram a pobreza, a saúde, a educação de qualidade, a igualdade de gênero, o trabalho decente. Vejam, muitas pessoas idosas sempre trabalharam, mas nem sempre foi um trabalho decente, nem sempre foi com garantias trabalhistas e previdenciárias, nem sempre foi com oportunidades de descanso. Além disso, pensa-se na redução das desigualdades, porque isso também é uma marca importante de raça, gênero, classe social, local onde mora, tipo de trabalho, dentre outros marcadores sociais.

É preciso pensar em cidades e comunidades sustentáveis. Então, um dos nossos programas diz respeito às ações realizadas no território.

É necessário também pensar na paz, na justiça e em instituições eficazes.

Quero destacar na audiência de hoje a importância de contextualizarmos que estamos na Década do Envelhecimento Saudável, de 2021 a 2030, período em que estamos constantemente debatendo o enfrentamento do idadismo, etarismo ou ageísmo, como queiram chamar. Isso diz respeito a como a sociedade lida com o processo de envelhecimento próprio e do outro e como essa discriminação vai estruturando a nossa sociedade, a ponto de criar locais de maior ou menor aceitação da pessoa mais velha.

Aqui, por exemplo, Deputado Luiz, é um espaço onde há mais pessoas idosas do que a média nacional. A Câmara dos Deputados tem em torno de 25% de pessoas idosas, enquanto o Senado tem mais de 50%. São espaços onde há pessoas idosas, e nós gostaríamos que neles fosse discutida cada vez mais a pauta das pessoas idosas e do envelhecimento.

Também é importante que as comunidades garantam uma maior participação e inclusão das pessoas idosas, pensando em acessibilidade, em mobilidade e, principalmente, no direito de ir e vir.

E, como já foi falado pela Dra. Lígia, deve-se pensar os serviços de cuidados integrados à atenção primária à saúde centrados na demanda da pessoa idosa. É sempre necessário ajustar os serviços para que eles atendam as demandas das pessoas idosas, em vez de as pessoas idosas sempre terem que procurar se encaixar naquilo que é ofertado.Esse é um ponto central, por exemplo, para entender por que a presença de pessoas do sexo masculino em alguns espaços de cuidado é muito pequena. Nem sempre são espaços que acolhem essas pessoas, por mais que eles estejam lá à sua disposição.Também temos que pensar no acesso a cuidados de longo prazo para as pessoas idosas. Nós temos em andamento o Plano Nacional dos Direitos da Pessoa Idosa. Nós já estamos em conversas bilaterais com os Ministérios e, em breve, teremos a contribuição de especialistas e também da participação social.

Os desafios que nós temos para incluir ou apoiar a pauta do envelhecimento e das pessoas idosas no G-20 dizem respeito à mudança na estrutura das populações. Vejam, muitos países não são mais constituídos predominantemente de crianças. O Brasil é um desses. Estamos vendo uma redução cada vez maior da taxa de natalidade, que nem diz respeito à reposição, e um aumento na quantidade de pessoas idosas. Como eu falei, há muitos Municípios em que tudo o que acontece é em razão da presença das pessoas idosas, principalmente a economia. Além de os serviços, como foi falado, serem predominantemente frequentados por pessoas idosas  muitas vezes nem há alternativa , há também um maior empoderamento feminino. Então, temos que, cada vez mais, aprimorar as nossas ações, para que as pessoas idosas possam usufruir tanto de uma melhor qualidade de vida como de outras condições de vida.

Também temos que construir linhas de cuidado a partir das particularidades dos diversos grupos. Vejam, nós estamos falando do envelhecimento que ocorre numa região de fronteira onde há imigrantes indígenas e no Sul, onde já há um processo mais avançado. Há povos quilombolas, há povos indígenas, há povos tradicionais, há diversos povos, e cada povo tem uma forma de considerar, de validar a maneira como gostaria de ser cuidado. Então, um debate cada vez mais ampliado, com mais atores sociais, a nosso ver, é bastante importante para construirmos essas possibilidades.

Temos que considerar também a globalização e os seus efeitos nos hábitos, nos costumes, na garantia do bem envelhecer e no exercício da cidadania. Temos, por exemplo, marcos normativos importantes que já estão em vigência no nosso País, mas outros países não os têm. Como pode um país garantir uma boa condição para envelhecer enquanto outro não garante? Isso precisa ser dialogado em outras esferas, e eu acho que o G-20 também pode ser um bom espaço para que isso aconteça.

Considero fundamental também garantirmos uma participação social cada vez maior. Infelizmente, vemos que alguns grupos têm dificuldade de saber, de poder chegar, de poder permanecer e de exercer todas as suas formas políticas de contribuição para a nossa sociedade.

Por fim, eu quero falar dos nossos dois programas: o Envelhecer nos Territórios e o Viva Mais Cidadania. Depois, eu ficarei aqui à disposição para prestar melhor esclarecimento aos Deputados, às Deputadas, aos assessores, às assessoras. Esses são programas que já estão funcionando.

O Envelhecer nos Territórios visa a ofertar a presença de agentes de direitos humanos nos territórios para que façam essa articulação com todas as demais demandas das pessoas idosas, como saúde, trabalho, previdência, educação, turismo, junto com as Prefeituras, garantindo, quando necessário, um espaço dentro da estrutura da Prefeitura para que se fale da pessoa idosa, além de fazer a formação de pessoas idosas em direitos humanos.

Já o Programa Viva Mais Cidadania vai olhar para gruposespecíficos da sociedade para ouvir essas pessoas e, a partir daí, ter ações que são pactuadas tanto aqui, no âmbito federal, quanto no estadual e no municipal.Nós estamos com o Envelhecer nos Territórios em mais de 13 Municípios. Nós escolhemos as cinco regiões do nosso País e já estamos fazendo isso. O critério para o Envelhecer nos Territórios é ser um Município onde há mais pessoas idosas e uma condição socioeconômica ruim. O aumento no número de pessoas idosas nesses Municípios ocorre não porque são um lugar bom para envelhecer, mas porque, na maior parte das vezes, quem não é velho está saindo por não querer envelhecer lá. E quem está lá, muitas vezes, pode entrar, cada vez mais, em situações de vulnerabilidade e, com isso, afetar diretamente a sua vida, o seu direito de envelhecer, como também toda a estrutura daquele Município. Então, nós estamos escolhendo Municípios de 35 mil a 100 mil habitantes. O nosso próximo passo é escolher Municípios ainda menores, onde a condição para envelhecer é ainda pior.E o Viva Mais Cidadania vai ter essa escuta dos grupos específicos. Nós estamos agora no Maranhão, com os quilombolas de Alcântara, e em Tocantins, com os de Cavalcante. Nós vamos agora expandir o programa para povos ciganos, para povos de terreiros e povos indígenas. Dependendo dos nossos recursos, nós queremos expandi-lo para todos esses grupos, que têm necessidade de envelhecer da mesma forma que outros grupos hoje têm o privilégio de envelhecer, almoçando muitas vezes com cinco gerações  tataravô, bisavô, avô, pai e filho  numa mesa, enquanto algumas pessoas idosas estão literalmente sozinhas.

Por fim, quero convidar todas as pessoas aqui presentes e as que estão nos acompanhando a participar ativamente da construção do nosso plano nacional e também das próximas conferências municipais, estaduais e nacional que faremos sobre a pessoa idosa. Em junho, haverá o nosso evento Junho Violeta, alusivo às violências que ocorrem contra a pessoa idosa, e, em outubro, haverá o Dia Nacional do Idoso e Dia Internacional das Pessoas Idosas.

Como é a minha primeira vez aqui este ano, desejo a todos e todas um bom trabalho. Que possamos construir cada vez mais ações para as pessoas idosas!

Obrigado.(Palmas.)

","Bom dia a todas as pessoas. Tudo bem com vocês?

Quero mais uma vez agradecer o convite e também agradecer a presença das pessoas idosas nestes espaços. Reforço um pouco do que o Felipe falou sobre a importância da participação social, no caso, das pessoas idosas.

Quero cumprimentar o Presidente da CIDOSO, o Deputado Pedro Aihara; o Deputado Luiz Couto, que está presidindo esta audiência; o Deputado Alexandre Lindenmeyer, que posso dizer que é um amigo que tenho a alegria de reencontrar, e sua assessoria; os demais participantes da Mesa, o Felipe, a Lígia  estamos juntos há muito tempo , a Rafaela; e todas as demais pessoas presentes neste espaço.

Eu vou fazer um panorama da situação da pessoa idosa no nosso País e, ao falar sobre envelhecimento ativo e saudável e sobre a importância do G20, vou trazer algumas contribuições da nossa Secretaria.

Nós estamos observando nas últimas décadas um aumento crescente da população idosa. Isso já vem sendo notado há muito tempo. Hoje, podemos dizer que há quase 16% da população brasileira com 60 anos ou mais, o que corresponde a mais de 32 milhões de pessoas idosas.

É um processo, é uma condição, é um ganho que hoje tem algumas particularidades, como, eu diria, diversidade, mas também um pouco de desigualdade. Há hoje um predomínio do envelhecimento feminino, então há uma morte precoce das pessoas do gênero masculino. Enquanto na população como um todo 54% se declaram como pretos ou pardos, essa proporção cai para 48% entre aqueles com 60 anos ou mais. Isso indica que há uma não chegada de pessoas de pele mais escura à velhice.

Quando olhamos para o território, percebemos que há Estados onde menos de 10% da população é idosa, como Roraima, e outros onde mais de 20% da população é idosa, como é o caso do Rio Grande do Sul. Ao observarmos uma escala ainda menor, nos Municípios, encontramos lugares onde menos de 5% da população é idosa, porque as pessoas não conseguem envelhecer, e outros onde, de cada dez pessoas, quatro já são pessoas idosas; ou seja, existe uma grande heterogeneidade na forma de se envelhecer no nosso País, marcada não só pela adversidade, mas principalmente por desigualdades e por iniquidades.

Pensar em envelhecimento ativo e saudável, para o nosso Ministério, para a nossa Secretaria, é tentar contextualizar isso em uma perspectiva dos direitos humanos. Fala-se desses pilares, como já antecipado pelo meu amigo Alexandre Kalache, na questão da saúde. A saúde é um direito na perspectiva dos direitos humanos. Vemos o Ministério da Saúde fazendo a sua articulação, operacionalizando a questão da saúde, mas precisamos pensar como é que a saúde tem que ser garantida. A partir disso, junto com ações de outros Ministérios, nós também temos já a expectativa de olhar o que é saúde para as pessoas em uma perspectiva tanto individual quanto familiar ou comunitária. Quem conhece pessoas mais velhas sabe que, muitas vezes, elas ficam doentes quando sabem que algum familiar também está doente. Então, pensar nessa visão mais ampliada da saúde é um ponto importante da nossa Secretaria.

Considerando que a saúde precisa ser sempre ampliada nas ações, nós temos um projeto chamado Vida Digna em Casa, que pode ser implantado em alguns Estados. Nós já estamos com esse projeto em andamento no Rio Grande do Norte e estamos negociando com as Secretarias de outros Estados. O projeto Vida Digna em Casa é para atender, Deputado, pessoas que ficam acamadas ou domiciliadas. Enquanto há uma parte do trabalho do SUS, nós levamos equipamentos a essas pessoas para garantir-lhes o direito de escolher entre sair de casa ou ficar nela.

Outro pilar do envelhecimento ativo é o da educação ao logo da vida. Entendendo que 55% das pessoas analfabetas do nosso País são idosas, tanto no âmbito rural quanto no urbano, nós criamos junto ao MEC um projeto chamado Educação Para Toda a Vida. Este projeto também começa nos Municípios, com a intenção de levar a educação popular até a casa das pessoas idosas.

Outro pilar já mencionado é o da segurança. Costumo dizer seguranças, porque esse pilar envolve as seguranças física, emocional, psicológica, patrimonial, financeira, cultural, etc. Para uma delas, criamos um projeto chamado Viva Mais Cidadania Digital, que vai olhar para aquelas situações que vulnerabilizam as pessoas idosas, principalmente no mundo virtual, como os golpes, os empréstimos consignados.Em tempos de eleição, tanto na passada quanto na atual, é importante pensar no enfrentamento do discurso de ódio e dasfake news. Este é um projeto que acontece na UnB e que já começa a trazer os primeiros resultados.

Sobre a participação social, já tão comentada por todas e todos aqui, também temos que ampliar a participação social dentro do nosso conselho. Hoje, de 14 assentos, passamos para 18, considerando os novos assentos que vão falar sobre igualdade racial, população LGBTQIA+, mulheres e povos indígenas, sempre tentando fazer uma maior aproximação com os movimentos sociais. Eu acho que esse é um desafio, porque muitos desses grupos sociais nem sequer eram convidados a participar do cenário político. Então, eu convido todas e todos aqui a nos ajudar a mobilizar a participação social para estar conosco nos espaços políticos. Também devemos pensar em situações de desastres, em que proporcionalmente pessoas idosas são aquelas que mais sofrem.

Quando olhamos as ações da Secretaria, nós também estamos contextualizando os Objetivos de Desenvolvimento Sustentável  ODS, que consideram a pobreza, a saúde, a educação de qualidade, a igualdade de gênero, o trabalho decente. Vejam, muitas pessoas idosas sempre trabalharam, mas nem sempre foi um trabalho decente, nem sempre foi com garantias trabalhistas e previdenciárias, nem sempre foi com oportunidades de descanso. Além disso, pensa-se na redução das desigualdades, porque isso também é uma marca importante de raça, gênero, classe social, local onde mora, tipo de trabalho, dentre outros marcadores sociais.

É preciso pensar em cidades e comunidades sustentáveis. Então, um dos nossos programas diz respeito às ações realizadas no território.

É necessário também pensar na paz, na justiça e em instituições eficazes.

Quero destacar na audiência de hoje a importância de contextualizarmos que estamos na Década do Envelhecimento Saudável, de 2021 a 2030, período em que estamos constantemente debatendo o enfrentamento do idadismo, etarismo ou ageísmo, como queiram chamar. Isso diz respeito a como a sociedade lida com o processo de envelhecimento próprio e do outro e como essa discriminação vai estruturando a nossa sociedade, a ponto de criar locais de maior ou menor aceitação da pessoa mais velha.

Aqui, por exemplo, Deputado Luiz, é um espaço onde há mais pessoas idosas do que a média nacional. A Câmara dos Deputados tem em torno de 25% de pessoas idosas, enquanto o Senado tem mais de 50%. São espaços onde há pessoas idosas, e nós gostaríamos que neles fosse discutida cada vez mais a pauta das pessoas idosas e do envelhecimento.

Também é importante que as comunidades garantam uma maior participação e inclusão das pessoas idosas, pensando em acessibilidade, em mobilidade e, principalmente, no direito de ir e vir.

E, como já foi falado pela Dra. Lígia, deve-se pensar os serviços de cuidados integrados à atenção primária à saúde centrados na demanda da pessoa idosa. É sempre necessário ajustar os serviços para que eles atendam as demandas das pessoas idosas, em vez de as pessoas idosas sempre terem que procurar se encaixar naquilo que é ofertado.Esse é um ponto central, por exemplo, para entender por que a presença de pessoas do sexo masculino em alguns espaços de cuidado é muito pequena. Nem sempre são espaços que acolhem essas pessoas, por mais que eles estejam lá à sua disposição.Também temos que pensar no acesso a cuidados de longo prazo para as pessoas idosas. Nós temos em andamento o Plano Nacional dos Direitos da Pessoa Idosa. Nós já estamos em conversas bilaterais com os Ministérios e, em breve, teremos a contribuição de especialistas e também da participação social.

Os desafios que nós temos para incluir ou apoiar a pauta do envelhecimento e das pessoas idosas no G-20 dizem respeito à mudança na estrutura das populações. Vejam, muitos países não são mais constituídos predominantemente de crianças. O Brasil é um desses. Estamos vendo uma redução cada vez maior da taxa de natalidade, que nem diz respeito à reposição, e um aumento na quantidade de pessoas idosas. Como eu falei, há muitos Municípios em que tudo o que acontece é em razão da presença das pessoas idosas, principalmente a economia. Além de os serviços, como foi falado, serem predominantemente frequentados por pessoas idosas  muitas vezes nem há alternativa , há também um maior empoderamento feminino. ","Então, temos que, cada vez mais, aprimorar as nossas ações, para que as pessoas idosas possam usufruir tanto de uma melhor qualidade de vida como de outras condições de vida.","

Também temos que construir linhas de cuidado a partir das particularidades dos diversos grupos. Vejam, nós estamos falando do envelhecimento que ocorre numa região de fronteira onde há imigrantes indígenas e no Sul, onde já há um processo mais avançado. Há povos quilombolas, há povos indígenas, há povos tradicionais, há diversos povos, e cada povo tem uma forma de considerar, de validar a maneira como gostaria de ser cuidado. Então, um debate cada vez mais ampliado, com mais atores sociais, a nosso ver, é bastante importante para construirmos essas possibilidades.

Temos que considerar também a globalização e os seus efeitos nos hábitos, nos costumes, na garantia do bem envelhecer e no exercício da cidadania. Temos, por exemplo, marcos normativos importantes que já estão em vigência no nosso País, mas outros países não os têm. Como pode um país garantir uma boa condição para envelhecer enquanto outro não garante? Isso precisa ser dialogado em outras esferas, e eu acho que o G-20 também pode ser um bom espaço para que isso aconteça.

Considero fundamental também garantirmos uma participação social cada vez maior. Infelizmente, vemos que alguns grupos têm dificuldade de saber, de poder chegar, de poder permanecer e de exercer todas as suas formas políticas de contribuição para a nossa sociedade.

Por fim, eu quero falar dos nossos dois programas: o Envelhecer nos Territórios e o Viva Mais Cidadania. Depois, eu ficarei aqui à disposição para prestar melhor esclarecimento aos Deputados, às Deputadas, aos assessores, às assessoras. Esses são programas que já estão funcionando.

O Envelhecer nos Territórios visa a ofertar a presença de agentes de direitos humanos nos territórios para que façam essa articulação com todas as demais demandas das pessoas idosas, como saúde, trabalho, previdência, educação, turismo, junto com as Prefeituras, garantindo, quando necessário, um espaço dentro da estrutura da Prefeitura para que se fale da pessoa idosa, além de fazer a formação de pessoas idosas em direitos humanos.

Já o Programa Viva Mais Cidadania vai olhar para gruposespecíficos da sociedade para ouvir essas pessoas e, a partir daí, ter ações que são pactuadas tanto aqui, no âmbito federal, quanto no estadual e no municipal.Nós estamos com o Envelhecer nos Territórios em mais de 13 Municípios. Nós escolhemos as cinco regiões do nosso País e já estamos fazendo isso. O critério para o Envelhecer nos Territórios é ser um Município onde há mais pessoas idosas e uma condição socioeconômica ruim. O aumento no número de pessoas idosas nesses Municípios ocorre não porque são um lugar bom para envelhecer, mas porque, na maior parte das vezes, quem não é velho está saindo por não querer envelhecer lá. E quem está lá, muitas vezes, pode entrar, cada vez mais, em situações de vulnerabilidade e, com isso, afetar diretamente a sua vida, o seu direito de envelhecer, como também toda a estrutura daquele Município. Então, nós estamos escolhendo Municípios de 35 mil a 100 mil habitantes. O nosso próximo passo é escolher Municípios ainda menores, onde a condição para envelhecer é ainda pior.E o Viva Mais Cidadania vai ter essa escuta dos grupos específicos. Nós estamos agora no Maranhão, com os quilombolas de Alcântara, e em Tocantins, com os de Cavalcante. Nós vamos agora expandir o programa para povos ciganos, para povos de terreiros e povos indígenas. Dependendo dos nossos recursos, nós queremos expandi-lo para todos esses grupos, que têm necessidade de envelhecer da mesma forma que outros grupos hoje têm o privilégio de envelhecer, almoçando muitas vezes com cinco gerações  tataravô, bisavô, avô, pai e filho  numa mesa, enquanto algumas pessoas idosas estão literalmente sozinhas.

Por fim, quero convidar todas as pessoas aqui presentes e as que estão nos acompanhando a participar ativamente da construção do nosso plano nacional e também das próximas conferências municipais, estaduais e nacional que faremos sobre a pessoa idosa. Em junho, haverá o nosso evento Junho Violeta, alusivo às violências que ocorrem contra a pessoa idosa, e, em outubro, haverá o Dia Nacional do Idoso e Dia Internacional das Pessoas Idosas.

Como é a minha primeira vez aqui este ano, desejo a todos e todas um bom trabalho. Que possamos construir cada vez mais ações para as pessoas idosas!

Obrigado.(Palmas.)

",POSSIBLE_ACTOR_NAME_IN_ORIGINAL_TEXT|POSSIBLE_POLITICAL_ROLE_IN_ORIGINAL_TEXT,YES,YES,O país deve planejar políticas públicas para o envelhecimento da população,Gestores municipais devem tratar a política para a pessoa idosa com mais importância.,UNCERTAIN,FAVOR,FAVOR,HIGH,HIGH,MEDIUM,MEDIUM,LOW,HIGH,HIGH,O orador revela o próprio cargo,,"As duas falas parecem concordar, mas a B não indica nenhuma ação específica. Fica incerto se são a mesma proposição"
8f79764e69daadf2,PUBLIC_HEARING,09/04/2024,Prioridade para a agenda do envelhecimento saudável no G20,"Primeiramente, quero fazer uma saudação especial ao Deputado Luiz Couto. Saúdo também a Lígia. É uma satisfação tê-la conosco nesta Comissão. Mais uma vez saúdo o Alexandre, grande parceiro; saúdo o Deputado Reimont e todos e todas que estão aqui conosco.

Eu queria dizer que as falas foram extremamente enriquecedoras e, ao mesmo tempo, desafiadoras. Nós falamos que a população brasileira, a partir da década de 60, provavelmente já está com mais de 50% das pessoas com mais de 60 anos. E, ao mesmo tempo, quando esse tema é provocado no G20, é porque essa não é uma pauta exclusiva do Brasil, mas, trazendo para dentro do Brasil, as palavras do Alexandre foram completas: o País é continental, com diversidade, com pluralidade de situações socioeconômicas que são desafiadoras, principalmente para as pessoas sejam ouvidas.

Quando se cria uma Secretaria Nacional da Pessoa Idosa, observamos isso. Nós precisamos ter esse tema como importante, mas precisamos multiplicar isso, para que nos mais variados cantos os gestores municipais enxerguem esse tema não como uma parte do seu organograma, mas como uma parte efetiva para fazer um bom debate, um bom diagnóstico, e fortalecer as políticas que virão, com ideia de mudança, de transição.

Eu falo das políticas transversais. O Alexandre falou sobre a questão da cultura, do lazer, do esporte, da efetiva inclusão, mas isso vem de trás. Nós estamos falando de longevidade, mas em que condições as pessoas idosas estão chegando aos 60, aos 70, aos 80 anos? Cheias de medicamentos, de não sei o quê... Você vai a cada esquina de cada cidade, e há uma farmácia. É uma variedade enorme de drogas que estão sendo colocadas, sendo empurradas. É um mercadão. Onde estão as nossas práticas, as políticas integrativas, os fitoterápicos, a sabedoria popular? Estamos no jogo de braço, porque há interesses financeiros. Esse é um grande público. Desculpem-me pela expressão:""Como é que vamos faturar em cima desse povo?""

Temos que começar na fonte, com o tipo de alimentação, acesso ao esporte, ao lazer, à cultura. Isso não acontecerá aos 60 anos, a partir dos 65 anos. Temos que mudar essa cultura mais cedo. Esse é um grande desafio. É nosso desafio também não enxergar isso como sendo temas isolados. Cada um cuida do seu quadrado, e a rotina vai engolindo a vida de todos.""Tem que despachar, tem que isso... Bom, o meu problema é a saúde. Não! O seu problema é a educação.""

Falar depois do Deputado Reimont é um problema, mas eu vou dizer o seguinte. É um absurdo que tenhamos hoje estruturas no Executivo praticamente com parcos recursos, porque o orçamento é finito, e que tenha ocorrido uma migração gigante de orçamento para dentro desta Casa. Nós temos aqui dentro o equivalente a tudo que se aplica no PAC  Programa de Aceleração do Crescimento. Todos os recursos são equivalentes ao que temos dentro desta Casa Legislativa, que gera algumas graves distorções.  Nós que somos Deputados, nós que temos recursos por emendas Parlamentares, nós que, por vezes, dentro do critério de escolha... Como é que se escolhe? Alguns podem escolher dentro da lógica:""Olha, esse projeto aqui é muito legal, esse aqui...""Outros podem escolher de outra maneira:""Quantos votos isso vai me dar?""

Isso é uma distorção, do meu ponto de vista, da própria democracia. Aqueles que estão lá fora, para chegar aqui dentro, vão ter que ter muita liderança. E o que estávamos dizendo? Precisamos ouvir as pessoas, ter a participação das comunidades. Mas como é que as comunidades, com as suas participações, com as suas lideranças, conseguem chegar ao Parlamento nacional? Infelizmente, eu vou dizer uma coisa: isso se multiplicou nas Câmaras de Vereadores e nas Assembleias Legislativas também. Então, do meu ponto de vista, isso fragiliza toda a construção das políticas. Mas fica um grande desafio.

Parabenizo a existência dessa Secretaria. Espero que ela se multiplique além dos 13 projetos, dos 13 Municípios-piloto. Temos que contagiar os gestores municipais e fortalecer os conselhos municipais, assim por diante. O negócio é gigante. Estamos lidando com o mercadão, estamos lidando com isso aqui, que chega às mãos dos idosos com um monte de mentira,fake news, entrega qualquer coisa... Então, é gigante o desafio, mas estamos juntos nessa pauta.

Acho que, como foi dito pelo Reimont, o G20 é no Brasil, o Presidente do G20 é o Presidente Lula, que prioriza a construção dessa Secretaria não por acaso, mas temos que conseguir fazer com que essa construção consiga se dar de forma mais célere, respeitando o republicanismo a que o Presidente sempre faz referência. Vamos superar essas cisões junto com gestores, para que eles comecem a enxergar esses temas que são atinentes à pessoa idosa como algo que seja realmente importante, prioritário, e não um apêndice dentro do organograma.

","Primeiramente, quero fazer uma saudação especial ao Deputado Luiz Couto. Saúdo também a Lígia. É uma satisfação tê-la conosco nesta Comissão. Mais uma vez saúdo o Alexandre, grande parceiro; saúdo o Deputado Reimont e todos e todas que estão aqui conosco.

Eu queria dizer que as falas foram extremamente enriquecedoras e, ao mesmo tempo, desafiadoras. Nós falamos que a população brasileira, a partir da década de 60, provavelmente já está com mais de 50% das pessoas com mais de 60 anos. ","E, ao mesmo tempo, quando esse tema é provocado no G20, é porque essa não é uma pauta exclusiva do Brasil, mas, trazendo para dentro do Brasil, as palavras do Alexandre foram completas: o País é continental, com diversidade, com pluralidade de situações socioeconômicas que são desafiadoras, principalmente para as pessoas sejam ouvidas.","

Quando se cria uma Secretaria Nacional da Pessoa Idosa, observamos isso. Nós precisamos ter esse tema como importante, mas precisamos multiplicar isso, para que nos mais variados cantos os gestores municipais enxerguem esse tema não como uma parte do seu organograma, mas como uma parte efetiva para fazer um bom debate, um bom diagnóstico, e fortalecer as políticas que virão, com ideia de mudança, de transição.

Eu falo das políticas transversais. O Alexandre falou sobre a questão da cultura, do lazer, do esporte, da efetiva inclusão, mas isso vem de trás. Nós estamos falando de longevidade, mas em que condições as pessoas idosas estão chegando aos 60, aos 70, aos 80 anos? Cheias de medicamentos, de não sei o quê... Você vai a cada esquina de cada cidade, e há uma farmácia. É uma variedade enorme de drogas que estão sendo colocadas, sendo empurradas. É um mercadão. Onde estão as nossas práticas, as políticas integrativas, os fitoterápicos, a sabedoria popular? Estamos no jogo de braço, porque há interesses financeiros. Esse é um grande público. Desculpem-me pela expressão:""Como é que vamos faturar em cima desse povo?""

Temos que começar na fonte, com o tipo de alimentação, acesso ao esporte, ao lazer, à cultura. Isso não acontecerá aos 60 anos, a partir dos 65 anos. Temos que mudar essa cultura mais cedo. Esse é um grande desafio. É nosso desafio também não enxergar isso como sendo temas isolados. Cada um cuida do seu quadrado, e a rotina vai engolindo a vida de todos.""Tem que despachar, tem que isso... Bom, o meu problema é a saúde. Não! O seu problema é a educação.""

Falar depois do Deputado Reimont é um problema, mas eu vou dizer o seguinte. É um absurdo que tenhamos hoje estruturas no Executivo praticamente com parcos recursos, porque o orçamento é finito, e que tenha ocorrido uma migração gigante de orçamento para dentro desta Casa. Nós temos aqui dentro o equivalente a tudo que se aplica no PAC  Programa de Aceleração do Crescimento. Todos os recursos são equivalentes ao que temos dentro desta Casa Legislativa, que gera algumas graves distorções.  Nós que somos Deputados, nós que temos recursos por emendas Parlamentares, nós que, por vezes, dentro do critério de escolha... Como é que se escolhe? Alguns podem escolher dentro da lógica:""Olha, esse projeto aqui é muito legal, esse aqui...""Outros podem escolher de outra maneira:""Quantos votos isso vai me dar?""

Isso é uma distorção, do meu ponto de vista, da própria democracia. Aqueles que estão lá fora, para chegar aqui dentro, vão ter que ter muita liderança. E o que estávamos dizendo? Precisamos ouvir as pessoas, ter a participação das comunidades. Mas como é que as comunidades, com as suas participações, com as suas lideranças, conseguem chegar ao Parlamento nacional? Infelizmente, eu vou dizer uma coisa: isso se multiplicou nas Câmaras de Vereadores e nas Assembleias Legislativas também. Então, do meu ponto de vista, isso fragiliza toda a construção das políticas. Mas fica um grande desafio.

Parabenizo a existência dessa Secretaria. Espero que ela se multiplique além dos 13 projetos, dos 13 Municípios-piloto. Temos que contagiar os gestores municipais e fortalecer os conselhos municipais, assim por diante. O negócio é gigante. Estamos lidando com o mercadão, estamos lidando com isso aqui, que chega às mãos dos idosos com um monte de mentira,fake news, entrega qualquer coisa... Então, é gigante o desafio, mas estamos juntos nessa pauta.

Acho que, como foi dito pelo Reimont, o G20 é no Brasil, o Presidente do G20 é o Presidente Lula, que prioriza a construção dessa Secretaria não por acaso, mas temos que conseguir fazer com que essa construção consiga se dar de forma mais célere, respeitando o republicanismo a que o Presidente sempre faz referência. Vamos superar essas cisões junto com gestores, para que eles comecem a enxergar esses temas que são atinentes à pessoa idosa como algo que seja realmente importante, prioritário, e não um apêndice dentro do organograma.

",PUBLIC_HEARING,18/10/2023,Mudança demográfica e a necessidade de reestruturação do Estado para atender ao envelhecimento da população brasileira,"Inicialmente, boa tarde a todos e a todas.

Declaro aberta esta reunião de audiência pública da Comissão de Defesa dos Direitos da Pessoa Idosa.

Esta reunião foi convocada para debater o planejamento do Estado brasileiro frente às mudanças demográficas, em atendimento ao Requerimento nº 38, de 2023, de minha autoria.

Comunico a todos que o tempo previsto para a exposição de cada convidado será de 10 minutos e que será lançada, pela Secretaria, a presença do Parlamentar que, por plataforma de videoconferência, usar da palavra nesta audiência pública.

Tenho a satisfação de apresentar nossos convidados. De imediato, já vou chamar para compor nossa Mesa aqueles que não estiverem presentes de forma virtual.

Quero convidar o Sr. Alexandre da Silva, Secretário Nacional dos Direitos da Pessoa Idosa, do Ministério dos Direitos Humanos e da Cidadania, para fazer parte da nossa Mesa  é uma satisfação tê-lo conosco. Convido o Sr. Danyel Iório de Lima, Diretor Substituto do Departamento de Proteção Social Especial e Coordenador-Geral de Áreas Transversais, Multissetoriais e Participação Social, do Ministério do Planejamento e Orçamento. Seja muito bem-vindo! Fique à vontade.

Com relação ao Supervisor do Escritório Regional do Distrito Federal do Departamento Intersindical de Estatística e Estudos Socioeconômicos  DIEESE, nós recebemos, há pouco, uma justificativa para a inviabilidade de presença.

Está também conosco o Sr. Matheus Guerra Cotta, Secretário de Relações de Trabalho, Mobilização e Inserção Profissional da Federação Nacional dos Arquitetos e Urbanistas  FNA.

Tenha a bondade de participar da Mesa conosco, Matheus.

Em vista da composição da Mesa, faremos o seguinte: depois das falas dos que aqui me acompanham, nós faremos uma segunda Mesa. A Andréa dos Santos e o Vladimir Milton Pomar estão presentes de forma virtual. Depois, falará a Sra. Izabel Guimarães Marri, Gerente de Estudos e Análises da Dinâmica Demográfica da Coordenação de População e Indicadores Sociais da Diretoria de Pesquisas do Instituto Brasileiro de Geografia e Estatística  IBGE. É uma satisfação tê-la conosco. Temos, igualmente, a Sra. Cristiane dos Santos Moutinho, Coordenadora de População e Indicadores Sociais da Diretoria de Pesquisas do Instituto Brasileiro de Geografia e Estatística  IBGE.

Estão apresentados os convidados.

Antes de conceder a palavra ao primeiro expositor, quero fazer referência à importância do tema que vamos discutir. Nós comemoramos, há pouco, 20 anos do Estatuto do Idoso no nosso País. Sabemos que tivemos significativas evoluções a partir da vigência desta legislação, fruto de muita mobilização e de conquistas na defesa dos direitos das pessoas idosas.Mas, ao mesmo tempo, sabemos que, mesmo com essa legislação, ainda existe muito a ser efetivado.

Além disso, há alguns dados que nos preocupam, que nos chamam a atenção e que demandam a necessidade de que o Estado brasileiro, no curto, médio e longo prazo, possa estar preparado para uma outra realidade em relação à questão demográfica. A natalidade tem diminuído cada vez mais. O topo da pirâmide tem aumentado. O número de pessoas idosas tem crescido em relação ao das pessoas mais jovens. Há a questão contributiva pela massa de trabalhadores no período de atividade. E se projeta que, talvez, já em 2060, nós tenhamos, para cada pessoa com mais de 60 anos, 1,6 pessoas na faixa de 14 a 59 anos.

Isso nos coloca diante de alguns grandes desafios. A ideia é, em debates como o que nós estaremos travando aqui, nós darmos passos importantes para a construção das políticas que nos permitirão, a partir da sua efetividade, chegar a essa futura realidade, respeitando e dando qualidade de vida à nossa gente.

Mais uma vez, eu quero dizer que é uma satisfação ter todos e todas aqui conosco.

E, de imediato, eu passo a palavra ao nosso amigo Alexandre da Silva, Secretário Nacional dos Direitos da Pessoa Idosa, do Ministério dos Direitos Humanos e da Cidadania.

Trabalhamos com o tempo máximo de 10 minutos, mas, se houver necessidade, nós prorrogamos o prazo.

Tem a palavra o Sr. Alexandre da Silva.

","Inicialmente, boa tarde a todos e a todas.

Declaro aberta esta reunião de audiência pública da Comissão de Defesa dos Direitos da Pessoa Idosa.

Esta reunião foi convocada para debater o planejamento do Estado brasileiro frente às mudanças demográficas, em atendimento ao Requerimento nº 38, de 2023, de minha autoria.

Comunico a todos que o tempo previsto para a exposição de cada convidado será de 10 minutos e que será lançada, pela Secretaria, a presença do Parlamentar que, por plataforma de videoconferência, usar da palavra nesta audiência pública.

Tenho a satisfação de apresentar nossos convidados. De imediato, já vou chamar para compor nossa Mesa aqueles que não estiverem presentes de forma virtual.

Quero convidar o Sr. Alexandre da Silva, Secretário Nacional dos Direitos da Pessoa Idosa, do Ministério dos Direitos Humanos e da Cidadania, para fazer parte da nossa Mesa  é uma satisfação tê-lo conosco. Convido o Sr. Danyel Iório de Lima, Diretor Substituto do Departamento de Proteção Social Especial e Coordenador-Geral de Áreas Transversais, Multissetoriais e Participação Social, do Ministério do Planejamento e Orçamento. Seja muito bem-vindo! Fique à vontade.

Com relação ao Supervisor do Escritório Regional do Distrito Federal do Departamento Intersindical de Estatística e Estudos Socioeconômicos  DIEESE, nós recebemos, há pouco, uma justificativa para a inviabilidade de presença.

Está também conosco o Sr. Matheus Guerra Cotta, Secretário de Relações de Trabalho, Mobilização e Inserção Profissional da Federação Nacional dos Arquitetos e Urbanistas  FNA.

Tenha a bondade de participar da Mesa conosco, Matheus.

Em vista da composição da Mesa, faremos o seguinte: depois das falas dos que aqui me acompanham, nós faremos uma segunda Mesa. A Andréa dos Santos e o Vladimir Milton Pomar estão presentes de forma virtual. Depois, falará a Sra. Izabel Guimarães Marri, Gerente de Estudos e Análises da Dinâmica Demográfica da Coordenação de População e Indicadores Sociais da Diretoria de Pesquisas do Instituto Brasileiro de Geografia e Estatística  IBGE. É uma satisfação tê-la conosco. Temos, igualmente, a Sra. Cristiane dos Santos Moutinho, Coordenadora de População e Indicadores Sociais da Diretoria de Pesquisas do Instituto Brasileiro de Geografia e Estatística  IBGE.

Estão apresentados os convidados.

Antes de conceder a palavra ao primeiro expositor, quero fazer referência à importância do tema que vamos discutir. Nós comemoramos, há pouco, 20 anos do Estatuto do Idoso no nosso País. Sabemos que tivemos significativas evoluções a partir da vigência desta legislação, fruto de muita mobilização e de conquistas na defesa dos direitos das pessoas idosas.Mas, ao mesmo tempo, sabemos que, mesmo com essa legislação, ainda existe muito a ser efetivado.

","Além disso, há alguns dados que nos preocupam, que nos chamam a atenção e que demandam a necessidade de que o Estado brasileiro, no curto, médio e longo prazo, possa estar preparado para uma outra realidade em relação à questão demográfica."," A natalidade tem diminuído cada vez mais. O topo da pirâmide tem aumentado. O número de pessoas idosas tem crescido em relação ao das pessoas mais jovens. Há a questão contributiva pela massa de trabalhadores no período de atividade. E se projeta que, talvez, já em 2060, nós tenhamos, para cada pessoa com mais de 60 anos, 1,6 pessoas na faixa de 14 a 59 anos.

Isso nos coloca diante de alguns grandes desafios. A ideia é, em debates como o que nós estaremos travando aqui, nós darmos passos importantes para a construção das políticas que nos permitirão, a partir da sua efetividade, chegar a essa futura realidade, respeitando e dando qualidade de vida à nossa gente.

Mais uma vez, eu quero dizer que é uma satisfação ter todos e todas aqui conosco.

E, de imediato, eu passo a palavra ao nosso amigo Alexandre da Silva, Secretário Nacional dos Direitos da Pessoa Idosa, do Ministério dos Direitos Humanos e da Cidadania.

Trabalhamos com o tempo máximo de 10 minutos, mas, se houver necessidade, nós prorrogamos o prazo.

Tem a palavra o Sr. Alexandre da Silva.

",POSSIBLE_ACTOR_NAME_IN_ORIGINAL_TEXT|POSSIBLE_POLITICAL_ROLE_IN_ORIGINAL_TEXT,YES,YES,A pauta da pessoa idosa deve ser uma prioridade para os gestores municipais,O planejamento de políticas para o envelhecimento deve ser diferenciado entre as regiões do país.,UNCERTAIN,FAVOR,FAVOR,HIGH,HIGH,HIGH,HIGH,MEDIUM,HIGH,HIGH,,O orador menciona presidir uma reunião e se declara autor do requerimento,"As duas falam sobre a importância de olhar para o envelhecimento da população, mas uma cobra prioridade dos gestores municipais e outra defende a preparação do país inteiro. Ficamos em dúvida se âmbitos diferentes contam como a mesma proposição ou não."
2a22c99d1d3a678c,PUBLIC_HEARING,17/08/2022,Falhas no protocolo do SUS para o tratamento da retinopatia diabética,"Muito obrigado, Dr. Fernando. Eu vejo isso também com muita importância, porque o atendimento primário é que deveria resolver esse problema.

Às vezes, eu vejo ações do Governo, como esses mutirões de saúde, com pessoas naquelas filas enormes para fazer principalmente um exame oftalmológico. Nós também temos que nos preocupar com essas ações, porque uma gama enorme de pessoas com algum desses problemas é atendida, mas depois tem que enfrentar uma fila para ser encaminhada para um oftalmologista especializado em retina para receber atendimento. Então, às vezes nesses mutirões é feito o diagnóstico, mas há um entrave na fila.

Eu estou vendo aqui  estou estudando esse tema  que o problema maior é a fila de espera, o que faz com que esses pacientes não tenham acompanhamento. E nós sabemos que o diabetes é uma doença progressiva, crônica e silenciosa. Ela vai atuando, destruindo os vasos, causando uma série de problemas. Então, nós temos que tomar muita precaução em relação a esse tipo de atendimento. Às vezes, o paciente tem a falsa impressão de que vai ser atendido em tempo hábil, e não consegue isso.

Franqueio a palavra, agora, ao Dr. Arnaldo Furman Bordon.

Ele está presente?

","Muito obrigado, Dr. Fernando. Eu vejo isso também com muita importância, porque o atendimento primário é que deveria resolver esse problema.

Às vezes, eu vejo ações do Governo, como esses mutirões de saúde, com pessoas naquelas filas enormes para fazer principalmente um exame oftalmológico. Nós também temos que nos preocupar com essas ações, porque uma gama enorme de pessoas com algum desses problemas é atendida, mas depois tem que enfrentar uma fila para ser encaminhada para um oftalmologista especializado em retina para receber atendimento. Então, às vezes nesses mutirões é feito o diagnóstico, mas há um entrave na fila.

","Eu estou vendo aqui  estou estudando esse tema  que o problema maior é a fila de espera, o que faz com que esses pacientes não tenham acompanhamento."," E nós sabemos que o diabetes é uma doença progressiva, crônica e silenciosa. Ela vai atuando, destruindo os vasos, causando uma série de problemas. Então, nós temos que tomar muita precaução em relação a esse tipo de atendimento. Às vezes, o paciente tem a falsa impressão de que vai ser atendido em tempo hábil, e não consegue isso.

Franqueio a palavra, agora, ao Dr. Arnaldo Furman Bordon.

Ele está presente?

",PUBLIC_HEARING,11/04/2024,Atualização do protocolo de tratamento de edema macular diabético no SUS,"Declaro aberta a presente reunião.

Informo aos Srs. Parlamentares que esta reunião está sendo transmitida ao vivo pelo canal da Câmara dos Deputados no Youtube, para ampliar a participação social por meio de interação digital.

O registro de presença do Parlamentar se dará tanto pela aposição da sua digital nos coletores existentes no plenário quanto pelo uso da palavra na plataforma de videoconferência.

As inscrições para o uso da palavra serão feitas por meio do menuReaçõesdo aplicativo Zoom ou por solicitação verbal do Parlamentar.

Esta reunião de audiência pública foi convocada nos termos do Requerimento nº 24, de 2024, da Comissão de Saúde, de minha autoria, Deputado Dr. Zacharias Calil, para debater os desafios assistenciais dos pacientes de Edema Macular Diabético no Sistema Único de Saúde.

Apresento os seguintes convidados: Vanessa Pirolo, que participará da reunião presencialmente, consultora da Coalizão Vozes do Advocacy; César Magalhães, que também participará da reunião presencialmente, representante da associação Retina Brasil; Fernando Malerbi, que participará da reunião virtualmente, Coordenador do Departamento de Doenças Oculares da Sociedade Brasileira de Diabetes; Arnaldo Bordon, que não confirmou se participará da reunião remota ou presencialmente, Presidente da Sociedade Brasileira de Retina e Vítreo; Mauro Goldbaum, que participará da reunião presencialmente, Diretor de Relações Internacionais do Conselho Brasileiro de Oftalmologia; Roney Pereira Pinto, que também não confirmou se participará da reunião presencial ou remotamente, Diretor-Geral da Central Estadual de Medicamentos de Alto Custo Juarez Barbosa  CEMAC.

Comunico aos senhores membros desta Comissão que o tempo destinado ao convidado para fazer sua exposição será de 15 minutos, prorrogáveis a juízo desta Presidência, e ele não poderá ser aparteado.

Os Deputados inscritos para interpelar os convidados poderão fazê-lo estritamente sobre o assunto da exposição, pelo prazo de 3 minutos, tendo o interpelado igual tempo para responder, facultadas a réplica e a tréplica pelo mesmo prazo, não sendo permitido ao orador interpelar quaisquer dos presentes.

Eu gostaria de justificar a minha ausência presencialmente na Comissão devido ao fato de que eu tive uma úlcera de córnea, em razão de um trauma, talvez pela lente e contato ou algo coisa assim. No domingo, fui atendido pelo Dr. Marcos Ávila e pelo Dr. Ricardo e fiquei afastado das minhas atividades. Como já tenho uma cirurgia prévia na córnea, o risco de infecção e de propagação para o globo ocular era muito grande. Então, eles acharam melhor eu me afastar das atividades durante esse período. Inclusive eu estava de licença médica até ontem, quando fiz um exame, viram que a lesão já cicatrizou, e agora estou muito bem. Então, essa é a justificativa da minha ausência aí presencialmente.

Hoje, estamos reunidos aqui para discutir os desafios assistenciais enfrentados pelos pacientes do Edema Macular Diabético  EMD, no Sistema Único de Saúde,especialmente as necessidades não atendidas nos protocolos clínicos e no sistema de financiamento. É crucial reconhecer a gravidade dessa condição oftalmológica e a importância de se garantir atendimento adequado e acessível a todos os pacientes.

O edema macular é uma séria complicação do diabetes que pode levar à perda permanente da visão, se não for diagnosticado e tratado corretamente. No entanto, muitos pacientes enfrentam dificuldades para acessar os tratamentos necessários, devido às lacunas dos protocolos clínicos e limitações no financiamento de procedimentos oftalmológicos.

É fundamental que o SUS revise e atualize seus protocolos clínicos para incluir diretrizes claras e abrangentes para o diagnóstico, o tratamento e o acompanhamento do edema macular. Além disso, é necessário garantir um sistema de financiamento adequado que cubra os custos de medicamentos, procedimentos e acompanhamento oftalmológico dos pacientes com EMD, assegurando assim um atendimento de qualidade e acessível a todos.

Devemos unir esforços para superar esses desafios e garantir que os pacientes de EMD no SUS recebam a assistência necessária para preservar sua visão e qualidade de vida.

Por fim, gostaria de ressaltar a importância do Abril Marrom como um mês dedicado à saúde dos olhos. Durante todo o mês de abril, diversas ações são realizadas para conscientizar a população sobre a importância de cuidar da visão e prevenir doenças oculares como o Edema Macular Diabético. É fundamental promover a educação em saúde ocular e incentivar a realização de exames oftalmológicos regulares para detectar precocemente possíveis problemas visuais e garantir uma visão saudável a todos.

Agradeço a atenção a todos os presentes e conto com o apoio de cada um para avançarmos na melhoria da assistência ao paciente de edema macular no SUS e na promoção da saúde ocular em nossa sociedade.

O Congresso Nacional, este mês, está iluminado com a cor marrom. É um projeto da Senadora Mara Gabrilli e meu também. Houve até uma divulgação nacional em relação a isso. Essa é uma ação para que possamos chamar a atenção da sociedade para esse problema e principalmente para a importância do diagnóstico precoce.

Dando início às exposições, passo a palavra, por até 15 minutos, à Sra. Vanessa Pirolo, consultora da Coalizão Vozes do Advocacy.

Desculpem-me, porque a minha visão espacial está um pouco alterada.

Fique à vontade, Vanessa. Estou marcando seu tempo aqui.

","Declaro aberta a presente reunião.

Informo aos Srs. Parlamentares que esta reunião está sendo transmitida ao vivo pelo canal da Câmara dos Deputados no Youtube, para ampliar a participação social por meio de interação digital.

O registro de presença do Parlamentar se dará tanto pela aposição da sua digital nos coletores existentes no plenário quanto pelo uso da palavra na plataforma de videoconferência.

As inscrições para o uso da palavra serão feitas por meio do menuReaçõesdo aplicativo Zoom ou por solicitação verbal do Parlamentar.

Esta reunião de audiência pública foi convocada nos termos do Requerimento nº 24, de 2024, da Comissão de Saúde, de minha autoria, Deputado Dr. Zacharias Calil, para debater os desafios assistenciais dos pacientes de Edema Macular Diabético no Sistema Único de Saúde.

Apresento os seguintes convidados: Vanessa Pirolo, que participará da reunião presencialmente, consultora da Coalizão Vozes do Advocacy; César Magalhães, que também participará da reunião presencialmente, representante da associação Retina Brasil; Fernando Malerbi, que participará da reunião virtualmente, Coordenador do Departamento de Doenças Oculares da Sociedade Brasileira de Diabetes; Arnaldo Bordon, que não confirmou se participará da reunião remota ou presencialmente, Presidente da Sociedade Brasileira de Retina e Vítreo; Mauro Goldbaum, que participará da reunião presencialmente, Diretor de Relações Internacionais do Conselho Brasileiro de Oftalmologia; Roney Pereira Pinto, que também não confirmou se participará da reunião presencial ou remotamente, Diretor-Geral da Central Estadual de Medicamentos de Alto Custo Juarez Barbosa  CEMAC.

Comunico aos senhores membros desta Comissão que o tempo destinado ao convidado para fazer sua exposição será de 15 minutos, prorrogáveis a juízo desta Presidência, e ele não poderá ser aparteado.

Os Deputados inscritos para interpelar os convidados poderão fazê-lo estritamente sobre o assunto da exposição, pelo prazo de 3 minutos, tendo o interpelado igual tempo para responder, facultadas a réplica e a tréplica pelo mesmo prazo, não sendo permitido ao orador interpelar quaisquer dos presentes.

Eu gostaria de justificar a minha ausência presencialmente na Comissão devido ao fato de que eu tive uma úlcera de córnea, em razão de um trauma, talvez pela lente e contato ou algo coisa assim. No domingo, fui atendido pelo Dr. Marcos Ávila e pelo Dr. Ricardo e fiquei afastado das minhas atividades. Como já tenho uma cirurgia prévia na córnea, o risco de infecção e de propagação para o globo ocular era muito grande. Então, eles acharam melhor eu me afastar das atividades durante esse período. Inclusive eu estava de licença médica até ontem, quando fiz um exame, viram que a lesão já cicatrizou, e agora estou muito bem. Então, essa é a justificativa da minha ausência aí presencialmente.

Hoje, estamos reunidos aqui para discutir os desafios assistenciais enfrentados pelos pacientes do Edema Macular Diabético  EMD, no Sistema Único de Saúde,especialmente as necessidades não atendidas nos protocolos clínicos e no sistema de financiamento. É crucial reconhecer a gravidade dessa condição oftalmológica e a importância de se garantir atendimento adequado e acessível a todos os pacientes.

O edema macular é uma séria complicação do diabetes que pode levar à perda permanente da visão, se não for diagnosticado e tratado corretamente. No entanto, muitos pacientes enfrentam dificuldades para acessar os tratamentos necessários, devido às lacunas dos protocolos clínicos e limitações no financiamento de procedimentos oftalmológicos.

","É fundamental que o SUS revise e atualize seus protocolos clínicos para incluir diretrizes claras e abrangentes para o diagnóstico, o tratamento e o acompanhamento do edema macular."," Além disso, é necessário garantir um sistema de financiamento adequado que cubra os custos de medicamentos, procedimentos e acompanhamento oftalmológico dos pacientes com EMD, assegurando assim um atendimento de qualidade e acessível a todos.

Devemos unir esforços para superar esses desafios e garantir que os pacientes de EMD no SUS recebam a assistência necessária para preservar sua visão e qualidade de vida.

Por fim, gostaria de ressaltar a importância do Abril Marrom como um mês dedicado à saúde dos olhos. Durante todo o mês de abril, diversas ações são realizadas para conscientizar a população sobre a importância de cuidar da visão e prevenir doenças oculares como o Edema Macular Diabético. É fundamental promover a educação em saúde ocular e incentivar a realização de exames oftalmológicos regulares para detectar precocemente possíveis problemas visuais e garantir uma visão saudável a todos.

Agradeço a atenção a todos os presentes e conto com o apoio de cada um para avançarmos na melhoria da assistência ao paciente de edema macular no SUS e na promoção da saúde ocular em nossa sociedade.

O Congresso Nacional, este mês, está iluminado com a cor marrom. É um projeto da Senadora Mara Gabrilli e meu também. Houve até uma divulgação nacional em relação a isso. Essa é uma ação para que possamos chamar a atenção da sociedade para esse problema e principalmente para a importância do diagnóstico precoce.

Dando início às exposições, passo a palavra, por até 15 minutos, à Sra. Vanessa Pirolo, consultora da Coalizão Vozes do Advocacy.

Desculpem-me, porque a minha visão espacial está um pouco alterada.

Fique à vontade, Vanessa. Estou marcando seu tempo aqui.

",POSSIBLE_ACTOR_NAME_IN_ORIGINAL_TEXT|POSSIBLE_POLITICAL_ROLE_IN_ORIGINAL_TEXT,YES,YES,Os pacientes diagnosticados com retinopatia diabética conseguem acompanhamento em tempo hábil pelo SUS,O SUS precisa atualizar a forma como acompanha quem tem edema macular diabético,NO,AGAINST,FAVOR,HIGH,HIGH,MEDIUM,HIGH,MEDIUM,HIGH,HIGH,O orador conduz a audiência,"O orador menciona o próprio nome, Deputado Dr. Zacharias Calil","As duas falas criticam o atendimento do SUS, mas A trata da fila e B trata da atualização dos protocolos"
36e4b11ff6345a11,MINISTER_APPEARANCE,09/08/2023,Autossuficiência na produção de insumos para a saúde e questões relacionadas à compra emergencial de medicamentos pelo SUS,"Eu vou aproveitar, Ministra, para agradecer, mais uma vez, a oportunidade de contar com sua presença aqui na Câmara, que é sempre muito positiva, e parabenizá-la por esses 7 meses de esforço para a reconstrução do Sistema Único de Saúde.

Eu começaria registrando dois aspectos que acho fundamentais. São inúmeras as conquistas, sua apresentação é muito positiva. No entanto, eu destacaria, primeiro, que o Ministério, em poucos meses, conseguiu reconquistar a autoridade técnica e política da Direção Nacional do Sistema Único de Saúde. Isso é fundamental, porque, infelizmente, no Governo anterior, houve uma desmoralização. O Ministério não conseguia mais coordenar as ações nos Estados e nos Municípios. Hoje, novamente, depois do tenebroso passado que foi, com certeza, expurgado pelas urnas, nós temos novamente um Ministério como coordenador do Sistema Nacional de Saúde e reconhecido quando aponta uma orientação técnica e chama e conclama uma mobilização.

Paralelamente a isso, temos a retomada do diálogo e da negociação permanente entre Estados e Municípios e o CONASS, o CONASEMS, o Conselho Nacional de Saúde. Todas as decisões que nós temos tido a oportunidade de acompanhar têm sido alvo de pactuação com todas as representações dos entes federados. Este é o primeiro aspecto que eu quero destacar.

O segundo aspecto que quero trazer à lembrança é a Conferência Nacional de Saúde, um momento fundamental. Acho que foi emblemático ter sido a primeira conferência do Governo do Presidente Lula e a primeira conferência nacional depois desses anos de afastamento da população brasileira e de seus representantes das decisões das políticas públicas. Foi muito importante a conferência ter assumido este papel.

Como o tempo é muito curto, eu vou destacar apenas mais um aspecto: a agilidade e a pronta resposta do Ministério em relação ao genocídio em curso da população indígena, da população ianomâmi. Foram reabertos sete polos. Isso tem que ser destacado aqui, colegas Deputados! Havia sete polos de atenção à saúde indígena fechados no País, fora aqueles que funcionavam precariamente por falta de profissionais, que foram repostos.

Outro ponto importante, Ministra Nísia, é a resolução que o Brasil apresentou na 76ª Assembleia da Organização Mundial da Saúde,elevando a saúde indígena à condição de prioridade mundial. A resolução foi apresentada pelo Brasil e aprovada na OMS. Ou seja, o Brasil retomou a liderança também nos debates da saúde mundial.

Muito obrigado.

","Eu vou aproveitar, Ministra, para agradecer, mais uma vez, a oportunidade de contar com sua presença aqui na Câmara, que é sempre muito positiva, e parabenizá-la por esses 7 meses de esforço para a reconstrução do Sistema Único de Saúde.

Eu começaria registrando dois aspectos que acho fundamentais. São inúmeras as conquistas, sua apresentação é muito positiva. ","No entanto, eu destacaria, primeiro, que o Ministério, em poucos meses, conseguiu reconquistar a autoridade técnica e política da Direção Nacional do Sistema Único de Saúde."," Isso é fundamental, porque, infelizmente, no Governo anterior, houve uma desmoralização. O Ministério não conseguia mais coordenar as ações nos Estados e nos Municípios. Hoje, novamente, depois do tenebroso passado que foi, com certeza, expurgado pelas urnas, nós temos novamente um Ministério como coordenador do Sistema Nacional de Saúde e reconhecido quando aponta uma orientação técnica e chama e conclama uma mobilização.

Paralelamente a isso, temos a retomada do diálogo e da negociação permanente entre Estados e Municípios e o CONASS, o CONASEMS, o Conselho Nacional de Saúde. Todas as decisões que nós temos tido a oportunidade de acompanhar têm sido alvo de pactuação com todas as representações dos entes federados. Este é o primeiro aspecto que eu quero destacar.

O segundo aspecto que quero trazer à lembrança é a Conferência Nacional de Saúde, um momento fundamental. Acho que foi emblemático ter sido a primeira conferência do Governo do Presidente Lula e a primeira conferência nacional depois desses anos de afastamento da população brasileira e de seus representantes das decisões das políticas públicas. Foi muito importante a conferência ter assumido este papel.

Como o tempo é muito curto, eu vou destacar apenas mais um aspecto: a agilidade e a pronta resposta do Ministério em relação ao genocídio em curso da população indígena, da população ianomâmi. Foram reabertos sete polos. Isso tem que ser destacado aqui, colegas Deputados! Havia sete polos de atenção à saúde indígena fechados no País, fora aqueles que funcionavam precariamente por falta de profissionais, que foram repostos.

Outro ponto importante, Ministra Nísia, é a resolução que o Brasil apresentou na 76ª Assembleia da Organização Mundial da Saúde,elevando a saúde indígena à condição de prioridade mundial. A resolução foi apresentada pelo Brasil e aprovada na OMS. Ou seja, o Brasil retomou a liderança também nos debates da saúde mundial.

Muito obrigado.

",MINISTER_APPEARANCE,05/12/2023,Debate sobre denúncias envolvendo o custeio de viagem de Luciane Barbosa Farias e questões relacionadas aos direitos humanos,"Obrigado.

Ministro, inicialmente, quero parabenizá-lo pela brilhante atuação à frente do Ministério dos Direitos Humanos, área que teve uma destruição sem precedentes no Governo anterior, porque não foram só os direitos previdenciários e trabalhistas, mas os direitos mais essenciais: direitos humanos, direitos sociais, direitos democráticos. A destruição de direitos foi algo de grande monta, e a atuação de V.Exa. à frente do Ministério é fundamental.

Um ponto que eu queria reforçar é sobre a reconstrução dos espaços de participação da sociedade, da participação popular. É bom lembrar que uma das primeiras medidas do Governo passado foi acabar com uma série de conselhos, porque aquilo era para eles algo completamente desnecessário, no mínimo. Felizmente, o Governo Presidente Lula, com a condução de V.Exa. no Ministério, está reconstruindo os espaços de participação social.

Hoje, neste exato momento, está sendo aberta a Conferência Nacional de Assistência Social.Nós iniciamos com a da saúde e, na sequência, teremos várias áreas que voltarão a ter participação popular. E eu queria ouvir um pouquinho mais do senhor sobre isso. Quando falamos em cidadania, sabemos que essa é uma questão fundamental. O Governo permeava a sociedade e permeava a participação social.

E eu também queria destacar o Viver sem Limite, que foi recentemente lançado e já está tendo uma repercussão muito positiva. Eu vou trazer aqui alguns dados para o senhor. Na área da saúde, nós passamos 6 anos sem investimentos em novos centros de reabilitação. Não dá para falarmos de política para as pessoas com deficiência física, com deficiência mental, sem falar em reabilitação, reabilitação física e reabilitação social.

Infelizmente, foram 6 anos sem investimentos em novos serviços de reabilitação e sem investimentos na renovação do parque de equipamentos e de profissionais; muito pelo contrário, houve uma redução. E os valores do financiamento desses serviços pelo SUS, Ministro, estavam congelados todos esses anos, como todos os outros  isso não foi um privilégio dos serviços de reabilitação. Foram 6 anos de destruição do financiamento do SUS, de destruição de políticas tão importantes, como a de atenção às pessoas com deficiência.

Felizmente, com o Viver sem Limite, o senhor está capitaneando um esforço de gestão de vários setores do Governo Federal, que envolve não só a saúde, mas também a educação, a ciência social, várias áreas. Como essa é a minha área de origem, eu não posso deixar aqui de destacar o quanto o Viver sem Limite vai retomar, vai trazer de volta a atuação na saúde na área de reabilitação. Isso vai ser fundamental.

","Obrigado.

","Ministro, inicialmente, quero parabenizá-lo pela brilhante atuação à frente do Ministério dos Direitos Humanos, área que teve uma destruição sem precedentes no Governo anterior, porque não foram só os direitos previdenciários e trabalhistas, mas os direitos mais essenciais: direitos humanos, direitos sociais, direitos democráticos."," A destruição de direitos foi algo de grande monta, e a atuação de V.Exa. à frente do Ministério é fundamental.

Um ponto que eu queria reforçar é sobre a reconstrução dos espaços de participação da sociedade, da participação popular. É bom lembrar que uma das primeiras medidas do Governo passado foi acabar com uma série de conselhos, porque aquilo era para eles algo completamente desnecessário, no mínimo. Felizmente, o Governo Presidente Lula, com a condução de V.Exa. no Ministério, está reconstruindo os espaços de participação social.

Hoje, neste exato momento, está sendo aberta a Conferência Nacional de Assistência Social.Nós iniciamos com a da saúde e, na sequência, teremos várias áreas que voltarão a ter participação popular. E eu queria ouvir um pouquinho mais do senhor sobre isso. Quando falamos em cidadania, sabemos que essa é uma questão fundamental. O Governo permeava a sociedade e permeava a participação social.

E eu também queria destacar o Viver sem Limite, que foi recentemente lançado e já está tendo uma repercussão muito positiva. Eu vou trazer aqui alguns dados para o senhor. Na área da saúde, nós passamos 6 anos sem investimentos em novos centros de reabilitação. Não dá para falarmos de política para as pessoas com deficiência física, com deficiência mental, sem falar em reabilitação, reabilitação física e reabilitação social.

Infelizmente, foram 6 anos sem investimentos em novos serviços de reabilitação e sem investimentos na renovação do parque de equipamentos e de profissionais; muito pelo contrário, houve uma redução. E os valores do financiamento desses serviços pelo SUS, Ministro, estavam congelados todos esses anos, como todos os outros  isso não foi um privilégio dos serviços de reabilitação. Foram 6 anos de destruição do financiamento do SUS, de destruição de políticas tão importantes, como a de atenção às pessoas com deficiência.

Felizmente, com o Viver sem Limite, o senhor está capitaneando um esforço de gestão de vários setores do Governo Federal, que envolve não só a saúde, mas também a educação, a ciência social, várias áreas. Como essa é a minha área de origem, eu não posso deixar aqui de destacar o quanto o Viver sem Limite vai retomar, vai trazer de volta a atuação na saúde na área de reabilitação. Isso vai ser fundamental.

",POSSIBLE_POLITICAL_ROLE_IN_ORIGINAL_TEXT,YES,YES,O Ministério da Saúde voltou a coordenar o SUS junto aos Estados e Municípios e a resposta foi positiva,O governo está reabrindo espaço pra sociedade participar das políticas públicas,NO,FAVOR,FAVOR,HIGH,HIGH,HIGH,HIGH,HIGH,HIGH,HIGH,,,"Os dois oradores elogiam o governo atual, mas um pela volta da coordenação do SUS e o outro pela volta da participação social"
e001ebac1d8033f1,PUBLIC_HEARING_WITH_DELIBERATION,12/12/2023,Impacto dos desastres climáticos no Brasil em 2023 e medidas de prevenção e resposta,"Nós temos um novo bloco aqui, mas, antes de abri-lo, eu queria fazer algumas considerações em relação ao que o Deputado Gilson e os nobres colegas colocaram.

Deputado Gilson, eu acho que nós temos uma missão maior aqui. O Secretário Wolnei falou muito bem sobre o Sistema Nacional de Proteção e Defesa Civil. Eu acho que temos que criar um sistema nacional de apoio a vítimas de desastres, um arcabouço que faça parte inclusive do Sistema Nacional de Proteção e Defesa Civil.

Eu também tenho uma pergunta a V.Exa., Secretário, mas daqui a pouco eu a farei.

O Deputado Gilson falou da prevenção e da pronta resposta. Eu falaria mais: da recuperação dessas áreas atingidas por desastre. Eu acho que nós precisamos ter um arcabouço tributário também que favoreça, por exemplo  e eu conversava com a Deputada Soraya Santos sobre isso , pequenos salões de beleza, pequenos restaurantes. Vamos dizer que, em uma comunidade de Santa Catarina, sobre a qual a Deputada Ana Paula estava falando muito bem, onde a cabeleireira perdeu tudo, perdeu o seu salão, precisamos pensar num arcabouço que possa também  até com o Ministro da Fazenda, minha sugestão a V.Exa., Deputado Gilson, permita-me chamar assim  enxergar a recuperação desses locais, e que seja como V.Exa. disse, por meio de um auxílio. Lá em Salvador, na Bahia, nós estabelecemos um auxílio emergencial de 1.200 reais para as pessoas começarem as suas coisas.

Hoje, eu conversava com o Ministro Carlos Lupi, e ele topa antecipar, por exemplo, nas áreas em que ocorrerem desastres  e aí vem a minha pergunta , o 13º das pessoas que não o tivessem pegado, da Previdência ou dos beneficiários, naquele período de desastre. Então, por exemplo, se o desastre acontece em fevereiro, teríamos a possibilidade de estar colocando naquelas comunidades o 13º das aposentadorias. Assim, estaríamos estimulando a economia e forçando a recuperação em 70% dos Municípios brasileiros, onde a maior parte da renda é de aposentados.

Então, eu acho que devemos pensar também em um arcabouço que permita o pós-desastre. Quando a mídia está lá, quando há uma comoção geral, todos nós descemos para lá, mas e o depois? E esses negócios que foram perdidos? E essas pessoas que perderam sua televisão, sua geladeira, as coisas que juntaram durante toda uma vida? Eu acho que é a grande oportunidade que nós temos, Deputado Gilson Daniel. V.Exas. viveram isso, temos o depoimento do Deputado Pedro Aihara, e isso me comove muito. É uma honra tê-los aqui, porque precisamos pensar também nesse arcabouço legal que permita que uma matriz que diga assim:""Aconteceu isso, vamos responder assim e depois vamos atuar assim"".Mas que já tenhamos aquela matriz e saibamos como vai ser a resposta do Estado brasileiro. Não estamos falando de Prefeituras, de Governo do Estado, mas do Estado brasileiro para a proteção daquelas vítimas de desastres. Eu acho que essa é a nossa principal missão, e com V.Exa. nos liderando, Deputado Gilson, nessa matriz, vamos dizer assim, de proteção, principalmente aos mais vulneráveis.

Aí vem a minha pergunta. Ao final eu passo a palavra ao Deputado Pedro. Eu gostaria de saber se há sistemas precisos, Secretário Wolnei, para a definição dessa poligonal, porque acho que há muitas ideias boas, inclusive o Senador Paulo Paim, do PT do Rio Grande do Sul, tem um projeto muito bom que é o da antecipação da própria questão do FGTS para aqueles locais de desastre, para a proteção daqueles trabalhadores e trabalhadoras. Eu acho que seria o caso da definição dessa poligonal, da clareza dessa poligonal do desastre, se os sistemas da defesa civil estão preparados. Por exemplo, no Rio Grande do Sul ou em Santa Catarina, nós temos a clareza dessa poligonal, vamos dizer assim, a poligonal do desastre. Definida essa poligonal, nós temos aqui instrumentos, como o fundo de desastre que o Deputado Gilson criou e que é muito importante para todas essas ações. É necessária a clareza desse polígono do desastre, vamos dizer assim, infelizmente, para que quem não percebeu entre, e para que quem percebeu esteja com firmeza dentro de toda essa rede de proteção.

Esse é o meu questionamento.

Passo a palavra ao Deputado Pedro Aihara.

","Nós temos um novo bloco aqui, mas, antes de abri-lo, eu queria fazer algumas considerações em relação ao que o Deputado Gilson e os nobres colegas colocaram.

Deputado Gilson, eu acho que nós temos uma missão maior aqui. O Secretário Wolnei falou muito bem sobre o Sistema Nacional de Proteção e Defesa Civil. ","Eu acho que temos que criar um sistema nacional de apoio a vítimas de desastres, um arcabouço que faça parte inclusive do Sistema Nacional de Proteção e Defesa Civil.","

Eu também tenho uma pergunta a V.Exa., Secretário, mas daqui a pouco eu a farei.

O Deputado Gilson falou da prevenção e da pronta resposta. Eu falaria mais: da recuperação dessas áreas atingidas por desastre. Eu acho que nós precisamos ter um arcabouço tributário também que favoreça, por exemplo  e eu conversava com a Deputada Soraya Santos sobre isso , pequenos salões de beleza, pequenos restaurantes. Vamos dizer que, em uma comunidade de Santa Catarina, sobre a qual a Deputada Ana Paula estava falando muito bem, onde a cabeleireira perdeu tudo, perdeu o seu salão, precisamos pensar num arcabouço que possa também  até com o Ministro da Fazenda, minha sugestão a V.Exa., Deputado Gilson, permita-me chamar assim  enxergar a recuperação desses locais, e que seja como V.Exa. disse, por meio de um auxílio. Lá em Salvador, na Bahia, nós estabelecemos um auxílio emergencial de 1.200 reais para as pessoas começarem as suas coisas.

Hoje, eu conversava com o Ministro Carlos Lupi, e ele topa antecipar, por exemplo, nas áreas em que ocorrerem desastres  e aí vem a minha pergunta , o 13º das pessoas que não o tivessem pegado, da Previdência ou dos beneficiários, naquele período de desastre. Então, por exemplo, se o desastre acontece em fevereiro, teríamos a possibilidade de estar colocando naquelas comunidades o 13º das aposentadorias. Assim, estaríamos estimulando a economia e forçando a recuperação em 70% dos Municípios brasileiros, onde a maior parte da renda é de aposentados.

Então, eu acho que devemos pensar também em um arcabouço que permita o pós-desastre. Quando a mídia está lá, quando há uma comoção geral, todos nós descemos para lá, mas e o depois? E esses negócios que foram perdidos? E essas pessoas que perderam sua televisão, sua geladeira, as coisas que juntaram durante toda uma vida? Eu acho que é a grande oportunidade que nós temos, Deputado Gilson Daniel. V.Exas. viveram isso, temos o depoimento do Deputado Pedro Aihara, e isso me comove muito. É uma honra tê-los aqui, porque precisamos pensar também nesse arcabouço legal que permita que uma matriz que diga assim:""Aconteceu isso, vamos responder assim e depois vamos atuar assim"".Mas que já tenhamos aquela matriz e saibamos como vai ser a resposta do Estado brasileiro. Não estamos falando de Prefeituras, de Governo do Estado, mas do Estado brasileiro para a proteção daquelas vítimas de desastres. Eu acho que essa é a nossa principal missão, e com V.Exa. nos liderando, Deputado Gilson, nessa matriz, vamos dizer assim, de proteção, principalmente aos mais vulneráveis.

Aí vem a minha pergunta. Ao final eu passo a palavra ao Deputado Pedro. Eu gostaria de saber se há sistemas precisos, Secretário Wolnei, para a definição dessa poligonal, porque acho que há muitas ideias boas, inclusive o Senador Paulo Paim, do PT do Rio Grande do Sul, tem um projeto muito bom que é o da antecipação da própria questão do FGTS para aqueles locais de desastre, para a proteção daqueles trabalhadores e trabalhadoras. Eu acho que seria o caso da definição dessa poligonal, da clareza dessa poligonal do desastre, se os sistemas da defesa civil estão preparados. Por exemplo, no Rio Grande do Sul ou em Santa Catarina, nós temos a clareza dessa poligonal, vamos dizer assim, a poligonal do desastre. Definida essa poligonal, nós temos aqui instrumentos, como o fundo de desastre que o Deputado Gilson criou e que é muito importante para todas essas ações. É necessária a clareza desse polígono do desastre, vamos dizer assim, infelizmente, para que quem não percebeu entre, e para que quem percebeu esteja com firmeza dentro de toda essa rede de proteção.

Esse é o meu questionamento.

Passo a palavra ao Deputado Pedro Aihara.

",PUBLIC_HEARING,20/03/2024,Ações de prevenção de desastres naturais e auxílio à população detalhadas por ministérios na Câmara dos Deputados,"Declaro aberta a 6ª Reunião Extraordinária da Comissão Especial, destinada a estudar e analisar formas de prevenção e auxílio a desastres e calamidades naturais, que têm assolado todo o território nacional.

Encontra-se à disposição na página da Comissão, na Internet, a ata da 5ª Reunião, realizada no dia 5 de março de 2023.

Fica dispensada a sua leitura nos termos do parágrafo único do art. 5º do Ato da Mesa nº 123, de 2020.

Não havendo quem queira retificá-la, em votação a ata.

Aqueles que concordam permaneçam como se encontram.(Pausa.)

Aprovada a ata.

Expediente.

Informo que a Deputada Rosângela Reis, do PL de Minas Gerais, foi efetivada como suplente no último dia 15 de março.

Seja muito bem-vinda, Deputada Rosângela! Espero que possamos continuar fazendo esse trabalho profícuo.

Ordem do Dia.

Esclareço que, na Ordem do Dia de hoje, está prevista a realização de audiência pública que cumpre decisão do colegiado, em atendimento aos Requerimentos nº 7 e nº 10, de 2023, de autoria do Relator, o Deputado Gilson Daniel.

Os Ministros convidados não puderam comparecer, mas enviaram representantes.

Audiência pública.

Daremos início à audiência pública, oportunidade em que os representantes do Ministério do Desenvolvimento e Assistência Social, Família e Combate à Fome e do Ministério das Cidades apresentarão as ações das referidas Pastas sobre prevenção e auxílio a desastres e calamidades naturais.

Convidados.

Agradeço a presença de todos, em especial a dos convidados, e informo que participarão dos trabalhos os seguintes palestrantes: a Sra. Vera Campelo, Coordenadora da Secretaria Nacional de Assistência Social do Ministério do Desenvolvimento e Assistência Social, Família e Combate à Fome  seja bem-vinda, Vera! ; o Sr. Pedro Henrique Lopes Batista, Diretor Substituto da Secretaria Nacional de Periferias do Ministério das Cidades.

Regras da audiência pública.

Para melhor andamento dos trabalhos, esclareço que adotaremos os seguintes procedimentos:

Em conformidade com decisão da Presidência da Casa, não será mais permitida a divisão de tempo para Comunicações de Liderança.

O tempo concedido aos convidados será de 20 minutos, prorrogáveis a juízo da Comissão.

O autor do requerimento será o primeiro a usar a palavra para considerações, por 3 minutos. Cada membro inscrito terá 3 minutos. Cada não membro terá 2 minutos.

Antes de passar a palavra e a Presidência, porque vou ter que me ausentar, eu queria parabenizar o Deputado Gilson Daniel e destacar a importância, no meu entendimento, da presença do Ministério do Desenvolvimento Social.

O nosso grande desafio, o meu e especialmente o do Deputado Gilson, que está liderando nossa equipe na questão do relatório, é criar um arcabouço legal que possa dar proteção, especialmente aos vulneráveis, nessas enchentes, nessas secas.

Nós imaginamos como é na Amazônia não se conseguir chegar a um médico porque as hidrovias estão secas, os rios estão secos. No Rio Grande do Sul, tem havido a perda de pequenos negócios, de salões de beleza, de pequenas atividades comerciais que sustentavam famílias inteiras, a perda de casas, de eletrodomésticos.

Para mim, Deputado Gilson, depois da criação do fundo, que é essencial para financiar todas essas ações, a ação na área social e a participação do Ministério do Desenvolvimento Social são muito importantes para nós.

Peço à Vera que leve ao Ministro que nós estamos muito ansiosos pela participação do Ministério do Desenvolvimento Social e loucos para criar um arcabouço legal que possa proteger os cidadãos e as cidadãs mais vulneráveis.

Eu queria, por tradição, porque já fazemos essas audiências públicas, convidar o autor do requerimento, o Deputado Gilson Daniel, para presidir a audiência pública.

","Declaro aberta a 6ª Reunião Extraordinária da Comissão Especial, destinada a estudar e analisar formas de prevenção e auxílio a desastres e calamidades naturais, que têm assolado todo o território nacional.

Encontra-se à disposição na página da Comissão, na Internet, a ata da 5ª Reunião, realizada no dia 5 de março de 2023.

Fica dispensada a sua leitura nos termos do parágrafo único do art. 5º do Ato da Mesa nº 123, de 2020.

Não havendo quem queira retificá-la, em votação a ata.

Aqueles que concordam permaneçam como se encontram.(Pausa.)

Aprovada a ata.

Expediente.

Informo que a Deputada Rosângela Reis, do PL de Minas Gerais, foi efetivada como suplente no último dia 15 de março.

Seja muito bem-vinda, Deputada Rosângela! Espero que possamos continuar fazendo esse trabalho profícuo.

Ordem do Dia.

Esclareço que, na Ordem do Dia de hoje, está prevista a realização de audiência pública que cumpre decisão do colegiado, em atendimento aos Requerimentos nº 7 e nº 10, de 2023, de autoria do Relator, o Deputado Gilson Daniel.

Os Ministros convidados não puderam comparecer, mas enviaram representantes.

Audiência pública.

Daremos início à audiência pública, oportunidade em que os representantes do Ministério do Desenvolvimento e Assistência Social, Família e Combate à Fome e do Ministério das Cidades apresentarão as ações das referidas Pastas sobre prevenção e auxílio a desastres e calamidades naturais.

Convidados.

Agradeço a presença de todos, em especial a dos convidados, e informo que participarão dos trabalhos os seguintes palestrantes: a Sra. Vera Campelo, Coordenadora da Secretaria Nacional de Assistência Social do Ministério do Desenvolvimento e Assistência Social, Família e Combate à Fome  seja bem-vinda, Vera! ; o Sr. Pedro Henrique Lopes Batista, Diretor Substituto da Secretaria Nacional de Periferias do Ministério das Cidades.

Regras da audiência pública.

Para melhor andamento dos trabalhos, esclareço que adotaremos os seguintes procedimentos:

Em conformidade com decisão da Presidência da Casa, não será mais permitida a divisão de tempo para Comunicações de Liderança.

O tempo concedido aos convidados será de 20 minutos, prorrogáveis a juízo da Comissão.

O autor do requerimento será o primeiro a usar a palavra para considerações, por 3 minutos. Cada membro inscrito terá 3 minutos. Cada não membro terá 2 minutos.

Antes de passar a palavra e a Presidência, porque vou ter que me ausentar, eu queria parabenizar o Deputado Gilson Daniel e destacar a importância, no meu entendimento, da presença do Ministério do Desenvolvimento Social.

","O nosso grande desafio, o meu e especialmente o do Deputado Gilson, que está liderando nossa equipe na questão do relatório, é criar um arcabouço legal que possa dar proteção, especialmente aos vulneráveis, nessas enchentes, nessas secas.","

Nós imaginamos como é na Amazônia não se conseguir chegar a um médico porque as hidrovias estão secas, os rios estão secos. No Rio Grande do Sul, tem havido a perda de pequenos negócios, de salões de beleza, de pequenas atividades comerciais que sustentavam famílias inteiras, a perda de casas, de eletrodomésticos.

Para mim, Deputado Gilson, depois da criação do fundo, que é essencial para financiar todas essas ações, a ação na área social e a participação do Ministério do Desenvolvimento Social são muito importantes para nós.

Peço à Vera que leve ao Ministro que nós estamos muito ansiosos pela participação do Ministério do Desenvolvimento Social e loucos para criar um arcabouço legal que possa proteger os cidadãos e as cidadãs mais vulneráveis.

Eu queria, por tradição, porque já fazemos essas audiências públicas, convidar o autor do requerimento, o Deputado Gilson Daniel, para presidir a audiência pública.

",POSSIBLE_POLITICAL_ROLE_IN_ORIGINAL_TEXT|POSSIBLE_PARTY_IN_ORIGINAL_TEXT,YES,YES,"Deve ser criado um sistema nacional de apoio a vítimas de desastres, integrado ao Sistema Nacional de Proteção e Defesa Civil.",O país precisa proteger os mais vulneráveis quando acontecem desastres,YES,FAVOR,FAVOR,HIGH,HIGH,HIGH,HIGH,MEDIUM,HIGH,HIGH,O orador conduz a audiência e fala que criou um auxílio emergencial em Salvador,O orador preside a reunião,"A fala A dá mais peso para a recuperação depois de tragédias, e a fala B trata da proteção de forma mais ampla, incluindo antes da tragédia acontecer"
af4d70f0c140e9c9,PUBLIC_HEARING,21/11/2023,Inclusão de emendas na LDO para combater violência contra crianças e adolescentes,"Muito obrigada, Sra. Luiza, pela sua explanação.

Realmente temos muito debate a fazer sobre a questão do trabalho infantil. Até há uma mudança cultural na nossa sociedade que visa entender o que é o trabalho infantil.

Eu pergunto agora à assessoria se o Deputado Danilo Forte já está presente.(Pausa.)

Enquanto aguardamos o Deputado Danilo, que está lá no Palácio do Planalto e vai entrar virtualmente nesta audiência, sobre alguns pontos de fala precisamos refletir bastante. Os dados e os números nos alertam da importância de trabalharmos conjuntamente na questão da proteção da nossa infância e adolescência.

O Disque 100, de janeiro a abril de 2023, registrou 69.300 denúncias e 397.000 violações de direitos humanos de crianças e adolescentes, das quais 17.500 violações envolvem violências sexuais físicas, como abuso, estupro e exploração sexual, e psíquicas, quase 70% mais aconteceram no ano de 2022.

O Boletim do Ministério da Saúde, em 7 anos, de 2015 a 2021, registrou 202.948 casos de violência sexual de crianças e adolescentes, quase 80 casos por dia. Há cerca de 32.000 crianças que estão abrigadas em 6.580 locais de acolhimento no nosso País. Há casos de negligência, abandono, violência física, psicológica ou sexual. A situação de rua e outros cenários colocam essas crianças ainda mais em perigo.

Então, é importante registrar esses números, porque nós temos a responsabilidade de debater neste momento, Deputado Danilo Forte, a questão do Orçamento Criança.Não se faz política pública sem garantir recursos para que essas ações possam proteger a infância, a adolescência e a juventude em nosso País. S.Exa. sabe que é a peça principal desta audiência pública. Estamos todos aqui ansiosos pela sua fala. Eu sei que o trabalho está sendo extenso.

Eu passo a palavra agora ao Deputado Danilo Forte, que fará sua manifestação, já agradecendo por sua presença neste debate tão importante.(Pausa.)

Às vezes o sistema nos deixa na mão.(Risos.)

Eu sei da vontade e da responsabilidade do nosso Relator, mas ele está sendo mais procurado do que o Presidente da República neste momento.

Nós estamos com um problema técnico, o qual estamos tentando resolver. Peço desculpas novamente.

Então, voltando aqui ao nosso debate, a notícia de extrema importância que nos foi dada é que o Relator já acatou as cinco emendas apresentadas aqui por essa grande manifestação da coalizão, que envolve mais de 67 entidades  corrija-me, Lucas , que prepararam todo esse debate e formularam essas emendas ao Orçamento. O Deputado Danilo já acatou todas elas. Acho que esta é uma informação muito importante.

Neste momento, diante dos dados que colocamos aqui, das cinco emendas apresentadas, uma delas foi de promoção da prevenção às violências contra crianças e adolescentes, a Emenda n° 43010004 ao PLN 4/23; a emenda que visa constar a consolidação dos valores destinados ao desenvolvimento de ações e programas com foco na prevenção de violência contra crianças e adolescentes; a emenda que propõe, até o dia 30 de abril de cada exercício, um relatório anual referente ao exercício anterior de impacto dos programas destinados à prevenção da violência contra crianças e adolescentes; a emenda que destina projetos de responsabilidade socioambiental ou de atendimento às mulheres, crianças e adolescentes vítimas ou testemunhas de violência; e também a emenda que visa recursos destinados às despesas relacionadas com crianças e adolescentes, incluindo a primeira infância.

Então, isso é para os senhores saberem todas essas emendas que foram acatadas pelo Relator, fruto de um grande debate feito por diversas entidades não governamentais, universidades, sociedade civil organizada.

O objetivo desta audiência pública, tenho certeza que os colegas Parlamentares também estão acompanhando, é estabelecer esse diálogo sobre como direcionar esses recursos do Orçamento de forma bem eficiente para apoiar os programas e as iniciativas voltadas para a proteção e defesa dos direitos das crianças e adolescentes, com foco, primeiro, na prevenção e na resposta à violência.

Então, eu gostaria de destacar, sobretudo, que, ao longo dos últimos 6 anos, como bem falou aqui o nosso representante do UNICEF, os valores totais destinados à infância e à adolescência em relação ao Orçamento Geral da União foram de 5,6%, apesar de essa faixa populacional aqui no nosso País representar 25% da nossa população.

Nós tivemos um bom simpósio aqui, organizado pela Secretaria da Primeira Infância, Infância, Adolescência e Juventude. Gostaria de agradecer ao Mateus, que organizou toda a unidade desse debate, mencionado também pelo Lucas, oSimpósio Violência contra Crianças e Adolescentes: Dados, Políticas e Orçamento Público,e o que a nossa população pensa sobre a infância, sobre o trabalho infantil, uma pesquisa muito bem elaborada, que nos deu uma noção dos acontecimentos em nosso País.

Também no dia 31 de outubro, a Coalizão Brasileira pelo Fim da Violência contra Crianças e Adolescentes apresentou à Comissão de Legislação Participativa propostas, como eu já disse, de emendas ao texto da Lei de Diretrizes Orçamentárias, e o nosso Relator, o Deputado Danilo Forte  também já mencionei , acatou a todas. Elas foram elaboradas conjuntamente  por isso esse trabalho em equipe é de extrema importância  pelas organizações sociais, pelas nossas universidades, pelos coletivos de redes da nossa sociedade civil.

Na emenda que destacamos há a proposta de incluir a marcação do nível do plano orçamentário de todas as despesas relacionadas com crianças e adolescentes, que é fundamental para ampliar a transparência do Orçamento e possibilitar a análise total de investimentos em prevenção, em resposta à violência contra crianças e adolescentes.

Eu peço desculpas aos senhores, mas o Deputado Danilo Forte tentou de diversas formas, virtualmente, participar deste debate, não conseguindo por problemas no sistema, que às vezes nos causa muita dificuldade. S.Exa. estaria aqui pessoalmente, mas foi chamado ao Palácio do Planalto, diante de um tema tão importante, pois estamos discutindo o Orçamento da União. Ele já se desculpou, e podemos agradecer a sua parceria ao acatar essas emendas que foram orientadas pela sociedade civil.

Diante do exposto, eu pergunto aos nossos convidados se querem fazer as suas considerações finais, já que nós não vamos ampliar o debate, infelizmente.

Passo a palavra ao Lucas.

","Muito obrigada, Sra. Luiza, pela sua explanação.

Realmente temos muito debate a fazer sobre a questão do trabalho infantil. Até há uma mudança cultural na nossa sociedade que visa entender o que é o trabalho infantil.

Eu pergunto agora à assessoria se o Deputado Danilo Forte já está presente.(Pausa.)

Enquanto aguardamos o Deputado Danilo, que está lá no Palácio do Planalto e vai entrar virtualmente nesta audiência, sobre alguns pontos de fala precisamos refletir bastante. Os dados e os números nos alertam da importância de trabalharmos conjuntamente na questão da proteção da nossa infância e adolescência.

O Disque 100, de janeiro a abril de 2023, registrou 69.300 denúncias e 397.000 violações de direitos humanos de crianças e adolescentes, das quais 17.500 violações envolvem violências sexuais físicas, como abuso, estupro e exploração sexual, e psíquicas, quase 70% mais aconteceram no ano de 2022.

O Boletim do Ministério da Saúde, em 7 anos, de 2015 a 2021, registrou 202.948 casos de violência sexual de crianças e adolescentes, quase 80 casos por dia. Há cerca de 32.000 crianças que estão abrigadas em 6.580 locais de acolhimento no nosso País. Há casos de negligência, abandono, violência física, psicológica ou sexual. A situação de rua e outros cenários colocam essas crianças ainda mais em perigo.

Então, é importante registrar esses números, porque nós temos a responsabilidade de debater neste momento, Deputado Danilo Forte, a questão do Orçamento Criança.Não se faz política pública sem garantir recursos para que essas ações possam proteger a infância, a adolescência e a juventude em nosso País. S.Exa. sabe que é a peça principal desta audiência pública. Estamos todos aqui ansiosos pela sua fala. Eu sei que o trabalho está sendo extenso.

Eu passo a palavra agora ao Deputado Danilo Forte, que fará sua manifestação, já agradecendo por sua presença neste debate tão importante.(Pausa.)

Às vezes o sistema nos deixa na mão.(Risos.)

Eu sei da vontade e da responsabilidade do nosso Relator, mas ele está sendo mais procurado do que o Presidente da República neste momento.

Nós estamos com um problema técnico, o qual estamos tentando resolver. Peço desculpas novamente.

Então, voltando aqui ao nosso debate, a notícia de extrema importância que nos foi dada é que ","o Relator já acatou as cinco emendas apresentadas aqui por essa grande manifestação da coalizão, que envolve mais de 67 entidades  corrija-me, Lucas , que prepararam todo esse debate e formularam essas emendas ao Orçamento. O Deputado Danilo já acatou todas elas."," Acho que esta é uma informação muito importante.

Neste momento, diante dos dados que colocamos aqui, das cinco emendas apresentadas, uma delas foi de promoção da prevenção às violências contra crianças e adolescentes, a Emenda n° 43010004 ao PLN 4/23; a emenda que visa constar a consolidação dos valores destinados ao desenvolvimento de ações e programas com foco na prevenção de violência contra crianças e adolescentes; a emenda que propõe, até o dia 30 de abril de cada exercício, um relatório anual referente ao exercício anterior de impacto dos programas destinados à prevenção da violência contra crianças e adolescentes; a emenda que destina projetos de responsabilidade socioambiental ou de atendimento às mulheres, crianças e adolescentes vítimas ou testemunhas de violência; e também a emenda que visa recursos destinados às despesas relacionadas com crianças e adolescentes, incluindo a primeira infância.

Então, isso é para os senhores saberem todas essas emendas que foram acatadas pelo Relator, fruto de um grande debate feito por diversas entidades não governamentais, universidades, sociedade civil organizada.

O objetivo desta audiência pública, tenho certeza que os colegas Parlamentares também estão acompanhando, é estabelecer esse diálogo sobre como direcionar esses recursos do Orçamento de forma bem eficiente para apoiar os programas e as iniciativas voltadas para a proteção e defesa dos direitos das crianças e adolescentes, com foco, primeiro, na prevenção e na resposta à violência.

Então, eu gostaria de destacar, sobretudo, que, ao longo dos últimos 6 anos, como bem falou aqui o nosso representante do UNICEF, os valores totais destinados à infância e à adolescência em relação ao Orçamento Geral da União foram de 5,6%, apesar de essa faixa populacional aqui no nosso País representar 25% da nossa população.

Nós tivemos um bom simpósio aqui, organizado pela Secretaria da Primeira Infância, Infância, Adolescência e Juventude. Gostaria de agradecer ao Mateus, que organizou toda a unidade desse debate, mencionado também pelo Lucas, oSimpósio Violência contra Crianças e Adolescentes: Dados, Políticas e Orçamento Público,e o que a nossa população pensa sobre a infância, sobre o trabalho infantil, uma pesquisa muito bem elaborada, que nos deu uma noção dos acontecimentos em nosso País.

Também no dia 31 de outubro, a Coalizão Brasileira pelo Fim da Violência contra Crianças e Adolescentes apresentou à Comissão de Legislação Participativa propostas, como eu já disse, de emendas ao texto da Lei de Diretrizes Orçamentárias, e o nosso Relator, o Deputado Danilo Forte  também já mencionei , acatou a todas. Elas foram elaboradas conjuntamente  por isso esse trabalho em equipe é de extrema importância  pelas organizações sociais, pelas nossas universidades, pelos coletivos de redes da nossa sociedade civil.

Na emenda que destacamos há a proposta de incluir a marcação do nível do plano orçamentário de todas as despesas relacionadas com crianças e adolescentes, que é fundamental para ampliar a transparência do Orçamento e possibilitar a análise total de investimentos em prevenção, em resposta à violência contra crianças e adolescentes.

Eu peço desculpas aos senhores, mas o Deputado Danilo Forte tentou de diversas formas, virtualmente, participar deste debate, não conseguindo por problemas no sistema, que às vezes nos causa muita dificuldade. S.Exa. estaria aqui pessoalmente, mas foi chamado ao Palácio do Planalto, diante de um tema tão importante, pois estamos discutindo o Orçamento da União. Ele já se desculpou, e podemos agradecer a sua parceria ao acatar essas emendas que foram orientadas pela sociedade civil.

Diante do exposto, eu pergunto aos nossos convidados se querem fazer as suas considerações finais, já que nós não vamos ampliar o debate, infelizmente.

Passo a palavra ao Lucas.

",PUBLIC_HEARING,19/04/2023,Discussão sobre a eficácia de guardas armados e medidas de segurança nas escolas para combater a violência,"Muito obrigada, Deputado Pastor Henrique. Muito obrigada a cada um e a cada uma que estiveram presentes.

No dia 5 de abril, na cidade de Blumenau, eu vivi um dos atos mais violentos que já aconteceu na história da nossa cidade. Eu sou da cidade de Blumenau.A cidade parou, o Estado parou, e o Brasil silenciou diante da brutalidade que aconteceu naquele espaço, que deveria ser um espaço de segurança para as nossas crianças, para as mães deixarem os seus filhos.

É muito diferente falar aqui hoje, em teoria, sobre esse massacre que aconteceu naquela creche e ter estado pessoalmente no local da tragédia. Eu fui ao local no dia 5, quando aconteceu, e eu vi o pânico nos olhares. Blumenau é uma cidade muito tranquila, pacata, apesar de já ter detectado, nos últimos anos, células neonazistas, infelizmente. Mas eu vi o pânico no olhar de cada trabalhador, de cada trabalhadora da educação. Eu vi a descrença dos moradores. Eu vi o pânico nos olhos de mães e pais naquele momento. Eu vi o medo, nosso também, porque aquilo foi algo inusitado, e vi o medo no olhar daquelas crianças, infelizmente.

O grande problema dessas tragédias, Deputado Pastor Henrique, é que elas se tornam automaticamente passado daqui a pouco. No Estado de Santa Catarina, num Município pequeno do oeste, Saudades, também aconteceu, numa creche, uma tragédia como essa. Passou. A audiência foi marcada no dia 5 de abril, dia em que aconteceu a tragédia em Blumenau, 6 anos depois.

Infelizmente, não temos como recuperar essas vítimas. Os pais estavam aqui, no dia de ontem, com um discurso, claro, muito doído, de que é preciso mudar o Código Penal. Eu também penso que precisa mudar. Mas, mais do que isso, precisamos, diante de tantas falas importantes aqui, do Ministério da Educação, do Ministério da Justiça, dos Direitos Humanos, do CONANDA, dos professores, diante da bela informação que nos passou a Letícia, fazer um trabalho conjunto. Nós estamos alarmados e estamos percebendo que esse índice de violência está aumentando cada vez mais.

Mas o que vamos esperar dos últimos anos, quando tivemos personalidades políticas que incitavam o ódio e a violência, que faziam gesto de arminha. Até hoje Parlamentares desta Casa tiram fotos com metralhadoras empunhadas, emanando o ódio e a violência. Hoje mesmo, ali no plenário, novamente um Parlamentar usou a tribuna incitando o ódio. Nós somos referências para a sociedade, e isso me envergonha até um pouco.

Deputado Pastor Henrique, nós temos que fazer um trabalho nas redes sociais. O Ministro Alexandre de Moraes e o nosso Ministro da Justiça Flávio Dino estão atuando firmemente no controle das redes sociais. Foi presa muita gente, adolescentes, adultos, pela incitação ao ódio. Alguns foram presos inocentemente. Já aconteceu de uma pessoa falar:Ana Paula, eureproduzi, e houve uma queixa crime.Mas muitos deles estavam com muita intenção de disseminar o ódio.

Tem que haver a proteção das redes sociais. Nós vamos debater um projeto aqui sobre a regulamentação da mídia e dasfake news. Isso é muito importante. Cada pai tem que ter o controle disso. Eu não sei, às vezes, o que a minha netinha está vendo no celular, o que os nossos filhos estão vendo no celular. Existem pessoas que estão captando essa nossa juventude para fazer esse tipo de ataque, inclusive em locais extremamente importantes, que são as nossas universidades.

Então, este é um tema muito complexo que não diz respeito somente à segurança, mas que envolve a saúde, saúde mental, envolve o trabalho das redes. Esse é um trabalho da reconstrução do nosso País, é a cultura da paz, a cultura do amor. Inclusive, entramos com um projeto nesta Casa para mudar esse perfil, esse entendimento.

Então, eu agradeço muito a todos e a todas. Nós estamos irmanados nessa luta, que é uma luta não só nossa, mas de cada um e de cada uma: dos professores, dos pais, das famílias, de nós, Parlamentares, e da sociedade civil organizada.

Muito obrigada, Deputado Pastor Henrique.(Palmas.)

","Muito obrigada, Deputado Pastor Henrique. Muito obrigada a cada um e a cada uma que estiveram presentes.

No dia 5 de abril, na cidade de Blumenau, eu vivi um dos atos mais violentos que já aconteceu na história da nossa cidade. Eu sou da cidade de Blumenau.A cidade parou, o Estado parou, e o Brasil silenciou diante da brutalidade que aconteceu naquele espaço, que deveria ser um espaço de segurança para as nossas crianças, para as mães deixarem os seus filhos.

É muito diferente falar aqui hoje, em teoria, sobre esse massacre que aconteceu naquela creche e ter estado pessoalmente no local da tragédia. Eu fui ao local no dia 5, quando aconteceu, e eu vi o pânico nos olhares. Blumenau é uma cidade muito tranquila, pacata, apesar de já ter detectado, nos últimos anos, células neonazistas, infelizmente. Mas eu vi o pânico no olhar de cada trabalhador, de cada trabalhadora da educação. Eu vi a descrença dos moradores. Eu vi o pânico nos olhos de mães e pais naquele momento. Eu vi o medo, nosso também, porque aquilo foi algo inusitado, e vi o medo no olhar daquelas crianças, infelizmente.

O grande problema dessas tragédias, Deputado Pastor Henrique, é que elas se tornam automaticamente passado daqui a pouco. No Estado de Santa Catarina, num Município pequeno do oeste, Saudades, também aconteceu, numa creche, uma tragédia como essa. Passou. A audiência foi marcada no dia 5 de abril, dia em que aconteceu a tragédia em Blumenau, 6 anos depois.

Infelizmente, não temos como recuperar essas vítimas. Os pais estavam aqui, no dia de ontem, com um discurso, claro, muito doído, de que é preciso mudar o Código Penal. Eu também penso que precisa mudar. Mas, mais do que isso, precisamos, diante de tantas falas importantes aqui, do Ministério da Educação, do Ministério da Justiça, dos Direitos Humanos, do CONANDA, dos professores, diante da bela informação que nos passou a Letícia, fazer um trabalho conjunto. Nós estamos alarmados e estamos percebendo que esse índice de violência está aumentando cada vez mais.

","Mas o que vamos esperar dos últimos anos, quando tivemos personalidades políticas que incitavam o ódio e a violência, que faziam gesto de arminha."," Até hoje Parlamentares desta Casa tiram fotos com metralhadoras empunhadas, emanando o ódio e a violência. Hoje mesmo, ali no plenário, novamente um Parlamentar usou a tribuna incitando o ódio. Nós somos referências para a sociedade, e isso me envergonha até um pouco.

Deputado Pastor Henrique, nós temos que fazer um trabalho nas redes sociais. O Ministro Alexandre de Moraes e o nosso Ministro da Justiça Flávio Dino estão atuando firmemente no controle das redes sociais. Foi presa muita gente, adolescentes, adultos, pela incitação ao ódio. Alguns foram presos inocentemente. Já aconteceu de uma pessoa falar:Ana Paula, eureproduzi, e houve uma queixa crime.Mas muitos deles estavam com muita intenção de disseminar o ódio.

Tem que haver a proteção das redes sociais. Nós vamos debater um projeto aqui sobre a regulamentação da mídia e dasfake news. Isso é muito importante. Cada pai tem que ter o controle disso. Eu não sei, às vezes, o que a minha netinha está vendo no celular, o que os nossos filhos estão vendo no celular. Existem pessoas que estão captando essa nossa juventude para fazer esse tipo de ataque, inclusive em locais extremamente importantes, que são as nossas universidades.

Então, este é um tema muito complexo que não diz respeito somente à segurança, mas que envolve a saúde, saúde mental, envolve o trabalho das redes. Esse é um trabalho da reconstrução do nosso País, é a cultura da paz, a cultura do amor. Inclusive, entramos com um projeto nesta Casa para mudar esse perfil, esse entendimento.

Então, eu agradeço muito a todos e a todas. Nós estamos irmanados nessa luta, que é uma luta não só nossa, mas de cada um e de cada uma: dos professores, dos pais, das famílias, de nós, Parlamentares, e da sociedade civil organizada.

Muito obrigada, Deputado Pastor Henrique.(Palmas.)

",POSSIBLE_ACTOR_NAME_IN_ORIGINAL_TEXT|POSSIBLE_POLITICAL_ROLE_IN_ORIGINAL_TEXT,YES,YES,O orçamento federal deve destinar recursos específicos para prevenção da violência contra crianças e adolescentes.,O país precisa regular as redes sociais pra frear o discurso de ódio,NO,FAVOR,FAVOR,HIGH,HIGH,HIGH,HIGH,HIGH,HIGH,HIGH,O orador conduz a audiência,"A oradora revela a sua cidade e o seu primeiro nome, Ana Paula",
e6a308550846aa5f,PUBLIC_HEARING,13/11/2023,Descarbonização do setor de combustíveis e transição energética sustentável,"Muito obrigado, Sra. Valéria Lima, representante do Instituto Brasileiro de Petróleo e Gás  IBP. A sua apresentação foi muito importante.

Eu vou disponibilizar um tempo para cada expositor fazer suas considerações finais e também para refletir sobre uma pergunta que vou deixar para todos os senhores. O interessante da audiência pública são as divergências, as preocupações, as soluções, as certezas, as incertezas.

Essa coisa é tão sofisticada, essa coisa da transição energética, do hidrogênio verde, desses novos combustíveis, é tudo novo, embora o mundo já devesse estar preparado há muitos e muitos anos. Acordamos agora por quê? Porque ninguém queria sentar-se à mesa, principalmente aqueles países que são ainda hoje os grandes emissores de gases de efeito estufa. Essa é a realidade, a começar pelos Estados Unidos e a China, que não queriam nem conversar. Quando o problema acochou, como se diz lá no Ceará, aí o cabra começou a se preocupar. E está aí o problema posto.

Nesta Casa, nós temos a obrigação de elaborar um marco regulatório que seja factível, bom, interessante para todo o País, essa é a nossa dificuldade, igualmente olhando e acompanhando as experiências que estão sendo feitas nas academias. Essa é a nossa função.

Por isso, não temos mais muito a dizer, mesmo porque o Relator, o Deputado Bacelar, seu conterrâneo, Dr. Gonçalo, da Bahia... O baiano não é preguiçoso, não. O baiano, às vezes, é lento, mas não preguiçoso. Pelo contrário. O baiano é muito eficiente, trabalhador, dedicado, faz as coisas com muita prudência. Essa é a característica dos nossos conterrâneos baianos, estimo todos, principalmente os que estão aqui mais perto, no Congresso Nacional. Eu só tenho amigos na Bahia.

Pois bem. Eu vou deixar essa pergunta no ar e dar a palavra para cada um se despedir e, também, se for o caso, responder um pouco à minha reflexão, à minha preocupação.O combustível do futuro introduz a ACV com base na experiência exitosa do RenovaBio, do poço à roda. Possuímos métrica para implementar o ACV do berço ao túmulo? A minha preocupação e minha indagação ficam no ar.

Na sequência, como o meu amigo Pietro da Itália já falou, concedo a palavra ao Sr. Plínio Nastari, Presidente da consultoria agrícola Datagro. V.Sa. tem até 3 minutos.

","Muito obrigado, Sra. Valéria Lima, representante do Instituto Brasileiro de Petróleo e Gás  IBP. A sua apresentação foi muito importante.

Eu vou disponibilizar um tempo para cada expositor fazer suas considerações finais e também para refletir sobre uma pergunta que vou deixar para todos os senhores. O interessante da audiência pública são as divergências, as preocupações, as soluções, as certezas, as incertezas.

Essa coisa é tão sofisticada, essa coisa da transição energética, do hidrogênio verde, desses novos combustíveis, é tudo novo, embora o mundo já devesse estar preparado há muitos e muitos anos. Acordamos agora por quê? Porque ninguém queria sentar-se à mesa, principalmente aqueles países que são ainda hoje os grandes emissores de gases de efeito estufa. Essa é a realidade, a começar pelos Estados Unidos e a China, que não queriam nem conversar. Quando o problema acochou, como se diz lá no Ceará, aí o cabra começou a se preocupar. E está aí o problema posto.

","Nesta Casa, nós temos a obrigação de elaborar um marco regulatório que seja factível, bom, interessante para todo o País, essa é a nossa dificuldade, igualmente olhando e acompanhando as experiências que estão sendo feitas nas academias."," Essa é a nossa função.

Por isso, não temos mais muito a dizer, mesmo porque o Relator, o Deputado Bacelar, seu conterrâneo, Dr. Gonçalo, da Bahia... O baiano não é preguiçoso, não. O baiano, às vezes, é lento, mas não preguiçoso. Pelo contrário. O baiano é muito eficiente, trabalhador, dedicado, faz as coisas com muita prudência. Essa é a característica dos nossos conterrâneos baianos, estimo todos, principalmente os que estão aqui mais perto, no Congresso Nacional. Eu só tenho amigos na Bahia.

Pois bem. Eu vou deixar essa pergunta no ar e dar a palavra para cada um se despedir e, também, se for o caso, responder um pouco à minha reflexão, à minha preocupação.O combustível do futuro introduz a ACV com base na experiência exitosa do RenovaBio, do poço à roda. Possuímos métrica para implementar o ACV do berço ao túmulo? A minha preocupação e minha indagação ficam no ar.

Na sequência, como o meu amigo Pietro da Itália já falou, concedo a palavra ao Sr. Plínio Nastari, Presidente da consultoria agrícola Datagro. V.Sa. tem até 3 minutos.

",PUBLIC_HEARING,23/04/2024,Medidas para incentivar o uso do biometano na matriz energética brasileira,"Muito obrigado, Deputado Hugo Leal. V.Exa. é conhecedor da matéria, o que nos dá certa tranquilidade.

Queria parabenizá-lo pelo requerimento no sentido de que nós pudéssemos ouvir tudo aquilo que nós ouvimos nesta audiência pública. Isso também nos dá certa tranquilidade.

Na semana passada, nós fizemos uma audiência pública aqui, na Câmara dos Deputados, para ouvir os que estavam pesquisando e já produzindo combustíveis para o transporte aquaviário, para o transporte marítimo e fluvial.

Fiquei impressionado com a qualidade do que foi exposto, porque nós vimos várias possibilidades com relação a esse combustível para aqueles motores enormes dos navios. E o sistema de transporte mundial, Deputado Hugo, é um dos que mais emitem gás de efeito estufa, principalmente o marítimo. Por quê? Porque o marítimo consome um combustível chamadobunker, que é subproduto do petróleo. Ele solta na atmosfera gases tóxicos inimagináveis, como o óxido de nitrogênio, que é uma coisa insuportável, com partículas finas, óxido de enxofre  esse é que é danado. Pois bem, nós temos que avançar nesse combustível para termos a tranquilidade de saber que vamos abranger todos os segmentos da economia do mundo, para que possamos descarbonizar, tirar o carbono, principalmente o gás carbônico, da atmosfera, caso contrário, o mundo não vai suportar.

Mas nós discutimos, Gustavo Bonini, uma coisa que eu achei interessante. Há várias possibilidades, como foi colocado por vocês. É claro que vocês identificaram e desenvolveram mais com relação ao biometano. Essa é uma coisa muito específica que vocês desenvolveram lá; foi um trabalho mais amplo; nós discutimos várias possibilidades outras. Mas lá, depois dessa conversa, desse debate, nós encontramos o seguinte: tem que haver critério para que nós possamos avançar no tipo de combustível. E quais são esses critérios que foram relacionados lá? Até anotei aqui. Por exemplo, disponibilidade. Tem que haver disponibilidade desse combustível. Caso contrário, não vai ter importância nenhuma.

Outro ponto é densidade energética, que foi citada aqui. Além da densidade energética, nós temos que ver e acompanhar outros parâmetros.

Maturidade tecnológica. Nós temos maturidade tecnológica? Vocês, cientistas e pessoas do meio, estão avançando, estudando essa tecnologia, para saber se ela é perene, se ela vai dar certo?

Segurança. Brasileiro é cismado com gás, porque gás é complicado. A qualquer momento, ele pode dar problema. É claro que vocês estão acompanhando, mas nós temos que ter a convicção de que vai haver segurança na manipulação e queima desse gás.

Custo. Nós temos custo para competir com o petróleo? Vai dar certo? É claro que não vai ser ao par. Vai ser sempre maior o custo, mas compensará com relação ao futuro da humanidade.

Sustentabilidade local. Não adianta produzir um gás ou um combustível no local e danificar o meio ambiente daquela área, o que chamamos também de ciclo de vida. Tem que haver esse acompanhamento.

Desse modo, eu achei muito importante a presença de vocês. Nós temos que avançar mais nessa maturidade tecnológica e também na segurança.Na densidade energética, vocês já mostraram que não haveria muito problema. Mas há a maturidade tecnológica, que eu já citei novamente.

Por isso eu acho que o caminho que nós temos que seguir são esses caminhos, valendo para todos os combustíveis. Nesta audiência pública discutiu-se biodiesel,dieselverde e tantos outros  HVO, SVO , vários combustíveis que têm possibilidade importante de substituir  ou de começarem a substituir, porque isso não é da noite para o dia  esses combustíveis que emitem gases de efeito estufa.

Outro problema é com relação ao transporte. Eu acho que o Deputado Hugo Leal estava presente nesta Casa quando foi discutida a venda desses gasodutos, que agora não são mais da PETROBRAS. E o Ministro de então disse que era importante essa venda da PETROBRAS, que era importante entregar para a iniciativa privada esses gasodutos, para que pudesse ser feito um transporte mais eficiente e fosse feita uma quantidade de investimento muito grande. Falaram em 30 bilhões de reais. A turma tem uma facilidade de falar em bilhão que é uma coisa impressionante. Trinta bilhões de reais! Eu pedi ao Ministro a memória de cálculo desses 30 bilhões de reais e até hoje estou esperando. Ele nem é mais Ministro nem tem memória suficiente para dizer que tipo de investimento.

Pois bem, a PETROBRAS vendeu esses gasodutos. Quanto houve de investimento nesses últimos 2 anos, 3 anos?

Deputado Hugo, eu tenho também uma preocupação. O gás, anteriormente, há 4 anos, 5 anos, era transportado pelo chamado transporte postal? É o mesmo da carta. Tanto faz eu mandar uma carta aqui para Goiânia como para Porto Velho, o valor será o mesmo. Uma coisa compensa a outra. Fortaleza, que estava no fim da linha desse gasoduto, tinha o mesmo preço cotado lá na Bahia, por exemplo, em Salvador. Agora, não; o gás de Fortaleza está muito mais caro do que os de outros Estados, de outras capitais, por exemplo. Isso não é razoável com o Ceará. Essa é uma coisa desigual no nosso compreender. E eu falava isso nessa reunião aqui na Câmara dos Deputados com a presença do Ministro. Eu queria saber se continua assim. O transporte é postal?

Outro ponto de que eu queria que o Rogerio Manso falasse é se, na hora em que é injetado o biometano, esses gasodutos suportam. Eles estão preparados para receber esse biometano? Eles estão dimensionados para tal? São outros problemas que nós temos que tirar desta reunião para que nos dê essa tranquilidade.

E já finalizo, Deputado  já falei demais , dizendo que eu sou engenheiro da construção pesada. E a Scania, lá na era passada, desenvolvia motores para máquinas pesadas. A primeira pergunta é: ela continua disponibilizando motores para patrol, para trator de esteira, para motoscraper, enfim, para essas máquinas pesadas?

Segunda pergunta: a Scania pensa em fazer pesquisas também para desenvolver um combustível para uso desses equipamentos pesados, que eu compreendo que nós temos que atacar porque eles consomem muito combustível?

Eu creio que já falei demais, mas fiquei impressionado e agradecido em poder acompanhar esta reunião, que é proveitosa, com relação a descarbonizar o transporte terrestre, no caso aqui de vocês, já que nós discutimos na semana passada o transporte aquaviário.

","Muito obrigado, Deputado Hugo Leal. V.Exa. é conhecedor da matéria, o que nos dá certa tranquilidade.

Queria parabenizá-lo pelo requerimento no sentido de que nós pudéssemos ouvir tudo aquilo que nós ouvimos nesta audiência pública. Isso também nos dá certa tranquilidade.

Na semana passada, nós fizemos uma audiência pública aqui, na Câmara dos Deputados, para ouvir os que estavam pesquisando e já produzindo combustíveis para o transporte aquaviário, para o transporte marítimo e fluvial.

Fiquei impressionado com a qualidade do que foi exposto, porque nós vimos várias possibilidades com relação a esse combustível para aqueles motores enormes dos navios. E o sistema de transporte mundial, Deputado Hugo, é um dos que mais emitem gás de efeito estufa, principalmente o marítimo. Por quê? Porque o marítimo consome um combustível chamadobunker, que é subproduto do petróleo. Ele solta na atmosfera gases tóxicos inimagináveis, como o óxido de nitrogênio, que é uma coisa insuportável, com partículas finas, óxido de enxofre  esse é que é danado. ","Pois bem, nós temos que avançar nesse combustível para termos a tranquilidade de saber que vamos abranger todos os segmentos da economia do mundo, para que possamos descarbonizar, tirar o carbono, principalmente o gás carbônico, da atmosfera, caso contrário, o mundo não vai suportar.","

Mas nós discutimos, Gustavo Bonini, uma coisa que eu achei interessante. Há várias possibilidades, como foi colocado por vocês. É claro que vocês identificaram e desenvolveram mais com relação ao biometano. Essa é uma coisa muito específica que vocês desenvolveram lá; foi um trabalho mais amplo; nós discutimos várias possibilidades outras. Mas lá, depois dessa conversa, desse debate, nós encontramos o seguinte: tem que haver critério para que nós possamos avançar no tipo de combustível. E quais são esses critérios que foram relacionados lá? Até anotei aqui. Por exemplo, disponibilidade. Tem que haver disponibilidade desse combustível. Caso contrário, não vai ter importância nenhuma.

Outro ponto é densidade energética, que foi citada aqui. Além da densidade energética, nós temos que ver e acompanhar outros parâmetros.

Maturidade tecnológica. Nós temos maturidade tecnológica? Vocês, cientistas e pessoas do meio, estão avançando, estudando essa tecnologia, para saber se ela é perene, se ela vai dar certo?

Segurança. Brasileiro é cismado com gás, porque gás é complicado. A qualquer momento, ele pode dar problema. É claro que vocês estão acompanhando, mas nós temos que ter a convicção de que vai haver segurança na manipulação e queima desse gás.

Custo. Nós temos custo para competir com o petróleo? Vai dar certo? É claro que não vai ser ao par. Vai ser sempre maior o custo, mas compensará com relação ao futuro da humanidade.

Sustentabilidade local. Não adianta produzir um gás ou um combustível no local e danificar o meio ambiente daquela área, o que chamamos também de ciclo de vida. Tem que haver esse acompanhamento.

Desse modo, eu achei muito importante a presença de vocês. Nós temos que avançar mais nessa maturidade tecnológica e também na segurança.Na densidade energética, vocês já mostraram que não haveria muito problema. Mas há a maturidade tecnológica, que eu já citei novamente.

Por isso eu acho que o caminho que nós temos que seguir são esses caminhos, valendo para todos os combustíveis. Nesta audiência pública discutiu-se biodiesel,dieselverde e tantos outros  HVO, SVO , vários combustíveis que têm possibilidade importante de substituir  ou de começarem a substituir, porque isso não é da noite para o dia  esses combustíveis que emitem gases de efeito estufa.

Outro problema é com relação ao transporte. Eu acho que o Deputado Hugo Leal estava presente nesta Casa quando foi discutida a venda desses gasodutos, que agora não são mais da PETROBRAS. E o Ministro de então disse que era importante essa venda da PETROBRAS, que era importante entregar para a iniciativa privada esses gasodutos, para que pudesse ser feito um transporte mais eficiente e fosse feita uma quantidade de investimento muito grande. Falaram em 30 bilhões de reais. A turma tem uma facilidade de falar em bilhão que é uma coisa impressionante. Trinta bilhões de reais! Eu pedi ao Ministro a memória de cálculo desses 30 bilhões de reais e até hoje estou esperando. Ele nem é mais Ministro nem tem memória suficiente para dizer que tipo de investimento.

Pois bem, a PETROBRAS vendeu esses gasodutos. Quanto houve de investimento nesses últimos 2 anos, 3 anos?

Deputado Hugo, eu tenho também uma preocupação. O gás, anteriormente, há 4 anos, 5 anos, era transportado pelo chamado transporte postal? É o mesmo da carta. Tanto faz eu mandar uma carta aqui para Goiânia como para Porto Velho, o valor será o mesmo. Uma coisa compensa a outra. Fortaleza, que estava no fim da linha desse gasoduto, tinha o mesmo preço cotado lá na Bahia, por exemplo, em Salvador. Agora, não; o gás de Fortaleza está muito mais caro do que os de outros Estados, de outras capitais, por exemplo. Isso não é razoável com o Ceará. Essa é uma coisa desigual no nosso compreender. E eu falava isso nessa reunião aqui na Câmara dos Deputados com a presença do Ministro. Eu queria saber se continua assim. O transporte é postal?

Outro ponto de que eu queria que o Rogerio Manso falasse é se, na hora em que é injetado o biometano, esses gasodutos suportam. Eles estão preparados para receber esse biometano? Eles estão dimensionados para tal? São outros problemas que nós temos que tirar desta reunião para que nos dê essa tranquilidade.

E já finalizo, Deputado  já falei demais , dizendo que eu sou engenheiro da construção pesada. E a Scania, lá na era passada, desenvolvia motores para máquinas pesadas. A primeira pergunta é: ela continua disponibilizando motores para patrol, para trator de esteira, para motoscraper, enfim, para essas máquinas pesadas?

Segunda pergunta: a Scania pensa em fazer pesquisas também para desenvolver um combustível para uso desses equipamentos pesados, que eu compreendo que nós temos que atacar porque eles consomem muito combustível?

Eu creio que já falei demais, mas fiquei impressionado e agradecido em poder acompanhar esta reunião, que é proveitosa, com relação a descarbonizar o transporte terrestre, no caso aqui de vocês, já que nós discutimos na semana passada o transporte aquaviário.

",POSSIBLE_POLITICAL_ROLE_IN_ORIGINAL_TEXT,YES,YES,O Congresso deve criar um marco regulatório para a transição energética,Precisam haver critérios claros para a escolha de novos combustíveis não fósseis.,NO,FAVOR,FAVOR,HIGH,HIGH,MEDIUM,HIGH,MEDIUM,HIGH,HIGH,O orador conduz a audiência,,
36fb1e1240a12ac4,PUBLIC_HEARING,07/11/2023,Racismo e preconceito contra indígenas no sistema prisional brasileiro e a proposta de uma lei prisional específica para indígenas,"Muito obrigada, parentíssima Aléssia, do povo tuxá, Defensora Pública.

Compartilhamos uma Mesa ontem, quando falávamos da luta antirracista.

É importante falar sobre a criminalização de lideranças indígenas. Foi muito violento o que passamos com o Cacique Babau, que inclusive foi interpretado no julgamento do marco temporal no STF.

Ele dizia que, quando tentaram matá-lo, inclusive não queriam matar só seu corpo. Já havia uma narrativa de criminalização, já estavam colocando drogas também no seu carro para tentar matar a sua história. E ele fala que era tão violento, porque tentavam não somente matá-lo, mas também tirá-lo e ausentá-lo, como parte da luta do nosso povo, criando uma narrativa.

Eu já gostaria de colocar aqui, como encaminhamento desta audiência do dia de hoje, o nosso mandato à disposição, juntamente com a senhora e os demais que compõem a Mesa, para pensar numa legislação específica do sistema prisional carcerário para as questões indígenas a partir de uma consulta pública inclusive. Eu já gostaria de tomar isso como encaminhamento.

Agora eu gostaria de ouvir a Dra. Daniele de Souza Osório, Defensora Pública da União, do Mato Grosso do Sul.

","Muito obrigada, parentíssima Aléssia, do povo tuxá, Defensora Pública.

Compartilhamos uma Mesa ontem, quando falávamos da luta antirracista.

É importante falar sobre a criminalização de lideranças indígenas. Foi muito violento o que passamos com o Cacique Babau, que inclusive foi interpretado no julgamento do marco temporal no STF.

Ele dizia que, quando tentaram matá-lo, inclusive não queriam matar só seu corpo. Já havia uma narrativa de criminalização, já estavam colocando drogas também no seu carro para tentar matar a sua história. E ele fala que era tão violento, porque tentavam não somente matá-lo, mas também tirá-lo e ausentá-lo, como parte da luta do nosso povo, criando uma narrativa.

","Eu já gostaria de colocar aqui, como encaminhamento desta audiência do dia de hoje, o nosso mandato à disposição, juntamente com a senhora e os demais que compõem a Mesa, para pensar numa legislação específica do sistema prisional carcerário para as questões indígenas a partir de uma consulta pública inclusive."," Eu já gostaria de tomar isso como encaminhamento.

Agora eu gostaria de ouvir a Dra. Daniele de Souza Osório, Defensora Pública da União, do Mato Grosso do Sul.

",PUBLIC_HEARING,09/11/2023,Aprovação do Projeto de Lei 4347/21 para tornar permanente a Política Nacional de Gestão Territorial e Ambiental das Terras Indígenas,"Obrigada, Alcebias, por esse importante apelo.

Estamos caminhando para o final. Quando se fala de alimento sem veneno, sabem por que os alimentos que vêm lá do território indígena não são contabilizados? Porque aqueles que produzem em grande escala falam que os territórios indígenas são improdutivos. Agora, na hora de comer, ninguém quer comer alimento com veneno. Então, isso é muito contraditório. Falam que produzem em grande escala, que é o agro que sustenta o Brasil, mas, na verdade, é o Brasil que tem sustentado o agro. E o Brasil agora precisa sustentar o direito dos povos indígenas, não somente mais o agro.

Eu gostaria de dizer que quando nós estamos aqui, neste momento, falando da importância da política, toda política só é possível ser gestada se houver orçamento. Nós estamos no período, iniciou-se anteontem, de apresentação de emendas, e é importante dizer que um dos encaminhamentos que vamos tirar daqui, inclusive já foi proposto no seminário da PNGATI, é alocar recursos específicos do PPA para a implementação da PNGATI, com linhas orçamentárias definidas, em montante suficiente para atender à necessidade do programa e sua implementação. Também é importante reconhecer e regulamentar o papel dos agentes ambientais indígenas.

A PNGATI deve estar articulada com a política de educação escolar indígena e de atendimento à saúde indígena, fortalecendo os princípios da sustentabilidade, com recurso orçamentário compatível à necessidade das comunidades. Não adianta vir aqui falar e mandar recado que os povos indígenas são a favor do agronegócio, a favor da soja. Tem que ser compatível, tem que escutar, tem que fazer processo de consulta. Não adianta falar que leva bolacha recheada, bala doce para os territórios. O que nós queremos é comer com dignidade.

É preciso ampliar a implementação do Programa Nacional de Alimentação Escolar  PNAE nas comunidades indígenas, com procedimentos adequados, e não envenenando as crianças. Muitas crianças estão com relatos de diabetes, e, se não é pela negação ao direito territorial, tem sido pela munição que faz adoecer a nossa população.

Então, é muito importante dizer como sofisticaram as armas. Nós morreremos se não houver alimento, mas também morreremos comendo, porque comer com veneno também é um jeito de matar os povos indígenas. Inclusive não estão só matando, fazendo o povo morrer; estão matando, primeiro, o modo de vida. Matam o nosso modo de vida, falam que nós somos um empecilho para o capitalismo, depois fazem muitas lideranças pensarem no capitalista, tentam cooptar lideranças. Depois, essas mesmas pessoas que falam isso vão falar que nós deixamos de ser indígenas.

O art. 16 fala da alteração de traços culturais. E nós já falamos isso para diversos Relatores da matéria. Nós não entendemos. Vocês dizem que nós somos um empecilho, depois querem nos dar esse maquinário? Nós somos a favor da bioeconomia. Nós queremos tecnologia também. Queremos alguns maquinários também para favorecer a plantação, sobretudo com a nossa noção de plantar e o nosso modo de vida. Porém, nós não queremos um trator passando por cima de nossos direitos.

Na verdade, muitos falaram que nos deram espelhos em 1500, hoje esses espelhos que eles ficam tentando colocar dentro dos territórios indígenas são as retroescavadeiras.

Já foi revelado também na CPMI do 8 de Janeiro que, para fazerlobby,para invadir a Praça dos Três Poderes, foram usadas as mesmas empreiteiras, as mesmas pessoas que estão envolvidas nolobbydo garimpo, da mineração. Foi encontrada no território kayapó uma máquina que, pelo chassi, é de propriedade dessas mesmas que financiaram o 8 de Janeiro.

O último ponto é incorporar de modo consistente as políticas de ações financiamentos às terras indígenas, sobretudo pensando nessa diversidade de biomas.

Nesse sentido, eu queria dar como encaminhamento aqui também que, nesse relatório, se for consenso  o Deputado Amom está aguardando para também já dar o seu parecer , a imediata aprovação na Comissão de Meio Ambiente do relatório da PNGATI, porque, uma vez despachado lá o parecer, ele vai tramitar nesta Comissão e em mais uma.

Nós queríamos sair deste ano com um saldo positivo, para conseguirmos, no ano que vem, pautar no plenário principal a PNGATI.

Outra questão, se for de consenso também, seria elencar seis pontos prioritários, assim como existem seis biomas brasileiros, e fazer uma carta. Eu sei que há várias cartilhas: do Ministério dos Povos Indígenas, da Secretaria de Saúde Indígena, da FUNAI, mas seria uma carta simplificada com seis pontos para dispararmos aos 513 Parlamentares. Nós fizemos isso no início do ano, porque nós não tínhamos emendas para apresentar pelo nosso mandato, sensibilizando os Parlamentares a apoiar a PNGATI. E há muitos Parlamentares que estão interessados em apoiar a PNGATI.

Então, como encaminhamento desta audiência também, tendo em vista que nós estamos no período de indicação de emenda, que elencássemos seis pontos prioritários, e que essa carta fosse assinada também pelo MPI, pela FUNAI, pela Articulação dos Povos Indígenas do Brasil, pela COIAB, pela ANMIGA, pelas organizações interessadas.

Eu gostaria de perguntar se é de comum acordo e perguntar, inclusive, aqui para os integrantes da Mesa se acham importante esse encaminhamento, para já fazermos constar no nosso relatório e pensarmos na elaboração desses seis pontos prioritários.

Vamos ouvir agora o Kleber Karipuna.

","Obrigada, Alcebias, por esse importante apelo.

Estamos caminhando para o final. Quando se fala de alimento sem veneno, sabem por que os alimentos que vêm lá do território indígena não são contabilizados? Porque aqueles que produzem em grande escala falam que os territórios indígenas são improdutivos. Agora, na hora de comer, ninguém quer comer alimento com veneno. Então, isso é muito contraditório. Falam que produzem em grande escala, que é o agro que sustenta o Brasil, mas, na verdade, é o Brasil que tem sustentado o agro. E o Brasil agora precisa sustentar o direito dos povos indígenas, não somente mais o agro.

Eu gostaria de dizer que quando nós estamos aqui, neste momento, falando da importância da política, toda política só é possível ser gestada se houver orçamento. Nós estamos no período, iniciou-se anteontem, de apresentação de emendas, e é importante dizer que um dos encaminhamentos que vamos tirar daqui, inclusive já foi proposto no seminário da PNGATI, é alocar recursos específicos do PPA para a implementação da PNGATI, com linhas orçamentárias definidas, em montante suficiente para atender à necessidade do programa e sua implementação. Também é importante reconhecer e regulamentar o papel dos agentes ambientais indígenas.

","A PNGATI deve estar articulada com a política de educação escolar indígena e de atendimento à saúde indígena, fortalecendo os princípios da sustentabilidade, com recurso orçamentário compatível à necessidade das comunidades."," Não adianta vir aqui falar e mandar recado que os povos indígenas são a favor do agronegócio, a favor da soja. Tem que ser compatível, tem que escutar, tem que fazer processo de consulta. Não adianta falar que leva bolacha recheada, bala doce para os territórios. O que nós queremos é comer com dignidade.

É preciso ampliar a implementação do Programa Nacional de Alimentação Escolar  PNAE nas comunidades indígenas, com procedimentos adequados, e não envenenando as crianças. Muitas crianças estão com relatos de diabetes, e, se não é pela negação ao direito territorial, tem sido pela munição que faz adoecer a nossa população.

Então, é muito importante dizer como sofisticaram as armas. Nós morreremos se não houver alimento, mas também morreremos comendo, porque comer com veneno também é um jeito de matar os povos indígenas. Inclusive não estão só matando, fazendo o povo morrer; estão matando, primeiro, o modo de vida. Matam o nosso modo de vida, falam que nós somos um empecilho para o capitalismo, depois fazem muitas lideranças pensarem no capitalista, tentam cooptar lideranças. Depois, essas mesmas pessoas que falam isso vão falar que nós deixamos de ser indígenas.

O art. 16 fala da alteração de traços culturais. E nós já falamos isso para diversos Relatores da matéria. Nós não entendemos. Vocês dizem que nós somos um empecilho, depois querem nos dar esse maquinário? Nós somos a favor da bioeconomia. Nós queremos tecnologia também. Queremos alguns maquinários também para favorecer a plantação, sobretudo com a nossa noção de plantar e o nosso modo de vida. Porém, nós não queremos um trator passando por cima de nossos direitos.

Na verdade, muitos falaram que nos deram espelhos em 1500, hoje esses espelhos que eles ficam tentando colocar dentro dos territórios indígenas são as retroescavadeiras.

Já foi revelado também na CPMI do 8 de Janeiro que, para fazerlobby,para invadir a Praça dos Três Poderes, foram usadas as mesmas empreiteiras, as mesmas pessoas que estão envolvidas nolobbydo garimpo, da mineração. Foi encontrada no território kayapó uma máquina que, pelo chassi, é de propriedade dessas mesmas que financiaram o 8 de Janeiro.

O último ponto é incorporar de modo consistente as políticas de ações financiamentos às terras indígenas, sobretudo pensando nessa diversidade de biomas.

Nesse sentido, eu queria dar como encaminhamento aqui também que, nesse relatório, se for consenso  o Deputado Amom está aguardando para também já dar o seu parecer , a imediata aprovação na Comissão de Meio Ambiente do relatório da PNGATI, porque, uma vez despachado lá o parecer, ele vai tramitar nesta Comissão e em mais uma.

Nós queríamos sair deste ano com um saldo positivo, para conseguirmos, no ano que vem, pautar no plenário principal a PNGATI.

Outra questão, se for de consenso também, seria elencar seis pontos prioritários, assim como existem seis biomas brasileiros, e fazer uma carta. Eu sei que há várias cartilhas: do Ministério dos Povos Indígenas, da Secretaria de Saúde Indígena, da FUNAI, mas seria uma carta simplificada com seis pontos para dispararmos aos 513 Parlamentares. Nós fizemos isso no início do ano, porque nós não tínhamos emendas para apresentar pelo nosso mandato, sensibilizando os Parlamentares a apoiar a PNGATI. E há muitos Parlamentares que estão interessados em apoiar a PNGATI.

Então, como encaminhamento desta audiência também, tendo em vista que nós estamos no período de indicação de emenda, que elencássemos seis pontos prioritários, e que essa carta fosse assinada também pelo MPI, pela FUNAI, pela Articulação dos Povos Indígenas do Brasil, pela COIAB, pela ANMIGA, pelas organizações interessadas.

Eu gostaria de perguntar se é de comum acordo e perguntar, inclusive, aqui para os integrantes da Mesa se acham importante esse encaminhamento, para já fazermos constar no nosso relatório e pensarmos na elaboração desses seis pontos prioritários.

Vamos ouvir agora o Kleber Karipuna.

",POSSIBLE_POLITICAL_ROLE_IN_ORIGINAL_TEXT,YES,YES,Deve existir uma lei específica para pessoas indígenas presas,Presença do agronegócio e mineração em terras indígenas.,NO,FAVOR,AGAINST,HIGH,HIGH,HIGH,MEDIUM,HIGH,HIGH,HIGH,,,Uma pede uma lei especial para indígenas presos e a outra pede orçamento para a gestão das terras indígenas
2e42e8583aea6939,PUBLIC_HEARING,19/03/2024,Estratégias para a erradicação da tuberculose no Brasil até 2030,"Bom dia a todos e a todas.

Fico muito feliz de ver nossos amigos todos aqui. Esta é uma reunião simbólica e importante porque nós estamos no mês de março. O dia 24 de março é muito importante para todos nós que somos ativistas, militantes e parceiros na luta contra a tuberculose do Brasil inteiro. Não tenho dúvida de que marcar este mês com ações expressivas e com esse debate do Comitê Interministerial para a Eliminação da Tuberculose e de Outras Doenças Determinadas Socialmente  CIEDDS, para nós, é muito caro. Estou vendo aí muitos amigos.

Quero dizer a vocês que nós tínhamos um prazo para esta Comissão Externa. Mas, talvez até para fazer até jus a essa articulação que nós fizemos com o Stop TB na última reunião, Márcia, nós resolvemos ampliar o escopo desta reunião, para que pudéssemos sorver as informações que vinham, portanto, da reunião do Stop TB Partnership aqui no Brasil. Por esse motivo, vamos andar mais um pouquinho.

Eu queria registrar a chegada do Deputado Ismael Alexandrino, que vai hoje presidir a nossa reunião também. Hoje estamos nessa luta grande. Vamos sempre fazer um revezamento. O nobre Deputado Ismael Alexandrino foi Secretário de Saúde do Distrito Federal e Secretário de Saúde de Goiás. A cada momento em que trazemos um Deputado, não é só para que presida a sessão, é para que se sinta mais comprometido ainda com a causa e a luta contra a tuberculose e as ações necessárias do Executivo e do Legislativo, para que possamos erradicar a tuberculose como proposta de saúde pública até 2030. Estamos nessa meta, e a Comissão Externa dará, portanto, essa derivação.

Muito obrigado por aceitar o convite, Deputado Ismael Alexandrino. V.Exa. é do PSD e, com certeza, na área da saúde, hoje é Vice-Presidente da Comissão de Saúde, a antiga Comissão de Seguridade Social e Família. Isso coloca a Comissão também junto com a representação formal da Comissão de Saúde e aqui, na Comissão Externa, na luta contra a tuberculose.

Dadas essas informações, declaro aberta a 3ª Reunião Extraordinária da Comissão Externa sobre propostas para análise do enfrentamento da tuberculose.

Encontra-se à disposição, na página da Comissão na Internet, a ata da 2ª reunião, realizada no dia 5 de dezembro de 2023.

Fica dispensada a sua leitura, nos termos do parágrafo único do art. 5º do Ato da Mesa nº 123, de 2020.(Pausa.)

Não havendo quem queira retificá-la, coloco em votação a ata.

Os Deputados que a aprovam permaneçam como se acham.(Pausa.)

Aprovada.

Informo que a sinopse do expediente recebido encontra-se à disposição na página da Comissão na Internet.

Daremos início agora à segunda audiência pública da Comissão. Esclareço que esta audiência cumpre decisão do colegiado em atendimento ao Requerimento nº 1, de 2023, de minha autoria. Dado o motivo também que eu acho importante que mais Parlamentares participem, vou ficar sentado aí um bom tempo assistindo a esta importante audiência pública.

Informo que o Ministério da Igualdade Racial e o Ministério da Integração e do Desenvolvimento Regional não puderam comparecer devido à incompatibilidade de agenda.

Desde já, gostaria de agradecer aos convidados a disponibilidade em colaborar com os trabalhos deste colegiado.

Gostaria de convidar o Dr. Draurio Barreira Cravo Neto, Diretor do Departamento de HIV/AIDS, Tuberculose, Hepatites Virais e Infecções Sexualmente Transmissíveis da Secretaria de Vigilância em Saúde e Ambiente do Ministério da Saúde (palmas); o Sr. Thiago de Mello Moraes, Coordenador-Geral de Ciências da Saúde, Biotecnológicas e Agrárias da Secretaria de Políticas e Programas Estratégicos do Ministério da Ciência, Tecnologia e Inovação (palmas);a Sra. Márcia Pádua Viana, Coordenadora do Departamento de Proteção Social Especial da Secretaria Nacional de Assistência Social do Ministério do Desenvolvimento e Assistência Social, Família e Combate à Fome(palmas); a Sra. Ana Carolina Santana Moreira, da Promoção dos Direitos das Pessoas LGBTIQIA+ do Ministério dos Direitos Humanos e Cidadania(palmas);a Sra. Daiane Andrade, Coordenadora-Geral Substituta de Estratégia da Educação Básica do Ministério da Educação(palmas); eo caro Sr. Ricardo Lewandowski, Ministro da Justiça, a confirmar, mas não veio.

Convido também o Sr. Daniel Canavese, Coordenador-Geral de Acompanhamento da Política de Saúde Indígena do Ministério dos Povos Indígenas.(Palmas.)

Convido o nobre Deputado Ismael Alexandrino para que venha à mesa.

Eu vou ficar aí no lugar de V.Exa.

Para melhor andamento dos trabalhos, esclareço que adotaremos os seguintes procedimentos. O tempo concedido aos convidados será de 15 minutos, prorrogáveis a juízo da Comissão. Os Deputados interessados em fazer perguntas aos convidados deverão inscrever-se pelo aplicativo Infoleg, dispondo de 3 minutos para interpelações.

Mais uma vez, eu queria agradecer a todos os presentes. Quero dizer que esta reunião do CIEDDS, que é a primeira reunião formal do comitê com o Parlamento, é muito importante para o andamento da Comissão Externa. Nós tínhamos feito três reuniões  uma delas já foi feita , e haverá uma visitain loco, Márcia, que será feita ao Amazonas. Fernanda também verá isso. Nós temos uma ideia, que foi discutida no plano de trabalho, no plano de ação da Comissão, com o Draurio e com vários, de focar em um Estado.

É natural que não só o Presidente Lula, mas também todos nós, quando estamos na diplomacia parlamentar... Ontem eu vi o Presidente da Casa, Arthur Lira, debatendo as ações com as mulheres, que são também do Parlamento do G-20, o P-20, as ações das mulheres. Chegará a Presidente da Assembleia Geral de Angola. Vários outros Presidentes estão chegando. Numa diplomacia parlamentar, é natural que discursemos e debatamos sobre a tuberculose, assim como fizemos na ONU.

Eu pensei muito e, por isso, essa digressão foi importante. Faço essa antes de dizer o porquê de escolhermos o Amazonas. Nós fizemos a seguinte avaliação: em média, há 80 mil novos casos de tuberculose no Brasil por ano. Precisaríamos ter de 27 mil a 30 mil casos para atingir a meta de erradicação da tuberculose até 2030 como problema de saúde pública.

Conferem os dados, mais ou menos, não é isso?

Bem, não se vai conseguir fazer isso da noite para o dia, com o impacto que queremos de gerar resultado, até porque nós que atuamos  o Deputado Ismael Alexandrino, que foi Secretário de Saúde, a Fernanda e todos vocês da sociedade civil que estão aí  sabemos que, se continuarmos avançando numa política com o tamanho continental do Brasil sem que façamos um projeto-piloto, pode ser que, ao final dessa política, nós consigamos até 2030, pode ser que não.Mas pode ser que esforços sejam feitos em Pernambuco, por exemplo, e que, em Pernambuco, consigamos erradicar, e que, dado o tamanho de Pernambuco ou da Bahia no continente Brasil, isso não tenha o impacto de que necessitamos para levar ao mundo, já que nós estamos hoje com o Presidente da República no comando do G-20. Nós estamos no comando do BRICS. Então, nós estamos hoje numa posição estratégica. Por isso, uma ideia, nobre Deputado Ismael Alexandrino, é a seguinte: o Brasil é visto lá fora por dois cenários imediatos, e não podemos fugir disso. Eu gosto muito do meu Estado, a Bahia, e do Estado de V.Exa., Goiás, mas geralmente, quando nós vemos lá fora o Brasil, vemos a Amazônia e o Rio de Janeiro. Geralmente é isto. As pessoas acham que a capital está no Rio e que a Amazônia é o local onde está toda a circunstância.Bom, em que é que isso nos leva ao debate da tuberculose, meu caro Hermes? Leva-nos exatamente porque o Amazonas hoje é o primeiro Estado em números relativos do País. Então, a coincidência gera uma ação de impacto nacional.

Se o Amazonas não fosse o primeiro Estado, esse impacto não teria a visão do que nós queríamos. O Amazonas é visto como o Estado brasileiro com maior repercussão, dada inclusive a escolha do Presidente da República para a COP 30 ser na Amazônia, não no Amazonas, porque é no Pará e, portanto, naquela região. Por isso, estrategicamente, a Comissão Externa provocou o Ministério da Saúde e agora provoca o CIEDDS para que busquemos o Amazonas como plano piloto.

Vejam, segundo o Draurio me disse, se os números não estiverem me faltando, no Amazonas hoje são 6 mil casos novos por ano, confere? Portanto, se eu reduzisse isso, eu teria que reduzir 2 mil casos novos por ano. Então, o impacto de você fechar o programa piloto, que o CIEDDS focou no Amazonas  claro, vai focar no Brasil todo , de forma a ter erradicado a tuberculose, em 2030, em um Estado brasileiro importante, com visão mundial, dará a sensação da causa e efeito de um programa piloto. É isso que vai constar no relatório. Por isso, a missão externa para o Amazonas, está claro? Poderia ser para a Bahia, poderia ser para Pernambuco, poderia ser para o Rio. Mas a estratégia do primeiro Estado é exatamente porque é o primeiro, proporcionalmente, em número de casos de tuberculose, é um Estado visivelmente para uma ação e é um Estado que, evidentemente, tem uma população indígena muito grande, e nós precisamos trabalhar esse assunto lá. A afetação da tuberculose, o impacto na população carcerária, nos indígenas, na população em situação de rua e em outras situações, nós estaríamos focando no Amazonas.

Então, essa é a provocação que eu faço, e por esse motivo a 4ª reunião e última audiência pública será uma visitain loco.

Eu provoco o CIEDDS para que nós possamos fazer este projeto piloto, todos os Ministérios, em um só Estado, porque ficará mais fácil, pelo menos na apresentação da COP 30, em novembro do ano que vem, podermos dizer que erradicamos com determinadas ações. Se não conseguirmos erradicar essa situação até 2025 num Estado piloto, pelo menos teremos ações conjugadas em um local só, para que possamos demonstrar essas ações e o que terá sido feito. Isso foi aprovado pela nossa reunião, nós falamos isso na primeira reunião da Comissão Externa, e também provocamos a Ministra Nísia.

Para finalizar, eu não tive esta ideia exclusivamente de uma ação de um País que se reuniu com a Fernanda...Nós nos reunimos, eu, a Fernanda  não sei se a Márcia estava , com o Galo e a Ministra da Saúde do Uruguai. Essa reunião foi em Nova York. Eles trouxeram a proposta de erradicar, o Uruguai.Mas consulte aí agora, Hermes, qual a população do Amazonas e qual a população do Uruguai. Na hora eu disse:""bem, o Uruguai vai apresentar, de fato, um impacto positivo"". O nosso Deputado Galo fez essa mesma conjugação no Uruguai, só que o Uruguai, teoricamente, deve ser proporcionalmente do tamanho do Amazonas. Então, nós apresentaremos o mesmo resultado de um país da América do Sul, focado em um Estado com maior prevalência de tuberculose e um Estado que terá visibilidade mundial. Essa foi a estratégia. Por isso, só vamos fazer uma Comissão Externa, para dar tempo.População do Amazonas: 3 milhões e 900 mil pessoas; população do Uruguai, 3 milhões e 400 mil pessoas.

O avanço que teremos no Uruguai será proporcionalmente o mesmo que nós apresentaremos. Eles fizeram um mapa para fazer isso até 2025. Acho que foi isso, ou 2024. Então, nós teremos o mesmo resultado, em um país continental como o Brasil, no Amazonas. Isso eu queria deixar como proposta da Comissão Externa, que já foi feita anteriormente, mas é importante que o Executivo entenda essa estratégia, para que nós possamos ir na mesma direção. Nessa visita da Comissão Externa, todos os Ministérios devem ir, para nós verificarmos a situação, especialmente o Ministério dos Povos Indígenas, para que nós possamos neste momento focar no alvo, que é o Amazonas.

Eu queria deixar essa explicação e agradecer, mais uma vez, a disponibilidade de todos.

Ato contínuo, passo a palavra ao meu dileto companheiro de partido, meu amigo, o nobre Deputado Ismael Alexandrino, para que eu possa, como autor, sentar e ver V.Exa. conduzir, com o brilhantismo que V.Exa. tem, Vice-Presidente da Comissão de Seguridade Social e Saúde, que eu tenho muito orgulho de ter presidido, esta reunião.

Muito obrigado a todos.

Passo a palavra ao Deputado Ismael Alexandrino.(Palmas.)

","Bom dia a todos e a todas.

Fico muito feliz de ver nossos amigos todos aqui. Esta é uma reunião simbólica e importante porque nós estamos no mês de março. O dia 24 de março é muito importante para todos nós que somos ativistas, militantes e parceiros na luta contra a tuberculose do Brasil inteiro. Não tenho dúvida de que marcar este mês com ações expressivas e com esse debate do Comitê Interministerial para a Eliminação da Tuberculose e de Outras Doenças Determinadas Socialmente  CIEDDS, para nós, é muito caro. Estou vendo aí muitos amigos.

Quero dizer a vocês que nós tínhamos um prazo para esta Comissão Externa. Mas, talvez até para fazer até jus a essa articulação que nós fizemos com o Stop TB na última reunião, Márcia, nós resolvemos ampliar o escopo desta reunião, para que pudéssemos sorver as informações que vinham, portanto, da reunião do Stop TB Partnership aqui no Brasil. Por esse motivo, vamos andar mais um pouquinho.

Eu queria registrar a chegada do Deputado Ismael Alexandrino, que vai hoje presidir a nossa reunião também. Hoje estamos nessa luta grande. Vamos sempre fazer um revezamento. O nobre Deputado Ismael Alexandrino foi Secretário de Saúde do Distrito Federal e Secretário de Saúde de Goiás. A cada momento em que trazemos um Deputado, não é só para que presida a sessão, é para que se sinta mais comprometido ainda com a causa e a luta contra a tuberculose e as ações necessárias do Executivo e do Legislativo, para que possamos erradicar a tuberculose como proposta de saúde pública até 2030. Estamos nessa meta, e a Comissão Externa dará, portanto, essa derivação.

Muito obrigado por aceitar o convite, Deputado Ismael Alexandrino. V.Exa. é do PSD e, com certeza, na área da saúde, hoje é Vice-Presidente da Comissão de Saúde, a antiga Comissão de Seguridade Social e Família. Isso coloca a Comissão também junto com a representação formal da Comissão de Saúde e aqui, na Comissão Externa, na luta contra a tuberculose.

Dadas essas informações, declaro aberta a 3ª Reunião Extraordinária da Comissão Externa sobre propostas para análise do enfrentamento da tuberculose.

Encontra-se à disposição, na página da Comissão na Internet, a ata da 2ª reunião, realizada no dia 5 de dezembro de 2023.

Fica dispensada a sua leitura, nos termos do parágrafo único do art. 5º do Ato da Mesa nº 123, de 2020.(Pausa.)

Não havendo quem queira retificá-la, coloco em votação a ata.

Os Deputados que a aprovam permaneçam como se acham.(Pausa.)

Aprovada.

Informo que a sinopse do expediente recebido encontra-se à disposição na página da Comissão na Internet.

Daremos início agora à segunda audiência pública da Comissão. Esclareço que esta audiência cumpre decisão do colegiado em atendimento ao Requerimento nº 1, de 2023, de minha autoria. Dado o motivo também que eu acho importante que mais Parlamentares participem, vou ficar sentado aí um bom tempo assistindo a esta importante audiência pública.

Informo que o Ministério da Igualdade Racial e o Ministério da Integração e do Desenvolvimento Regional não puderam comparecer devido à incompatibilidade de agenda.

Desde já, gostaria de agradecer aos convidados a disponibilidade em colaborar com os trabalhos deste colegiado.

Gostaria de convidar o Dr. Draurio Barreira Cravo Neto, Diretor do Departamento de HIV/AIDS, Tuberculose, Hepatites Virais e Infecções Sexualmente Transmissíveis da Secretaria de Vigilância em Saúde e Ambiente do Ministério da Saúde (palmas); o Sr. Thiago de Mello Moraes, Coordenador-Geral de Ciências da Saúde, Biotecnológicas e Agrárias da Secretaria de Políticas e Programas Estratégicos do Ministério da Ciência, Tecnologia e Inovação (palmas);a Sra. Márcia Pádua Viana, Coordenadora do Departamento de Proteção Social Especial da Secretaria Nacional de Assistência Social do Ministério do Desenvolvimento e Assistência Social, Família e Combate à Fome(palmas); a Sra. Ana Carolina Santana Moreira, da Promoção dos Direitos das Pessoas LGBTIQIA+ do Ministério dos Direitos Humanos e Cidadania(palmas);a Sra. Daiane Andrade, Coordenadora-Geral Substituta de Estratégia da Educação Básica do Ministério da Educação(palmas); eo caro Sr. Ricardo Lewandowski, Ministro da Justiça, a confirmar, mas não veio.

Convido também o Sr. Daniel Canavese, Coordenador-Geral de Acompanhamento da Política de Saúde Indígena do Ministério dos Povos Indígenas.(Palmas.)

Convido o nobre Deputado Ismael Alexandrino para que venha à mesa.

Eu vou ficar aí no lugar de V.Exa.

Para melhor andamento dos trabalhos, esclareço que adotaremos os seguintes procedimentos. O tempo concedido aos convidados será de 15 minutos, prorrogáveis a juízo da Comissão. Os Deputados interessados em fazer perguntas aos convidados deverão inscrever-se pelo aplicativo Infoleg, dispondo de 3 minutos para interpelações.

Mais uma vez, eu queria agradecer a todos os presentes. Quero dizer que esta reunião do CIEDDS, que é a primeira reunião formal do comitê com o Parlamento, é muito importante para o andamento da Comissão Externa. Nós tínhamos feito três reuniões  uma delas já foi feita , e haverá uma visitain loco, Márcia, que será feita ao Amazonas. Fernanda também verá isso. Nós temos uma ideia, que foi discutida no plano de trabalho, no plano de ação da Comissão, com o Draurio e com vários, de focar em um Estado.

É natural que não só o Presidente Lula, mas também todos nós, quando estamos na diplomacia parlamentar... Ontem eu vi o Presidente da Casa, Arthur Lira, debatendo as ações com as mulheres, que são também do Parlamento do G-20, o P-20, as ações das mulheres. Chegará a Presidente da Assembleia Geral de Angola. Vários outros Presidentes estão chegando. Numa diplomacia parlamentar, é natural que discursemos e debatamos sobre a tuberculose, assim como fizemos na ONU.

Eu pensei muito e, por isso, essa digressão foi importante. Faço essa antes de dizer o porquê de escolhermos o Amazonas. Nós fizemos a seguinte avaliação: em média, há 80 mil novos casos de tuberculose no Brasil por ano. Precisaríamos ter de 27 mil a 30 mil casos para atingir a meta de erradicação da tuberculose até 2030 como problema de saúde pública.

Conferem os dados, mais ou menos, não é isso?

Bem, não se vai conseguir fazer isso da noite para o dia, com o impacto que queremos de gerar resultado, até porque nós que atuamos  o Deputado Ismael Alexandrino, que foi Secretário de Saúde, a Fernanda e todos vocês da sociedade civil que estão aí  sabemos que, se continuarmos avançando numa política com o tamanho continental do Brasil sem que façamos um projeto-piloto, pode ser que, ao final dessa política, nós consigamos até 2030, pode ser que não.Mas pode ser que esforços sejam feitos em Pernambuco, por exemplo, e que, em Pernambuco, consigamos erradicar, e que, dado o tamanho de Pernambuco ou da Bahia no continente Brasil, isso não tenha o impacto de que necessitamos para levar ao mundo, já que nós estamos hoje com o Presidente da República no comando do G-20. Nós estamos no comando do BRICS. Então, nós estamos hoje numa posição estratégica. Por isso, uma ideia, nobre Deputado Ismael Alexandrino, é a seguinte: o Brasil é visto lá fora por dois cenários imediatos, e não podemos fugir disso. Eu gosto muito do meu Estado, a Bahia, e do Estado de V.Exa., Goiás, mas geralmente, quando nós vemos lá fora o Brasil, vemos a Amazônia e o Rio de Janeiro. Geralmente é isto. As pessoas acham que a capital está no Rio e que a Amazônia é o local onde está toda a circunstância.Bom, em que é que isso nos leva ao debate da tuberculose, meu caro Hermes? Leva-nos exatamente porque o Amazonas hoje é o primeiro Estado em números relativos do País. Então, a coincidência gera uma ação de impacto nacional.

Se o Amazonas não fosse o primeiro Estado, esse impacto não teria a visão do que nós queríamos. O Amazonas é visto como o Estado brasileiro com maior repercussão, dada inclusive a escolha do Presidente da República para a COP 30 ser na Amazônia, não no Amazonas, porque é no Pará e, portanto, naquela região. Por isso, estrategicamente, a Comissão Externa provocou o Ministério da Saúde e agora provoca o CIEDDS para que busquemos o Amazonas como plano piloto.

Vejam, segundo o Draurio me disse, se os números não estiverem me faltando, ","no Amazonas hoje são 6 mil casos novos por ano, confere? Portanto, se eu reduzisse isso, eu teria que reduzir 2 mil casos novos por ano. Então, o impacto de você fechar o programa piloto",", que o CIEDDS focou no Amazonas  claro, vai focar no Brasil todo , de forma a ter erradicado a tuberculose, em 2030, em um Estado brasileiro importante, com visão mundial, dará a sensação da causa e efeito de um programa piloto. É isso que vai constar no relatório. Por isso, a missão externa para o Amazonas, está claro? Poderia ser para a Bahia, poderia ser para Pernambuco, poderia ser para o Rio. Mas a estratégia do primeiro Estado é exatamente porque é o primeiro, proporcionalmente, em número de casos de tuberculose, é um Estado visivelmente para uma ação e é um Estado que, evidentemente, tem uma população indígena muito grande, e nós precisamos trabalhar esse assunto lá. A afetação da tuberculose, o impacto na população carcerária, nos indígenas, na população em situação de rua e em outras situações, nós estaríamos focando no Amazonas.

Então, essa é a provocação que eu faço, e por esse motivo a 4ª reunião e última audiência pública será uma visitain loco.

Eu provoco o CIEDDS para que nós possamos fazer este projeto piloto, todos os Ministérios, em um só Estado, porque ficará mais fácil, pelo menos na apresentação da COP 30, em novembro do ano que vem, podermos dizer que erradicamos com determinadas ações. Se não conseguirmos erradicar essa situação até 2025 num Estado piloto, pelo menos teremos ações conjugadas em um local só, para que possamos demonstrar essas ações e o que terá sido feito. Isso foi aprovado pela nossa reunião, nós falamos isso na primeira reunião da Comissão Externa, e também provocamos a Ministra Nísia.

Para finalizar, eu não tive esta ideia exclusivamente de uma ação de um País que se reuniu com a Fernanda...Nós nos reunimos, eu, a Fernanda  não sei se a Márcia estava , com o Galo e a Ministra da Saúde do Uruguai. Essa reunião foi em Nova York. Eles trouxeram a proposta de erradicar, o Uruguai.Mas consulte aí agora, Hermes, qual a população do Amazonas e qual a população do Uruguai. Na hora eu disse:""bem, o Uruguai vai apresentar, de fato, um impacto positivo"". O nosso Deputado Galo fez essa mesma conjugação no Uruguai, só que o Uruguai, teoricamente, deve ser proporcionalmente do tamanho do Amazonas. Então, nós apresentaremos o mesmo resultado de um país da América do Sul, focado em um Estado com maior prevalência de tuberculose e um Estado que terá visibilidade mundial. Essa foi a estratégia. Por isso, só vamos fazer uma Comissão Externa, para dar tempo.População do Amazonas: 3 milhões e 900 mil pessoas; população do Uruguai, 3 milhões e 400 mil pessoas.

O avanço que teremos no Uruguai será proporcionalmente o mesmo que nós apresentaremos. Eles fizeram um mapa para fazer isso até 2025. Acho que foi isso, ou 2024. Então, nós teremos o mesmo resultado, em um país continental como o Brasil, no Amazonas. Isso eu queria deixar como proposta da Comissão Externa, que já foi feita anteriormente, mas é importante que o Executivo entenda essa estratégia, para que nós possamos ir na mesma direção. Nessa visita da Comissão Externa, todos os Ministérios devem ir, para nós verificarmos a situação, especialmente o Ministério dos Povos Indígenas, para que nós possamos neste momento focar no alvo, que é o Amazonas.

Eu queria deixar essa explicação e agradecer, mais uma vez, a disponibilidade de todos.

Ato contínuo, passo a palavra ao meu dileto companheiro de partido, meu amigo, o nobre Deputado Ismael Alexandrino, para que eu possa, como autor, sentar e ver V.Exa. conduzir, com o brilhantismo que V.Exa. tem, Vice-Presidente da Comissão de Seguridade Social e Saúde, que eu tenho muito orgulho de ter presidido, esta reunião.

Muito obrigado a todos.

Passo a palavra ao Deputado Ismael Alexandrino.(Palmas.)

",PUBLIC_HEARING,05/12/2023,Aumento de orçamento para combater a tuberculose no Brasil,"Bom dia a todos e a todas.

Declaro aberta a 2ª Reunião Extraordinária da Comissão Externa sobre Propostas para Análise do Enfrentamento da Tuberculose.

Encontra-se à disposição, na página da Comissão na Internet, a ata da 1ª Reunião, realizada no dia 18 de outubro de 2023. Fica dispensada a sua leitura, nos termos do parágrafo único do art. 5º do Ato da Mesa nº 123, de 2020.(Pausa.)

Não havendo quem queira retificá-la, em votação a ata.

Os Deputados que a aprovam permaneçam como se acham.(Pausa.)

Aprovada.

Informo que a sinopse do expediente recebido encontra-se à disposição na página da Comissão na Internet.

Daremos início agora à primeira audiência pública da Comissão. Esclareço que esta audiência cumpre decisão do colegiado em atendimento ao Requerimento nº 2, de 2023, de minha autoria.

Convidamos para compor a Mesa a nossa querida Secretária de Vigilância em Saúde e Ambiente, representante do Ministério da Saúde, a Sra. Ethel Maciel, para quem peço uma salva de palmas(palmas); o Sr. Leonardo Moura Vilela, Assessor Parlamentar do Conselho Nacional de Secretários de Saúde  CONASS(palmas); a Sra. Marcia de Ávila Leão, Coordenadora da Parceria Brasileira contra a Tuberculose  STOP TB Brasil(palmas).

Miguel Aragón, da OPAS, ainda está chegando, mas nós vamos começar, dada a celeridade necessária em razão do nosso horário.

Para melhor andamento dos trabalhos, esclareço que adotaremos os seguintes procedimentos: o tempo concedido aos convidados será de 20 minutos. Cada Deputado inscrito pelo aplicativo terá 3 minutos para interpelações.

Antes de passar a palavra para nossa Ethel...

Vocês viram que eu comecei a mil por hora para andar no tempo.(Risos.)Eu estava com saudade dessa atividade social, meu caro Draurio e Fernanda. Hoje estou no exercício da Liderança do nosso partido, o PSD, e é uma vida extremamente acelerada a de quem ocupa essa posição.

Para os que não sabem, essa Liderança tem ajudado muito a nossa luta contra a tuberculose nesta Casa. Nós hoje temos 23 Líderes nesta Casa, homens e mulheres, que, com o Presidente da Câmara, ajudam a pautar os temas na Casa. E o PSD, presidido pelo Presidente Gilberto Kassab, tem sido um partido muito importante, que tem nos ajudado muito a conseguir espaços na Casa, a conseguir atividade na Casa e a dar celeridade à nossa luta.

Eu queria também agradecer ao Hermes, que tem sido extremamente diligente na sua atividade, especialmente na Frente de Luta contra a Tuberculose, mas também nas demais frentes.

Quero dizer que esta Comissão está tendo causa e efeito. Nós fomos convidados para a 78º Assembleia Geral da ONU, onde tivemos a honra de representar o Parlamento brasileiro. Esteve presente a Fernanda. O Draurio não foi, mas a Ethel esteve presente, bem como a Marcia e a nossa Ministra Nísia Trindade, a quem eu quero sempre render as minhas homenagens pela forma carinhosa, eficiente e competente com que tem gerido o Ministério da Saúde. Não tenham dúvida de que o convite que recebemos não foi para que fôssemos lá simplesmente apresentar posicionamentos do País para a 78ª Assembleia Geral e para os presentes à reunião de alto nível de que nós participamos.

A Ethel teve um brilhante papel na reunião do STOP TB e em todas as reuniões que tivemos, o que também se sucedeu com a Marcia e com a Fernanda. Mas digo que saímos de lá com causa e efeito porque não poderíamos voltar de uma reunião da Organização das Nações Unidas  pela segunda vez em 5 anos nós fomos instados, Leonardo, a participar de reuniões da ONU  e, ao chegar o Parlamento brasileiro, simplesmente ter umas fotografias ou, talvez, um bom discurso, e vida que segue. Por esse motivo, fizemos esta Comissão Externa.

Quero só ler o título da Comissão Externa:""Comissão Externa destinada a elaborar propostas para o enfrentamento da tuberculose como compromisso internacional para a eliminação dessa doença como problema de saúde pública até o ano de 2030"", conforme o preconizado pela Organização das Nações Unidas. Portanto, esta não é uma Comissão Externa criada para fazermos um debate sobre a tuberculose.

Eu queria saudar minha querida amiga e brilhante Deputada Ana Paula Lima, para quem peço uma salva de palmas(palmas), Deputada pelo Estado de Santa Catarina, que tem tido uma atuação importante e que vamos somar a esta Comissão.

Nós temos o compromisso nesta Comissão Externa de, exatamente no dia 7 de fevereiro, entregar um resultado do Parlamento brasileiro e do Governo brasileiro, do Governo do Presidente Lula, ao STOP TB e a vários outros parceiros que vêm ao Brasil na data. Então, após ir à reunião da ONU com o Presidente Lula, hoje Presidente do G20 e, portanto, do MERCOSUL, que tratou desse tema no seu discurso de abertura na ONU, não podemos simplesmente virar a página e, ao chegarmos ao dia 7 de fevereiro, sentarmos para fazer outro debate para daqui a não sei quantos anos. Isso não seria responsável. Por esse motivo, eu fiz esse preâmbulo.

Esta é a primeira audiência pública da Comissão, que está ocorrendo quando a Casa está vazia. A Deputada Ana Paula sabe disso, a nossa Deputada querida, que sempre traz o nosso Deputado Décio Lima no coração  para os que não o conhecem, o Décio é um querido Deputado também; ele foi candidato ao Governo de Santa Catarina, não ganhou por um triz, mas está muito bem lá.

Então, eu queria dizer a vocês que a função desta nossa audiência pública é que consigamos, com o CONASS, com o Ministério da Saúde, com os movimentos sociais, com todas as nossas organizações não governamentais, começar a construir esse processo. Mas não se trata de construir diálogo com o Presidente da frente. Tudo isso aqui está sendo gravado. Tudo isso aqui está sendo tratado. Tudo isso aqui está sendo catalogado pela Casa, é oficial, servirá para ser apresentado um relatório.

Para finalizar esta primeira introdução, eu queria apenas dizer que esta é a segunda reunião, não é a primeira  acho que aqui ela está constando como primeira. É a primeira audiência pública, mas é a segunda reunião da Comissão. E eu queria avisar a todas as entidades sociais do Brasil, a todos os movimentos sociais  estamos ao vivo na Internet  que já tivemos uma reunião muito importante com o Relator-Geral do Orçamento, o Deputado Luiz Carlos Motta, e com o Senador Marcelo Castro. A Fernanda e o Draurio participaram dessa reunião. O primeiro ato que nós vamos fazer  e esse nós vamos conseguir  é alterar, não sei para quanto, o orçamento do programa de combate à tuberculose do Brasil. Deputada Ana Paula, pasme: para o ano, fechado pelo orçamento do ano anterior, portanto, no Governo de outro Presidente, esse orçamento era de apenas 14 milhões de reais. Não se pode imaginar que nós vamos ter que erradicar essa doença, que tem 80 mil casos novos por ano no Brasil, que mata mais de 4.500 pessoas no País, com 14 milhões de reais. Isso, digamos, não tem nenhuma razoabilidade.

Portanto, houve o compromisso do Senador Marcelo Castro, e nós deveremos, sim, ampliar o orçamento, trabalhar nessa ampliação, mas não sabemos para quanto irão os recursos. Nós fizemos uma proposta ousada para o Senador, mas precisaremos do apoio do Ministério da Saúde e dos Deputados e Deputadas desta Casa para apresentarmos, no dia 7 de fevereiro, não só essas reuniões, mas algo concreto: ampliação de orçamento e programas claros do Ministério da Saúde, do CONASS, do CONASEMS, do Parlamento brasileiro e das organizações não governamentais para o País.

Era essa a nossa fala inicial.

Ainda temos uma audiência pública marcada.

Levei ao Ministro Alexandre Padilha e à Ministra Nísia Trindade, que nos acompanhou  a Ethel é desse segmento , a necessidade de focar no Amazonas. Como os senhores sabem, hoje, proporcionalmente, o Estado no Brasil em primeiro lugar em número de casos de tuberculose é o Amazonas, são 6 mil novos casos por ano, se não me engano. Que possamos focar no Amazonas, inclusive com audiência externa em visita ao Amazonas, para que o Presidente Lula possa apresentar, na reunião do dia 7 de fevereiro, o resultado de que nós estaremos até 2030 com um projeto-piloto no Amazonas para que tenhamos um Estado...

Com 27 Estados no País e com 80 mil casos, não dá para erradicarmos... O número de casos cairia para um terço, talvez para 27 mil, 25 mil casos novos, para cumprirmos a meta até 2030.

Dito isso, gostaria de convidar para compor a Mesa o Dr. Miguel Aragón, Coordenador de Prevenção e Controle de Doenças Transmissíveis da Organização Pan-Americana da Saúde  OPAS, para quem peço uma salva de palmas.(Palmas.)

Ato contínuo, passo a palavra à nossa Deputada... Os senhores estão vendo que isso já é um prenúncio.(Risos.)É porque, logo após passar a palavra para a Ethel, irei rapidamente à Liderança do Governo, uma vez que o Deputado José Guimarães me chamou para tratativas de alguns assuntos, e vou pedir à nossa Deputada Ana Paula Lima que presida a reunião.

Passo a palavra à nossa Secretária de Vigilância em Saúde e Ambiente, a Sra. Ethel Leonor Noia Maciel, que representa a Ministra Nísia Trindade, ao tempo que passo a coordenação dos trabalhos à nossa Deputada Ana Paula Lima, de Santa Catarina, para que eu possa ir à Liderança do Governo. Quando retornar, continuarei a sessão.

Muito obrigado.

","Bom dia a todos e a todas.

Declaro aberta a 2ª Reunião Extraordinária da Comissão Externa sobre Propostas para Análise do Enfrentamento da Tuberculose.

Encontra-se à disposição, na página da Comissão na Internet, a ata da 1ª Reunião, realizada no dia 18 de outubro de 2023. Fica dispensada a sua leitura, nos termos do parágrafo único do art. 5º do Ato da Mesa nº 123, de 2020.(Pausa.)

Não havendo quem queira retificá-la, em votação a ata.

Os Deputados que a aprovam permaneçam como se acham.(Pausa.)

Aprovada.

Informo que a sinopse do expediente recebido encontra-se à disposição na página da Comissão na Internet.

Daremos início agora à primeira audiência pública da Comissão. Esclareço que esta audiência cumpre decisão do colegiado em atendimento ao Requerimento nº 2, de 2023, de minha autoria.

Convidamos para compor a Mesa a nossa querida Secretária de Vigilância em Saúde e Ambiente, representante do Ministério da Saúde, a Sra. Ethel Maciel, para quem peço uma salva de palmas(palmas); o Sr. Leonardo Moura Vilela, Assessor Parlamentar do Conselho Nacional de Secretários de Saúde  CONASS(palmas); a Sra. Marcia de Ávila Leão, Coordenadora da Parceria Brasileira contra a Tuberculose  STOP TB Brasil(palmas).

Miguel Aragón, da OPAS, ainda está chegando, mas nós vamos começar, dada a celeridade necessária em razão do nosso horário.

Para melhor andamento dos trabalhos, esclareço que adotaremos os seguintes procedimentos: o tempo concedido aos convidados será de 20 minutos. Cada Deputado inscrito pelo aplicativo terá 3 minutos para interpelações.

Antes de passar a palavra para nossa Ethel...

Vocês viram que eu comecei a mil por hora para andar no tempo.(Risos.)Eu estava com saudade dessa atividade social, meu caro Draurio e Fernanda. Hoje estou no exercício da Liderança do nosso partido, o PSD, e é uma vida extremamente acelerada a de quem ocupa essa posição.

Para os que não sabem, essa Liderança tem ajudado muito a nossa luta contra a tuberculose nesta Casa. Nós hoje temos 23 Líderes nesta Casa, homens e mulheres, que, com o Presidente da Câmara, ajudam a pautar os temas na Casa. E o PSD, presidido pelo Presidente Gilberto Kassab, tem sido um partido muito importante, que tem nos ajudado muito a conseguir espaços na Casa, a conseguir atividade na Casa e a dar celeridade à nossa luta.

Eu queria também agradecer ao Hermes, que tem sido extremamente diligente na sua atividade, especialmente na Frente de Luta contra a Tuberculose, mas também nas demais frentes.

Quero dizer que esta Comissão está tendo causa e efeito. Nós fomos convidados para a 78º Assembleia Geral da ONU, onde tivemos a honra de representar o Parlamento brasileiro. Esteve presente a Fernanda. O Draurio não foi, mas a Ethel esteve presente, bem como a Marcia e a nossa Ministra Nísia Trindade, a quem eu quero sempre render as minhas homenagens pela forma carinhosa, eficiente e competente com que tem gerido o Ministério da Saúde. Não tenham dúvida de que o convite que recebemos não foi para que fôssemos lá simplesmente apresentar posicionamentos do País para a 78ª Assembleia Geral e para os presentes à reunião de alto nível de que nós participamos.

A Ethel teve um brilhante papel na reunião do STOP TB e em todas as reuniões que tivemos, o que também se sucedeu com a Marcia e com a Fernanda. Mas digo que saímos de lá com causa e efeito porque não poderíamos voltar de uma reunião da Organização das Nações Unidas  pela segunda vez em 5 anos nós fomos instados, Leonardo, a participar de reuniões da ONU  e, ao chegar o Parlamento brasileiro, simplesmente ter umas fotografias ou, talvez, um bom discurso, e vida que segue. Por esse motivo, fizemos esta Comissão Externa.

Quero só ler o título da Comissão Externa:""Comissão Externa destinada a elaborar propostas para o enfrentamento da tuberculose como compromisso internacional para a eliminação dessa doença como problema de saúde pública até o ano de 2030"", conforme o preconizado pela Organização das Nações Unidas. Portanto, esta não é uma Comissão Externa criada para fazermos um debate sobre a tuberculose.

Eu queria saudar minha querida amiga e brilhante Deputada Ana Paula Lima, para quem peço uma salva de palmas(palmas), Deputada pelo Estado de Santa Catarina, que tem tido uma atuação importante e que vamos somar a esta Comissão.

Nós temos o compromisso nesta Comissão Externa de, exatamente no dia 7 de fevereiro, entregar um resultado do Parlamento brasileiro e do Governo brasileiro, do Governo do Presidente Lula, ao STOP TB e a vários outros parceiros que vêm ao Brasil na data. Então, após ir à reunião da ONU com o Presidente Lula, hoje Presidente do G20 e, portanto, do MERCOSUL, que tratou desse tema no seu discurso de abertura na ONU, não podemos simplesmente virar a página e, ao chegarmos ao dia 7 de fevereiro, sentarmos para fazer outro debate para daqui a não sei quantos anos. Isso não seria responsável. Por esse motivo, eu fiz esse preâmbulo.

Esta é a primeira audiência pública da Comissão, que está ocorrendo quando a Casa está vazia. A Deputada Ana Paula sabe disso, a nossa Deputada querida, que sempre traz o nosso Deputado Décio Lima no coração  para os que não o conhecem, o Décio é um querido Deputado também; ele foi candidato ao Governo de Santa Catarina, não ganhou por um triz, mas está muito bem lá.

Então, eu queria dizer a vocês que a função desta nossa audiência pública é que consigamos, com o CONASS, com o Ministério da Saúde, com os movimentos sociais, com todas as nossas organizações não governamentais, começar a construir esse processo. Mas não se trata de construir diálogo com o Presidente da frente. Tudo isso aqui está sendo gravado. Tudo isso aqui está sendo tratado. Tudo isso aqui está sendo catalogado pela Casa, é oficial, servirá para ser apresentado um relatório.

Para finalizar esta primeira introdução, eu queria apenas dizer que esta é a segunda reunião, não é a primeira  acho que aqui ela está constando como primeira. É a primeira audiência pública, mas é a segunda reunião da Comissão. E eu queria avisar a todas as entidades sociais do Brasil, a todos os movimentos sociais  estamos ao vivo na Internet  que já tivemos uma reunião muito importante com o Relator-Geral do Orçamento, o Deputado Luiz Carlos Motta, e com o Senador Marcelo Castro. A Fernanda e o Draurio participaram dessa reunião. O primeiro ato que nós vamos fazer  e esse nós vamos conseguir  é alterar, não sei para quanto, o orçamento do programa de combate à tuberculose do Brasil. Deputada Ana Paula, pasme: para o ano, fechado pelo orçamento do ano anterior, portanto, no Governo de outro Presidente, esse orçamento era de apenas 14 milhões de reais. ","Não se pode imaginar que nós vamos ter que erradicar essa doença, que tem 80 mil casos novos por ano no Brasil, que mata mais de 4.","500 pessoas no País, com 14 milhões de reais. Isso, digamos, não tem nenhuma razoabilidade.

Portanto, houve o compromisso do Senador Marcelo Castro, e nós deveremos, sim, ampliar o orçamento, trabalhar nessa ampliação, mas não sabemos para quanto irão os recursos. Nós fizemos uma proposta ousada para o Senador, mas precisaremos do apoio do Ministério da Saúde e dos Deputados e Deputadas desta Casa para apresentarmos, no dia 7 de fevereiro, não só essas reuniões, mas algo concreto: ampliação de orçamento e programas claros do Ministério da Saúde, do CONASS, do CONASEMS, do Parlamento brasileiro e das organizações não governamentais para o País.

Era essa a nossa fala inicial.

Ainda temos uma audiência pública marcada.

Levei ao Ministro Alexandre Padilha e à Ministra Nísia Trindade, que nos acompanhou  a Ethel é desse segmento , a necessidade de focar no Amazonas. Como os senhores sabem, hoje, proporcionalmente, o Estado no Brasil em primeiro lugar em número de casos de tuberculose é o Amazonas, são 6 mil novos casos por ano, se não me engano. Que possamos focar no Amazonas, inclusive com audiência externa em visita ao Amazonas, para que o Presidente Lula possa apresentar, na reunião do dia 7 de fevereiro, o resultado de que nós estaremos até 2030 com um projeto-piloto no Amazonas para que tenhamos um Estado...

Com 27 Estados no País e com 80 mil casos, não dá para erradicarmos... O número de casos cairia para um terço, talvez para 27 mil, 25 mil casos novos, para cumprirmos a meta até 2030.

Dito isso, gostaria de convidar para compor a Mesa o Dr. Miguel Aragón, Coordenador de Prevenção e Controle de Doenças Transmissíveis da Organização Pan-Americana da Saúde  OPAS, para quem peço uma salva de palmas.(Palmas.)

Ato contínuo, passo a palavra à nossa Deputada... Os senhores estão vendo que isso já é um prenúncio.(Risos.)É porque, logo após passar a palavra para a Ethel, irei rapidamente à Liderança do Governo, uma vez que o Deputado José Guimarães me chamou para tratativas de alguns assuntos, e vou pedir à nossa Deputada Ana Paula Lima que presida a reunião.

Passo a palavra à nossa Secretária de Vigilância em Saúde e Ambiente, a Sra. Ethel Leonor Noia Maciel, que representa a Ministra Nísia Trindade, ao tempo que passo a coordenação dos trabalhos à nossa Deputada Ana Paula Lima, de Santa Catarina, para que eu possa ir à Liderança do Governo. Quando retornar, continuarei a sessão.

Muito obrigado.

",POSSIBLE_POLITICAL_ROLE_IN_ORIGINAL_TEXT|POSSIBLE_PARTY_IN_ORIGINAL_TEXT,YES,YES,O Amazonas deve ser o estado piloto para reunir as ações contra a tuberculose,O Brasil deve aumentar o orçamento para o combate à tuberculose,NO,FAVOR,FAVOR,HIGH,HIGH,HIGH,HIGH,MEDIUM,HIGH,HIGH,"O orador revela o seu estado, seu partido e que já presidiu a Comissão de Saúde",O orador menciona que lidera o PSD na Câmara,"As duas falas querem acabar com a tuberculose, mas uma defende o Amazonas como estado piloto e a outra defende mais dinheiro no orçamento"
de54c782d361768c,PUBLIC_HEARING,02/08/2023,Aumento da violência contra mulheres devido ao desmonte de políticas públicas e ascensão do ultraconservadorismo,"É um prazer participar desta audiência pública conjunta, tanto da Comissão de Direitos Humanos, Minorias e Igualdade Racial, não é, Denise, quanto da nossa Comissão. É um prazer também estar participando desta audiência sob a Presidência da Deputada Ana Pimentel, que busca com o seu mandato avançar nas políticas públicas de direitos humanos, de igualdade de direitos e em defesa das mulheres e das minorias.

Então, é um prazer estar com V.Exa. aqui, Deputada Ana Pimentel, ladeando-a, e ter V.Exa. como Presidente.

Quero, em nome da Denise e da Deputada Ana Pimentel, cumprimentar todas as debatedoras, todas as convidadas desta audiência pública conjunta.

A experiência no Executivo nos mostra que a legislação coíbe o fato e apena o fato já ocorrido. Então, é muito importante nós estarmos nesta audiência com representantes do Poder Executivo Federal, porque nós sabemos que a execução dessas políticas públicas passa verdadeiramente pelo Executivo, seja municipal, seja estadual, seja federal.

Eu, como ex-Secretária de Estado da Mulher do Estado de Goiás, sei como essa rede de proteção precisa voltar a atuar e ser ampliada, e vou testemunhar como alguém que é do Judiciário. Assim que o Brasil instalou os juizados cível e criminal, eu fui coordenadora das audiências de conciliação, e era totalmente contra.Graças a Deus, hoje elas não existem mais, porque eu me sentia extremamente agredida, como advogada, como servidora do Judiciário, ter que fazer a mulher voltar para casa, retirar a denúncia que ela fez na delegacia. Quando tinha que fazer isso, eu ficava doente, pelo meu mister de servidora do Judiciário. Graças a Deus, nós ultrapassamos já esse momento do Judiciário.

Como ex-Prefeita do Executivo Municipal, ex-Secretária de Estado de Goiás, ex-Deputada Estadual e agora Deputada Federal, eu não creio apenas na legislação. Eu creio na rede de proteção.

Não me digam os gestores que nós temos que ter delegacias apenas em cidades de porte médio e de porte maior. Nós temos que ter DEAMs em todas as cidades brasileiras. Nós temos que ter Núcleos Especializados de Atendimento, que são NEANS ou CEAMs, com a equipe multidisciplinar em todas as cidades brasileiras.

Nós precisamos avançar no ciclo da violência para que ele seja interrompido, principalmente na independência econômica, porque essa é mais palpável para nós, Denise. É muito difícil você ter um crime subjetivo. A intervenção da lei, a intervenção da pena é por crime objetivo:.""Olha, eu matei porque quis roubar a bolsa"". ""Eu agredi para pegar o celular.""Agora, o crime contra as mulheres é um crime subjetivo.""Eu não mato por algum motivo, eu mato porque é uma mulher, eu mato porque tenho ciúme.""Então, são todos os motivos subjetivos.

E aí a intervenção do Estado e a intervenção do Congresso com a legislação é fundamental, porque a letra fria da lei, no caso do feminicídio, na minha visão, e da agressão cíclica, esconde os reais motivos, porque eles são extremamente subjetivos. Envolve sentimento, envolve dependência emocional e psicológica, que são os mais perigosos, porque são silenciosos. Mas, na minha visão, se começamos a quebrar o ciclo da violência com a independência econômica dessa mulher, nós já estaremos contribuindo objetivamente.

Então, eu sou favorável, por exemplo, ao projeto. Até vi que o Governo Federal, Denise, vai aprová-lo. Vai também apresentar, como o que nós já temos em Goiás, que é o Aluguel Social. Independente se a mulher tem uma casa para morar ou não, naquele momento, a casa não é dela. Nunca é dela, é sempre do agressor. Então, o Aluguel Social é necessário para as vítimas de violência. Ela tem que sair de casa e ser imediatamente inserida no mercado de trabalho.

Eu creio muito no MEI, na nossa legislação, que hoje não deu para passar, para as mulheres empreendedoras, para a capacitação e para uma renda que elas precisam ter. E acolher os filhos. Nós não podemos deixar os filhos para trás, porque a mulher não sai. Ela tem que ir com os filhos. Então, deve ter outro projeto em delegacias, na minha visão, com brinquedoteca, bem como nas casas de passagem, que agora é a Casa da Mulher Brasileira. E eu estou muito feliz que o Governo Federal vai construir mais 46. Elas são necessárias, inclusive se tivéssemos casas pequenininhas em todos os Municípios brasileiros.

Então, essa experiência que trazemos de todos os Poderes, dos Três Poderes, me faz ver que, por certo tempo, a Lei Maria da Penha coibiu, porque foi justamente quando eu trabalhei sua implementação no Judiciário. Coibiu. A partir do momento em que ela deixou de coibir, o Congresso precisou vir com uma pena muito maior, com o agravamento, que é o feminicídio, que deixou também de ser uma qualificadora de qualquer homicídio, mas é uma lei específica, que foi outra vitória desta Casa. É específica.""Ah, não sei, vamos deixar lá para frente, vamos colocar só como homicídio.""Não, desde o começo. É mulher? Feminicídio, é uma lei específica.

Então, aqui no Congresso, temos avançado muito. A Comissão tem dado retorno para as demandas da sociedade brasileira em termos de legislação. Mas vemos que, lá na ponta, isso não está acontecendo, por isso esse grande aumento do feminicídio no Brasil.

Eu gostaria de concluir, Deputada Ana Pimentel, nossa Presidente desta audiência. Eu acho muito grave que a lei específica do feminicídio, dura, veio e trouxe um agravante que nós não podemos deixar de considerar nas políticas públicas de implementação, que são os órfãos. Então, hoje o homem não só mata, ele mata e se suicida, porque sabe da gravidade do ato que cometeu. E ele sabe que a lei virá duramente sobre si. E há mais outro agravante social. Hoje, está tão sério que ele está matando o filho para massacrar a mulher, quando ele não mata a mulher. Então, são mais de 500 mil órfãos hoje no Brasil. Não podemos deixar de olhar por esses órfãos também  o Congresso, as políticas públicas. Esse é um problema humano que nós temos. Nós vivemos hoje problemas humanos, não problemas objetivos mais, são humanos, de relacionamentos, de obsessão, de querer o fim, a destruição.

Quanto à educação, nós precisamos que as crianças respeitem uns aos outros. Então, para mim, é uma rede de proteção que pega o Ministério do Flávio Dino, o nosso Ministério das Mulheres, o Ministério da Educação, o Ministério da Saúde, todos nessa interatividade para que possamos avançar, porque está assustador. Essas são as minhas palavras: é assustador o que vivemos hoje de violência contra as mulheres e os idosos.Nós nem estamos tendo tempo de olhar por eles, às vezes, porque é tanta questão da mulher, das crianças, do estupro no País. Até falei ontem com a Laura, não encontrei a Ana, mas sou contra a pena de ir diluindo... Como é que se fala?

","É um prazer participar desta audiência pública conjunta, tanto da Comissão de Direitos Humanos, Minorias e Igualdade Racial, não é, Denise, quanto da nossa Comissão. É um prazer também estar participando desta audiência sob a Presidência da Deputada Ana Pimentel, que busca com o seu mandato avançar nas políticas públicas de direitos humanos, de igualdade de direitos e em defesa das mulheres e das minorias.

Então, é um prazer estar com V.Exa. aqui, Deputada Ana Pimentel, ladeando-a, e ter V.Exa. como Presidente.

Quero, em nome da Denise e da Deputada Ana Pimentel, cumprimentar todas as debatedoras, todas as convidadas desta audiência pública conjunta.

A experiência no Executivo nos mostra que a legislação coíbe o fato e apena o fato já ocorrido. Então, é muito importante nós estarmos nesta audiência com representantes do Poder Executivo Federal, porque nós sabemos que a execução dessas políticas públicas passa verdadeiramente pelo Executivo, seja municipal, seja estadual, seja federal.

Eu, como ex-Secretária de Estado da Mulher do Estado de Goiás, sei como essa rede de proteção precisa voltar a atuar e ser ampliada, e vou testemunhar como alguém que é do Judiciário. Assim que o Brasil instalou os juizados cível e criminal, eu fui coordenadora das audiências de conciliação, e era totalmente contra.Graças a Deus, hoje elas não existem mais, porque eu me sentia extremamente agredida, como advogada, como servidora do Judiciário, ter que fazer a mulher voltar para casa, retirar a denúncia que ela fez na delegacia. Quando tinha que fazer isso, eu ficava doente, pelo meu mister de servidora do Judiciário. Graças a Deus, nós ultrapassamos já esse momento do Judiciário.

Como ex-Prefeita do Executivo Municipal, ex-Secretária de Estado de Goiás, ex-Deputada Estadual e agora Deputada Federal, eu não creio apenas na legislação. Eu creio na rede de proteção.

Não me digam os gestores que nós temos que ter delegacias apenas em cidades de porte médio e de porte maior. Nós temos que ter DEAMs em todas as cidades brasileiras. Nós temos que ter Núcleos Especializados de Atendimento, que são NEANS ou CEAMs, com a equipe multidisciplinar em todas as cidades brasileiras.

Nós precisamos avançar no ciclo da violência para que ele seja interrompido, principalmente na independência econômica, porque essa é mais palpável para nós, Denise. É muito difícil você ter um crime subjetivo. A intervenção da lei, a intervenção da pena é por crime objetivo:.""Olha, eu matei porque quis roubar a bolsa"". ""Eu agredi para pegar o celular.""Agora, o crime contra as mulheres é um crime subjetivo.""Eu não mato por algum motivo, eu mato porque é uma mulher, eu mato porque tenho ciúme.""Então, são todos os motivos subjetivos.

E aí a intervenção do Estado e a intervenção do Congresso com a legislação é fundamental, porque a letra fria da lei, no caso do feminicídio, na minha visão, e da agressão cíclica, esconde os reais motivos, porque eles são extremamente subjetivos. Envolve sentimento, envolve dependência emocional e psicológica, que são os mais perigosos, porque são silenciosos. ","Mas, na minha visão, se começamos a quebrar o ciclo da violência com a independência econômica dessa mulher, nós já estaremos contribuindo objetivamente.","

Então, eu sou favorável, por exemplo, ao projeto. Até vi que o Governo Federal, Denise, vai aprová-lo. Vai também apresentar, como o que nós já temos em Goiás, que é o Aluguel Social. Independente se a mulher tem uma casa para morar ou não, naquele momento, a casa não é dela. Nunca é dela, é sempre do agressor. Então, o Aluguel Social é necessário para as vítimas de violência. Ela tem que sair de casa e ser imediatamente inserida no mercado de trabalho.

Eu creio muito no MEI, na nossa legislação, que hoje não deu para passar, para as mulheres empreendedoras, para a capacitação e para uma renda que elas precisam ter. E acolher os filhos. Nós não podemos deixar os filhos para trás, porque a mulher não sai. Ela tem que ir com os filhos. Então, deve ter outro projeto em delegacias, na minha visão, com brinquedoteca, bem como nas casas de passagem, que agora é a Casa da Mulher Brasileira. E eu estou muito feliz que o Governo Federal vai construir mais 46. Elas são necessárias, inclusive se tivéssemos casas pequenininhas em todos os Municípios brasileiros.

Então, essa experiência que trazemos de todos os Poderes, dos Três Poderes, me faz ver que, por certo tempo, a Lei Maria da Penha coibiu, porque foi justamente quando eu trabalhei sua implementação no Judiciário. Coibiu. A partir do momento em que ela deixou de coibir, o Congresso precisou vir com uma pena muito maior, com o agravamento, que é o feminicídio, que deixou também de ser uma qualificadora de qualquer homicídio, mas é uma lei específica, que foi outra vitória desta Casa. É específica.""Ah, não sei, vamos deixar lá para frente, vamos colocar só como homicídio.""Não, desde o começo. É mulher? Feminicídio, é uma lei específica.

Então, aqui no Congresso, temos avançado muito. A Comissão tem dado retorno para as demandas da sociedade brasileira em termos de legislação. Mas vemos que, lá na ponta, isso não está acontecendo, por isso esse grande aumento do feminicídio no Brasil.

Eu gostaria de concluir, Deputada Ana Pimentel, nossa Presidente desta audiência. Eu acho muito grave que a lei específica do feminicídio, dura, veio e trouxe um agravante que nós não podemos deixar de considerar nas políticas públicas de implementação, que são os órfãos. Então, hoje o homem não só mata, ele mata e se suicida, porque sabe da gravidade do ato que cometeu. E ele sabe que a lei virá duramente sobre si. E há mais outro agravante social. Hoje, está tão sério que ele está matando o filho para massacrar a mulher, quando ele não mata a mulher. Então, são mais de 500 mil órfãos hoje no Brasil. Não podemos deixar de olhar por esses órfãos também  o Congresso, as políticas públicas. Esse é um problema humano que nós temos. Nós vivemos hoje problemas humanos, não problemas objetivos mais, são humanos, de relacionamentos, de obsessão, de querer o fim, a destruição.

Quanto à educação, nós precisamos que as crianças respeitem uns aos outros. Então, para mim, é uma rede de proteção que pega o Ministério do Flávio Dino, o nosso Ministério das Mulheres, o Ministério da Educação, o Ministério da Saúde, todos nessa interatividade para que possamos avançar, porque está assustador. Essas são as minhas palavras: é assustador o que vivemos hoje de violência contra as mulheres e os idosos.Nós nem estamos tendo tempo de olhar por eles, às vezes, porque é tanta questão da mulher, das crianças, do estupro no País. Até falei ontem com a Laura, não encontrei a Ana, mas sou contra a pena de ir diluindo... Como é que se fala?

",PUBLIC_HEARING,05/10/2023,Políticas públicas voltadas para mulheres no climatério e menopausa,"Declaro aberta a presente reunião de audiência pública da Comissão de Defesa dos Direitos da Mulher para debater os impactos do climatério e menopausa na saúde da mulher.

Gostaríamos de registrar, com pesar, o falecimento do Dr. Diego Ralf Bomfim, irmão da Deputada Sâmia Bomfim, membro deste colegiado. Há indícios de execução de três médicos ortopedistas de São Paulo, que foram ao Rio de Janeiro para uma conferência em ortopedia. Eles foram brutalmente assassinados, na madrugada, em um quiosque na Barra da Tijuca.

Deputada Sâmia Bomfim, nossa colega, nossa aguerrida colega, que teve essa notícia muito triste nesta noite, do falecimento do seu irmão, receba o nosso abraço.(A oradora se emociona.)

Não levaram nada dos médicos, nem os celulares. Desceram, atiraram, no mínimo, 20 vezes, adentraram no carro e foram embora.

Esta audiência é resultado da aprovação do Requerimento nº 76, de 2023, da Comissão da Mulher, de minha autoria. Sou a Relatora do Projeto de Lei nº 5.602, de 2019, que trata do tema. Apresentei parecer favorável ao projeto e seus apensados, na forma do substitutivo, que cria o Programa de Atenção a Mulheres na Menopausa e Climatério.

No entanto, ainda não coloquei o projeto em pauta para votação para atender solicitação da sociedade civil aqui presente, que pediu a realização de um debate com a finalidade de contribuir para o aperfeiçoamento da matéria. É necessário debater a promoção da saúde da mulher para esse ciclo da vida, buscando criar políticas públicas efetivas que melhorem a qualidade de vida dessas mulheres.

Na fase da vida caracterizada pelo período de transição da fase reprodutiva para a não reprodutiva, a mulher é acometida por grandes alterações hormonais, que resultam em sintomas físicos, vasomotores, com modificações morfológicas, urogenitais, ósseas, psicológicas e sociais, que acabam por comprometer sua qualidade de vida. A fase tem início por volta dos 40 anos de idade, perdurando até o final da vida da mulher, podendo também ocorrer precocemente.

Segundo a Organização Mundial de Saúde, com o aumento da expectativa de vida da mulher para 81 anos, ela passará cerca de um terço da sua vida nessa fase.

Conforme dados do IBGE 2022, houve uma inversão da pirâmide etária brasileira que justifica um olhar mais criterioso sobre a saúde das mais de 40 milhões de mulheres entre 35 anos e 65 anos no Brasil.

A ciência, a tecnologia e o mundo evoluíram sobre esse tema e acreditamos ser necessário discutir sobre as várias formas de tratamentos e medicações de promoção da saúde feminina existentes para esse período da vida. Esse período precisa deixar de ser visto como um tabu e passar a ser compreendido como determinante para uma longevidade saudável.

Acredito que esta audiência pública possa contribuir para o aprofundamento da discussão e do aprimoramento das políticas públicas em prol do amparo à saúde da mulher no climatério e na menopausa.

Cumprimento os nossos convidados que participam presencial e virtualmente, os Srs. Parlamentares e o público presente ou por meio do canal do Youtube da Câmara dos Deputados.

Neste momento, convido para compor a Mesa a Sra. Carmen Foro, Secretária Nacional de Articulação Institucional, Ações Temáticas e Participação Política do Ministério das Mulheres; a Sra. Debora Siqueira Ramos, Assessora Técnica da Coordenação de Atenção à Saúde da Mulher do Ministério da Saúde; a Sra. Adriana Ferreira, Fundadora da Associação Menopausa Feliz, bacharel em Direito e colaboradora das políticas públicas. Sejam muito bem-vindas a esta Comissão.

Participando virtualmente, tenho a satisfação de apresentar a Dra. Ana Priscila Soggia, endocrinologista pela USP, especialista em saúde feminina, climatério e menopausa e membro da Sociedade Brasileira de Endocrinologia e Metabologia; a Dra. Sonia Umbelino, especialista em clínica médica, Professora de pós-graduação master em Fisiologia Hormonal Humana e Coordenadora Regional do Grupo Longevidade Saudável da Universidade Paulista de São Paulo e Mestre em Biotecnologia no Desenvolvimento de Hormônios Homólogos Transdérmicos para Tratamento da Menopausa pela Universidade Potiguar; o Dr. Jaime Kulak Junior, Secretário-Adjunto da Associação Brasileira de Climatério e membro da Comissão Nacional Especializada em Climatério da Federação Brasileira das Associações de Ginecologia e Obstetrícia,Professor Adjunto do Departamento de Tocoginecologia da Universidade Federal do Paraná, Doutor em Ginecologia pela Faculdade de Medicina de Ribeirão Preto, da Universidade de São Paulo, e pela Yale University; a Dra. Pérola Grinberg Plapler, Diretora da Divisão de Medicina Física do Instituto de Ortopedia e Traumatologia do Hospital das Clínicas da Faculdade de Medicina da Universidade de São Paulo e Vice-Presidente da Associação Brasileira de Medicina Física e Reabilitação; fisiatra, Mestre e Doutora em Medicina pela USP e responsável pelo Ambulatório de Osteoporose e Prevenção de Fraturas da USP(Palmas).

Esclareço às Sras. e aos Srs. Parlamentares, aos expositores e aos convidados presentes que esta audiência pública está sendo transmitida pela Internet, no canal do Youtube da Câmara Federal.

Comunico a todas e a todos que o tempo previsto para a exposição de cada palestrante será de 8 minutos.

Após a apresentação dos expositores, passaremos ao debate.

Às Deputadas e Deputados inscritos será concedido o tempo de 3 minutos. Para responder a cada interpelação, cada palestrante disporá de igual tempo.

Convidamos, inicialmente, para fazer a sua exposição, a Sra. Carmen Foro.(Pausa.)

Invertendo a ordem da exposição, a critério das próprias expositoras, convidamos a Sra. Debora Siqueira Ramos Beltrammi, Assessora Técnica da Coordenação de Atenção à Saúde da Mulher, para a sua exposição.

De antemão, agradeço-lhe a presença.

","Declaro aberta a presente reunião de audiência pública da Comissão de Defesa dos Direitos da Mulher para debater os impactos do climatério e menopausa na saúde da mulher.

Gostaríamos de registrar, com pesar, o falecimento do Dr. Diego Ralf Bomfim, irmão da Deputada Sâmia Bomfim, membro deste colegiado. Há indícios de execução de três médicos ortopedistas de São Paulo, que foram ao Rio de Janeiro para uma conferência em ortopedia. Eles foram brutalmente assassinados, na madrugada, em um quiosque na Barra da Tijuca.

Deputada Sâmia Bomfim, nossa colega, nossa aguerrida colega, que teve essa notícia muito triste nesta noite, do falecimento do seu irmão, receba o nosso abraço.(A oradora se emociona.)

Não levaram nada dos médicos, nem os celulares. Desceram, atiraram, no mínimo, 20 vezes, adentraram no carro e foram embora.

Esta audiência é resultado da aprovação do Requerimento nº 76, de 2023, da Comissão da Mulher, de minha autoria. Sou a Relatora do Projeto de Lei nº 5.602, de 2019, que trata do tema. Apresentei parecer favorável ao projeto e seus apensados, na forma do substitutivo, que cria o Programa de Atenção a Mulheres na Menopausa e Climatério.

No entanto, ainda não coloquei o projeto em pauta para votação para atender solicitação da sociedade civil aqui presente, que pediu a realização de um debate com a finalidade de contribuir para o aperfeiçoamento da matéria. ","É necessário debater a promoção da saúde da mulher para esse ciclo da vida, buscando criar políticas públicas efetivas que melhorem a qualidade de vida dessas mulheres.","

Na fase da vida caracterizada pelo período de transição da fase reprodutiva para a não reprodutiva, a mulher é acometida por grandes alterações hormonais, que resultam em sintomas físicos, vasomotores, com modificações morfológicas, urogenitais, ósseas, psicológicas e sociais, que acabam por comprometer sua qualidade de vida. A fase tem início por volta dos 40 anos de idade, perdurando até o final da vida da mulher, podendo também ocorrer precocemente.

Segundo a Organização Mundial de Saúde, com o aumento da expectativa de vida da mulher para 81 anos, ela passará cerca de um terço da sua vida nessa fase.

Conforme dados do IBGE 2022, houve uma inversão da pirâmide etária brasileira que justifica um olhar mais criterioso sobre a saúde das mais de 40 milhões de mulheres entre 35 anos e 65 anos no Brasil.

A ciência, a tecnologia e o mundo evoluíram sobre esse tema e acreditamos ser necessário discutir sobre as várias formas de tratamentos e medicações de promoção da saúde feminina existentes para esse período da vida. Esse período precisa deixar de ser visto como um tabu e passar a ser compreendido como determinante para uma longevidade saudável.

Acredito que esta audiência pública possa contribuir para o aprofundamento da discussão e do aprimoramento das políticas públicas em prol do amparo à saúde da mulher no climatério e na menopausa.

Cumprimento os nossos convidados que participam presencial e virtualmente, os Srs. Parlamentares e o público presente ou por meio do canal do Youtube da Câmara dos Deputados.

Neste momento, convido para compor a Mesa a Sra. Carmen Foro, Secretária Nacional de Articulação Institucional, Ações Temáticas e Participação Política do Ministério das Mulheres; a Sra. Debora Siqueira Ramos, Assessora Técnica da Coordenação de Atenção à Saúde da Mulher do Ministério da Saúde; a Sra. Adriana Ferreira, Fundadora da Associação Menopausa Feliz, bacharel em Direito e colaboradora das políticas públicas. Sejam muito bem-vindas a esta Comissão.

Participando virtualmente, tenho a satisfação de apresentar a Dra. Ana Priscila Soggia, endocrinologista pela USP, especialista em saúde feminina, climatério e menopausa e membro da Sociedade Brasileira de Endocrinologia e Metabologia; a Dra. Sonia Umbelino, especialista em clínica médica, Professora de pós-graduação master em Fisiologia Hormonal Humana e Coordenadora Regional do Grupo Longevidade Saudável da Universidade Paulista de São Paulo e Mestre em Biotecnologia no Desenvolvimento de Hormônios Homólogos Transdérmicos para Tratamento da Menopausa pela Universidade Potiguar; o Dr. Jaime Kulak Junior, Secretário-Adjunto da Associação Brasileira de Climatério e membro da Comissão Nacional Especializada em Climatério da Federação Brasileira das Associações de Ginecologia e Obstetrícia,Professor Adjunto do Departamento de Tocoginecologia da Universidade Federal do Paraná, Doutor em Ginecologia pela Faculdade de Medicina de Ribeirão Preto, da Universidade de São Paulo, e pela Yale University; a Dra. Pérola Grinberg Plapler, Diretora da Divisão de Medicina Física do Instituto de Ortopedia e Traumatologia do Hospital das Clínicas da Faculdade de Medicina da Universidade de São Paulo e Vice-Presidente da Associação Brasileira de Medicina Física e Reabilitação; fisiatra, Mestre e Doutora em Medicina pela USP e responsável pelo Ambulatório de Osteoporose e Prevenção de Fraturas da USP(Palmas).

Esclareço às Sras. e aos Srs. Parlamentares, aos expositores e aos convidados presentes que esta audiência pública está sendo transmitida pela Internet, no canal do Youtube da Câmara Federal.

Comunico a todas e a todos que o tempo previsto para a exposição de cada palestrante será de 8 minutos.

Após a apresentação dos expositores, passaremos ao debate.

Às Deputadas e Deputados inscritos será concedido o tempo de 3 minutos. Para responder a cada interpelação, cada palestrante disporá de igual tempo.

Convidamos, inicialmente, para fazer a sua exposição, a Sra. Carmen Foro.(Pausa.)

Invertendo a ordem da exposição, a critério das próprias expositoras, convidamos a Sra. Debora Siqueira Ramos Beltrammi, Assessora Técnica da Coordenação de Atenção à Saúde da Mulher, para a sua exposição.

De antemão, agradeço-lhe a presença.

",POSSIBLE_POLITICAL_ROLE_IN_ORIGINAL_TEXT,YES,YES,Políticas de independência econômica para mulheres vítimas de violência devem ser adotadas para interromper o ciclo da violência.,Deve ser criado um programa público focado na saúde das mulheres na menopausa,NO,FAVOR,FAVOR,HIGH,HIGH,HIGH,HIGH,HIGH,HIGH,HIGH,"O orador menciona a sua trajetória política em Goiás (Secretária da Mulher de lá, prefeita e deputada estadual)",Quem fala revela que relata o PL 5.602 de 2019,
ebcdef50abd4418f,PUBLIC_HEARING,25/05/2022,Políticas públicas de proteção às mulheres e crianças indígenas,"Eu queria dizer da importância desta audiência pública, que tem uma relação, sem nenhuma dúvida, com políticas públicas e planos que precisam ser desenvolvidos, planos que sejam universais no combate à violência que atinge mulheres e crianças, mas também às suas especificidades. Há que se fazer um recorte dos povos indígenas, que têm sofrido uma série de ataques, ataques permanentes, ataques ao próprio chão, ao próprio território.

Não foi apenas o anúncio do então futuro Governo, ainda como candidato, de que não iria homologar nenhum centímetro de território indígena, mas todas as manifestações que buscam agredir os territórios indígenas, inclusive a defesa que o Governo faz do garimpo em território indígena. Esta defesa, por si só, fez com que houvesse um crescimento muito grande do garimpo ilegal nos territórios indígenas.

Não há nenhuma justificativa para que se fira a Convenção nº 169 e se açoite a Constituição brasileira, que assegura os direitos dos povos indígenas aos seus territórios como manutenção da sua existência. Trata-se de uma discussão da existência, e existências não se negociam.

E o Governo, ao vilipendiar os territórios ou ao impedir que os territórios sejam homologados ou protegidos, estimula a agressão aos territórios, o que, na verdade, agride os povos indígenas. Então, é importante que nós possamos ter planos de enfrentamento, planos multifacetados ou multissetoriais, que devem ter a participação dos próprios povos indígenas, e planos que tenham o recorte de gênero, o recorte etário, ou seja, de defesa dos direitos das crianças e adolescentes, e, obviamente, o recorte étnico. São recortes que precisam ser construídos, precisam ser considerados, melhor dizendo, porque são recortes de realidades que existem num país onde há um pacto letal entre o patriarcalismo, o racismo e o sexismo. E é um pacto letal porque foi construído por um patriarcalismo estruturante, por um racismo estruturante e estrutural, o que faz com que nós tenhamos tantos ataques e tantas agressões.

Há um crescimento da violência em territórios indígenas, na medida em que eles não são protegidos. Há um crescimento vertiginoso do garimpo ilegal, que é, na verdade, estimulado pelas decisões ou pelas falas de quem ocupa o próprio Governo Federal.

Para além disso, existem várias iniciativas em curso nesta Casa. Nós criamos uma Comissão Especial para acompanhar a situação dos ianomâmis, que precisa dialogar com as outras iniciativas; ao mesmo tempo, há uma série de iniciativas na Comissão de Direitos Humanos. E nós precisamos fazer uma articulação do conjunto de iniciativas e discussões que acontecem nesta Casa com esse recorte de proteção às mulheres, às crianças e aos adolescentes.

É muito importante que possamos também fazer uma articulação com a Frente Parlamentar Mista de Promoção e Defesa dos Direitos da Criança e Adolescente. Existe uma frente bastante consolidada que conseguiu obter avanços na própria Constituição. A Constituição brasileira não apenas assegura os territórios indígenas. Eu costumo dizer que ela não foi escrita só com caneta, ela foi escrita com tinta de urucum e tinta de jenipapo, a mesma tinta que desenha os corpos que estão em luta pelos direitos dos povos indígenas. Inclusive as mulheres, com as Marchas das Mulheres Indígenas, trazem a defesa do próprio território, porque o território é protegido, as vidas são protegidas, a existência é protegida. E há um cuidado especial com as próprias crianças. Portanto, esta Constituição que assegura os territórios indígenas também diz que criança e adolescente são prioridade absoluta. Esta é a única prioridade absoluta que está em nossa Constituição: crianças e adolescentes.

É fundamental que nós possamos traçar os planos que envolvem políticas públicas, como já foi falado aqui pela Sonia. É importante avançar na demarcação, na homologação dos territórios. É importante proteger os territórios, porque eles têm sido vítimas de tantas incursões ilegais. Eu repito: há um estímulo ao garimpo em territórios indígenas, um estímulo que representa uma agressão sob todos os pontos de vista, porque são pessoas que não têm o sentimento de pertencimento que se constrói no território indígena ou nos povos indígenas.

Então, eu sugeriria, Deputada Rejane Dias, que nós pudéssemos trabalhar na construção deste plano, um plano com recorte indígena, recorte de gênero, recorte de proteção a crianças e adolescentes, que envolva uma série de políticas públicas e a participação também dos povos indígenas, porque a Convenção nº 169, da OIT, tem sido desrespeitada. Ela assegura que haja uma premissa, que é a consulta pública. Vários povos indígenas já têm metodologia para fazer essa consulta, mas simplesmente se mexe nos direitos dos povos indígenas, arrancam-se os direitos dos povos indígenas sem que haja qualquer tipo de consulta. Espero que possamos construir essa política e assegurar que essa política de proteção à criança, às mulheres indígenas contra toda sorte de violência, esteja no orçamento.

A política pública, para que se efetive, tem que estar no próprio orçamento. Nós tivemos um orçamento aqui que diminuiu no que diz respeito aos direitos em geral, todas as políticas que asseguram direitos tiveram uma diminuição, inclusive as políticas de enfrentamento da violência contra a mulher tiveram uma diminuição. É preciso resgatar essas políticas no orçamento.

Penso que poderíamos fazer uma reunião sobre todas as iniciativas, diligências que acontecem na Comissão de Direitos Humanos, na própria Comissão que discute a questão do povo ianomâmi, nesta mesma Comissão que faz agora esta audiência pública, e fazer uma inserção no orçamento, para que ele contemple as políticas públicas das quais nós precisamos. Assim poderíamos assegurar que tivéssemos a dignidade estabelecida na nossa sociedade e enfrentar  e aí tem razão a Sonia  as discriminações que se retroalimentam, que é a discriminação de gênero, a discriminação adultocêntrica e a discriminação também étnica contra os povos indígenas.

Por fim, eu penso que deveríamos fazer um esforço para construir uma CPI para discutir a violência contra as crianças, contra os indígenas, contra as mulheres. Deveríamos trabalhar na perspectiva de fazer uma investigação por esta Casa, por meio desta CPI, para que pudéssemos investigar e apresentar sugestões. Uma CPI também é propositiva e pode responsabilizar.

Não é possível ver esse nível de violência crescer de forma muito visível, tomar as páginas dos jornais  violência contra crianças, violência contra mulheres indígenas, violência sexual contra crianças, inclusive, estão sendo estampadas nas páginas dos jornais , e não termos um instrumento. Um instrumento como a CPI possibilita esse nível de investigação, para que tenhamos a responsabilização de todos os envolvidos e, ao mesmo tempo, possamos ter também proposições para que haja a interrupção desse nível de violência que cresceu no último período, penso eu, a partir da lógica anti-indígena de quem ocupa a Presidência da República. A Presidência da República e os instrumentos do Estado foram capturados por uma lógica anti-indígena, uma lógica de naturalização de todas as formas de violação.

Mas, Deputada Rejane Dias, queria lhe parabenizar e parabenizar esta Comissão por estar fazendo esse recorte em relação aos direitos das mulheres, dos povos indígenas, das mulheres indígenas e das crianças e adolescentes que, repito, são prioridades absolutas neste País.

Nós avançamos na legislação em vários aspectos. Nós construímos uma Constituição que tem como fio condutor a própria dignidade humana. Então, não há como achar que há uma naturalização, que isso não nos coloca em movimento, para que possamos enfrentar esse nível de violência que atinge as mulheres, as crianças e os povos indígenas em geral. E aqui, como já foi dito também pela Sonia, há os recortes de uma sociedade sexista, de uma sociedade que tem tantas discriminações étnicas e discriminações de gênero e adultocêntrica também. Sobre a criança e o adolescente a nossa legislação já diz que são sujeitos de direitos, detentores da lógica de proteção integral, de proteção sob todos os aspectos, em uma fase muito especial do seu desenvolvimento.

Por isso, eu sugiro que nos organizemos para todas essas iniciativas que estão acontecendo na Câmara que dizem respeito ao combate à violência contra os povos indígenas, para que nós possamos nos articular e construir as condições de termos uma CPI para investigar a violência nos territórios indígenas, com o recorte da violência contra crianças e adolescentes e a violência de gênero.

Muito obrigada.

","Eu queria dizer da importância desta audiência pública, que tem uma relação, sem nenhuma dúvida, com políticas públicas e planos que precisam ser desenvolvidos, planos que sejam universais no combate à violência que atinge mulheres e crianças, mas também às suas especificidades. Há que se fazer um recorte dos povos indígenas, que têm sofrido uma série de ataques, ataques permanentes, ataques ao próprio chão, ao próprio território.

Não foi apenas o anúncio do então futuro Governo, ainda como candidato, de que não iria homologar nenhum centímetro de território indígena, mas todas as manifestações que buscam agredir os territórios indígenas, inclusive a defesa que o Governo faz do garimpo em território indígena. Esta defesa, por si só, fez com que houvesse um crescimento muito grande do garimpo ilegal nos territórios indígenas.

Não há nenhuma justificativa para que se fira a Convenção nº 169 e se açoite a Constituição brasileira, que assegura os direitos dos povos indígenas aos seus territórios como manutenção da sua existência. Trata-se de uma discussão da existência, e existências não se negociam.

E o Governo, ao vilipendiar os territórios ou ao impedir que os territórios sejam homologados ou protegidos, estimula a agressão aos territórios, o que, na verdade, agride os povos indígenas. Então, é importante que nós possamos ter planos de enfrentamento, planos multifacetados ou multissetoriais, que devem ter a participação dos próprios povos indígenas, e planos que tenham o recorte de gênero, o recorte etário, ou seja, de defesa dos direitos das crianças e adolescentes, e, obviamente, o recorte étnico. São recortes que precisam ser construídos, precisam ser considerados, melhor dizendo, porque são recortes de realidades que existem num país onde há um pacto letal entre o patriarcalismo, o racismo e o sexismo. E é um pacto letal porque foi construído por um patriarcalismo estruturante, por um racismo estruturante e estrutural, o que faz com que nós tenhamos tantos ataques e tantas agressões.

Há um crescimento da violência em territórios indígenas, na medida em que eles não são protegidos. Há um crescimento vertiginoso do garimpo ilegal, que é, na verdade, estimulado pelas decisões ou pelas falas de quem ocupa o próprio Governo Federal.

Para além disso, existem várias iniciativas em curso nesta Casa. Nós criamos uma Comissão Especial para acompanhar a situação dos ianomâmis, que precisa dialogar com as outras iniciativas; ao mesmo tempo, há uma série de iniciativas na Comissão de Direitos Humanos. E nós precisamos fazer uma articulação do conjunto de iniciativas e discussões que acontecem nesta Casa com esse recorte de proteção às mulheres, às crianças e aos adolescentes.

É muito importante que possamos também fazer uma articulação com a Frente Parlamentar Mista de Promoção e Defesa dos Direitos da Criança e Adolescente. Existe uma frente bastante consolidada que conseguiu obter avanços na própria Constituição. A Constituição brasileira não apenas assegura os territórios indígenas. Eu costumo dizer que ela não foi escrita só com caneta, ela foi escrita com tinta de urucum e tinta de jenipapo, a mesma tinta que desenha os corpos que estão em luta pelos direitos dos povos indígenas. ","Inclusive as mulheres, com as Marchas das Mulheres Indígenas, trazem a defesa do próprio território, porque o território é protegido, as vidas são protegidas, a existência é protegida."," E há um cuidado especial com as próprias crianças. Portanto, esta Constituição que assegura os territórios indígenas também diz que criança e adolescente são prioridade absoluta. Esta é a única prioridade absoluta que está em nossa Constituição: crianças e adolescentes.

É fundamental que nós possamos traçar os planos que envolvem políticas públicas, como já foi falado aqui pela Sonia. É importante avançar na demarcação, na homologação dos territórios. É importante proteger os territórios, porque eles têm sido vítimas de tantas incursões ilegais. Eu repito: há um estímulo ao garimpo em territórios indígenas, um estímulo que representa uma agressão sob todos os pontos de vista, porque são pessoas que não têm o sentimento de pertencimento que se constrói no território indígena ou nos povos indígenas.

Então, eu sugeriria, Deputada Rejane Dias, que nós pudéssemos trabalhar na construção deste plano, um plano com recorte indígena, recorte de gênero, recorte de proteção a crianças e adolescentes, que envolva uma série de políticas públicas e a participação também dos povos indígenas, porque a Convenção nº 169, da OIT, tem sido desrespeitada. Ela assegura que haja uma premissa, que é a consulta pública. Vários povos indígenas já têm metodologia para fazer essa consulta, mas simplesmente se mexe nos direitos dos povos indígenas, arrancam-se os direitos dos povos indígenas sem que haja qualquer tipo de consulta. Espero que possamos construir essa política e assegurar que essa política de proteção à criança, às mulheres indígenas contra toda sorte de violência, esteja no orçamento.

A política pública, para que se efetive, tem que estar no próprio orçamento. Nós tivemos um orçamento aqui que diminuiu no que diz respeito aos direitos em geral, todas as políticas que asseguram direitos tiveram uma diminuição, inclusive as políticas de enfrentamento da violência contra a mulher tiveram uma diminuição. É preciso resgatar essas políticas no orçamento.

Penso que poderíamos fazer uma reunião sobre todas as iniciativas, diligências que acontecem na Comissão de Direitos Humanos, na própria Comissão que discute a questão do povo ianomâmi, nesta mesma Comissão que faz agora esta audiência pública, e fazer uma inserção no orçamento, para que ele contemple as políticas públicas das quais nós precisamos. Assim poderíamos assegurar que tivéssemos a dignidade estabelecida na nossa sociedade e enfrentar  e aí tem razão a Sonia  as discriminações que se retroalimentam, que é a discriminação de gênero, a discriminação adultocêntrica e a discriminação também étnica contra os povos indígenas.

Por fim, eu penso que deveríamos fazer um esforço para construir uma CPI para discutir a violência contra as crianças, contra os indígenas, contra as mulheres. Deveríamos trabalhar na perspectiva de fazer uma investigação por esta Casa, por meio desta CPI, para que pudéssemos investigar e apresentar sugestões. Uma CPI também é propositiva e pode responsabilizar.

Não é possível ver esse nível de violência crescer de forma muito visível, tomar as páginas dos jornais  violência contra crianças, violência contra mulheres indígenas, violência sexual contra crianças, inclusive, estão sendo estampadas nas páginas dos jornais , e não termos um instrumento. Um instrumento como a CPI possibilita esse nível de investigação, para que tenhamos a responsabilização de todos os envolvidos e, ao mesmo tempo, possamos ter também proposições para que haja a interrupção desse nível de violência que cresceu no último período, penso eu, a partir da lógica anti-indígena de quem ocupa a Presidência da República. A Presidência da República e os instrumentos do Estado foram capturados por uma lógica anti-indígena, uma lógica de naturalização de todas as formas de violação.

Mas, Deputada Rejane Dias, queria lhe parabenizar e parabenizar esta Comissão por estar fazendo esse recorte em relação aos direitos das mulheres, dos povos indígenas, das mulheres indígenas e das crianças e adolescentes que, repito, são prioridades absolutas neste País.

Nós avançamos na legislação em vários aspectos. Nós construímos uma Constituição que tem como fio condutor a própria dignidade humana. Então, não há como achar que há uma naturalização, que isso não nos coloca em movimento, para que possamos enfrentar esse nível de violência que atinge as mulheres, as crianças e os povos indígenas em geral. E aqui, como já foi dito também pela Sonia, há os recortes de uma sociedade sexista, de uma sociedade que tem tantas discriminações étnicas e discriminações de gênero e adultocêntrica também. Sobre a criança e o adolescente a nossa legislação já diz que são sujeitos de direitos, detentores da lógica de proteção integral, de proteção sob todos os aspectos, em uma fase muito especial do seu desenvolvimento.

Por isso, eu sugiro que nos organizemos para todas essas iniciativas que estão acontecendo na Câmara que dizem respeito ao combate à violência contra os povos indígenas, para que nós possamos nos articular e construir as condições de termos uma CPI para investigar a violência nos territórios indígenas, com o recorte da violência contra crianças e adolescentes e a violência de gênero.

Muito obrigada.

",PUBLIC_HEARING,29/06/2023,Dificuldades na implantação de políticas públicas para a população LGBTQIA+,"Obrigada, Cláudio. É muito importante essa pesquisa, porque ela estabelece um raio-x. Eu estava no lançamento da pesquisa. Ali surgiu a ideia de nós fazermos uma audiência pública para discussão dos resultados das pesquisas.

É óbvio que é preciso também ver a qualidade dos equipamentos. Muitas vezes nós constatamos a existência de equipamentos, mas eles estão num estado de precarização que impossibilita o atendimento da demanda reprimida. É preciso, portanto, agregar aos resultados que estão postos na pesquisa um olhar sobre a qualidade dos equipamentos e sobre a descriminação orçamentária, ou seja, sobre os aportes orçamentários para a existência das políticas públicas.

Penso que a existência de Conselho e de planos é muito importante, como pontua a pesquisa, porque os planos possibilitam a intersetorialidade e, ao mesmo tempo, a avaliação de especificidades dentro da comunidade LGBTQIA+, que tem especificidades que precisam ser consideradas, como agregação inclusive da dupla discriminação, ou da dupla ausência de políticas públicas, porque um país LGBTfóbico é também um país sexista, um país racista, um país capacitista e um país etarista.

É importante definir onde há planos, porque os planos asseguram a intersetorialidade e a participação da sociedade civil e, ao mesmo tempo, asseguram um planejamento, para que se possa designar prazos e responsáveis, apontar necessidades a ser superadas. Os planos nos permitem trabalhar com a intersetorialidade, e nenhuma política pública tem, isoladamente, condição para enfrentar todos os direitos que devem ser assegurados para a população LGBTQIA+. Portanto, o plano pressupõe ações de educação, ações de assistência, ações de cultura, ações de geração de emprego, enfim, um conjunto de políticas públicas. Há dois elementos que os planos e os Conselhos asseguram: a intersetorialidade e o protagonismo, os espaços de fala, de nada de nós sem nós, ou seja, é preciso que a própria população LGBTQIA+ e suas representações possam provocar um debate com a radicalidade democrática que o País exige, particularmente depois de ter tido a sua democracia tão ferida e machucada, nos últimos 4 anos. Então, é muito importante essa pesquisa.

Eu discutia com o Renan a necessidade de fazermos outra audiência pública, uma audiência pública sobre boas práticas. Aqui estamos vendo um raio-x de como estão os equipamentos, os planos, as políticas para o enfrentamento da discriminação e, ao mesmo tempo, para o rompimento da invisibilização, para a garantia dos direitos da comunidade LGBTQIA+. Mas seria muito importante que nós pudéssemos mostrar para o Brasil inteiro quais são as práticas exitosas, as boas práticas. A partir daí, analisaríamos essas boas práticas, para que elas sirvam de parâmetro para as demais Unidades da Federação e possam mostrar que é possível organizar o Estado, de modo que as políticas públicas possam fazer o enfrentamento dos desafios históricos a serem superados neste Brasil, entre eles as diversas formas de discriminação, de invisibilização, de apagamento no próprio orçamento, de apagamento nas políticas públicas, os diversos apagamentos que nós vimos bastante recrudescidos no Governo passado. É importante fazer essa discussão sobre boas práticas. Nós vamos sugerir uma nova audiência para discutir esse tema.

","Obrigada, Cláudio. É muito importante essa pesquisa, porque ela estabelece um raio-x. Eu estava no lançamento da pesquisa. Ali surgiu a ideia de nós fazermos uma audiência pública para discussão dos resultados das pesquisas.

É óbvio que é preciso também ver a qualidade dos equipamentos. Muitas vezes nós constatamos a existência de equipamentos, mas eles estão num estado de precarização que impossibilita o atendimento da demanda reprimida. É preciso, portanto, agregar aos resultados que estão postos na pesquisa um olhar sobre a qualidade dos equipamentos e sobre a descriminação orçamentária, ou seja, sobre os aportes orçamentários para a existência das políticas públicas.

","Penso que a existência de Conselho e de planos é muito importante, como pontua a pesquisa, porque os planos possibilitam a intersetorialidade e, ao mesmo tempo, a avaliação de especificidades dentro da comunidade LGBTQIA+, que tem especificidades que precisam ser consideradas, como agregação inclusive da dupla discriminação, ou da dupla ausência de políticas públicas, porque um país LGBTfóbico é também um país sexista, um país racista, um país capacitista e um país etarista.","

É importante definir onde há planos, porque os planos asseguram a intersetorialidade e a participação da sociedade civil e, ao mesmo tempo, asseguram um planejamento, para que se possa designar prazos e responsáveis, apontar necessidades a ser superadas. Os planos nos permitem trabalhar com a intersetorialidade, e nenhuma política pública tem, isoladamente, condição para enfrentar todos os direitos que devem ser assegurados para a população LGBTQIA+. Portanto, o plano pressupõe ações de educação, ações de assistência, ações de cultura, ações de geração de emprego, enfim, um conjunto de políticas públicas. Há dois elementos que os planos e os Conselhos asseguram: a intersetorialidade e o protagonismo, os espaços de fala, de nada de nós sem nós, ou seja, é preciso que a própria população LGBTQIA+ e suas representações possam provocar um debate com a radicalidade democrática que o País exige, particularmente depois de ter tido a sua democracia tão ferida e machucada, nos últimos 4 anos. Então, é muito importante essa pesquisa.

Eu discutia com o Renan a necessidade de fazermos outra audiência pública, uma audiência pública sobre boas práticas. Aqui estamos vendo um raio-x de como estão os equipamentos, os planos, as políticas para o enfrentamento da discriminação e, ao mesmo tempo, para o rompimento da invisibilização, para a garantia dos direitos da comunidade LGBTQIA+. Mas seria muito importante que nós pudéssemos mostrar para o Brasil inteiro quais são as práticas exitosas, as boas práticas. A partir daí, analisaríamos essas boas práticas, para que elas sirvam de parâmetro para as demais Unidades da Federação e possam mostrar que é possível organizar o Estado, de modo que as políticas públicas possam fazer o enfrentamento dos desafios históricos a serem superados neste Brasil, entre eles as diversas formas de discriminação, de invisibilização, de apagamento no próprio orçamento, de apagamento nas políticas públicas, os diversos apagamentos que nós vimos bastante recrudescidos no Governo passado. É importante fazer essa discussão sobre boas práticas. Nós vamos sugerir uma nova audiência para discutir esse tema.

",POSSIBLE_POLITICAL_ROLE_IN_ORIGINAL_TEXT,YES,YES,Deve haver um plano de proteção para mulheres e crianças indígenas,Precisam ser criados planos e conselhos para a população LGBTQIA+,NO,FAVOR,FAVOR,HIGH,HIGH,HIGH,HIGH,HIGH,HIGH,HIGH,,,
24c599750bdd544f,PUBLIC_HEARING,10/08/2023,Regulamentação dos mercados digitais no Brasil,"Declaro aberta a reunião de audiência pública da Comissão de Desenvolvimento Econômico da Câmara dos Deputados, que tem como objetivo debater as experiências internacionais no desenvolvimento e regulamentação dos mercados digitais, matéria do Projeto de Lei nº 2.768, de 2022.

A realização desta reunião decorre da aprovação do Requerimento nº 7, de 2023, de minha iniciativa, subscrito pelo Deputado Florentino Neto.

Informo que a audiência está sendo transmitida pela página da Câmara dos Deputados e pelo Youtube, no canal oficial da Câmara dos Deputados.

Para participar da audiência pública, foi convidado o Sr. Assimakis Komninos, advogado especialista em Mercados e Serviços Digitais, sócio do escritório de Bruxelas da White & Case LLP, um dos especialistas reconhecidos na Lei de Mercados Digitais da União Europeia e atuou em casos marcantes perante os tribunais da União Europeia, incluindo o Google Shopping, Google Android, Eureka Google, Amazon Buy Box, Microsoft, etc. É membro do Comitê Executivo do Centro de Direito da Competição Global do College of Europe, e também atua como consultor não governamental da Comissão Europeia na Rede de Concorrência Internacional.

Eu vou ler o currículo de cada um dos nossos convidados assim que forem sendo chamados para se manifestarem aqui na nossa audiência pública.

Regras de condução da reunião.

Antes de passar às exposições, desejo informar as regras de condução dos trabalhos desta audiência pública.

O convidado deverá limitar-se ao tema em debate e disporá de 15 minutos para a exposição, não podendo ser aparteado. Após as exposições, serão abertos os debates. Os Deputados interessados em interpelar os palestrantes deverão inscrever-se previamente e poderão fazê-lo estritamente sobre o assunto da exposição pelo prazo de 3 minutos, tendo o interpelado igual tempo para responder.

Então, agradeço a participação e disponibilidade de todos.

Eu gostaria, neste momento, de tecer algumas considerações sobre o tema e os motivos da realização dessas nossas audiências públicas.

Em março de 2023, eu fui designada Relatora do Projeto de Lei nº 2.768, de 2022, de autoria do Deputado João Maia, o qual dispõe sobre a organização, o funcionamento e a operação das plataformas digitais que oferecem serviços ao público brasileiro, e dá outras providências.

Encerrado o prazo regimental em 18 de abril, não foi apresentada nenhuma emenda ao projeto de lei. E, no dia 11 de maio, nós protocolamos aqui na Comissão de Desenvolvimento Econômico quatro requerimentos para a realização de audiências públicas para tratar dos seguintes temas: as experiências internacionais no desenvolvimento e regulamentação dos mercados digitais, que é a pauta desta primeira audiência pública; competência de regulação e os mercados digitais; competitividade e concorrência nos mercados digitais; e empreendedorismo nos mercados digitais.

A era digital tem transformado diversos aspectos da sociedade, trazendo consigo novas oportunidades e desafios.O desenvolvimento e a regulamentação dos mercados digitais são questões fundamentais que impactam diretamente a economia, a inovação e a competitividade do nosso País. Diante desse cenário, torna-se imprescindível que a Câmara dos Deputados promova este amplo debate e aprofundado sobre o tema, buscando o aprendizado e a cooperação internacional.

Esta audiência pública tem como objetivo analisar as experiências internacionais no desenvolvimento e regulamentação dos mercados digitais, buscando compreender os avanços, obstáculos e lições aprendidas em outros países. O intuito é proporcionar aos Parlamentares brasileiros uma visão abrangente e atualizada, permitindo a criação de um marco eficiente e inovador que promova o crescimento econômico e a proteção dos direitos dos consumidores e também dos empreendedores.

Para enriquecer essa solicitação à esta ilustre Comissão Permanente, sugere-se o nome de convidados especialistas em competitividade, representantes e professores de renomadas universidades internacionais. Esses profissionais possuem vasta experiência e conhecimento na construção do arcabouço legal para políticas digitais, especialmente no contexto europeu, o que contribuirá significativamente para a discussão.

A realização dessa audiência pública será uma oportunidade única para ouvir as visões desses especialistas, bem como para debater as melhores práticas internacionais de regulamentação de mercados digitais. Com isso, espera-se que possamos iniciar um movimento de vanguarda no Parlamento brasileiro, de forma que as boas e más lições aprendidas em outras partes do mundo sejam usadas com sabedoria na construção da legislação brasileira.

Nós estamos aqui tendo uma grande oportunidade de poder enriquecer cada vez mais o nosso debate, aprendendo com o que já foi construído em outros países e a experiência que eles têm.

Considerando o fato de que os mercados digitais têm se expandido de forma exponencial nas últimas décadas, com serviços de tecnologia e informação se tornando cada vez mais presentes na vida cotidiana das pessoas e das empresas. Esse crescimento exige uma legislação adequada para garantir a proteção dos consumidores e a concorrência justa, além de estimular a inovação e o desenvolvimento econômico, obviamente, não burocratizando cada vez mais. Discussão essa, que já se faz presente em parte da vida corriqueira nesta Casa, a exemplo do nosso PL 2.768.

E para enriquecer essa audiência, sugerimos os nomes de convidados especialistas em competitividade, representantes e professores de renomadas universidades internacionais, como já disse antes. Esses profissionais possuem vasta experiência e conhecimento na construção dessas legislações para políticas digitais, especialmente no contexto europeu, o que contribuirá significativamente para a discussão.

Então, gostaria de começar aqui chamando o nosso primeiro convidado, o Sr. Assimakis Komninos, que dispõe de 15 minutos, como eu disse anteriormente.

","Declaro aberta a reunião de audiência pública da Comissão de Desenvolvimento Econômico da Câmara dos Deputados, que tem como objetivo debater as experiências internacionais no desenvolvimento e regulamentação dos mercados digitais, matéria do Projeto de Lei nº 2.768, de 2022.

A realização desta reunião decorre da aprovação do Requerimento nº 7, de 2023, de minha iniciativa, subscrito pelo Deputado Florentino Neto.

Informo que a audiência está sendo transmitida pela página da Câmara dos Deputados e pelo Youtube, no canal oficial da Câmara dos Deputados.

Para participar da audiência pública, foi convidado o Sr. Assimakis Komninos, advogado especialista em Mercados e Serviços Digitais, sócio do escritório de Bruxelas da White & Case LLP, um dos especialistas reconhecidos na Lei de Mercados Digitais da União Europeia e atuou em casos marcantes perante os tribunais da União Europeia, incluindo o Google Shopping, Google Android, Eureka Google, Amazon Buy Box, Microsoft, etc. É membro do Comitê Executivo do Centro de Direito da Competição Global do College of Europe, e também atua como consultor não governamental da Comissão Europeia na Rede de Concorrência Internacional.

Eu vou ler o currículo de cada um dos nossos convidados assim que forem sendo chamados para se manifestarem aqui na nossa audiência pública.

Regras de condução da reunião.

Antes de passar às exposições, desejo informar as regras de condução dos trabalhos desta audiência pública.

O convidado deverá limitar-se ao tema em debate e disporá de 15 minutos para a exposição, não podendo ser aparteado. Após as exposições, serão abertos os debates. Os Deputados interessados em interpelar os palestrantes deverão inscrever-se previamente e poderão fazê-lo estritamente sobre o assunto da exposição pelo prazo de 3 minutos, tendo o interpelado igual tempo para responder.

Então, agradeço a participação e disponibilidade de todos.

Eu gostaria, neste momento, de tecer algumas considerações sobre o tema e os motivos da realização dessas nossas audiências públicas.

Em março de 2023, eu fui designada Relatora do Projeto de Lei nº 2.768, de 2022, de autoria do Deputado João Maia, o qual dispõe sobre a organização, o funcionamento e a operação das plataformas digitais que oferecem serviços ao público brasileiro, e dá outras providências.

Encerrado o prazo regimental em 18 de abril, não foi apresentada nenhuma emenda ao projeto de lei. E, no dia 11 de maio, nós protocolamos aqui na Comissão de Desenvolvimento Econômico quatro requerimentos para a realização de audiências públicas para tratar dos seguintes temas: as experiências internacionais no desenvolvimento e regulamentação dos mercados digitais, que é a pauta desta primeira audiência pública; competência de regulação e os mercados digitais; competitividade e concorrência nos mercados digitais; e empreendedorismo nos mercados digitais.

A era digital tem transformado diversos aspectos da sociedade, trazendo consigo novas oportunidades e desafios.O desenvolvimento e a regulamentação dos mercados digitais são questões fundamentais que impactam diretamente a economia, a inovação e a competitividade do nosso País. Diante desse cenário, torna-se imprescindível que a Câmara dos Deputados promova este amplo debate e aprofundado sobre o tema, buscando o aprendizado e a cooperação internacional.

Esta audiência pública tem como objetivo analisar as experiências internacionais no desenvolvimento e regulamentação dos mercados digitais, buscando compreender os avanços, obstáculos e lições aprendidas em outros países. O intuito é proporcionar aos Parlamentares brasileiros uma visão abrangente e atualizada, permitindo a criação de um marco eficiente e inovador que promova o crescimento econômico e a proteção dos direitos dos consumidores e também dos empreendedores.

Para enriquecer essa solicitação à esta ilustre Comissão Permanente, sugere-se o nome de convidados especialistas em competitividade, representantes e professores de renomadas universidades internacionais. Esses profissionais possuem vasta experiência e conhecimento na construção do arcabouço legal para políticas digitais, especialmente no contexto europeu, o que contribuirá significativamente para a discussão.

A realização dessa audiência pública será uma oportunidade única para ouvir as visões desses especialistas, bem como para debater as melhores práticas internacionais de regulamentação de mercados digitais. Com isso, espera-se que possamos iniciar um movimento de vanguarda no Parlamento brasileiro, de forma que as boas e más lições aprendidas em outras partes do mundo sejam usadas com sabedoria na construção da legislação brasileira.

","Nós estamos aqui tendo uma grande oportunidade de poder enriquecer cada vez mais o nosso debate, aprendendo com o que já foi construído em outros países e a experiência que eles têm.","

Considerando o fato de que os mercados digitais têm se expandido de forma exponencial nas últimas décadas, com serviços de tecnologia e informação se tornando cada vez mais presentes na vida cotidiana das pessoas e das empresas. Esse crescimento exige uma legislação adequada para garantir a proteção dos consumidores e a concorrência justa, além de estimular a inovação e o desenvolvimento econômico, obviamente, não burocratizando cada vez mais. Discussão essa, que já se faz presente em parte da vida corriqueira nesta Casa, a exemplo do nosso PL 2.768.

E para enriquecer essa audiência, sugerimos os nomes de convidados especialistas em competitividade, representantes e professores de renomadas universidades internacionais, como já disse antes. Esses profissionais possuem vasta experiência e conhecimento na construção dessas legislações para políticas digitais, especialmente no contexto europeu, o que contribuirá significativamente para a discussão.

Então, gostaria de começar aqui chamando o nosso primeiro convidado, o Sr. Assimakis Komninos, que dispõe de 15 minutos, como eu disse anteriormente.

",PUBLIC_HEARING,24/08/2023,Mudanças no projeto de regulamentação dos mercados digitais (PL 2768/22),"Muito obrigada.

Quero ressaltar que a discussão que nós estamos fazendo é essencial. Nós entendemos a importância, é óbvio, dos mercados digitais na economia local e global. É fundamental que a Câmara dos Deputados promova um debate aprofundado, e é justamente o que nós estamos tentando fazer com essas audiências públicas. Posteriormente, faremos também um seminário, para incluir os demaisplayersque por algum motivo não puderam estar presentes nas audiências públicas, até pelo número limitado de convidados que nós tínhamos aqui. Então, eles ainda terão a oportunidade de fazê-lo. Obviamente, temos de fazer essa discussão com a sociedade civil, que é o nosso maior interessado.

Queremos sempre estar atentos para criar políticas que garantam a competitividade e a promoção da concorrência também nesses mercados. Entendemos que é uma discussão essencial para fomentar a inovação, para fomentar o crescimento econômico e, obviamente, para fomentar a proteção do direito dos consumidores e dos empreendedores aqui no nosso País.

Antes de finalizar, eu gostaria de agradecer a presença de todos. Muito obrigada.

Nada mais havendo a tratar, encerro os trabalhos da nossa audiência pública de hoje.

Muito obrigada a todos e tenham um bom dia.","Muito obrigada.

Quero ressaltar que a discussão que nós estamos fazendo é essencial. ","Nós entendemos a importância, é óbvio, dos mercados digitais na economia local e global."," É fundamental que a Câmara dos Deputados promova um debate aprofundado, e é justamente o que nós estamos tentando fazer com essas audiências públicas. Posteriormente, faremos também um seminário, para incluir os demaisplayersque por algum motivo não puderam estar presentes nas audiências públicas, até pelo número limitado de convidados que nós tínhamos aqui. Então, eles ainda terão a oportunidade de fazê-lo. Obviamente, temos de fazer essa discussão com a sociedade civil, que é o nosso maior interessado.

Queremos sempre estar atentos para criar políticas que garantam a competitividade e a promoção da concorrência também nesses mercados. Entendemos que é uma discussão essencial para fomentar a inovação, para fomentar o crescimento econômico e, obviamente, para fomentar a proteção do direito dos consumidores e dos empreendedores aqui no nosso País.

Antes de finalizar, eu gostaria de agradecer a presença de todos. Muito obrigada.

Nada mais havendo a tratar, encerro os trabalhos da nossa audiência pública de hoje.

Muito obrigada a todos e tenham um bom dia.",POSSIBLE_POLITICAL_ROLE_IN_ORIGINAL_TEXT|POSSIBLE_PARTY_IN_ORIGINAL_TEXT,YES,YES,O país deve ter uma lei para os mercados digitais sem criar mais burocracia,Precisam ser criadas novas regras para os mercados digitais para garantir a livre concorrência e proteção dos consumidores,YES,FAVOR,FAVOR,MEDIUM,MEDIUM,MEDIUM,MEDIUM,MEDIUM,HIGH,HIGH,Ela preside a audiência e conta que é autora do requerimento PL 2.768,,
3459768d16f576e5,MINISTER_APPEARANCE,17/04/2024,Discussão sobre a substituição do saque-aniversário do FGTS por uma nova modalidade de crédito consignado,"Bom dia, Ministro.

Bom dia, Presidente Lucas Ramos. Parabéns por esta audiência tão importante para o nosso País!

Queria começar com o tema Saque-Aniversário, Ministro. Eu diria, conversando com os trabalhadores do meu País, que seria cruel e até maligno o fim do Saque-Aniversário, que é como se fosse o 14º salário do trabalhador. Eu não estou falando nem de empréstimo, eu estou falando do dinheiro que ele pode sacar.

O senhor mesmo falou nas suas palavras aqui que o dinheiro é dele, o dinheiro não pertence ao Governo. Inclusive, o Governo trata muito mal o dinheiro; o rendimento do FGTS é pífio em relação a outros rendimentos. O dinheiro é dele.

Então, não se justifica tirar a oportunidade do trabalhador de ter o Saque-Aniversário somente porque foi criado no Governo Bolsonaro. Eu sei que em 2020, quando ele foi criado, 34,5 milhões de trabalhadores já o utilizaram. Eu não sei quantas mensagens o senhor recebeu reclamando do Saque-Aniversário, mas eu lhe afirmo que não foram 34 milhões, fica longe disso.

Desses 34,5 milhões, nós conseguimos colocar na economia 75 bilhões de reais  dinheiro na veia da economia. Dos trabalhadores que pegam esse dinheiro, e já temos uma pesquisa sobre como ele o gasta, 57% o usam para pagar dívidas.

Todo mundo tem dívida. Esta é a vida real, Ministro, todo mundo tem dívida para pagar.

O trabalhador tem a oportunidade, em vez de pagar uma dívida com juros altíssimos  porque geralmente o trabalhador está negativado, e, nessas situações, os juros de algumas instituições financeiras chegam até 20%, de maneira cruel, pior do que agiotas  de receber o Saque-Aniversário, que é dele, lembro isso, e pagar uma dívida, comprar material escolar, comprar uma geladeira, não sei. O dinheiro é dele, ele tem que saber como gastar, e ele saberá como gastar.

Se há algumas pessoas que gastaram de maneira errada, nós não podemos punir 34,5 milhões de pessoas que já o utilizaram e vão continuar utilizando.

O senhor falou sobre o FGTS. Temos que trazer este número para que a população saiba que o FGTS não está sendo prejudicado com o Saque-Aniversário. Desde a criação dele, em 2020, até agora, em 2023, o fundo aumentou 14,3%.

É lógico que, se eu coloco recurso no mercado, 75 bilhões de reais, esse dinheiro vai para o comércio. Se o dinheiro vai para o comércio, são mais empregos gerados no nosso País e é mais gente pagando o FGTS. Naturalmente, o fundo vai aumentar. E os números não mentem, não. Nós não podemos contestar os números. Contra fatos não há argumentos.

Então, desde a criação do Saque-Aniversário, o fundo aumentou 14,3%. Nós não estamos, com o Saque-Aniversário, prejudicando o fundo. Se o fundo serve para saneamento básico, moradia...

Presidente, peço a V.Exa. que acrescente ao meu tempo o tempo de Liderança.

","Bom dia, Ministro.

Bom dia, Presidente Lucas Ramos. Parabéns por esta audiência tão importante para o nosso País!

Queria começar com o tema Saque-Aniversário, Ministro. ","Eu diria, conversando com os trabalhadores do meu País, que seria cruel e até maligno o fim do Saque-Aniversário, que é como se fosse o 14º salário do trabalhador."," Eu não estou falando nem de empréstimo, eu estou falando do dinheiro que ele pode sacar.

O senhor mesmo falou nas suas palavras aqui que o dinheiro é dele, o dinheiro não pertence ao Governo. Inclusive, o Governo trata muito mal o dinheiro; o rendimento do FGTS é pífio em relação a outros rendimentos. O dinheiro é dele.

Então, não se justifica tirar a oportunidade do trabalhador de ter o Saque-Aniversário somente porque foi criado no Governo Bolsonaro. Eu sei que em 2020, quando ele foi criado, 34,5 milhões de trabalhadores já o utilizaram. Eu não sei quantas mensagens o senhor recebeu reclamando do Saque-Aniversário, mas eu lhe afirmo que não foram 34 milhões, fica longe disso.

Desses 34,5 milhões, nós conseguimos colocar na economia 75 bilhões de reais  dinheiro na veia da economia. Dos trabalhadores que pegam esse dinheiro, e já temos uma pesquisa sobre como ele o gasta, 57% o usam para pagar dívidas.

Todo mundo tem dívida. Esta é a vida real, Ministro, todo mundo tem dívida para pagar.

O trabalhador tem a oportunidade, em vez de pagar uma dívida com juros altíssimos  porque geralmente o trabalhador está negativado, e, nessas situações, os juros de algumas instituições financeiras chegam até 20%, de maneira cruel, pior do que agiotas  de receber o Saque-Aniversário, que é dele, lembro isso, e pagar uma dívida, comprar material escolar, comprar uma geladeira, não sei. O dinheiro é dele, ele tem que saber como gastar, e ele saberá como gastar.

Se há algumas pessoas que gastaram de maneira errada, nós não podemos punir 34,5 milhões de pessoas que já o utilizaram e vão continuar utilizando.

O senhor falou sobre o FGTS. Temos que trazer este número para que a população saiba que o FGTS não está sendo prejudicado com o Saque-Aniversário. Desde a criação dele, em 2020, até agora, em 2023, o fundo aumentou 14,3%.

É lógico que, se eu coloco recurso no mercado, 75 bilhões de reais, esse dinheiro vai para o comércio. Se o dinheiro vai para o comércio, são mais empregos gerados no nosso País e é mais gente pagando o FGTS. Naturalmente, o fundo vai aumentar. E os números não mentem, não. Nós não podemos contestar os números. Contra fatos não há argumentos.

Então, desde a criação do Saque-Aniversário, o fundo aumentou 14,3%. Nós não estamos, com o Saque-Aniversário, prejudicando o fundo. Se o fundo serve para saneamento básico, moradia...

Presidente, peço a V.Exa. que acrescente ao meu tempo o tempo de Liderança.

",PUBLIC_HEARING,24/04/2024,Substituição do saque-aniversário do FGTS por empréstimo consignado com juros mais baixos,"Eu agradeço a todos a presença, as exposições. Nós conseguimos hoje aprofundar muito esse tema. Logicamente, não se esgotou o assunto, que tem uma complexidade. Precisamos agora de um cálculo atuarial. Então, vamos cobrar isso. Vou fazer o requerimento ao fundo para que traga esse esclarecimento.

Agora eu queria deixar uma reflexão sobre o que foi dito hoje. Primeiro, jamais queremos fragilizar o FGTS. Seria insano fazer isso. Eu, como representante do povo, sei da importância do FGTS para a sociedade. Sou de Manaus. Só para que você tenha uma ideia, Manaus só tem 25% de tratamento de esgoto. Eu quero entender por que não temos projetos em que se use o FGTS para melhorar essa condição tão precária da cidade de Manaus. Se conseguimos aumentar o fundo, mesmo com saque-aniversário, não foi que deixamos de construir novas habitações e fazer mais obras de saneamento básico. Não. Acho que nós, o poder público, não estamos fazendo bem a nossa parte, os projetos adequados, não estamos colocando realmente a mão na massa e utilizando o fundo, que está aí. Não estamos sabendo utilizar bem esse fundo.

Não podemos nos esquecer de que esse fundo foi criado  Elson relembrou bem e até corrigiu o meu amigo Edison  para proteger o trabalhador. Ele é a figura central do FGTS. É ele que tem que ser protegido. O fundo é para ele. Logicamente, o recurso é utilizado porque o trabalhador precisa de moradia, precisa de mais saneamento básico, sim, mas o fundo foi criado principalmente para protegê-lo. E o principal bem é a vida. Quando foi criado o saque-aniversário, logo depois veio a pandemia. Então, esse recurso foi utilizado para salvar vidas. Foram injetados bilhões na nossa economia, e 34 milhões de pessoas utilizaram o saque-aniversário.Será que, como foi questionado aqui, esses 34 milhões de trabalhadores queriam comprar só ovo de Páscoa? Não, não foi isso. Foi para salvar vida, foi para pagar uma dívida mais cara. Naquele momento, foi uma oportunidade que ele teve de fazer o cálculo.

Vocês viram que eu sou capitão, fui policial. Eu lembro que uma vez eu estava aperreado no cartão de crédito, com parcelas do carro e do apartamento. Aí eu falei:""Caramba"".A dívida do cartão de crédito, como vocês sabem, tem juro altíssimo  FEBRABAN, é muito alto o juro do cartão de crédito. Então, peguei um crédito consignado do meu salário, mas comprometi a minha renda. Comprometi em parte, porque eu peguei esse crédito e paguei as minhas dívidas, com juro menor. A parcela cabia no meu salário. Mas o saque FGTS não compromete nem a sua renda inicial neste momento que nós vivemos. E, quando colocamos dinheiro na economia, conseguimos mais trabalhadores no trabalho formal. Os empregados estão reinjetando, retroalimentando o FGTS.

Agora, também ficou claro nas exposições que o saque-aniversário precisa de aprimoramento. Ficou nítido que precisamos de uma outra audiência para aprimorar as sugestões, porque não adianta vir aqui criticar e não trazer alguma solução dentro dessas discussões. Acho que, dentro dessas discussões, temos que trazer solução.

A ideia do Governo  e parabenizo o Governo em relação a isso, e olha que eu sou Oposição  é a criação de um novo crédito do consignado do setor privado. Eu acho que essa é uma saída, mas não é, como o Presidente do grupo do Zetta falou, excludente. Você tem que dar as opções, botar na prateleira do trabalhador e deixar o trabalhador decidir, porque o dinheiro é dele, é ele que está lá suando, é ele que acorda cedo, é ele que vai pegar ônibus lotado, é ele que vai sustentar a sua família. O dinheiro pertence ao trabalhador, é lógico que sem prejudicar o fundo e sem ser insano com relação a isso. Mas nós, políticos, homens públicos, temos que levar soluções para os trabalhadores do nosso País e dar a eles as melhores opções. Se ele estiver negativado, ele tem a opção do saque-aniversário. Se ele não tiver mais a opção do saque-aniversário, vai procurar uma empresa que tem uma propaganda que é muito simples: ""Se você está negativado, é só vir para cá para pegar crédito conosco"". Só que o juro, Secretário, chega a ser de 20% a 23%! Esse é o juro para quem está negativado. Então, você sai de um juro do saque-aniversário de 2% e passa para outro, de 20%. Isso, sim, é ser cruel com o trabalhador.

Acho que precisamos aprimorar o saque-aniversário, mas acabar neste momento seria uma solução muito cruel para os trabalhadores. Eu sei que não é esse o objetivo do Governo. Quero dizer para o Governo que estou aqui à disposição para que possamos aprimorar esse projeto, mas que não conte comigo para finalizá-lo, para acabar com ele. É isso.

Muito obrigado a todos. Parabéns pelas apresentações. Agradeço aos senhores e às senhoras, convidados ilustres.

Nada mais havendo a tratar, encerro a presente reunião. Antes, convoco a reunião de audiência pública para quinta-feira, dia 25, às 9h30min, no Plenário 12 do Anexo II da Câmara dos Deputados, para debater itens da pauta.

Declaro encerrada a reunião.","Eu agradeço a todos a presença, as exposições. Nós conseguimos hoje aprofundar muito esse tema. Logicamente, não se esgotou o assunto, que tem uma complexidade. Precisamos agora de um cálculo atuarial. Então, vamos cobrar isso. Vou fazer o requerimento ao fundo para que traga esse esclarecimento.

Agora eu queria deixar uma reflexão sobre o que foi dito hoje. Primeiro, jamais queremos fragilizar o FGTS. Seria insano fazer isso. Eu, como representante do povo, sei da importância do FGTS para a sociedade. Sou de Manaus. Só para que você tenha uma ideia, Manaus só tem 25% de tratamento de esgoto. Eu quero entender por que não temos projetos em que se use o FGTS para melhorar essa condição tão precária da cidade de Manaus. Se conseguimos aumentar o fundo, mesmo com saque-aniversário, não foi que deixamos de construir novas habitações e fazer mais obras de saneamento básico. Não. Acho que nós, o poder público, não estamos fazendo bem a nossa parte, os projetos adequados, não estamos colocando realmente a mão na massa e utilizando o fundo, que está aí. Não estamos sabendo utilizar bem esse fundo.

Não podemos nos esquecer de que esse fundo foi criado  Elson relembrou bem e até corrigiu o meu amigo Edison  para proteger o trabalhador. Ele é a figura central do FGTS. É ele que tem que ser protegido. O fundo é para ele. Logicamente, o recurso é utilizado porque o trabalhador precisa de moradia, precisa de mais saneamento básico, sim, mas o fundo foi criado principalmente para protegê-lo. E o principal bem é a vida. Quando foi criado o saque-aniversário, logo depois veio a pandemia. Então, esse recurso foi utilizado para salvar vidas. Foram injetados bilhões na nossa economia, e 34 milhões de pessoas utilizaram o saque-aniversário.Será que, como foi questionado aqui, esses 34 milhões de trabalhadores queriam comprar só ovo de Páscoa? Não, não foi isso. Foi para salvar vida, foi para pagar uma dívida mais cara. Naquele momento, foi uma oportunidade que ele teve de fazer o cálculo.

Vocês viram que eu sou capitão, fui policial. Eu lembro que uma vez eu estava aperreado no cartão de crédito, com parcelas do carro e do apartamento. Aí eu falei:""Caramba"".A dívida do cartão de crédito, como vocês sabem, tem juro altíssimo  FEBRABAN, é muito alto o juro do cartão de crédito. Então, peguei um crédito consignado do meu salário, mas comprometi a minha renda. Comprometi em parte, porque eu peguei esse crédito e paguei as minhas dívidas, com juro menor. A parcela cabia no meu salário. Mas o saque FGTS não compromete nem a sua renda inicial neste momento que nós vivemos. E, quando colocamos dinheiro na economia, conseguimos mais trabalhadores no trabalho formal. Os empregados estão reinjetando, retroalimentando o FGTS.

Agora, também ficou claro nas exposições que o saque-aniversário precisa de aprimoramento. Ficou nítido que precisamos de uma outra audiência para aprimorar as sugestões, porque não adianta vir aqui criticar e não trazer alguma solução dentro dessas discussões. Acho que, dentro dessas discussões, temos que trazer solução.

A ideia do Governo  e parabenizo o Governo em relação a isso, e olha que eu sou Oposição  é a criação de um novo crédito do consignado do setor privado. Eu acho que essa é uma saída, mas não é, como o Presidente do grupo do Zetta falou, excludente. Você tem que dar as opções, botar na prateleira do trabalhador e deixar o trabalhador decidir, porque o dinheiro é dele, é ele que está lá suando, é ele que acorda cedo, é ele que vai pegar ônibus lotado, é ele que vai sustentar a sua família. O dinheiro pertence ao trabalhador, é lógico que sem prejudicar o fundo e sem ser insano com relação a isso. Mas nós, políticos, homens públicos, temos que levar soluções para os trabalhadores do nosso País e dar a eles as melhores opções. Se ele estiver negativado, ele tem a opção do saque-aniversário. Se ele não tiver mais a opção do saque-aniversário, vai procurar uma empresa que tem uma propaganda que é muito simples: ""Se você está negativado, é só vir para cá para pegar crédito conosco"". Só que o juro, Secretário, chega a ser de 20% a 23%! Esse é o juro para quem está negativado. Então, você sai de um juro do saque-aniversário de 2% e passa para outro, de 20%. Isso, sim, é ser cruel com o trabalhador.

","Acho que precisamos aprimorar o saque-aniversário, mas acabar neste momento seria uma solução muito cruel para os trabalhadores."," Eu sei que não é esse o objetivo do Governo. Quero dizer para o Governo que estou aqui à disposição para que possamos aprimorar esse projeto, mas que não conte comigo para finalizá-lo, para acabar com ele. É isso.

Muito obrigado a todos. Parabéns pelas apresentações. Agradeço aos senhores e às senhoras, convidados ilustres.

Nada mais havendo a tratar, encerro a presente reunião. Antes, convoco a reunião de audiência pública para quinta-feira, dia 25, às 9h30min, no Plenário 12 do Anexo II da Câmara dos Deputados, para debater itens da pauta.

Declaro encerrada a reunião.",POSSIBLE_ACTOR_NAME_IN_ORIGINAL_TEXT|POSSIBLE_POLITICAL_ROLE_IN_ORIGINAL_TEXT,YES,YES,O governo deve acabar com o saque-aniversário do FGTS,O governo deve acabar com o saque-aniversário do FGTS,YES,AGAINST,AGAINST,HIGH,HIGH,HIGH,HIGH,HIGH,HIGH,HIGH,"O orador pede o tempo de Liderança, o que sugere que ele lidera uma bancada","Ele conta que é de Manaus, que foi capitão e policial e que é da oposição",
d4c07b40fb424a0c,PUBLIC_HEARING,08/11/2023,Obrigatoriedade da vacinação contra Covid-19 em crianças de 6 meses a 5 anos a partir de 2024,"Obrigada, Deputado Osmar Terra.

Eu quero mostrar aqui uma imagem de hoje  são duas, na verdade:

""Bia Kicis realiza audiência pública para debater obrigatoriedade da imunização contra a COVID-19 em crianças de 6 meses a 5 anos"".Essa é a foto desse veículo de imprensa.

Vamos passar para a próxima, que é de outro veículo:""Projeto de lei impede vacinação obrigatória de crianças contra a COVID"".E aqui estamos eu e o Deputado Delegado Paulo Bilynskyj.

Só de ver a foto  eu acho que não é preciso nem abrir a matéria  já dá para saber o conteúdo da matéria.

Vamos voltar para a outra. Isso é desinformação, porque o jornalista que usou essa foto já traz, subliminarmente, um ataque a esta Presidente da Comissão, que está promovendo o debate, que busca o esclarecimento.

Quando eu vejo, eu já fico rindo, eu acho engraçado. Eu nem preciso abrir, eu já sei quem é a favor e quem é contra.

Pode mostrar a foto mais bonitinha agora, porque eu sou vaidosa. Não precisa deixar essa aí, não. Vamos deixar aquela mais bonitinha.

Então, o que eu quero dizer é que politizar, lacrar, querer jogar um contra o outro, isso é um absurdo numa situação como essa, Dr. Eder.

Nós estamos aqui falando de vidas, e aí eu ouço declarações como, por exemplo:""Deputados bolsonaristas são contra a vacina, são contra a vida"". Nós somos aqueles que lutamos contra o aborto, nós queremos salvar bebês. E, aí, alguém imagina que queremos salvar o bebê no ventre para, depois que ele nascer, nós o matarmos pela falta de vacina? É isso que vocês imaginam? Onde está a lógica nesse tipo de ataque?

Então, nós somos a favor da vida desde a concepção. Nós queremos que os bebês estejam seguros, Dr. Eder, no ventre das mães, fora da barriga das mães, quando estão no bercinho, quando estão em casa, quando vão para a escola.

Se acreditássemos que a vacina contra COVID-19 iria preservar a vida dos bebês, nós seríamos favoráveis. Nós não somos antivax aqui, não. Não existe esse movimento antivax. Ele até existe, mas nós não fazemos parte dele. Como eu disse, até a minha cachorrinha é vacinada.

Mas nós não somos cegos ao que acontece no mundo e nós estamos vendo instituições que perderam a credibilidade, por uma questão de política globalista. Existe uma elite globalista que quer, sim, forçar essa vacinação, inclusive em bebês, e o Brasil está sendo pioneiro nessa obrigação. No resto do mundo, até se pode recomendar, mas não se obriga. Vai começar pelo Brasil, para depois obrigarem nos outros lugares também?

Então, nós não queremos um Governo que seja tirânico, que queira usar de tirania para cima das famílias. Não! Nós queremos um Governo que, como disse o Deputado Dr. Frederico, com todo o dinheiro que tem, com todo o poder que tem, faça uma bela campanha e nos convença, que nos dê os dados que o Deputado Osmar Terra quer. Quantas pessoas morreram, apesar de totalmente vacinadas, quantas? Como é que isso pode acontecer, se a vacina evita a morte? Então, faltam dados.

Existe um processo, existe já o reconhecimento, inclusive do Estado, de pessoas que morreram em razão da vacina. Então, se essa vacina pode inclusive levar ao aumento de mortes no mundo inteiro... Nunca morreram tantos jovens por problemas cardíacos, miocardite grave, morte súbita.Aqui no DF, saiu na semana passada que houve um aumento de 175%, sei lá quanto, de morte súbita. Criança jogando futebol e cai dura. Atletas caindo duros, morrendo.

Vamos fingir que não estamos vendo só porque não queremos passar por negacionistas, antipáticos? Quem está negando a verdade é quem nos acusa de negacionistas, isso sim.

Aliás, esse é o velho brocado: acuse-os do que você faz, xingue-os do que você é. Nós não vamos aceitar isso.

Eu sou uma Parlamentar, fui Presidente da CCJ. Antes de ser Parlamentar, fui Procuradora do DF por 24 anos. Sou mãe, serei avó agora. Estou aqui para lutar pela liberdade, lutar pela verdade. Sou pró-ciência, mas a ciência não é meu Deus, não é meu Deus.(Palmas.)

Eu acredito na ciência, mas, se ela fosse Deus, ela seria imutável, ela seria onipresente, seria imutável, ela seria a mesma no início dos tempos, hoje e até o fim dos tempos. A ciência é mutável. O que é verdade na ciência hoje, amanhã pode não ser mais.

Então, vamos tomar cuidado e vamos parar com essa guerra de narrativas. Eu acho que todos nós aqui temos amor pelas crianças, todos nós, as pessoas que estão aqui aplaudindo o Dr. Eder.

Parabéns pela sua exposição, pela sua educação. A única coisa que eu não gostei foi a sua firmeza em dizer que vai ser imposta a vacina, porque eu vou me opor a isso, enquanto eu tiver forças para lutar e mandato, enquanto eu tiver mandato, pelo qual eu represento milhares de pessoas.(Palmas.)

Eu fui a Deputada mais votada do DF disparadamente e, no Brasil, proporcionalmente, a mais votada. Então, eu represento milhões de pessoas no Brasil, além dos 214.733 mil votos que eu recebi aqui no Distrito Federal. Minha responsabilidade é enorme.

Por isso eu chamei esta audiência. Tempos atrás, quando participei de uma audiência do Ministério da Saúde, quando já se falava em obrigar a vacinar criança sem dar ciência aos pais, sem autorização dos pais, eu fui demonizada pela imprensa e por vários médicos, inclusive, pelo Instituto Brasileiro de Pediatria. É instituto? A Sociedade Brasileira de Pediatria representou contra mim na PGR, porque diante do... Como se chama o documento de conflito de interesse que os médicos têm que assinar? Eu denunciei que havia médico ali, dono de mais de 20 clínicas de vacinação pelo Brasil, dizendo que deveria vacinar sem ouvir os pais. Eu falei: não tem conflito de interesse aqui, não? E, aí, eu fui demonizada.

Eu não vou aceitar, não vou aceitar.

","Obrigada, Deputado Osmar Terra.

Eu quero mostrar aqui uma imagem de hoje  são duas, na verdade:

""Bia Kicis realiza audiência pública para debater obrigatoriedade da imunização contra a COVID-19 em crianças de 6 meses a 5 anos"".Essa é a foto desse veículo de imprensa.

Vamos passar para a próxima, que é de outro veículo:""Projeto de lei impede vacinação obrigatória de crianças contra a COVID"".E aqui estamos eu e o Deputado Delegado Paulo Bilynskyj.

Só de ver a foto  eu acho que não é preciso nem abrir a matéria  já dá para saber o conteúdo da matéria.

Vamos voltar para a outra. Isso é desinformação, porque o jornalista que usou essa foto já traz, subliminarmente, um ataque a esta Presidente da Comissão, que está promovendo o debate, que busca o esclarecimento.

Quando eu vejo, eu já fico rindo, eu acho engraçado. Eu nem preciso abrir, eu já sei quem é a favor e quem é contra.

Pode mostrar a foto mais bonitinha agora, porque eu sou vaidosa. Não precisa deixar essa aí, não. Vamos deixar aquela mais bonitinha.

Então, o que eu quero dizer é que politizar, lacrar, querer jogar um contra o outro, isso é um absurdo numa situação como essa, Dr. Eder.

Nós estamos aqui falando de vidas, e aí eu ouço declarações como, por exemplo:""Deputados bolsonaristas são contra a vacina, são contra a vida"". Nós somos aqueles que lutamos contra o aborto, nós queremos salvar bebês. E, aí, alguém imagina que queremos salvar o bebê no ventre para, depois que ele nascer, nós o matarmos pela falta de vacina? É isso que vocês imaginam? Onde está a lógica nesse tipo de ataque?

Então, nós somos a favor da vida desde a concepção. Nós queremos que os bebês estejam seguros, Dr. Eder, no ventre das mães, fora da barriga das mães, quando estão no bercinho, quando estão em casa, quando vão para a escola.

Se acreditássemos que a vacina contra COVID-19 iria preservar a vida dos bebês, nós seríamos favoráveis. Nós não somos antivax aqui, não. Não existe esse movimento antivax. Ele até existe, mas nós não fazemos parte dele. Como eu disse, até a minha cachorrinha é vacinada.

Mas nós não somos cegos ao que acontece no mundo e nós estamos vendo instituições que perderam a credibilidade, por uma questão de política globalista. ","Existe uma elite globalista que quer, sim, forçar essa vacinação, inclusive em bebês, e o Brasil está sendo pioneiro nessa obrigação."," No resto do mundo, até se pode recomendar, mas não se obriga. Vai começar pelo Brasil, para depois obrigarem nos outros lugares também?

Então, nós não queremos um Governo que seja tirânico, que queira usar de tirania para cima das famílias. Não! Nós queremos um Governo que, como disse o Deputado Dr. Frederico, com todo o dinheiro que tem, com todo o poder que tem, faça uma bela campanha e nos convença, que nos dê os dados que o Deputado Osmar Terra quer. Quantas pessoas morreram, apesar de totalmente vacinadas, quantas? Como é que isso pode acontecer, se a vacina evita a morte? Então, faltam dados.

Existe um processo, existe já o reconhecimento, inclusive do Estado, de pessoas que morreram em razão da vacina. Então, se essa vacina pode inclusive levar ao aumento de mortes no mundo inteiro... Nunca morreram tantos jovens por problemas cardíacos, miocardite grave, morte súbita.Aqui no DF, saiu na semana passada que houve um aumento de 175%, sei lá quanto, de morte súbita. Criança jogando futebol e cai dura. Atletas caindo duros, morrendo.

Vamos fingir que não estamos vendo só porque não queremos passar por negacionistas, antipáticos? Quem está negando a verdade é quem nos acusa de negacionistas, isso sim.

Aliás, esse é o velho brocado: acuse-os do que você faz, xingue-os do que você é. Nós não vamos aceitar isso.

Eu sou uma Parlamentar, fui Presidente da CCJ. Antes de ser Parlamentar, fui Procuradora do DF por 24 anos. Sou mãe, serei avó agora. Estou aqui para lutar pela liberdade, lutar pela verdade. Sou pró-ciência, mas a ciência não é meu Deus, não é meu Deus.(Palmas.)

Eu acredito na ciência, mas, se ela fosse Deus, ela seria imutável, ela seria onipresente, seria imutável, ela seria a mesma no início dos tempos, hoje e até o fim dos tempos. A ciência é mutável. O que é verdade na ciência hoje, amanhã pode não ser mais.

Então, vamos tomar cuidado e vamos parar com essa guerra de narrativas. Eu acho que todos nós aqui temos amor pelas crianças, todos nós, as pessoas que estão aqui aplaudindo o Dr. Eder.

Parabéns pela sua exposição, pela sua educação. A única coisa que eu não gostei foi a sua firmeza em dizer que vai ser imposta a vacina, porque eu vou me opor a isso, enquanto eu tiver forças para lutar e mandato, enquanto eu tiver mandato, pelo qual eu represento milhares de pessoas.(Palmas.)

Eu fui a Deputada mais votada do DF disparadamente e, no Brasil, proporcionalmente, a mais votada. Então, eu represento milhões de pessoas no Brasil, além dos 214.733 mil votos que eu recebi aqui no Distrito Federal. Minha responsabilidade é enorme.

Por isso eu chamei esta audiência. Tempos atrás, quando participei de uma audiência do Ministério da Saúde, quando já se falava em obrigar a vacinar criança sem dar ciência aos pais, sem autorização dos pais, eu fui demonizada pela imprensa e por vários médicos, inclusive, pelo Instituto Brasileiro de Pediatria. É instituto? A Sociedade Brasileira de Pediatria representou contra mim na PGR, porque diante do... Como se chama o documento de conflito de interesse que os médicos têm que assinar? Eu denunciei que havia médico ali, dono de mais de 20 clínicas de vacinação pelo Brasil, dizendo que deveria vacinar sem ouvir os pais. Eu falei: não tem conflito de interesse aqui, não? E, aí, eu fui demonizada.

Eu não vou aceitar, não vou aceitar.

",MINISTER_APPEARANCE,28/11/2023,Debate sobre a vacinação de crianças contra Covid-19,"Ministra, em primeiro lugar, eu quero registrar que eu acho um grande absurdo se tentar confundir, misturar, tratar da mesma forma coisas absolutamente diferentes. Diz-se:""Ah, quando se duvida dessa vacina, questiona-se, busca-se esclarecimento, está-se colocando em dúvida todas as vacinas e, com isso, as pessoas querem parar de tomar vacina"".E isso não é verdade. Nós somos todos favoráveis às vacinas que estão no PNI há muito tempo, que são vacinas seguras, de eficácia comprovada. Algumas já deram problema lá atrás e foram retiradas.

O próprio FDA chama isso de terapia gênica. Então, não dá para misturar essas duas coisas. Nós estamos questionando muito claramente essa terapia gênica, e não as demais vacinas. Quero falar para quem nos ouve: se vocês têm filhos, levem seus filhos para se vacinarem. Entretanto, a vacina da COVID-19 precisa ser debatida. Se a pessoa quiser levar o filho para se vacinar, que o leve. O que nós somos contra é quanto a obrigatoriedade.

Outra coisa que eu quero dizer é que a própria ANVISA informa no Guia nº 42, de 2020, publicado em 29 de dezembro de 2020 e atualizado em 3 de novembro de 2022  que trata dos requisitos mínimos para submissão de solicitação de autorização temporária de uso emergencial, em caráter experimental, das vacinas ,o Termo de Consentimento Livre e Esclarecido a ser assinado pelo paciente, o qual deve estar preenchido com os dados específicos da vacina que se pretende autorizar.

Isso não é observado. Eu pergunto: isso tem sido observado? Isso foi observado? Outra coisa: existe o ato médico. O médico tem que ser responsável, e a pessoa tem que poder ficar liberada de tomar uma vacina diante dos diversos efeitos adversos dela. Não é possível que simplesmente se obrigue e ainda se punam pessoas que não vão ter a oportunidade de procurar um médico para que o filho não possa tomar, para que o filho não tenha que tomar a vacina. E essas pessoas serão punidas, retiradas de programas sociais. Isso é de uma crueldade muito grande.

Nós estamos aqui para proteger vidas. Nós protegemos a vida desde a concepção. Nós não queremos que crianças morram de COVID19. Nós somos aqueles que protegemos a vida desde a concepção. Queremos nossos bebês a salvo.

Quero dizer que recebi aqui do Dr. Chris Flowers a informação de que já não se obriga tomar a vacina na Dinamarca, ao contrário do que foi dito aqui. Não se obriga para pessoas saudáveis abaixo de 65 anos. No Reino Unido, não se recomenda tomar a vacina para menores de 60 anos. Na Suíça, não se recomenda para menores de 65 anos. Na Alemanha, para menores de 65 anos saudáveis e, na Islândia, acabaram de proibir qualquer tipo de vacina contra a COVID19 para qualquer idade. Estou recebendo essa informação aqui. Na Islândia, está proibido. Por que nós temos que tomar?""Porque a ciência determinou.""A ciência do Brasil é diferente das demais ciências? A ciência deveria ser uma só, sempre em evolução, com pesquisas, com dados. Nós queremos os dados. Onde estão os dados de quantas crianças que morreram tinham comorbidade? Essas crianças que morreram eram saudáveis antes da COVID19, ou elas tinham comorbidade? Morreram 48 crianças. Está aqui num estudo que foi liberado pelo próprio Ministério da Saúde. As 48 crianças que morreram tinham ou não comorbidade? Nós queremos saber.

Outra coisa: com relação aos estudos que foram feitos, eu quero dizer que, no caso do Dr. Eder Gatti, que foi coordenador de um estudo que fez o laudo do caso da morte da Isabelle. A Isabelle morreu 8 dias após ser inoculada com a dose da Pfizer. O Governo de São Paulo fez à época uma reunião com 70 especialistas, que, segundo a então Deputada Janaina Paschoal, foi feita em 2 horas por videoconferência, e muitos desses 70 especialistas nem médicos eram. E foi afirmado que ela não havia morrido em decorrência da vacina e que não havia nenhum estudo prévio, nada que dissesse que a pessoa poderia desenvolver essa doença que ela teve, a trombocitopenia.

Acontece que já havia, sim, estudos publicados desse efeito adverso da vacina contra a COVID19. Esses efeitos já estavam descritos na literatura mundial desde o ano de 2021 e foram ignorados pelos 70 especialistas, inclusive pelo Dr. Eder Gatti, que está aqui e foi coordenador desse estudo. Isso coloca sim em xeque a credibilidade do Dr. Eder Gatti.

Eu tenho recebido muitas denúncias desse laudo que ele coordenou, do qual foi responsável e omitiu que já havia esses estudos prévios. Ele simplesmente os omitiu.

","Ministra, em primeiro lugar, eu quero registrar que eu acho um grande absurdo se tentar confundir, misturar, tratar da mesma forma coisas absolutamente diferentes. Diz-se:""Ah, quando se duvida dessa vacina, questiona-se, busca-se esclarecimento, está-se colocando em dúvida todas as vacinas e, com isso, as pessoas querem parar de tomar vacina"".E isso não é verdade. Nós somos todos favoráveis às vacinas que estão no PNI há muito tempo, que são vacinas seguras, de eficácia comprovada. Algumas já deram problema lá atrás e foram retiradas.

O próprio FDA chama isso de terapia gênica. Então, não dá para misturar essas duas coisas. ","Nós estamos questionando muito claramente essa terapia gênica, e não as demais vacinas."," Quero falar para quem nos ouve: se vocês têm filhos, levem seus filhos para se vacinarem. Entretanto, a vacina da COVID-19 precisa ser debatida. Se a pessoa quiser levar o filho para se vacinar, que o leve. O que nós somos contra é quanto a obrigatoriedade.

Outra coisa que eu quero dizer é que a própria ANVISA informa no Guia nº 42, de 2020, publicado em 29 de dezembro de 2020 e atualizado em 3 de novembro de 2022  que trata dos requisitos mínimos para submissão de solicitação de autorização temporária de uso emergencial, em caráter experimental, das vacinas ,o Termo de Consentimento Livre e Esclarecido a ser assinado pelo paciente, o qual deve estar preenchido com os dados específicos da vacina que se pretende autorizar.

Isso não é observado. Eu pergunto: isso tem sido observado? Isso foi observado? Outra coisa: existe o ato médico. O médico tem que ser responsável, e a pessoa tem que poder ficar liberada de tomar uma vacina diante dos diversos efeitos adversos dela. Não é possível que simplesmente se obrigue e ainda se punam pessoas que não vão ter a oportunidade de procurar um médico para que o filho não possa tomar, para que o filho não tenha que tomar a vacina. E essas pessoas serão punidas, retiradas de programas sociais. Isso é de uma crueldade muito grande.

Nós estamos aqui para proteger vidas. Nós protegemos a vida desde a concepção. Nós não queremos que crianças morram de COVID19. Nós somos aqueles que protegemos a vida desde a concepção. Queremos nossos bebês a salvo.

Quero dizer que recebi aqui do Dr. Chris Flowers a informação de que já não se obriga tomar a vacina na Dinamarca, ao contrário do que foi dito aqui. Não se obriga para pessoas saudáveis abaixo de 65 anos. No Reino Unido, não se recomenda tomar a vacina para menores de 60 anos. Na Suíça, não se recomenda para menores de 65 anos. Na Alemanha, para menores de 65 anos saudáveis e, na Islândia, acabaram de proibir qualquer tipo de vacina contra a COVID19 para qualquer idade. Estou recebendo essa informação aqui. Na Islândia, está proibido. Por que nós temos que tomar?""Porque a ciência determinou.""A ciência do Brasil é diferente das demais ciências? A ciência deveria ser uma só, sempre em evolução, com pesquisas, com dados. Nós queremos os dados. Onde estão os dados de quantas crianças que morreram tinham comorbidade? Essas crianças que morreram eram saudáveis antes da COVID19, ou elas tinham comorbidade? Morreram 48 crianças. Está aqui num estudo que foi liberado pelo próprio Ministério da Saúde. As 48 crianças que morreram tinham ou não comorbidade? Nós queremos saber.

Outra coisa: com relação aos estudos que foram feitos, eu quero dizer que, no caso do Dr. Eder Gatti, que foi coordenador de um estudo que fez o laudo do caso da morte da Isabelle. A Isabelle morreu 8 dias após ser inoculada com a dose da Pfizer. O Governo de São Paulo fez à época uma reunião com 70 especialistas, que, segundo a então Deputada Janaina Paschoal, foi feita em 2 horas por videoconferência, e muitos desses 70 especialistas nem médicos eram. E foi afirmado que ela não havia morrido em decorrência da vacina e que não havia nenhum estudo prévio, nada que dissesse que a pessoa poderia desenvolver essa doença que ela teve, a trombocitopenia.

Acontece que já havia, sim, estudos publicados desse efeito adverso da vacina contra a COVID19. Esses efeitos já estavam descritos na literatura mundial desde o ano de 2021 e foram ignorados pelos 70 especialistas, inclusive pelo Dr. Eder Gatti, que está aqui e foi coordenador desse estudo. Isso coloca sim em xeque a credibilidade do Dr. Eder Gatti.

Eu tenho recebido muitas denúncias desse laudo que ele coordenou, do qual foi responsável e omitiu que já havia esses estudos prévios. Ele simplesmente os omitiu.

",POSSIBLE_ACTOR_NAME_IN_ORIGINAL_TEXT|POSSIBLE_POLITICAL_ROLE_IN_ORIGINAL_TEXT,YES,YES,A vacina contra a Covid-19 deve ser obrigatória para crianças de 6 meses a 5 anos,A vacina contra a Covid-19 deve ser obrigatória para crianças (não menciona idade diretamente),YES,AGAINST,AGAINST,HIGH,HIGH,HIGH,HIGH,HIGH,HIGH,HIGH,"Se auto identifica como a deputada Bia Kicis, porque mostra uma manchete com o próprio nome",,
4cffd4e8a3906c01,SEMINAR,06/12/2023,Debate sobre ativismo judicial na Câmara dos Deputados,"Sr. Presidente, eu serei breve. Farei aqui apenas umas breves digressões.

Eu escutei aqui atentamente a fala dos expositores, em especial a do Dr. Pedro, que trouxe aqui para nós alguns casos, efetivamente, de conflitos, de zona cinzenta em que os Poderes, eventualmente, um se imiscui naquilo que seria função, classicamente, do outro. Isso acontece no dia a dia, é verdade. Eventualmente, o Poder Legislativo se intromete em alguma coisa que tenha a ver com o Poder Executivo, e com o Judiciário quase que nunca.

Mas o que é grave e eu quero trazer aqui é que não poucas vezes, nos últimos anos, o Poder Judiciário, em especial o Supremo, de maneira muito flagrante, tem adentrado naquilo que é a competência do Poder Legislativo, muitas vezes sob duas justificativas. A primeira é que algum tema necessita de uma lei. Um tema novo, uma novidade, não há uma lei que verse sobre aquele tema. O Congresso não vota, não aprova, e aí há uma questão judicial a ser julgada. Estou dando o exemplo do Supremo porque o Supremo é que está, realmente, aqui nestas discussões. E o Supremo, então, tendo a obrigação, é óbvio, de decidir uma questão, um processo, decide, não havendo uma lei, e então acha aí um conjunto de conceitos e de princípios e se baseia neles para decidir aquilo. Mas, depois disso, ele dá repercussão geral. Aí, sim, ele está flagrantemente invadindo a competência do Poder Legislativo.

O Dr. Eduardo Lycurgo aqui mencionou que, muitas vezes, a legislação é antiga, a sociedade evolui. Isso é natural. E aí há uma pressão no sentido, inclusive, de modificar uma lei antiga que existe, que precisa ser respeitada porque é lei, mas há uma pressão social no sentido de modificar aquela lei. E, nesse ímpeto, então, o Poder Judiciário... Como diz o Dr. Lycurgo, às vezes, é bom um pequeno ativismo judiciário para corrigir essa pequena... Não é! Não é! Não é! Quem tem competência e quem deve exprimir a voz da população, os anseios do povo, da sociedade, é o Poder Legislativo. Ele é que foi votado, ele é que foi escolhido para isso. E se, frequentemente, o Poder Legislativo silencia em função de determinado tema, muitas vezes é um silêncio eloquente, é porque não há o necessário amadurecimento ainda para legislar sobre aquilo. Se o Supremo precisa julgar uma questão sobre aquele tema  ter que julgar é a missão dele , que julgue aquele caso em concreto. Ponto final. E que pode até ser a base para uma legislação futura que o Poder Legislativo faça.

Mas temos visto, lamentavelmente, com muita frequência, o Supremo não só legislar preenchendo lacunas, como legislar modificando o que existe. Mas com frequência!

A lei já existe. A lei fala A claramente no texto legal, sem muita dúvida de interpretação, e o Supremo vai lá e fala B. Então, o Supremo legislou, e isso acontece com muita frequência, infelizmente.

Então, eu tenho o máximo respeito pelo Poder Judiciário, pelo Supremo Tribunal Federal. Sou daqueles que acham que sentença cumpre-se, não se discute, mas as sentenças precisam ser no sentido de julgar o fato concreto.

O que eu tenho percebido  essa é uma análise que faço, e peço ao eminente Presidente mais 1 minuto  é um viés de alguns Ministros, e a moda está pegando, quanto ao chamado pós-positivismo, neoconstitucionalismo, em que a letra da lei não tem o mesmo valor de um direito teórico intrínseco, e quem tem o poder de interpretar esse direito subjetivo é somente o Supremo, acima do que diz a lei. Eu, sinceramente, não sou daqueles que concordam com essa tese.

Então, para encerrar aqui a minha fala, Sr. Presidente, eu acho que o Supremo precisa ser mais prudente. Eventualmente isso acontece? É claro que sim, é natural, todos nós somos humanos, mas há momentos em que, de maneira clara e evidente, o Supremo atropela a lei. Há vários exemplos disso.

Eu me recordo que, em uma lei eleitoral, o Supremo mudou a composição das Câmaras Municipais por causa de um julgamento. Num caso clássico, o Código Civil falava que família se dá com a união entre homem e mulher. A modernidade dos tempos mostrou que hoje a sociedade tolera e que passa a ser normal, o que é perfeitamente compreensível, haver a união de indivíduos do mesmo sexo. Entende-se perfeitamente isso. E aí o Supremo resolveu modificar a lei. Mas isso não é competência do Supremo.

O Supremo tem que defender a lei. A lei que existe hoje é essa. A pressão que deve haver da sociedade, e é real nesse caso concreto, é uma pressão ao Congresso Nacional, para que o Congresso Nacional, representando a população, sim, modifique a lei. O Supremo Tribunal Federal tem que ser o defensor da lei. O que está escrito cumpre-se. Essa é a principal função do Supremo, a meu ver. Acho que ele deve agir com mais prudência, evitando ao máximo o chamado ativismo judicial.

Muito obrigado, Sr. Presidente.

","Sr. Presidente, eu serei breve. Farei aqui apenas umas breves digressões.

Eu escutei aqui atentamente a fala dos expositores, em especial a do Dr. Pedro, que trouxe aqui para nós alguns casos, efetivamente, de conflitos, de zona cinzenta em que os Poderes, eventualmente, um se imiscui naquilo que seria função, classicamente, do outro. Isso acontece no dia a dia, é verdade. Eventualmente, o Poder Legislativo se intromete em alguma coisa que tenha a ver com o Poder Executivo, e com o Judiciário quase que nunca.

Mas o que é grave e eu quero trazer aqui é que não poucas vezes, nos últimos anos, o Poder Judiciário, em especial o Supremo, de maneira muito flagrante, tem adentrado naquilo que é a competência do Poder Legislativo, muitas vezes sob duas justificativas. A primeira é que algum tema necessita de uma lei. Um tema novo, uma novidade, não há uma lei que verse sobre aquele tema. O Congresso não vota, não aprova, e aí há uma questão judicial a ser julgada. Estou dando o exemplo do Supremo porque o Supremo é que está, realmente, aqui nestas discussões. E o Supremo, então, tendo a obrigação, é óbvio, de decidir uma questão, um processo, decide, não havendo uma lei, e então acha aí um conjunto de conceitos e de princípios e se baseia neles para decidir aquilo. Mas, depois disso, ele dá repercussão geral. Aí, sim, ele está flagrantemente invadindo a competência do Poder Legislativo.

O Dr. Eduardo Lycurgo aqui mencionou que, muitas vezes, a legislação é antiga, a sociedade evolui. Isso é natural. E aí há uma pressão no sentido, inclusive, de modificar uma lei antiga que existe, que precisa ser respeitada porque é lei, mas há uma pressão social no sentido de modificar aquela lei. E, nesse ímpeto, então, o Poder Judiciário... Como diz o Dr. Lycurgo, às vezes, é bom um pequeno ativismo judiciário para corrigir essa pequena... Não é! Não é! Não é! ","Quem tem competência e quem deve exprimir a voz da população, os anseios do povo, da sociedade, é o Poder Legislativo."," Ele é que foi votado, ele é que foi escolhido para isso. E se, frequentemente, o Poder Legislativo silencia em função de determinado tema, muitas vezes é um silêncio eloquente, é porque não há o necessário amadurecimento ainda para legislar sobre aquilo. Se o Supremo precisa julgar uma questão sobre aquele tema  ter que julgar é a missão dele , que julgue aquele caso em concreto. Ponto final. E que pode até ser a base para uma legislação futura que o Poder Legislativo faça.

Mas temos visto, lamentavelmente, com muita frequência, o Supremo não só legislar preenchendo lacunas, como legislar modificando o que existe. Mas com frequência!

A lei já existe. A lei fala A claramente no texto legal, sem muita dúvida de interpretação, e o Supremo vai lá e fala B. Então, o Supremo legislou, e isso acontece com muita frequência, infelizmente.

Então, eu tenho o máximo respeito pelo Poder Judiciário, pelo Supremo Tribunal Federal. Sou daqueles que acham que sentença cumpre-se, não se discute, mas as sentenças precisam ser no sentido de julgar o fato concreto.

O que eu tenho percebido  essa é uma análise que faço, e peço ao eminente Presidente mais 1 minuto  é um viés de alguns Ministros, e a moda está pegando, quanto ao chamado pós-positivismo, neoconstitucionalismo, em que a letra da lei não tem o mesmo valor de um direito teórico intrínseco, e quem tem o poder de interpretar esse direito subjetivo é somente o Supremo, acima do que diz a lei. Eu, sinceramente, não sou daqueles que concordam com essa tese.

Então, para encerrar aqui a minha fala, Sr. Presidente, eu acho que o Supremo precisa ser mais prudente. Eventualmente isso acontece? É claro que sim, é natural, todos nós somos humanos, mas há momentos em que, de maneira clara e evidente, o Supremo atropela a lei. Há vários exemplos disso.

Eu me recordo que, em uma lei eleitoral, o Supremo mudou a composição das Câmaras Municipais por causa de um julgamento. Num caso clássico, o Código Civil falava que família se dá com a união entre homem e mulher. A modernidade dos tempos mostrou que hoje a sociedade tolera e que passa a ser normal, o que é perfeitamente compreensível, haver a união de indivíduos do mesmo sexo. Entende-se perfeitamente isso. E aí o Supremo resolveu modificar a lei. Mas isso não é competência do Supremo.

O Supremo tem que defender a lei. A lei que existe hoje é essa. A pressão que deve haver da sociedade, e é real nesse caso concreto, é uma pressão ao Congresso Nacional, para que o Congresso Nacional, representando a população, sim, modifique a lei. O Supremo Tribunal Federal tem que ser o defensor da lei. O que está escrito cumpre-se. Essa é a principal função do Supremo, a meu ver. Acho que ele deve agir com mais prudência, evitando ao máximo o chamado ativismo judicial.

Muito obrigado, Sr. Presidente.

",PUBLIC_HEARING,16/04/2024,Participação da Câmara na definição das regras de renovação das concessões das distribuidoras de energia elétrica,"Sr. Presidente, todos sabem da importância das concessionárias para o setor elétrico. Isso foi muito bem explicado aqui. Infelizmente, nos dias atuais, as concessionárias, lamentavelmente, não estão cumprindo a lei. Eu clamo que a ANEEL seja mais firme na fiscalização.

Um levantamento que me apresentaram mostra que, no ano de 2023, houve uma queda de financiamento, de investimento na geração distribuída, em uma faixa de 2 bilhões de reais. Essa queda de 61% no investimento ocorreu em função do que as distribuidoras têm feito com os empreendimentos de geração distribuída. Elas não obedecem às normas, não obedecem à lei, não obedecem às resoluções da ANEEL e estão criando uma dificuldade imensa para um segmento que tem uma capilaridade gigantesca em todo o País. Se houve diminuição de 61% nos investimentos no ano de 2023, seguramente houve redução também de emprego e de renda para milhares de famílias em todo o Brasil.

Na renovação das concessões, o modelo deve adotar uma nova concepção, como foi dito aqui por todos que me antecederam. Lamentavelmente, quando houve a convocação desta audiência pública, ainda não tinha sido apensado um projeto de nossa autoria, o Projeto de Lei nº 970, de 2024, que já está apensado ao Projeto de Lei nº 4.831, de 2023. Eu trago algumas iniciativas que estão na lei de concessões de rodovias. Nas concessões de rodovias, são exigidos das concessionárias que pretendem a renovação: caderno de obrigações, cronograma de investimentos, audiências públicas, discussão com o TCU. Isso tudo está na lei das concessões das rodovias.Eu trouxe isso no PL 970/24, que já está apensado. Penso que isso também deveria estar presente, além de outros critérios importantíssimos, como vários que foram ditos aqui, de fiscalização e de punição pelo não cumprimento dos critérios. Hoje, as concessionárias não cumprem a lei, não cumprem a regulação e, quando a ANEEL as autua, tudo fica por isso mesmo.

Segundo os dados que me chegam, houve no último ano cerca de 17 mil reclamações à ANEEL de consumidores que tentaram buscar empreendimentos de geração distribuída em todo o Brasil. Isso mostra que alguma falha que está acontecendo com as distribuidoras é recorrente. Numa reunião desta Comissão na semana passada, eu trouxe exemplos que beiravam o ridículo. Um deles foi o da concessionária sugerindo que o gerador de energia solar produza a partir das 19 horas. Além disso, negou-se conexão de 1 quilowatt porque potencialmente poderia causar perturbação no fluxo, na subestação. Sabemos que isso é mentira.

Os critérios para renovação ou para escolha das concessões precisam ser muito mais firmes, muito mais contundentes. A agência regulatória deve ser mais incisiva  é um pleito que fazemos  na fiscalização e na punição pelos desvios que acontecem cotidianamente.

Essa é a nossa contribuição, Presidente.

Muito obrigado.

","Sr. Presidente, todos sabem da importância das concessionárias para o setor elétrico. Isso foi muito bem explicado aqui. Infelizmente, nos dias atuais, as concessionárias, lamentavelmente, não estão cumprindo a lei. Eu clamo que a ANEEL seja mais firme na fiscalização.

Um levantamento que me apresentaram mostra que, no ano de 2023, houve uma queda de financiamento, de investimento na geração distribuída, em uma faixa de 2 bilhões de reais. Essa queda de 61% no investimento ocorreu em função do que as distribuidoras têm feito com os empreendimentos de geração distribuída. ","Elas não obedecem às normas, não obedecem à lei, não obedecem às resoluções da ANEEL e estão criando uma dificuldade imensa para um segmento que tem uma capilaridade gigantesca em todo o País."," Se houve diminuição de 61% nos investimentos no ano de 2023, seguramente houve redução também de emprego e de renda para milhares de famílias em todo o Brasil.

Na renovação das concessões, o modelo deve adotar uma nova concepção, como foi dito aqui por todos que me antecederam. Lamentavelmente, quando houve a convocação desta audiência pública, ainda não tinha sido apensado um projeto de nossa autoria, o Projeto de Lei nº 970, de 2024, que já está apensado ao Projeto de Lei nº 4.831, de 2023. Eu trago algumas iniciativas que estão na lei de concessões de rodovias. Nas concessões de rodovias, são exigidos das concessionárias que pretendem a renovação: caderno de obrigações, cronograma de investimentos, audiências públicas, discussão com o TCU. Isso tudo está na lei das concessões das rodovias.Eu trouxe isso no PL 970/24, que já está apensado. Penso que isso também deveria estar presente, além de outros critérios importantíssimos, como vários que foram ditos aqui, de fiscalização e de punição pelo não cumprimento dos critérios. Hoje, as concessionárias não cumprem a lei, não cumprem a regulação e, quando a ANEEL as autua, tudo fica por isso mesmo.

Segundo os dados que me chegam, houve no último ano cerca de 17 mil reclamações à ANEEL de consumidores que tentaram buscar empreendimentos de geração distribuída em todo o Brasil. Isso mostra que alguma falha que está acontecendo com as distribuidoras é recorrente. Numa reunião desta Comissão na semana passada, eu trouxe exemplos que beiravam o ridículo. Um deles foi o da concessionária sugerindo que o gerador de energia solar produza a partir das 19 horas. Além disso, negou-se conexão de 1 quilowatt porque potencialmente poderia causar perturbação no fluxo, na subestação. Sabemos que isso é mentira.

Os critérios para renovação ou para escolha das concessões precisam ser muito mais firmes, muito mais contundentes. A agência regulatória deve ser mais incisiva  é um pleito que fazemos  na fiscalização e na punição pelos desvios que acontecem cotidianamente.

Essa é a nossa contribuição, Presidente.

Muito obrigado.

",POSSIBLE_POLITICAL_ROLE_IN_ORIGINAL_TEXT|POSSIBLE_PARTY_IN_ORIGINAL_TEXT,YES,YES,"O STF deve evitar o ativismo judicial, deixando ao Legislativo a criação e a modificação de leis.",O governo precisa cobrar mais das distribuidoras de energia na antes de renovar as suas concessões,NO,FAVOR,FAVOR,HIGH,HIGH,HIGH,HIGH,HIGH,HIGH,HIGH,,O orador conta que apresentou o PL 970 de 2024 sobre o tema e que já levou exemplos à Comissão na semana anterior,
0138e27cd0f53d95,PUBLIC_HEARING,04/10/2023,Consolidação de políticas públicas para idosos no contexto dos 20 anos do Estatuto do Idoso,"Boa tarde a todos e a todas.

Invocando as bênçãos e a proteção divina, eu declaro aberta a Reunião de Audiência Pública da Comissão de Defesa dos Direitos da Pessoa Idosa.

Esta reunião foi convocada para celebrar os 20 anos da promulgação do Estatuto da Pessoa Idosa, em atendimento ao Requerimento nº 40, de 2023, de minha autoria.

Antes de dar início aos debates, eu informo ao Plenário que esta Comissão foi presenteada com o primeiro Estatuto da Pessoa Idosa, em braille, pela Rede Ibero-Americana de Associações de Idosos  RIAAM, do Brasil. Nós aproveitamos essa iniciativa tão louvável e bonita e vamos estabelecer uma parceria para que possamos impulsionar essa ideia e esse projeto. Gostaria de agradecer essa lembrança e essa iniciativa e dizer que nós vamos, pela Comissão, propagar essa ideia com novos exemplares, fazer parcerias com as instituições, com as Câmaras Municipais, as Assembleias Legislativas, para que possam, também através do instrumento em cada Casa, potencializar essa iniciativa tão bonita.

Esta audiência pública está sendo transmitida ao vivo pelo canal da Comissão e também pelo Youtube oficial da Câmara dos Deputados, portanto, nós temos um acompanhamento bem significativo na audiência do dia de hoje.

Antes de chamar as autoridades, vou fazer um breve relato do material técnico que nós preparamos. O Estatuto da Pessoa Idosa, Lei nº 10.741, de 2003, completou 20 anos neste domingo. O Brasil avançou consideravelmente na proteção das pessoas mais velhas, mas há, ainda, parte de determinações legais que não é obedecida. Outro desafio observado é o pouco conhecimento da sociedade acerca do Estatuto, o que prejudica também a sua execução. A norma que garante uma série de direitos à população a partir dos 60 anos de idade e prevê punições a quem os desrespeita nasceu de um projeto de lei apresentado em 1997 pelo hoje Senador Paulo Paim, na época Deputado Federal. Após a aprovação na Câmara e no Senado, o Estatuto da Pessoa Idosa foi sancionado pelo Presidente Luiz Inácio Lula da Silva, em 1º de outubro de 2003. Essa foi a data escolhida para a criação da lei, por ser o Dia Internacional da Pessoa Idosa.

O Estatuto da Pessoa Idosa foi criado no momento de transição demográfica, em que a população brasileira deixava de ser jovem e começava a se tornar idosa, seguindo o caminho já trilhado por países desenvolvidos. No caso deste País, o envelhecimento ocorreu lentamente, no decorrer do século passado, o que lhes deu tempo para fazer os ajustes necessários à inclusão social da população idosa. No Brasil, o processo é recente e bem mais acelerado. Em 1980, apenas 6% dos brasileiros tinham 60 anos de idade ou mais, de acordo com o IBGE. Atualmente, o índice beira os 15%. Em 2040, os idosos responderão por quase 25% da população. Ou seja, em menos de 17 anos nós vamos ter um aumento muito significativo em relação ao que já temos hoje.

E esses desafios, ao se falar em direitos da população idosa, as pessoas em geral pensam apenas na fila preferencial, nas vagas reservadas de estacionamento, na gratuidade nos ônibus. Mas o Estatuto da Pessoa Idosa é muito mais do que isso. Ele busca garantir a dignidade dos idosos em áreas como saúde, educação, cultura, lazer, trabalho, previdência social e habitação. O Estatuto dá às pessoas idosas, por exemplo, rapidez na restituição do Imposto de Renda, prioridade nos julgamentos em processos judiciaise direito a acompanhante em tempo integral nas internações hospitalares. Também prevê proteção contra aumentos abusivos nos planos de saúde, vantagem nos concursos públicos em casos de empate com candidatos mais jovens, e cota de 3% das casas ou apartamentos à venda em programas habitacionais financiados com verba pública. A lei protege os idosos da violência física e da psicológica. Hospitais, clínicas e postos de saúde que recebem pacientes nessa situação ficam obrigados a notificar a Polícia e o Ministério Público, inclusive quando não há certeza da violência e se trata apenas de suspeita.

Diversidade de envelhecimento. Vivemos numa sociedade extremamente desigual. Muitas pessoas, de fato, chegam hígidas aos 60 anos, porém outras não conseguem sequer chegar a essa idade. Certos grupos envelhecem precocemente, como a população carcerária, a população LGBTQIA+, a população negra, a população pobre, entre outras minorias que são tão prejudicadas no País tão desigual. Certas condições que encurtam a vida podem ser modificadas com alguma facilidade, como o sedentarismo, o abuso do álcool e a má alimentação. Outras não, entre as quais, a pobreza e a discriminação. Subir a idade significa aprofundar as desigualdades do Brasil.

A pesquisadora Ana Amélia Camarano, do IPEA, em entrevista àAgência Brasil, publicada em 30 de setembro deste ano, divulgou dados de uma pesquisa que ela está concluindo para compor oAtlas da Violência, a ser divulgada neste mês de outubro. Segundo a pesquisadora, com base nos dados de 2021, idosos não negros morrem 6,4 anos mais tarde do que os negros. Agora, se considera-se uma mulher não negra, o homem negro vive 10,9 anos a menos. O Estatuto fala que os idosos têm direito à vida, mas o alcance a esse direito é diferenciado. Ela acrescenta que a mulher negra morre 4,9 anos mais cedo do que a não negra. Além da população negra, a pesquisadora enfatiza que outros grupos vulnerabilizados precisam ser especialmente protegidos pelo Estado, como é o caso de idosos da comunidade LGBT. As pessoas trans, por exemplo, precisam ser assistidas. Existe ainda muito preconceito e elas também vão precisar de cuidados. São populações marginalizadas a vida inteira que sofrem violências ao longo da vida.

Fazendo esse breve relato preparado pela nossa equipe e referendado por esta Presidência, eu comento com os colegas que aqui nos acompanham e todos que se interessam por esse tema que nós tivemos a honra e oportunidade de ter um encontro com o Papa Francisco há exatamente duas semanas. E a audiência, que era para ser de 5 minutos a 10 minutos, se tornou uma audiência de mais de 40 minutos para tratar do tema da pessoa idosa. O Papa Francisco, no ano anterior, fez 12 catequeses específicas tratando do tema da pessoa idosa. E o que nos deixou muito felizes com o líder, não apenas religioso, mas líder mundial que é o Papa Francisco, é a sua preocupação em relação a todas as fases do ser humano. E a mensagem que ele nos deixou é de que a preocupação com a pessoa idosa se dá desde o início da vida, que para chegarmos a uma idade mais avançada com qualidade e respeito à vida é preciso termos o cuidado desde a primeira infância. Mas que não podemos nos esquecer de que os problemas ocasionados pela desigualdade, desde o início, em anos anteriores, hoje afetam os nossos idosos.

E eu tive a alegria de passar ao Papa Francisco, junto com a nossa Comissão, o apoio que temos do Governo para que tenhamos condições de aprovar nesta Casa a convenção, que ainda é um desafio para todos nós. E também tive a honra de passar ao Papa projetos exitosos que nós temos no País, como, por exemplo, o nosso Tribunal Regional Eleitoral do Paraná, ao qual eu queria agradecer muito e dizer que é um orgulho para todos nós  está aqui o nosso Presidente, Dr. Wellington, que fará parte da Mesa; o Sr. Júlio, juiz do Tribunal, e os demais que compõem o nosso Tribunal  pelo belo exemplo de cidadania, de amor, de carinho, de respeito e de protagonismo positivo.

Nós passamos isso como exemplo, levando também a parte positiva que nós temos com os avanços em nosso País, que sendo de tamanho continental nos traz grandes desafios também. Por isso, é motivo de muito orgulho esta audiência, que ficará registrada nos Anais desta Casa e desta Comissão, em uma data marcante para que possamos comemorar os 20 anos do nosso Estatuto. E marcante também do ponto de vista dos desafios que nós temos para que consigamos consolidar e fazer a implementação de programas e ações para que possamos avançar. Então, para mim, é um orgulho muito grande estar neste momento presidindo a Comissão, ter feito algumas ações específicas e estar fazendo análise de vários projetos aqui para que possamos avançar.

Dito isso, dando continuidade agora à parte formal do nosso evento, comunico a todos que o tempo previsto para a exposição de cada convidado, já que nós temos cinco convidados para fazer uso da palavra, será de 10 minutos, mas podemos prorrogá-lo pelo tempo necessário para que possamos fazer a exposição e não prejudiquemos a exposição de nenhum dos colegas.

Comunico que será lançada pela Secretaria a presença do Parlamentar que, pela plataforma de videoconferência, usar a palavra nesta audiência.

Inicialmente, tenho a satisfação de apresentar os convidados para o debate.

Está presente conosco o Sr. Alexandre da Silva, Secretário Nacional da Pessoa Idosa, ligado ao Ministério dos Direitos Humanos e grande parceiro; o Dr. Alexandre Kalache, médico e gerontólogo e Presidente do Centro Internacional de Longevidade Brasil  ILC-BR, que se encontra conosco por videoconferência e fará uso da palavra pelo aplicativo e a quem agradeço muito por ter aceitado o convite; o Dr. Wellington Coimbra, Presidente do Tribunal Regional Eleitoral do Paraná, que tem hoje um projeto sendo avaliado pelo Congresso Nacional, de iniciativa do Tribunal, e que muito nos deu a honra, junto com a bancada do Paraná, para que apresentasse essa proposta de um projeto inovador que já é referência em atendimento às pessoas idosas em nosso Estado; o Sr. Antônio Costa, ex-Secretário Nacional da Pessoa Idosa.

Apresentados os convidados, convido o Dr. Antônio Costa para que faça uso da palavra e componha a Mesa aqui conosco. Também convido o Dr. Wellington Coimbra para que venha fazer parte desta Mesa.

Como temos quatro lugares, nós vamos fazer depois uma intercalação para que os outros colegas possam fazer uso da palavra aqui na mesa principal.

De imediato, já passo a palavra ao Sr. Antônio Fernandes Toninho Costa pelo prazo de 10 minutos.

","Boa tarde a todos e a todas.

Invocando as bênçãos e a proteção divina, eu declaro aberta a Reunião de Audiência Pública da Comissão de Defesa dos Direitos da Pessoa Idosa.

Esta reunião foi convocada para celebrar os 20 anos da promulgação do Estatuto da Pessoa Idosa, em atendimento ao Requerimento nº 40, de 2023, de minha autoria.

Antes de dar início aos debates, eu informo ao Plenário que esta Comissão foi presenteada com o primeiro Estatuto da Pessoa Idosa, em braille, pela Rede Ibero-Americana de Associações de Idosos  RIAAM, do Brasil. Nós aproveitamos essa iniciativa tão louvável e bonita e vamos estabelecer uma parceria para que possamos impulsionar essa ideia e esse projeto. Gostaria de agradecer essa lembrança e essa iniciativa e dizer que nós vamos, pela Comissão, propagar essa ideia com novos exemplares, fazer parcerias com as instituições, com as Câmaras Municipais, as Assembleias Legislativas, para que possam, também através do instrumento em cada Casa, potencializar essa iniciativa tão bonita.

Esta audiência pública está sendo transmitida ao vivo pelo canal da Comissão e também pelo Youtube oficial da Câmara dos Deputados, portanto, nós temos um acompanhamento bem significativo na audiência do dia de hoje.

Antes de chamar as autoridades, vou fazer um breve relato do material técnico que nós preparamos. O Estatuto da Pessoa Idosa, Lei nº 10.741, de 2003, completou 20 anos neste domingo. ","O Brasil avançou consideravelmente na proteção das pessoas mais velhas, mas há, ainda, parte de determinações legais que não é obedecida."," Outro desafio observado é o pouco conhecimento da sociedade acerca do Estatuto, o que prejudica também a sua execução. A norma que garante uma série de direitos à população a partir dos 60 anos de idade e prevê punições a quem os desrespeita nasceu de um projeto de lei apresentado em 1997 pelo hoje Senador Paulo Paim, na época Deputado Federal. Após a aprovação na Câmara e no Senado, o Estatuto da Pessoa Idosa foi sancionado pelo Presidente Luiz Inácio Lula da Silva, em 1º de outubro de 2003. Essa foi a data escolhida para a criação da lei, por ser o Dia Internacional da Pessoa Idosa.

O Estatuto da Pessoa Idosa foi criado no momento de transição demográfica, em que a população brasileira deixava de ser jovem e começava a se tornar idosa, seguindo o caminho já trilhado por países desenvolvidos. No caso deste País, o envelhecimento ocorreu lentamente, no decorrer do século passado, o que lhes deu tempo para fazer os ajustes necessários à inclusão social da população idosa. No Brasil, o processo é recente e bem mais acelerado. Em 1980, apenas 6% dos brasileiros tinham 60 anos de idade ou mais, de acordo com o IBGE. Atualmente, o índice beira os 15%. Em 2040, os idosos responderão por quase 25% da população. Ou seja, em menos de 17 anos nós vamos ter um aumento muito significativo em relação ao que já temos hoje.

E esses desafios, ao se falar em direitos da população idosa, as pessoas em geral pensam apenas na fila preferencial, nas vagas reservadas de estacionamento, na gratuidade nos ônibus. Mas o Estatuto da Pessoa Idosa é muito mais do que isso. Ele busca garantir a dignidade dos idosos em áreas como saúde, educação, cultura, lazer, trabalho, previdência social e habitação. O Estatuto dá às pessoas idosas, por exemplo, rapidez na restituição do Imposto de Renda, prioridade nos julgamentos em processos judiciaise direito a acompanhante em tempo integral nas internações hospitalares. Também prevê proteção contra aumentos abusivos nos planos de saúde, vantagem nos concursos públicos em casos de empate com candidatos mais jovens, e cota de 3% das casas ou apartamentos à venda em programas habitacionais financiados com verba pública. A lei protege os idosos da violência física e da psicológica. Hospitais, clínicas e postos de saúde que recebem pacientes nessa situação ficam obrigados a notificar a Polícia e o Ministério Público, inclusive quando não há certeza da violência e se trata apenas de suspeita.

Diversidade de envelhecimento. Vivemos numa sociedade extremamente desigual. Muitas pessoas, de fato, chegam hígidas aos 60 anos, porém outras não conseguem sequer chegar a essa idade. Certos grupos envelhecem precocemente, como a população carcerária, a população LGBTQIA+, a população negra, a população pobre, entre outras minorias que são tão prejudicadas no País tão desigual. Certas condições que encurtam a vida podem ser modificadas com alguma facilidade, como o sedentarismo, o abuso do álcool e a má alimentação. Outras não, entre as quais, a pobreza e a discriminação. Subir a idade significa aprofundar as desigualdades do Brasil.

A pesquisadora Ana Amélia Camarano, do IPEA, em entrevista àAgência Brasil, publicada em 30 de setembro deste ano, divulgou dados de uma pesquisa que ela está concluindo para compor oAtlas da Violência, a ser divulgada neste mês de outubro. Segundo a pesquisadora, com base nos dados de 2021, idosos não negros morrem 6,4 anos mais tarde do que os negros. Agora, se considera-se uma mulher não negra, o homem negro vive 10,9 anos a menos. O Estatuto fala que os idosos têm direito à vida, mas o alcance a esse direito é diferenciado. Ela acrescenta que a mulher negra morre 4,9 anos mais cedo do que a não negra. Além da população negra, a pesquisadora enfatiza que outros grupos vulnerabilizados precisam ser especialmente protegidos pelo Estado, como é o caso de idosos da comunidade LGBT. As pessoas trans, por exemplo, precisam ser assistidas. Existe ainda muito preconceito e elas também vão precisar de cuidados. São populações marginalizadas a vida inteira que sofrem violências ao longo da vida.

Fazendo esse breve relato preparado pela nossa equipe e referendado por esta Presidência, eu comento com os colegas que aqui nos acompanham e todos que se interessam por esse tema que nós tivemos a honra e oportunidade de ter um encontro com o Papa Francisco há exatamente duas semanas. E a audiência, que era para ser de 5 minutos a 10 minutos, se tornou uma audiência de mais de 40 minutos para tratar do tema da pessoa idosa. O Papa Francisco, no ano anterior, fez 12 catequeses específicas tratando do tema da pessoa idosa. E o que nos deixou muito felizes com o líder, não apenas religioso, mas líder mundial que é o Papa Francisco, é a sua preocupação em relação a todas as fases do ser humano. E a mensagem que ele nos deixou é de que a preocupação com a pessoa idosa se dá desde o início da vida, que para chegarmos a uma idade mais avançada com qualidade e respeito à vida é preciso termos o cuidado desde a primeira infância. Mas que não podemos nos esquecer de que os problemas ocasionados pela desigualdade, desde o início, em anos anteriores, hoje afetam os nossos idosos.

E eu tive a alegria de passar ao Papa Francisco, junto com a nossa Comissão, o apoio que temos do Governo para que tenhamos condições de aprovar nesta Casa a convenção, que ainda é um desafio para todos nós. E também tive a honra de passar ao Papa projetos exitosos que nós temos no País, como, por exemplo, o nosso Tribunal Regional Eleitoral do Paraná, ao qual eu queria agradecer muito e dizer que é um orgulho para todos nós  está aqui o nosso Presidente, Dr. Wellington, que fará parte da Mesa; o Sr. Júlio, juiz do Tribunal, e os demais que compõem o nosso Tribunal  pelo belo exemplo de cidadania, de amor, de carinho, de respeito e de protagonismo positivo.

Nós passamos isso como exemplo, levando também a parte positiva que nós temos com os avanços em nosso País, que sendo de tamanho continental nos traz grandes desafios também. Por isso, é motivo de muito orgulho esta audiência, que ficará registrada nos Anais desta Casa e desta Comissão, em uma data marcante para que possamos comemorar os 20 anos do nosso Estatuto. E marcante também do ponto de vista dos desafios que nós temos para que consigamos consolidar e fazer a implementação de programas e ações para que possamos avançar. Então, para mim, é um orgulho muito grande estar neste momento presidindo a Comissão, ter feito algumas ações específicas e estar fazendo análise de vários projetos aqui para que possamos avançar.

Dito isso, dando continuidade agora à parte formal do nosso evento, comunico a todos que o tempo previsto para a exposição de cada convidado, já que nós temos cinco convidados para fazer uso da palavra, será de 10 minutos, mas podemos prorrogá-lo pelo tempo necessário para que possamos fazer a exposição e não prejudiquemos a exposição de nenhum dos colegas.

Comunico que será lançada pela Secretaria a presença do Parlamentar que, pela plataforma de videoconferência, usar a palavra nesta audiência.

Inicialmente, tenho a satisfação de apresentar os convidados para o debate.

Está presente conosco o Sr. Alexandre da Silva, Secretário Nacional da Pessoa Idosa, ligado ao Ministério dos Direitos Humanos e grande parceiro; o Dr. Alexandre Kalache, médico e gerontólogo e Presidente do Centro Internacional de Longevidade Brasil  ILC-BR, que se encontra conosco por videoconferência e fará uso da palavra pelo aplicativo e a quem agradeço muito por ter aceitado o convite; o Dr. Wellington Coimbra, Presidente do Tribunal Regional Eleitoral do Paraná, que tem hoje um projeto sendo avaliado pelo Congresso Nacional, de iniciativa do Tribunal, e que muito nos deu a honra, junto com a bancada do Paraná, para que apresentasse essa proposta de um projeto inovador que já é referência em atendimento às pessoas idosas em nosso Estado; o Sr. Antônio Costa, ex-Secretário Nacional da Pessoa Idosa.

Apresentados os convidados, convido o Dr. Antônio Costa para que faça uso da palavra e componha a Mesa aqui conosco. Também convido o Dr. Wellington Coimbra para que venha fazer parte desta Mesa.

Como temos quatro lugares, nós vamos fazer depois uma intercalação para que os outros colegas possam fazer uso da palavra aqui na mesa principal.

De imediato, já passo a palavra ao Sr. Antônio Fernandes Toninho Costa pelo prazo de 10 minutos.

",PUBLIC_HEARING,28/06/2023,Aprovação da Convenção Interamericana sobre a Proteção dos Direitos Humanos dos Idosos,"Invocando as bênçãos de Deus, declaro aberta a reunião de audiência pública da Comissão de Defesa dos Direitos da Pessoa Idosa.

Esta reunião foi convocada para debater a ratificação da Convenção Interamericana sobre a Proteção dos Direitos Humanos dos Idosos, em atendimento ao Requerimento nº 13, de 2023, de minha autoria.

Comunico a todos que o tempo previsto para a exposição de cada convidado será de 10 minutos.

Agradeço muito a presença e o aceite do convite dos nossos ilustres convidados.

Acredito que a reunião desta audiência pública ficará registrada na história, visto que estamos agora num processo de articulação para aprovação desta que é uma necessidade para o nosso País. Constrange-nos, há tanto tempo, ter isso na pauta, para aprovação, e ainda não termos conseguido.

Quero informar a todos que têm interesse nesse assunto que estive reunido na Associação dos Magistrados do Brasil  AMB e que recebemos o apoio irrestrito da instituição, que nos ajudará inclusive nas ações de promoção do debate e nas articulações. Também me reuni já com o Presidente desta Casa, o Deputado Arthur Lira, que se comprometeu em nos ajudar a pautar esta matéria.

Gostaria de agradecer a presença do Magnífico Reitor da Universidade Estadual de Ponta Grossa, o escritor Prof. Miguel Sanches Neto. É uma honra recebê-lo aqui. Nessa nossa universidade, existe um projeto de excelência da Universidade Aberta à Terceira Idade  UATI, que faz um trabalho de atenção aos idosos. Inclusive, é uma experiência muito positiva o trabalho de extensão feito pela universidade. É por esse exemplo de ação que nós lutamos aqui todos os dias. Fica o nosso agradecimento à UEPG na pessoa do seu Magnífico Reitor.

Haverá o tempo previsto de 10 minutos para cada convidado.

Comunico que será lançada pela Secretaria a presença do Parlamentar que, pela plataforma de videoconferência, usar a palavra nesta audiência pública.

Esta é uma semana atípica aqui no Congresso, pois os Deputados foram liberados da presença física e, portanto, estão nos seus Estados. Mas decidimos manter audiência pública em respeito aos nossos convidados e também pela pressa que temos na articulação das ações. Com o calendário apertado que temos para as audiências, esta é de suma importância. Vai ser gerado um documento desta audiência pública, que vai subsidiar as ações de articulação política que estamos fazendo para que possamos ter a aprovação da convenção o mais rápido possível.

Inicialmente, tenho a satisfação de apresentar os convidados que participarão deste debate. Vou solicitar aos convidados que venham à mesa de dois em dois. Nós vamos substituindo os convidados, para que possamos ter o destaque e o acompanhamento da gravação dos sete convidados.

Vou fazer a apresentação de todos os convidados: Profa. Adriana Rodrigues Martins, Diplomata e Assessora do Departamento de Direitos Humanos e Temas Sociais, do Ministério de Relações Exteriores; Leonardo Pinho, Conselheiro do Conselho Nacional dos Direitos Humanos  CNDH; Pedro Cisalpino Pinheiro, Analista de Programa em População e Desenvolvimento e em Cooperação Sul-Sul,do Fundo de População das Nações Unidas  UNFPA Brasil; Bibiana Graeff Chagas Pinto Fabre, Professora da Escola de Artes Cênicas e Humanidades, da Universidade de São Paulo  USP; Carlos Henrique Fialho Mussi, Diretor do Escritório da Comissão Econômica para a América Latina e o Caribe  CEPAL; Alexandre da Silva, Secretário Nacional dos Direitos da Pessoa Idosa, do Ministério dos Direitos Humanos e da Cidadania  MDHC; Caroline Maciel da Costa, Procuradora Regional da República e Coordenadora do Grupo de Trabalho Mulher, Criança, Adolescente e Idoso: Proteção de Direitos, da Procuradoria Federal dos Direitos do Cidadão, do Ministério Público Federal.

Vou convidar, inicialmente, a nossa querida Adriana Rodrigues Martins, do Ministério de Relações Exteriores, e também o Pedro Cisalpino Pinheiro para que componham comigo a Mesa Diretiva dos trabalhos.

(Pausa.)

Começarei, então, com as mulheres. Já passo a palavra, por 10 minutos, para a Adriana, a quem, mais uma vez, agradeço o aceite do convite.

Sra. Adriana, é uma alegria e uma honra recebê-la aqui na nossa Comissão. V.Sa. dispõe de 10 minutos.

","Invocando as bênçãos de Deus, declaro aberta a reunião de audiência pública da Comissão de Defesa dos Direitos da Pessoa Idosa.

Esta reunião foi convocada para debater a ratificação da Convenção Interamericana sobre a Proteção dos Direitos Humanos dos Idosos, em atendimento ao Requerimento nº 13, de 2023, de minha autoria.

Comunico a todos que o tempo previsto para a exposição de cada convidado será de 10 minutos.

Agradeço muito a presença e o aceite do convite dos nossos ilustres convidados.

Acredito que a reunião desta audiência pública ficará registrada na história, visto que estamos agora num processo de articulação para aprovação desta que é uma necessidade para o nosso País. ","Constrange-nos, há tanto tempo, ter isso na pauta, para aprovação, e ainda não termos conseguido.","

Quero informar a todos que têm interesse nesse assunto que estive reunido na Associação dos Magistrados do Brasil  AMB e que recebemos o apoio irrestrito da instituição, que nos ajudará inclusive nas ações de promoção do debate e nas articulações. Também me reuni já com o Presidente desta Casa, o Deputado Arthur Lira, que se comprometeu em nos ajudar a pautar esta matéria.

Gostaria de agradecer a presença do Magnífico Reitor da Universidade Estadual de Ponta Grossa, o escritor Prof. Miguel Sanches Neto. É uma honra recebê-lo aqui. Nessa nossa universidade, existe um projeto de excelência da Universidade Aberta à Terceira Idade  UATI, que faz um trabalho de atenção aos idosos. Inclusive, é uma experiência muito positiva o trabalho de extensão feito pela universidade. É por esse exemplo de ação que nós lutamos aqui todos os dias. Fica o nosso agradecimento à UEPG na pessoa do seu Magnífico Reitor.

Haverá o tempo previsto de 10 minutos para cada convidado.

Comunico que será lançada pela Secretaria a presença do Parlamentar que, pela plataforma de videoconferência, usar a palavra nesta audiência pública.

Esta é uma semana atípica aqui no Congresso, pois os Deputados foram liberados da presença física e, portanto, estão nos seus Estados. Mas decidimos manter audiência pública em respeito aos nossos convidados e também pela pressa que temos na articulação das ações. Com o calendário apertado que temos para as audiências, esta é de suma importância. Vai ser gerado um documento desta audiência pública, que vai subsidiar as ações de articulação política que estamos fazendo para que possamos ter a aprovação da convenção o mais rápido possível.

Inicialmente, tenho a satisfação de apresentar os convidados que participarão deste debate. Vou solicitar aos convidados que venham à mesa de dois em dois. Nós vamos substituindo os convidados, para que possamos ter o destaque e o acompanhamento da gravação dos sete convidados.

Vou fazer a apresentação de todos os convidados: Profa. Adriana Rodrigues Martins, Diplomata e Assessora do Departamento de Direitos Humanos e Temas Sociais, do Ministério de Relações Exteriores; Leonardo Pinho, Conselheiro do Conselho Nacional dos Direitos Humanos  CNDH; Pedro Cisalpino Pinheiro, Analista de Programa em População e Desenvolvimento e em Cooperação Sul-Sul,do Fundo de População das Nações Unidas  UNFPA Brasil; Bibiana Graeff Chagas Pinto Fabre, Professora da Escola de Artes Cênicas e Humanidades, da Universidade de São Paulo  USP; Carlos Henrique Fialho Mussi, Diretor do Escritório da Comissão Econômica para a América Latina e o Caribe  CEPAL; Alexandre da Silva, Secretário Nacional dos Direitos da Pessoa Idosa, do Ministério dos Direitos Humanos e da Cidadania  MDHC; Caroline Maciel da Costa, Procuradora Regional da República e Coordenadora do Grupo de Trabalho Mulher, Criança, Adolescente e Idoso: Proteção de Direitos, da Procuradoria Federal dos Direitos do Cidadão, do Ministério Público Federal.

Vou convidar, inicialmente, a nossa querida Adriana Rodrigues Martins, do Ministério de Relações Exteriores, e também o Pedro Cisalpino Pinheiro para que componham comigo a Mesa Diretiva dos trabalhos.

(Pausa.)

Começarei, então, com as mulheres. Já passo a palavra, por 10 minutos, para a Adriana, a quem, mais uma vez, agradeço o aceite do convite.

Sra. Adriana, é uma alegria e uma honra recebê-la aqui na nossa Comissão. V.Sa. dispõe de 10 minutos.

",POSSIBLE_POLITICAL_ROLE_IN_ORIGINAL_TEXT,YES,YES,Os direitos do Estatuto da Pessoa Idosa devem ser postos em prática,O Brasil deve aprovar a Convenção Interamericana sobre a Proteção dos Direitos Humanos dos Idosos,NO,FAVOR,FAVOR,HIGH,HIGH,HIGH,HIGH,MEDIUM,HIGH,HIGH,Quem fala preside a Comissão de Defesa dos Direitos da Pessoa Idosa e mostra ligação com o Paraná,O orador preside a Comissão de Defesa dos Direitos da Pessoa Idosa e mostra ligação com o Paraná,A pede o cumprimento do Estatuto e B pede a aprovação da Convenção Interamericana