item_id,kind,model,split,A_end_to_end,B_forced_comparability,C_same_proposition,C_structured_with_gate,D_compare_relation,D_decoupled_gate,D_forced_comparability,D_malformed,D_same_proposition,expected_relation,gold_relation,gold_same_proposition,operation,question_a,question_b,source_pair_id,stance_a,stance_b,v1_malformed
263f772b51bf1354,natural,Qwen/Qwen2.5-72B-Instruct,dev,STANCE_MAINTAINED,,YES,STANCE_MAINTAINED,DIFFERENT,INCOMPARABLE,STANCE_MAINTAINED,False,NO,,RELATION_UNCERTAIN,UNCERTAIN,,O envelhecimento da população deve ser visto como um ganho das políticas públicas?,O envelhecimento saudável e ativo deve ser uma prioridade na agenda do G20?,263f772b51bf1354,FAVOR,FAVOR,
d4e87de87b4f3431,natural,Qwen/Qwen2.5-72B-Instruct,dev,INCOMPARABLE,,NO,INCOMPARABLE,DIFFERENT,INCOMPARABLE,STANCE_REVERSED,False,NO,,INCOMPARABLE,NO,,A compra emergencial de insulina rápida pela empresa Global X foi a melhor opção disponível?,O Ministério deve fazer checagens e fiscalização antes de pagar diárias e passagens para pessoas indicadas pelos comitês estaduais?,d4e87de87b4f3431,AGAINST,FAVOR,
24c599750bdd544f,natural,Qwen/Qwen2.5-72B-Instruct,dev,STANCE_MAINTAINED,,UNCERTAIN,INSUFFICIENT_EVIDENCE,,INSUFFICIENT_EVIDENCE,INSUFFICIENT_EVIDENCE,False,,,STANCE_MAINTAINED,YES,,,,24c599750bdd544f,UNCERTAIN,UNCERTAIN,
8f79764e69daadf2,natural,Qwen/Qwen2.5-72B-Instruct,dev,STANCE_MAINTAINED,,NO,INSUFFICIENT_EVIDENCE,,INSUFFICIENT_EVIDENCE,INSUFFICIENT_EVIDENCE,False,,,RELATION_UNCERTAIN,UNCERTAIN,,,A criação e fortalecimento de políticas para a pessoa idosa devem ser priorizadas?,8f79764e69daadf2,UNCERTAIN,FAVOR,
af4d70f0c140e9c9,natural,Qwen/Qwen2.5-72B-Instruct,dev,INCOMPARABLE,,NO,INCOMPARABLE,DIFFERENT,INCOMPARABLE,STANCE_MAINTAINED,False,NO,,INCOMPARABLE,NO,,É necessário mudar o Código Penal e fazer um trabalho conjunto para combater a violência nas escolas?,As emendas apresentadas para combater a violência contra crianças e adolescentes devem ser acatadas?,af4d70f0c140e9c9,FAVOR,FAVOR,
d4c07b40fb424a0c,natural,Qwen/Qwen2.5-72B-Instruct,dev,STANCE_MAINTAINED,,YES,STANCE_MAINTAINED,EQUIVALENT,STANCE_MAINTAINED,STANCE_MAINTAINED,False,YES,,STANCE_MAINTAINED,YES,,A vacinação contra a COVID-19 deve ser obrigatória para crianças de 6 meses a 5 anos?,A vacinação contra a COVID-19 para crianças deve ser obrigatória?,d4c07b40fb424a0c,AGAINST,AGAINST,
0138e27cd0f53d95,natural,Qwen/Qwen2.5-72B-Instruct,dev,STANCE_MAINTAINED,,NO,INCOMPARABLE,DIFFERENT,INCOMPARABLE,STANCE_MAINTAINED,False,NO,,INCOMPARABLE,NO,,A Convenção Interamericana sobre a Proteção dos Direitos Humanos dos Idosos deve ser aprovada?,O Estatuto da Pessoa Idosa deve ser celebrado e fortalecido?,0138e27cd0f53d95,FAVOR,FAVOR,
2e42e8583aea6939,natural,Qwen/Qwen2.5-72B-Instruct,dev,STANCE_MAINTAINED,,NO,INCOMPARABLE,DIFFERENT,INCOMPARABLE,STANCE_MAINTAINED,False,NO,,INCOMPARABLE,NO,,O orçamento para combater a tuberculose no Brasil deve ser aumentado?,O Amazonas deve ser escolhido como Estado-piloto para a erradicação da tuberculose no Brasil até 2030?,2e42e8583aea6939,FAVOR,FAVOR,
3459768d16f576e5,natural,Qwen/Qwen2.5-72B-Instruct,dev,STANCE_MAINTAINED,,YES,STANCE_MAINTAINED,EQUIVALENT,STANCE_MAINTAINED,STANCE_MAINTAINED,False,YES,,STANCE_MAINTAINED,YES,,O saque-aniversário do FGTS deve ser mantido?,O saque-aniversário do FGTS deve ser mantido?,3459768d16f576e5,FAVOR,FAVOR,
2a22c99d1d3a678c,natural,Qwen/Qwen2.5-72B-Instruct,dev,INCOMPARABLE,,NO,INCOMPARABLE,DIFFERENT,INCOMPARABLE,STANCE_MAINTAINED,False,NO,,INCOMPARABLE,NO,,O atendimento primário do SUS deve ser melhorado para resolver problemas de retinopatia diabética?,"O SUS deve revisar e atualizar seus protocolos clínicos para incluir diretrizes claras e abrangentes para o diagnóstico, tratamento e acompanhamento do edema macular diabético?",2a22c99d1d3a678c,FAVOR,FAVOR,
ebcdef50abd4418f,natural,Qwen/Qwen2.5-72B-Instruct,dev,INCOMPARABLE,,NO,INCOMPARABLE,DIFFERENT,INCOMPARABLE,STANCE_MAINTAINED,False,NO,,INCOMPARABLE,NO,,As políticas públicas de proteção às mulheres e crianças indígenas devem ser fortalecidas e incluídas no orçamento?,A implantação de políticas públicas para a população LGBTQIA+ deve ser melhorada?,ebcdef50abd4418f,FAVOR,FAVOR,
d3769de977ace19d,natural,Qwen/Qwen2.5-72B-Instruct,dev,STANCE_MAINTAINED,,YES,STANCE_MAINTAINED,DIFFERENT,INCOMPARABLE,STANCE_MAINTAINED,False,NO,,STANCE_MAINTAINED,YES,,O País deve alocar recursos específicos para a prevenção de desastres naturais?,O Fundo de Calamidade Pública deve ser abastecido com recursos orçamentários permanentes?,d3769de977ace19d,FAVOR,FAVOR,
36fb1e1240a12ac4,natural,Qwen/Qwen2.5-72B-Instruct,dev,INCOMPARABLE,,NO,INCOMPARABLE,DIFFERENT,INCOMPARABLE,STANCE_MAINTAINED,False,NO,,INCOMPARABLE,NO,,Deve ser criada uma legislação específica do sistema prisional para questões indígenas?,A Política Nacional de Gestão Territorial e Ambiental das Terras Indígenas (PNGATI) deve ser aprovada e implementada?,36fb1e1240a12ac4,FAVOR,FAVOR,
36e4b11ff6345a11,natural,Qwen/Qwen2.5-72B-Instruct,dev,INCOMPARABLE,,NO,INCOMPARABLE,DIFFERENT,INCOMPARABLE,STANCE_MAINTAINED,False,NO,,INCOMPARABLE,NO,,O Ministério da Saúde deve retomar a autoridade técnica e política na coordenação do SUS?,O Ministério dos Direitos Humanos deve reconstruir os espaços de participação social e investir em políticas para pessoas com deficiência?,36e4b11ff6345a11,FAVOR,FAVOR,
de54c782d361768c,natural,Qwen/Qwen2.5-72B-Instruct,dev,INCOMPARABLE,,NO,INCOMPARABLE,DIFFERENT,INCOMPARABLE,STANCE_MAINTAINED,False,NO,,INCOMPARABLE,NO,,A rede de proteção para mulheres vítimas de violência deve ser ampliada e fortalecida?,O projeto de lei que cria o Programa de Atenção a Mulheres na Menopausa e Climatério deve ser aprovado?,de54c782d361768c,FAVOR,FAVOR,
4cffd4e8a3906c01,natural,Qwen/Qwen2.5-72B-Instruct,dev,INCOMPARABLE,,NO,INCOMPARABLE,DIFFERENT,INCOMPARABLE,STANCE_MAINTAINED,False,NO,,INCOMPARABLE,NO,,O ativismo judicial do Supremo Tribunal Federal deve ser limitado?,As concessionárias de energia elétrica devem ser mais rigorosamente fiscalizadas e punidas por não cumprir a lei?,4cffd4e8a3906c01,FAVOR,FAVOR,
e001ebac1d8033f1,natural,Qwen/Qwen2.5-72B-Instruct,dev,STANCE_MAINTAINED,,YES,STANCE_MAINTAINED,EQUIVALENT,STANCE_MAINTAINED,STANCE_MAINTAINED,False,YES,,STANCE_MAINTAINED,YES,,Deve haver um arcabouço legal e tributário para a recuperação de áreas atingidas por desastres climáticos?,A criação de um arcabouço legal para proteger os vulneráveis em desastres naturais é importante?,e001ebac1d8033f1,FAVOR,FAVOR,
e6a308550846aa5f,natural,Qwen/Qwen2.5-72B-Instruct,dev,INCOMPARABLE,,NO,INSUFFICIENT_EVIDENCE,,INSUFFICIENT_EVIDENCE,INSUFFICIENT_EVIDENCE,False,,,INCOMPARABLE,NO,,,O biometano deve ser incentivado na matriz energética brasileira?,e6a308550846aa5f,UNCERTAIN,FAVOR,
syn_5454cbce028e,synthetic,Qwen/Qwen2.5-72B-Instruct,dev,STANCE_MAINTAINED,INSUFFICIENT_EVIDENCE,,INSUFFICIENT_EVIDENCE,,INSUFFICIENT_EVIDENCE,INSUFFICIENT_EVIDENCE,False,,STANCE_REVERSED,,,REVERSE_ON_COMPARABLE,,As políticas de regulamentação dos mercados digitais devem ser criadas com cautela para não sufocar a competitividade e a inovação?,24c599750bdd544f,UNCERTAIN,FAVOR,
syn_760d4868fd2e,synthetic,Qwen/Qwen2.5-72B-Instruct,dev,STANCE_MAINTAINED,INSUFFICIENT_EVIDENCE,,INSUFFICIENT_EVIDENCE,,INSUFFICIENT_EVIDENCE,INSUFFICIENT_EVIDENCE,False,,STANCE_MAINTAINED,,,NEGATED_PARAPHRASE,,"A Câmara dos Deputados deve avançar na regulamentação dos mercados digitais para fomentar a inovação, o crescimento econômico e a proteção dos direitos dos consumidores e empreendedores?",24c599750bdd544f,UNCERTAIN,FAVOR,
syn_53fc3867f4df,synthetic,Qwen/Qwen2.5-72B-Instruct,dev,STANCE_MAINTAINED,INSUFFICIENT_EVIDENCE,,INSUFFICIENT_EVIDENCE,,INSUFFICIENT_EVIDENCE,INSUFFICIENT_EVIDENCE,False,,INCOMPARABLE,,,SHIFT_PROPOSITION,,,24c599750bdd544f,UNCERTAIN,UNCERTAIN,
syn_ff8a23c3a556,synthetic,Qwen/Qwen2.5-72B-Instruct,dev,INCOMPARABLE,STANCE_MAINTAINED,,INCOMPARABLE,DIFFERENT,INCOMPARABLE,STANCE_MAINTAINED,False,NO,INCOMPARABLE,,,REVERSE_ON_INCOMPARABLE,O atendimento primário do SUS deve ser melhorado para resolver problemas de retinopatia diabética?,Os protocolos clínicos atuais do SUS para o tratamento do Edema Macular Diabético devem ser mantidos?,2a22c99d1d3a678c,FAVOR,FAVOR,
syn_2f8b7031e619,synthetic,Qwen/Qwen2.5-72B-Instruct,dev,STANCE_MAINTAINED,STANCE_MAINTAINED,,INCOMPARABLE,DIFFERENT,INCOMPARABLE,STANCE_REVERSED,False,NO,INCOMPARABLE,,,REVERSE_ON_INCOMPARABLE,O orçamento para combater a tuberculose no Brasil deve ser aumentado?,O Amazonas deve ser o foco principal para a erradicação da tuberculose no Brasil até 2030?,2e42e8583aea6939,FAVOR,AGAINST,
syn_2905cc0189f9,synthetic,Qwen/Qwen2.5-72B-Instruct,dev,STANCE_MAINTAINED,STANCE_MAINTAINED,,STANCE_MAINTAINED,EQUIVALENT,STANCE_MAINTAINED,STANCE_MAINTAINED,False,YES,INCOMPARABLE,,,SHIFT_PROPOSITION,O saque-aniversário do FGTS deve ser mantido?,O saque-aniversário do FGTS deve ser mantido?,3459768d16f576e5,FAVOR,FAVOR,
syn_09f474008dad,synthetic,Qwen/Qwen2.5-72B-Instruct,dev,INCOMPARABLE,STANCE_MAINTAINED,,INCOMPARABLE,DIFFERENT,INCOMPARABLE,STANCE_MAINTAINED,False,NO,INCOMPARABLE,,,REVERSE_ON_INCOMPARABLE,O ativismo judicial do Supremo Tribunal Federal deve ser limitado?,O modelo de renovação das concessões das distribuidoras de energia elétrica deve considerar a realidade operacional do setor e promover um ambiente mais estável e previsível?,4cffd4e8a3906c01,FAVOR,FAVOR,
syn_73fc87b8e147,synthetic,Qwen/Qwen2.5-72B-Instruct,dev,INCOMPARABLE,STANCE_MAINTAINED,,INCOMPARABLE,DIFFERENT,INCOMPARABLE,STANCE_MAINTAINED,False,NO,INCOMPARABLE,,,REVERSE_ON_INCOMPARABLE,É necessário mudar o Código Penal e fazer um trabalho conjunto para combater a violência nas escolas?,As emendas apresentadas para a LDO visando combater a violência contra crianças e adolescentes devem ser acatadas?,af4d70f0c140e9c9,FAVOR,FAVOR,
syn_08d56e3017bc,synthetic,Qwen/Qwen2.5-72B-Instruct,dev,STANCE_REVERSED,STANCE_REVERSED,,STANCE_REVERSED,DIFFERENT,INCOMPARABLE,STANCE_MAINTAINED,False,NO,STANCE_REVERSED,,,REVERSE_ON_COMPARABLE,O País deve alocar recursos específicos para a prevenção de desastres naturais?,O financiamento para prevenção de desastres naturais deve ser flexível e não engessado em um fundo específico?,d3769de977ace19d,FAVOR,FAVOR,
syn_8b8a272f4fab,synthetic,Qwen/Qwen2.5-72B-Instruct,dev,STANCE_MAINTAINED,STANCE_MAINTAINED,,STANCE_MAINTAINED,DIFFERENT,INCOMPARABLE,STANCE_MAINTAINED,False,NO,STANCE_MAINTAINED,,,NEGATED_PARAPHRASE,O País deve alocar recursos específicos para a prevenção de desastres naturais?,O Fundo de Calamidade Pública deve ser abastecido com recursos orçamentários permanentes?,d3769de977ace19d,FAVOR,FAVOR,
syn_b3a9b90f5e23,synthetic,Qwen/Qwen2.5-72B-Instruct,dev,STANCE_MAINTAINED,STANCE_MAINTAINED,,STANCE_MAINTAINED,EQUIVALENT,STANCE_MAINTAINED,STANCE_MAINTAINED,False,YES,STANCE_MAINTAINED,,,NEGATED_PARAPHRASE,A vacinação contra a COVID-19 deve ser obrigatória para crianças de 6 meses a 5 anos?,A vacinação contra a COVID-19 para crianças deve ser obrigatória?,d4c07b40fb424a0c,AGAINST,AGAINST,
syn_afdaab6d2eb3,synthetic,Qwen/Qwen2.5-72B-Instruct,dev,STANCE_MAINTAINED,STANCE_MAINTAINED,,STANCE_MAINTAINED,DIFFERENT,INCOMPARABLE,STANCE_MAINTAINED,False,NO,INCOMPARABLE,,,SHIFT_PROPOSITION,A vacinação contra a COVID-19 deve ser obrigatória para crianças de 6 meses a 5 anos?,A vacinação contra a COVID-19 para crianças e adultos deve ser obrigatória?,d4c07b40fb424a0c,AGAINST,AGAINST,
syn_c6a2a29ef0b4,synthetic,Qwen/Qwen2.5-72B-Instruct,dev,INCOMPARABLE,STANCE_REVERSED,,INCOMPARABLE,DIFFERENT,INCOMPARABLE,STANCE_REVERSED,False,NO,INCOMPARABLE,,,REVERSE_ON_INCOMPARABLE,A rede de proteção para mulheres vítimas de violência deve ser ampliada e fortalecida?,A criação de um programa específico para a atenção à saúde da mulher no climatério e menopausa é necessária?,de54c782d361768c,FAVOR,AGAINST,
syn_db7a3f8f200d,synthetic,Qwen/Qwen2.5-72B-Instruct,dev,STANCE_REVERSED,STANCE_REVERSED,,INCOMPARABLE,DIFFERENT,INCOMPARABLE,STANCE_MAINTAINED,False,NO,STANCE_REVERSED,,,REVERSE_ON_COMPARABLE,Deve haver um arcabouço legal e tributário para a recuperação de áreas atingidas por desastres climáticos?,A participação do Ministério do Desenvolvimento Social na prevenção e auxílio a desastres naturais deve ser limitada para evitar a criação de dependência e ineficiência?,e001ebac1d8033f1,FAVOR,FAVOR,
syn_7f48e74c939f,synthetic,Qwen/Qwen2.5-72B-Instruct,dev,STANCE_MAINTAINED,STANCE_MAINTAINED,,STANCE_MAINTAINED,DIFFERENT,INCOMPARABLE,STANCE_MAINTAINED,False,NO,INCOMPARABLE,,,SHIFT_PROPOSITION,Deve haver um arcabouço legal e tributário para a recuperação de áreas atingidas por desastres climáticos?,A criação de um arcabouço legal para proteger pequenos negócios afetados por desastres naturais é importante?,e001ebac1d8033f1,FAVOR,FAVOR,
syn_8dfd859600d4,synthetic,Qwen/Qwen2.5-72B-Instruct,dev,INCOMPARABLE,INSUFFICIENT_EVIDENCE,,INSUFFICIENT_EVIDENCE,,INSUFFICIENT_EVIDENCE,INSUFFICIENT_EVIDENCE,False,,INCOMPARABLE,,,REVERSE_ON_INCOMPARABLE,,"Deve-se avançar no desenvolvimento e uso de biometano e outros combustíveis alternativos, mesmo sem critérios prévios rígidos?",e6a308550846aa5f,UNCERTAIN,FAVOR,
06f6bf71ce0746e2,natural,Qwen/Qwen2.5-72B-Instruct,test,STANCE_MAINTAINED,,YES,STANCE_MAINTAINED,EQUIVALENT,STANCE_MAINTAINED,STANCE_MAINTAINED,False,YES,,STANCE_MAINTAINED,YES,,O financiamento à prevenção de desastres climáticos deve ser aumentado?,O País deve alocar recursos específicos para a prevenção de desastres naturais?,06f6bf71ce0746e2,FAVOR,FAVOR,
16c67be32f60e074,natural,Qwen/Qwen2.5-72B-Instruct,test,STANCE_MAINTAINED,,NO,INCOMPARABLE,DIFFERENT,INCOMPARABLE,STANCE_MAINTAINED,False,NO,,INCOMPARABLE,NO,,A soberania nacional na área energética deve ser fortalecida através da energia limpa e renovável?,O modelo atual das concessionárias de energia no Brasil precisa ser modificado?,16c67be32f60e074,FAVOR,FAVOR,
1f862b43757396e1,natural,Qwen/Qwen2.5-72B-Instruct,test,INCOMPARABLE,,NO,INCOMPARABLE,,RELATION_UNCERTAIN,RELATION_UNCERTAIN,False,,,INCOMPARABLE,NO,,,O projeto de regulamentação do trabalho de motoristas de aplicativo deve ser aprovado?,1f862b43757396e1,UNCERTAIN,FAVOR,
370ab0f946469bab,natural,Qwen/Qwen2.5-72B-Instruct,test,STANCE_MAINTAINED,,YES,STANCE_MAINTAINED,DIFFERENT,INCOMPARABLE,STANCE_MAINTAINED,False,NO,,INCOMPARABLE,NO,,O Brasil deve ratificar a Convenção Interamericana sobre a Proteção dos Direitos Humanos dos Idosos?,O Estatuto do Idoso deve ser mantido e fortalecido?,370ab0f946469bab,FAVOR,FAVOR,
379d85fc73b5d187,natural,Qwen/Qwen2.5-72B-Instruct,test,INCOMPARABLE,,NO,INCOMPARABLE,DIFFERENT,INCOMPARABLE,STANCE_MAINTAINED,False,NO,,INCOMPARABLE,NO,,O Estatuto dos Povos Ciganos deve ser instituído?,A economia do cuidado deve ser incluída no cálculo do PIB e transformada em política pública?,379d85fc73b5d187,FAVOR,FAVOR,
3ebdfd5f91baeb30,natural,Qwen/Qwen2.5-72B-Instruct,test,INCOMPARABLE,,NO,INCOMPARABLE,DIFFERENT,INCOMPARABLE,STANCE_MAINTAINED,False,NO,,INCOMPARABLE,NO,,As pessoas com deficiência devem ser incluídas nas políticas de fomento cultural?,As políticas públicas para pessoas com Transtorno do Espectro Autista devem ser efetivamente implementadas e fiscalizadas?,3ebdfd5f91baeb30,FAVOR,FAVOR,
3f649c16713f4c6f,natural,Qwen/Qwen2.5-72B-Instruct,test,INCOMPARABLE,,NO,INSUFFICIENT_EVIDENCE,DIFFERENT,INCOMPARABLE,STANCE_MAINTAINED,False,NO,,INCOMPARABLE,NO,,O recurso para políticas de proteção à mulher deve ser transferido diretamente para o Ministério das Mulheres?,O projeto de lei que cria o Programa de Atenção a Mulheres na Menopausa e Climatério deve ser aprovado?,3f649c16713f4c6f,FAVOR,FAVOR,
406f53bbc7b4086a,natural,Qwen/Qwen2.5-72B-Instruct,test,STANCE_MAINTAINED,,YES,STANCE_MAINTAINED,DIFFERENT,INCOMPARABLE,STANCE_MAINTAINED,False,NO,,INCOMPARABLE,NO,,As pessoas autistas devem ser vistas como detentoras de direitos e plenas de cidadania?,O movimento da neurodiversidade deve ser promovido e apoiado para garantir os direitos e a dignidade das pessoas autistas?,406f53bbc7b4086a,FAVOR,FAVOR,
42af9ecf027d72bc,natural,Qwen/Qwen2.5-72B-Instruct,test,INCOMPARABLE,,NO,INCOMPARABLE,DIFFERENT,INCOMPARABLE,STANCE_MAINTAINED,False,NO,,INCOMPARABLE,NO,,As pessoas com dor crônica devem ter direito ao diagnóstico biopsicossocial e à atenção biopsicossocial?,O direito à aposentadoria das mães cuidadoras deve ser assegurado?,42af9ecf027d72bc,FAVOR,FAVOR,
56076bd074c74d1a,natural,Qwen/Qwen2.5-72B-Instruct,test,INCOMPARABLE,,NO,INCOMPARABLE,DIFFERENT,INCOMPARABLE,STANCE_MAINTAINED,False,NO,,INCOMPARABLE,NO,,O Brasil deve adotar a tecnologia blockchain no serviço público?,A proteção de dados pessoais do brasileiro deve ser fortalecida?,56076bd074c74d1a,FAVOR,FAVOR,
597ab529d9e58c55,natural,Qwen/Qwen2.5-72B-Instruct,test,STANCE_MAINTAINED,,NO,INCOMPARABLE,DIFFERENT,INCOMPARABLE,STANCE_MAINTAINED,False,NO,,STANCE_MAINTAINED,YES,,O Brasil deve investir na autossuficiência na produção de imunoglobulina?,O novo PAC deve incluir um aporte expressivo de recursos para a saúde?,597ab529d9e58c55,FAVOR,FAVOR,
62551a12ba0d40a1,natural,Qwen/Qwen2.5-72B-Instruct,test,INCOMPARABLE,,NO,INSUFFICIENT_EVIDENCE,,INSUFFICIENT_EVIDENCE,INSUFFICIENT_EVIDENCE,False,,,INCOMPARABLE,NO,,,,62551a12ba0d40a1,UNCERTAIN,UNCERTAIN,
6a7b7af41cec3ff3,natural,Qwen/Qwen2.5-72B-Instruct,test,INCOMPARABLE,,NO,INCOMPARABLE,DIFFERENT,INCOMPARABLE,STANCE_MAINTAINED,False,NO,,INCOMPARABLE,NO,,"Os riscos associados ao empréstimo consignado para servidores públicos, especialmente no contexto de cartões de crédito e benefícios, devem ser regulamentados?",Professores da rede pública devem ter a liberdade de exercer dois cargos públicos em áreas diferentes?,6a7b7af41cec3ff3,FAVOR,FAVOR,
8034e650e53050e1,natural,Qwen/Qwen2.5-72B-Instruct,test,STANCE_MAINTAINED,,NO,INCOMPARABLE,EQUIVALENT,STANCE_MAINTAINED,STANCE_MAINTAINED,False,YES,,INCOMPARABLE,NO,,Os recursos públicos devem ser reservados para prevenção e resposta a desastres socioambientais?,O Estado deve se preparar para enfrentar e mitigar os desastres socioambientais causados pelas mudanças climáticas?,8034e650e53050e1,FAVOR,FAVOR,
87fa10a79fe070e0,natural,Qwen/Qwen2.5-72B-Instruct,test,STANCE_MAINTAINED,,NO,INSUFFICIENT_EVIDENCE,,RELATION_UNCERTAIN,RELATION_UNCERTAIN,False,,,INCOMPARABLE,NO,,,A repactuação com as mineradoras sobre a reparação em Mariana deve ser concluída em 2023?,87fa10a79fe070e0,UNCERTAIN,AGAINST,
892d7d3a6e934091,natural,Qwen/Qwen2.5-72B-Instruct,test,STANCE_MAINTAINED,,NO,INCOMPARABLE,DIFFERENT,INCOMPARABLE,STANCE_MAINTAINED,False,NO,,STANCE_MAINTAINED,YES,,A vacinação contra a Covid-19 em crianças de 6 meses a 5 anos deve ser mantida?,A campanha antivacina deve ser combatida?,892d7d3a6e934091,FAVOR,FAVOR,
8b9017a72effb414,natural,Qwen/Qwen2.5-72B-Instruct,test,STANCE_MAINTAINED,,YES,STANCE_MAINTAINED,EQUIVALENT,STANCE_MAINTAINED,STANCE_MAINTAINED,False,YES,,INCOMPARABLE,NO,,O Brasil deve ratificar a Convenção Interamericana sobre a Proteção dos Direitos Humanos dos Idosos?,A Convenção Interamericana sobre a Proteção dos Direitos Humanos dos Idosos deve ser ratificada?,8b9017a72effb414,FAVOR,FAVOR,
8c2dfcbfad142a02,natural,Qwen/Qwen2.5-72B-Instruct,test,STANCE_MAINTAINED,,YES,STANCE_MAINTAINED,DIFFERENT,INCOMPARABLE,STANCE_MAINTAINED,False,NO,,STANCE_MAINTAINED,YES,,O bem-estar animal deve ser considerado essencial para a sustentabilidade?,O bem-estar animal deve ser uma pauta econômica e de Estado?,8c2dfcbfad142a02,FAVOR,FAVOR,
90a4cc8b19325243,natural,Qwen/Qwen2.5-72B-Instruct,test,STANCE_MAINTAINED,,YES,STANCE_MAINTAINED,EQUIVALENT,STANCE_MAINTAINED,STANCE_MAINTAINED,False,YES,,INCOMPARABLE,NO,,A campanha antivacina deve ser combatida?,A campanha antivacina deve ser combatida?,90a4cc8b19325243,FAVOR,FAVOR,
982501e57fbbcdcc,natural,Qwen/Qwen2.5-72B-Instruct,test,STANCE_MAINTAINED,,YES,STANCE_MAINTAINED,DIFFERENT,INCOMPARABLE,STANCE_MAINTAINED,False,NO,,STANCE_MAINTAINED,YES,,O financiamento à prevenção de desastres climáticos deve ser aumentado?,O Fundo de Calamidade Pública deve ser abastecido com recursos orçamentários permanentes?,982501e57fbbcdcc,FAVOR,FAVOR,
99ca50f2ecb70ba4,natural,Qwen/Qwen2.5-72B-Instruct,test,INCOMPARABLE,,NO,INCOMPARABLE,,INSUFFICIENT_EVIDENCE,INSUFFICIENT_EVIDENCE,False,,,STANCE_MAINTAINED,YES,,O IBAMA deve autorizar a exploração de petróleo na Margem Equatorial?,,99ca50f2ecb70ba4,AGAINST,UNCERTAIN,
9a442461500dc62e,natural,Qwen/Qwen2.5-72B-Instruct,test,STANCE_MAINTAINED,,UNCERTAIN,INSUFFICIENT_EVIDENCE,,INSUFFICIENT_EVIDENCE,INSUFFICIENT_EVIDENCE,False,,,INSUFFICIENT_EVIDENCE,,,,,9a442461500dc62e,UNCERTAIN,UNCERTAIN,
9b028d8dc263fd18,natural,Qwen/Qwen2.5-72B-Instruct,test,STANCE_MAINTAINED,,NO,INCOMPARABLE,DIFFERENT,INCOMPARABLE,STANCE_MAINTAINED,False,NO,,INCOMPARABLE,NO,,O marco legal da inovação deve ser revisado e aprimorado para facilitar sua operacionalização?,A Lei do Bem deve ser colocada em votação para apoiar as empresas a inovarem?,9b028d8dc263fd18,FAVOR,FAVOR,
a9bdcddb335a5a07,natural,Qwen/Qwen2.5-72B-Instruct,test,INCOMPARABLE,,NO,INCOMPARABLE,DIFFERENT,INCOMPARABLE,STANCE_MAINTAINED,False,NO,,INCOMPARABLE,NO,,A rede de proteção para mulheres vítimas de violência deve ser ampliada e fortalecida?,O recurso para políticas de proteção à mulher deve ser transferido diretamente para o Ministério das Mulheres?,a9bdcddb335a5a07,FAVOR,FAVOR,
b4a84fb6380ec371,natural,Qwen/Qwen2.5-72B-Instruct,test,STANCE_MAINTAINED,,NO,INCOMPARABLE,DIFFERENT,INCOMPARABLE,STANCE_MAINTAINED,False,NO,,INCOMPARABLE,NO,,O racismo deve ser integrado ao debate sobre as políticas públicas para a primeira infância?,A educação de meninas e mulheres negras deve ser melhorada e garantida?,b4a84fb6380ec371,FAVOR,FAVOR,
e13d509a937ffa5f,natural,Qwen/Qwen2.5-72B-Instruct,test,INCOMPARABLE,,NO,INCOMPARABLE,DIFFERENT,INCOMPARABLE,STANCE_MAINTAINED,False,NO,,INCOMPARABLE,NO,,"O Projeto de Lei nº 2.002, de 2019, que visa garantir maior proteção aos consumidores idosos, deve ser aprovado?",A obsolescência programada deve ser combatida e regulamentada?,e13d509a937ffa5f,FAVOR,FAVOR,
e2e808118c9ee9de,natural,Qwen/Qwen2.5-72B-Instruct,test,INCOMPARABLE,,NO,INCOMPARABLE,DIFFERENT,INCOMPARABLE,STANCE_MAINTAINED,False,NO,,INCOMPARABLE,NO,,O Ministério da Saúde deve reassumir a responsabilidade pelo financiamento do tratamento da retinopatia diabética no SUS?,"O Projeto de Lei nº 3.811, de 2019, que institui a Semana Nacional de Conscientização sobre a Cardiopatia Isquêmica, deve ser aprovado?",e2e808118c9ee9de,FAVOR,FAVOR,
f8189fa4faeb557c,natural,Qwen/Qwen2.5-72B-Instruct,test,STANCE_MAINTAINED,,YES,STANCE_MAINTAINED,DIFFERENT,INCOMPARABLE,STANCE_MAINTAINED,False,NO,,RELATION_UNCERTAIN,UNCERTAIN,,O Marco Legal da Inovação deve ser revisado e operacionalizado para facilitar sua aplicação prática?,"A Lei do Bem e suas regulamentações devem ser aperfeiçoadas e aplicadas para facilitar a colaboração entre universidades, empresas e governo?",f8189fa4faeb557c,FAVOR,FAVOR,
ffe531755c6def2e,natural,Qwen/Qwen2.5-72B-Instruct,test,STANCE_MAINTAINED,,YES,STANCE_MAINTAINED,DIFFERENT,INCOMPARABLE,STANCE_MAINTAINED,False,NO,,STANCE_MAINTAINED,YES,,O projeto de lei que regula o trabalho de motoristas de aplicativo deve ser rejeitado?,O Projeto de Lei Complementar nº 12 deve ser rejeitado?,ffe531755c6def2e,FAVOR,FAVOR,
syn_d249b2daa820,synthetic,Qwen/Qwen2.5-72B-Instruct,test,STANCE_MAINTAINED,STANCE_MAINTAINED,,STANCE_MAINTAINED,EQUIVALENT,STANCE_MAINTAINED,STANCE_MAINTAINED,False,YES,STANCE_MAINTAINED,,,NEGATED_PARAPHRASE,O financiamento à prevenção de desastres climáticos deve ser aumentado?,O País deve ter recursos financeiros específicos para a prevenção de desastres naturais?,06f6bf71ce0746e2,FAVOR,FAVOR,
syn_9d79ea135ad4,synthetic,Qwen/Qwen2.5-72B-Instruct,test,STANCE_MAINTAINED,STANCE_MAINTAINED,,STANCE_MAINTAINED,EQUIVALENT,STANCE_MAINTAINED,STANCE_MAINTAINED,False,YES,INCOMPARABLE,,,SHIFT_PROPOSITION,O financiamento à prevenção de desastres climáticos deve ser aumentado?,O País deve investir em prevenção de desastres naturais e retirada de famílias de áreas de risco?,06f6bf71ce0746e2,FAVOR,FAVOR,
syn_022cab59aa7e,synthetic,Qwen/Qwen2.5-72B-Instruct,test,INCOMPARABLE,STANCE_MAINTAINED,,INCOMPARABLE,DIFFERENT,INCOMPARABLE,STANCE_MAINTAINED,False,NO,INCOMPARABLE,,,REVERSE_ON_INCOMPARABLE,A soberania nacional na área energética deve ser fortalecida através da energia limpa e renovável?,O modelo atual das concessionárias de energia no Brasil deve ser preservado?,16c67be32f60e074,FAVOR,FAVOR,
syn_6d7f969a506d,synthetic,Qwen/Qwen2.5-72B-Instruct,test,INCOMPARABLE,STANCE_MAINTAINED,,INCOMPARABLE,,RELATION_UNCERTAIN,RELATION_UNCERTAIN,False,,INCOMPARABLE,,,REVERSE_ON_INCOMPARABLE,,A regulamentação do trabalho de motoristas de aplicativo deve ser feita com cautela e prudência?,1f862b43757396e1,UNCERTAIN,FAVOR,
syn_0ea3427ca13e,synthetic,Qwen/Qwen2.5-72B-Instruct,test,INCOMPARABLE,RELATION_UNCERTAIN,,INCOMPARABLE,,RELATION_UNCERTAIN,RELATION_UNCERTAIN,False,,INCOMPARABLE,,,REVERSE_ON_INCOMPARABLE,O Estatuto dos Povos Ciganos deve ser instituído?,,379d85fc73b5d187,FAVOR,UNCERTAIN,
syn_7aadeaaa8c51,synthetic,Qwen/Qwen2.5-72B-Instruct,test,INCOMPARABLE,STANCE_MAINTAINED,,INCOMPARABLE,DIFFERENT,INCOMPARABLE,STANCE_MAINTAINED,False,NO,INCOMPARABLE,,,REVERSE_ON_INCOMPARABLE,As pessoas com deficiência devem ser incluídas nas políticas de fomento cultural?,As políticas públicas para pessoas com Transtorno do Espectro Autista devem ser efetivamente implementadas e fiscalizadas?,3ebdfd5f91baeb30,FAVOR,FAVOR,
syn_f5be8667bfcc,synthetic,Qwen/Qwen2.5-72B-Instruct,test,INCOMPARABLE,STANCE_MAINTAINED,,INCOMPARABLE,DIFFERENT,INCOMPARABLE,STANCE_REVERSED,False,NO,INCOMPARABLE,,,REVERSE_ON_INCOMPARABLE,O recurso para políticas de proteção à mulher deve ser transferido diretamente para o Ministério das Mulheres?,A criação de políticas públicas específicas é a solução efetiva para melhorar a qualidade de vida das mulheres no climatério e menopausa?,3f649c16713f4c6f,FAVOR,AGAINST,
syn_db8efe8d8fb9,synthetic,Qwen/Qwen2.5-72B-Instruct,test,INCOMPARABLE,STANCE_MAINTAINED,,INCOMPARABLE,DIFFERENT,INCOMPARABLE,STANCE_MAINTAINED,False,NO,INCOMPARABLE,,,REVERSE_ON_INCOMPARABLE,As pessoas com dor crônica devem ter direito ao diagnóstico biopsicossocial e à atenção biopsicossocial?,O direito à aposentadoria das mães cuidadoras deve ser assegurado?,42af9ecf027d72bc,FAVOR,FAVOR,
syn_04585703f194,synthetic,Qwen/Qwen2.5-72B-Instruct,test,INCOMPARABLE,STANCE_MAINTAINED,,INCOMPARABLE,DIFFERENT,INCOMPARABLE,STANCE_MAINTAINED,False,NO,STANCE_REVERSED,,,REVERSE_ON_COMPARABLE,O Brasil deve investir na autossuficiência na produção de imunoglobulina?,O novo PAC deve incluir um aporte expressivo de recursos para a saúde?,597ab529d9e58c55,FAVOR,FAVOR,
syn_93386bb00302,synthetic,Qwen/Qwen2.5-72B-Instruct,test,INCOMPARABLE,INSUFFICIENT_EVIDENCE,,INSUFFICIENT_EVIDENCE,,INSUFFICIENT_EVIDENCE,INSUFFICIENT_EVIDENCE,False,,INCOMPARABLE,,,REVERSE_ON_INCOMPARABLE,,,62551a12ba0d40a1,UNCERTAIN,UNCERTAIN,
syn_c6fb523e5490,synthetic,Qwen/Qwen2.5-72B-Instruct,test,STANCE_MAINTAINED,STANCE_REVERSED,,INCOMPARABLE,DIFFERENT,INCOMPARABLE,STANCE_MAINTAINED,False,NO,STANCE_MAINTAINED,,,NEGATED_PARAPHRASE,A vacinação contra a Covid-19 em crianças de 6 meses a 5 anos deve ser mantida?,A campanha antivacina deve ser combatida?,892d7d3a6e934091,FAVOR,FAVOR,
syn_9ec876c670b6,synthetic,Qwen/Qwen2.5-72B-Instruct,test,STANCE_REVERSED,STANCE_REVERSED,,STANCE_REVERSED,DIFFERENT,INCOMPARABLE,STANCE_REVERSED,False,NO,INCOMPARABLE,,,REVERSE_ON_INCOMPARABLE,O Brasil deve ratificar a Convenção Interamericana sobre a Proteção dos Direitos Humanos dos Idosos?,A ratificação da Convenção Interamericana sobre a Proteção dos Direitos Humanos dos Idosos deve ser aprovada com quórum qualificado?,8b9017a72effb414,FAVOR,AGAINST,
syn_75ca94eb2c50,synthetic,Qwen/Qwen2.5-72B-Instruct,test,STANCE_MAINTAINED,STANCE_MAINTAINED,,STANCE_MAINTAINED,DIFFERENT,INCOMPARABLE,STANCE_MAINTAINED,False,NO,STANCE_REVERSED,,,REVERSE_ON_COMPARABLE,O bem-estar animal deve ser considerado essencial para a sustentabilidade?,O bem-estar animal deve ser uma pauta econômica e de Estado?,8c2dfcbfad142a02,FAVOR,FAVOR,
syn_6c7cba78c0ae,synthetic,Qwen/Qwen2.5-72B-Instruct,test,STANCE_MAINTAINED,STANCE_MAINTAINED,,INCOMPARABLE,DIFFERENT,INCOMPARABLE,STANCE_MAINTAINED,False,NO,INCOMPARABLE,,,SHIFT_PROPOSITION,O bem-estar animal deve ser considerado essencial para a sustentabilidade?,O bem-estar animal deve ser uma pauta econômica e de Estado?,8c2dfcbfad142a02,FAVOR,FAVOR,
syn_78ad7ca2c13e,synthetic,Qwen/Qwen2.5-72B-Instruct,test,STANCE_REVERSED,STANCE_MAINTAINED,,INCOMPARABLE,DIFFERENT,INCOMPARABLE,STANCE_REVERSED,False,NO,STANCE_REVERSED,,,REVERSE_ON_COMPARABLE,O financiamento à prevenção de desastres climáticos deve ser aumentado?,Os recursos para prevenção e pronta resposta a desastres naturais devem ser alocados de forma fixa no orçamento?,982501e57fbbcdcc,FAVOR,AGAINST,
syn_f9f6e6e8c346,synthetic,Qwen/Qwen2.5-72B-Instruct,test,STANCE_MAINTAINED,STANCE_MAINTAINED,,STANCE_MAINTAINED,EQUIVALENT,STANCE_MAINTAINED,STANCE_MAINTAINED,False,YES,STANCE_MAINTAINED,,,NEGATED_PARAPHRASE,O financiamento à prevenção de desastres climáticos deve ser aumentado?,O Fundo de Calamidade Pública deve ser abastecido de recursos para prevenção e pronta resposta a desastres naturais?,982501e57fbbcdcc,FAVOR,FAVOR,
syn_e86aac1a18eb,synthetic,Qwen/Qwen2.5-72B-Instruct,test,STANCE_MAINTAINED,STANCE_MAINTAINED,,INCOMPARABLE,DIFFERENT,INCOMPARABLE,STANCE_MAINTAINED,False,NO,INCOMPARABLE,,,SHIFT_PROPOSITION,O financiamento à prevenção de desastres climáticos deve ser aumentado?,A Defesa Civil nos Municípios deve ter carreiras estruturadas e permanentes?,982501e57fbbcdcc,FAVOR,FAVOR,
syn_62bc327e1375,synthetic,Qwen/Qwen2.5-72B-Instruct,test,STANCE_REVERSED,STANCE_REVERSED,,INCOMPARABLE,DIFFERENT,INCOMPARABLE,STANCE_REVERSED,False,NO,INCOMPARABLE,,,REVERSE_ON_INCOMPARABLE,O marco legal da inovação deve ser revisado e aprimorado para facilitar sua operacionalização?,A Lei do Bem deve ser votada de forma apressada?,9b028d8dc263fd18,FAVOR,AGAINST,
syn_a48f3ff2e646,synthetic,Qwen/Qwen2.5-72B-Instruct,test,INCOMPARABLE,STANCE_MAINTAINED,,INCOMPARABLE,DIFFERENT,INCOMPARABLE,STANCE_MAINTAINED,False,NO,INCOMPARABLE,,,REVERSE_ON_INCOMPARABLE,A rede de proteção para mulheres vítimas de violência deve ser ampliada e fortalecida?,O Ministério da Justiça deve manter a gerência dos recursos para patrulhas e Casa da Mulher Brasileira?,a9bdcddb335a5a07,FAVOR,FAVOR,
syn_e7ba8f110044,synthetic,Qwen/Qwen2.5-72B-Instruct,test,INCOMPARABLE,STANCE_MAINTAINED,,INCOMPARABLE,DIFFERENT,INCOMPARABLE,STANCE_MAINTAINED,False,NO,INCOMPARABLE,,,REVERSE_ON_INCOMPARABLE,"O Projeto de Lei nº 2.002, de 2019, que visa garantir maior proteção aos consumidores idosos, deve ser aprovado?",A prática de obsolescência programada deve ser coibida?,e13d509a937ffa5f,FAVOR,FAVOR,
syn_6f89da01829d,synthetic,Qwen/Qwen2.5-72B-Instruct,test,STANCE_REVERSED,STANCE_REVERSED,,INCOMPARABLE,DIFFERENT,INCOMPARABLE,STANCE_MAINTAINED,False,NO,STANCE_REVERSED,,,REVERSE_ON_COMPARABLE,O projeto de lei que regula o trabalho de motoristas de aplicativo deve ser rejeitado?,O Projeto de Lei Complementar nº 12 deve ser aprovado?,ffe531755c6def2e,FAVOR,FAVOR,
syn_cbd48cb23569,synthetic,Qwen/Qwen2.5-72B-Instruct,test,STANCE_MAINTAINED,STANCE_MAINTAINED,,INCOMPARABLE,DIFFERENT,INCOMPARABLE,STANCE_REVERSED,False,NO,STANCE_MAINTAINED,,,NEGATED_PARAPHRASE,O projeto de lei que regula o trabalho de motoristas de aplicativo deve ser rejeitado?,O Projeto de Lei Complementar nº 12 deve ser aprovado na forma atual?,ffe531755c6def2e,FAVOR,AGAINST,
syn_32eb1fccde21,synthetic,Qwen/Qwen2.5-72B-Instruct,test,STANCE_MAINTAINED,STANCE_MAINTAINED,,INCOMPARABLE,DIFFERENT,INCOMPARABLE,STANCE_MAINTAINED,False,NO,INCOMPARABLE,,,SHIFT_PROPOSITION,O projeto de lei que regula o trabalho de motoristas de aplicativo deve ser rejeitado?,O grupo de trabalho para a regulamentação do trabalho de motoristas de aplicativo deve ser rejeitado e substituído por um novo modelo com participação direta dos motoristas?,ffe531755c6def2e,FAVOR,FAVOR,
263f772b51bf1354,natural,meta-llama/Llama-3.3-70B-Instruct-Turbo,dev,STANCE_MAINTAINED,,NO,INCOMPARABLE,DIFFERENT,INCOMPARABLE,STANCE_MAINTAINED,False,NO,,RELATION_UNCERTAIN,UNCERTAIN,,O Estado brasileiro deve ser reestruturado para atender às necessidades da população idosa?,O envelhecimento saudável e ativo deve ser priorizado na agenda do G20?,263f772b51bf1354,FAVOR,FAVOR,
d4e87de87b4f3431,natural,meta-llama/Llama-3.3-70B-Instruct-Turbo,dev,INCOMPARABLE,,NO,INCOMPARABLE,DIFFERENT,INCOMPARABLE,RELATION_UNCERTAIN,True,NO,,INCOMPARABLE,NO,,O Brasil deve dar prioridade à produção de vacinas estatales?,O Ministério deve arcar com despesas de viagem de condenados por crimes?,d4e87de87b4f3431,UNCERTAIN,AGAINST,
24c599750bdd544f,natural,meta-llama/Llama-3.3-70B-Instruct-Turbo,dev,STANCE_MAINTAINED,,YES,STANCE_MAINTAINED,DIFFERENT,INCOMPARABLE,STANCE_MAINTAINED,False,NO,,STANCE_MAINTAINED,YES,,"O desenvimento e a regulação dos mercados digitais são questões importantes para a economia, a inovação e a concidade do Brasil?",A regulamentação dos mercados digitais deve ser promovida pela Câmara dos Deputados?,24c599750bdd544f,FAVOR,FAVOR,
8f79764e69daadf2,natural,meta-llama/Llama-3.3-70B-Instruct-Turbo,dev,INCOMPARABLE,,NO,INSUFFICIENT_EVIDENCE,DIFFERENT,INCOMPARABLE,STANCE_MAINTAINED,False,NO,,RELATION_UNCERTAIN,UNCERTAIN,,O Estado brasileiro deve ser reestruturado para atender ao envelhecimento da população?,A criação de uma Secretaria Nacional da Pessoa Idosa deve ser priorizada?,8f79764e69daadf2,FAVOR,FAVOR,
af4d70f0c140e9c9,natural,meta-llama/Llama-3.3-70B-Instruct-Turbo,dev,INCOMPARABLE,,NO,INCOMPARABLE,DIFFERENT,INCOMPARABLE,STANCE_MAINTAINED,False,NO,,INCOMPARABLE,NO,,A regulamentação das redes sociais para prevenir a disseminação de ódio e violência deve ser implementada?,As emendas para combater a violência contra crianças e adolescentes devem ser incluídas na LDO?,af4d70f0c140e9c9,FAVOR,FAVOR,
d4c07b40fb424a0c,natural,meta-llama/Llama-3.3-70B-Instruct-Turbo,dev,STANCE_MAINTAINED,,YES,STANCE_MAINTAINED,EQUIVALENT,STANCE_MAINTAINED,STANCE_MAINTAINED,False,YES,,STANCE_MAINTAINED,YES,,A vacinação contra Covid-19 deve ser obrigatória para crianças de 6 meses a 5 anos?,Deve a vacinação de crianas contra a COVID-19 ser obrigada?,d4c07b40fb424a0c,AGAINST,AGAINST,
0138e27cd0f53d95,natural,meta-llama/Llama-3.3-70B-Instruct-Turbo,dev,INCOMPARABLE,,NO,INCOMPARABLE,DIFFERENT,INCOMPARABLE,STANCE_MAINTAINED,False,NO,,INCOMPARABLE,NO,,A Convenção Interamericana sobre a Proteção dos Direitos Humanos dos Idosos deve ser aprovada?,O Estatuto da Pessoa Idosa deve ser fortalecido e implementado?,0138e27cd0f53d95,FAVOR,FAVOR,
2e42e8583aea6939,natural,meta-llama/Llama-3.3-70B-Instruct-Turbo,dev,STANCE_MAINTAINED,,NO,INCOMPARABLE,DIFFERENT,INCOMPARABLE,STANCE_MAINTAINED,False,NO,,INCOMPARABLE,NO,,O orçamento para combater a tuberculose no Brasil deve ser aumentado?,A erradicação da tuberculose no Amazonas até 2030 deve ser um projeto-piloto nacional?,2e42e8583aea6939,FAVOR,FAVOR,
3459768d16f576e5,natural,meta-llama/Llama-3.3-70B-Instruct-Turbo,dev,STANCE_MAINTAINED,,NO,INCOMPARABLE,EQUIVALENT,STANCE_MAINTAINED,STANCE_MAINTAINED,False,YES,,STANCE_MAINTAINED,YES,,O Saque-Aniversário do FGTS deve ser mantido?,O saque-aniversário do FGTS deve ser mantido?,3459768d16f576e5,FAVOR,FAVOR,
2a22c99d1d3a678c,natural,meta-llama/Llama-3.3-70B-Instruct-Turbo,dev,INCOMPARABLE,,NO,INCOMPARABLE,,INSUFFICIENT_EVIDENCE,INSUFFICIENT_EVIDENCE,False,,,INCOMPARABLE,NO,,,O protocolo de tratamento de edema macular diabético no SUS deve ser atualizado?,2a22c99d1d3a678c,UNCERTAIN,FAVOR,
ebcdef50abd4418f,natural,meta-llama/Llama-3.3-70B-Instruct-Turbo,dev,INCOMPARABLE,,NO,INCOMPARABLE,DIFFERENT,INCOMPARABLE,STANCE_MAINTAINED,False,NO,,INCOMPARABLE,NO,,A proteção dos territórios indígenas e dos direitos das mulheres e crianças indígenas deve ser priorizada?,Os planos e Conselhos para políticas públicas para a população LGBTQIA+ devem ser implementados e fortalecidos?,ebcdef50abd4418f,FAVOR,FAVOR,
d3769de977ace19d,natural,meta-llama/Llama-3.3-70B-Instruct-Turbo,dev,STANCE_MAINTAINED,,YES,STANCE_MAINTAINED,DIFFERENT,INCOMPARABLE,STANCE_MAINTAINED,False,NO,,STANCE_MAINTAINED,YES,,O País deve ter uma fonte de recursos específica para a prevenção de desastres?,O Fundo de Calamidade Pública deve ser abastecido de recursos?,d3769de977ace19d,FAVOR,FAVOR,
36fb1e1240a12ac4,natural,meta-llama/Llama-3.3-70B-Instruct-Turbo,dev,INCOMPARABLE,,NO,INCOMPARABLE,DIFFERENT,INCOMPARABLE,STANCE_MAINTAINED,False,NO,,INCOMPARABLE,NO,,Deve haver uma legislação específica do sistema prisional carcerário para as questões indígenas?,A Política Nacional de Gestão Territorial e Ambiental das Terras Indígenas deve ser tornada permanente?,36fb1e1240a12ac4,FAVOR,FAVOR,
36e4b11ff6345a11,natural,meta-llama/Llama-3.3-70B-Instruct-Turbo,dev,INCOMPARABLE,,NO,INCOMPARABLE,DIFFERENT,INCOMPARABLE,STANCE_MAINTAINED,False,NO,,INCOMPARABLE,NO,,A reconstrução do Sistema Único de Saúde deve ser priorizada?,O programa Viver sem Limite deve ser implementado?,36e4b11ff6345a11,FAVOR,FAVOR,
de54c782d361768c,natural,meta-llama/Llama-3.3-70B-Instruct-Turbo,dev,INCOMPARABLE,,NO,INCOMPARABLE,DIFFERENT,INCOMPARABLE,STANCE_MAINTAINED,False,NO,,INCOMPARABLE,NO,,"A implementação de políticas públicas de proteção às mulheres, como o Aluguel Social e a criação de DEAMs em todas as cidades brasileiras, deve ser priorizada?",O Programa de Atenção a Mulheres na Menopausa e Climatério deve ser criado?,de54c782d361768c,FAVOR,FAVOR,
4cffd4e8a3906c01,natural,meta-llama/Llama-3.3-70B-Instruct-Turbo,dev,INCOMPARABLE,,NO,INCOMPARABLE,DIFFERENT,INCOMPARABLE,STANCE_REVERSED,False,NO,,INCOMPARABLE,NO,,O Supremo Tribunal Federal deve exercer ativismo judicial para modificar leis existentes?,A ANEEL deve ser mais firme na fiscalização e punição das concessionárias de energia elétrica?,4cffd4e8a3906c01,AGAINST,FAVOR,
e001ebac1d8033f1,natural,meta-llama/Llama-3.3-70B-Instruct-Turbo,dev,STANCE_MAINTAINED,,NO,INCOMPARABLE,EQUIVALENT,STANCE_MAINTAINED,STANCE_MAINTAINED,False,YES,,STANCE_MAINTAINED,YES,,Deve ser criado um sistema nacional de apoio a vítimas de desastres no Brasil?,A criação de um arcabouço legal para proteger os cidadãos vulneráveis em desastres naturais é necessária?,e001ebac1d8033f1,FAVOR,FAVOR,
e6a308550846aa5f,natural,meta-llama/Llama-3.3-70B-Instruct-Turbo,dev,INCOMPARABLE,,NO,INSUFFICIENT_EVIDENCE,DIFFERENT,INCOMPARABLE,STANCE_MAINTAINED,False,NO,,INCOMPARABLE,NO,,O marco regulatório para a transição energética sustentável deve ser implementado com base na experiência do RenovaBio?,O biometano deve ser incentivado como parte da matriz energética brasileira?,e6a308550846aa5f,FAVOR,FAVOR,
syn_5454cbce028e,synthetic,meta-llama/Llama-3.3-70B-Instruct-Turbo,dev,STANCE_MAINTAINED,STANCE_MAINTAINED,,STANCE_MAINTAINED,DIFFERENT,INCOMPARABLE,STANCE_MAINTAINED,False,NO,STANCE_REVERSED,,,REVERSE_ON_COMPARABLE,"O desenvimento e a regulação dos mercados digitais são questões importantes para a economia, a inovação e a concidade do Brasil?",A regulamentação dos mercados digitais deve priorizar a livre concorrência em detrimento de políticas excessivas?,24c599750bdd544f,FAVOR,FAVOR,
syn_760d4868fd2e,synthetic,meta-llama/Llama-3.3-70B-Instruct-Turbo,dev,STANCE_MAINTAINED,STANCE_MAINTAINED,,STANCE_MAINTAINED,OPPOSITE_POLARITY,STANCE_REVERSED,STANCE_MAINTAINED,False,YES,STANCE_MAINTAINED,,,NEGATED_PARAPHRASE,"O desenvimento e a regulação dos mercados digitais são questões importantes para a economia, a inovação e a concidade do Brasil?",A regulamentação dos mercados digitais deve ser avançada?,24c599750bdd544f,FAVOR,FAVOR,
syn_53fc3867f4df,synthetic,meta-llama/Llama-3.3-70B-Instruct-Turbo,dev,STANCE_MAINTAINED,STANCE_MAINTAINED,,STANCE_MAINTAINED,DIFFERENT,INCOMPARABLE,STANCE_MAINTAINED,False,NO,INCOMPARABLE,,,SHIFT_PROPOSITION,"O desenvimento e a regulação dos mercados digitais são questões importantes para a economia, a inovação e a concidade do Brasil?",A regulamentação dos mercados digitais deve priorizar a proteção dos dados pessoais?,24c599750bdd544f,FAVOR,FAVOR,
syn_ff8a23c3a556,synthetic,meta-llama/Llama-3.3-70B-Instruct-Turbo,dev,INCOMPARABLE,STANCE_MAINTAINED,,INCOMPARABLE,,INSUFFICIENT_EVIDENCE,INSUFFICIENT_EVIDENCE,False,,INCOMPARABLE,,,REVERSE_ON_INCOMPARABLE,,O protocolo de tratamento de edema macular diabético no SUS deve ser atualizado?,2a22c99d1d3a678c,UNCERTAIN,AGAINST,
syn_2f8b7031e619,synthetic,meta-llama/Llama-3.3-70B-Instruct-Turbo,dev,STANCE_MAINTAINED,STANCE_MAINTAINED,,INCOMPARABLE,DIFFERENT,INCOMPARABLE,STANCE_REVERSED,False,NO,INCOMPARABLE,,,REVERSE_ON_INCOMPARABLE,O orçamento para combater a tuberculose no Brasil deve ser aumentado?,A Comissão Externa deve focar em um Estado piloto único para erradicar a tuberculose até 2030?,2e42e8583aea6939,FAVOR,AGAINST,
syn_2905cc0189f9,synthetic,meta-llama/Llama-3.3-70B-Instruct-Turbo,dev,STANCE_MAINTAINED,STANCE_MAINTAINED,,INCOMPARABLE,EQUIVALENT,STANCE_MAINTAINED,STANCE_MAINTAINED,False,YES,INCOMPARABLE,,,SHIFT_PROPOSITION,O Saque-Aniversário do FGTS deve ser mantido?,O saque-aniversário do FGTS deve ser mantido?,3459768d16f576e5,FAVOR,FAVOR,
syn_09f474008dad,synthetic,meta-llama/Llama-3.3-70B-Instruct-Turbo,dev,INCOMPARABLE,STANCE_REVERSED,,INCOMPARABLE,DIFFERENT,INCOMPARABLE,STANCE_REVERSED,False,NO,INCOMPARABLE,,,REVERSE_ON_INCOMPARABLE,O Supremo Tribunal Federal deve exercer ativismo judicial para modificar leis existentes?,As concessionárias de energia elétrica devem ter um ambiente mais estável e previsível para investir?,4cffd4e8a3906c01,AGAINST,FAVOR,
syn_73fc87b8e147,synthetic,meta-llama/Llama-3.3-70B-Instruct-Turbo,dev,INCOMPARABLE,STANCE_MAINTAINED,,INCOMPARABLE,DIFFERENT,INCOMPARABLE,STANCE_MAINTAINED,False,NO,INCOMPARABLE,,,REVERSE_ON_INCOMPARABLE,A regulamentação das redes sociais para prevenir a disseminação de ódio e violência deve ser implementada?,As emendas para combater a violência contra crianças e adolescentes devem ser incluídas na LDO?,af4d70f0c140e9c9,FAVOR,FAVOR,
syn_08d56e3017bc,synthetic,meta-llama/Llama-3.3-70B-Instruct-Turbo,dev,STANCE_REVERSED,STANCE_REVERSED,,INCOMPARABLE,EQUIVALENT,STANCE_REVERSED,STANCE_REVERSED,False,YES,STANCE_REVERSED,,,REVERSE_ON_COMPARABLE,O País deve ter uma fonte de recursos específica para a prevenção de desastres?,O Fundo de Calamidade Pública deve ser mantido com recursos específicos e engessados para prevenção?,d3769de977ace19d,FAVOR,AGAINST,
syn_8b8a272f4fab,synthetic,meta-llama/Llama-3.3-70B-Instruct-Turbo,dev,STANCE_MAINTAINED,STANCE_MAINTAINED,,STANCE_MAINTAINED,EQUIVALENT,STANCE_MAINTAINED,STANCE_MAINTAINED,False,YES,STANCE_MAINTAINED,,,NEGATED_PARAPHRASE,O País deve ter uma fonte de recursos específica para a prevenção de desastres?,Deve haver uma previsão orçamentária para o Fundo de Calamidade Pública?,d3769de977ace19d,FAVOR,FAVOR,
syn_b3a9b90f5e23,synthetic,meta-llama/Llama-3.3-70B-Instruct-Turbo,dev,STANCE_MAINTAINED,STANCE_MAINTAINED,,STANCE_MAINTAINED,EQUIVALENT,STANCE_MAINTAINED,STANCE_MAINTAINED,False,YES,STANCE_MAINTAINED,,,NEGATED_PARAPHRASE,A vacinação contra Covid-19 deve ser obrigatória para crianças de 6 meses a 5 anos?,A vacinação obrigatória de crianças contra a COVID-19 deve ser implementada?,d4c07b40fb424a0c,AGAINST,AGAINST,
syn_afdaab6d2eb3,synthetic,meta-llama/Llama-3.3-70B-Instruct-Turbo,dev,STANCE_MAINTAINED,STANCE_MAINTAINED,,STANCE_MAINTAINED,DIFFERENT,INCOMPARABLE,RELATION_UNCERTAIN,True,NO,INCOMPARABLE,,,SHIFT_PROPOSITION,A vacinação contra Covid-19 deve ser obrigatória para crianças de 6 meses a 5 anos?,O saque-aniversário do FGTS deve ser mantido?,d4c07b40fb424a0c,AGAINST,UNCERTAIN,
syn_c6a2a29ef0b4,synthetic,meta-llama/Llama-3.3-70B-Instruct-Turbo,dev,INCOMPARABLE,STANCE_REVERSED,,INCOMPARABLE,DIFFERENT,INCOMPARABLE,RELATION_UNCERTAIN,True,NO,INCOMPARABLE,,,REVERSE_ON_INCOMPARABLE,"A implementação de políticas públicas de proteção às mulheres, como o Aluguel Social e a criação de DEAMs em todas as cidades brasileiras, deve ser priorizada?",A criação de um programa específico para a saúde da mulher no climatério e na menosá is a melhor forma de abordar o problema?,de54c782d361768c,FAVOR,UNCERTAIN,
syn_db7a3f8f200d,synthetic,meta-llama/Llama-3.3-70B-Instruct-Turbo,dev,INCOMPARABLE,STANCE_REVERSED,,INCOMPARABLE,DIFFERENT,INCOMPARABLE,STANCE_REVERSED,False,NO,STANCE_REVERSED,,,REVERSE_ON_COMPARABLE,Deve ser criado um sistema nacional de apoio a vítimas de desastres no Brasil?,O Ministério do Desenvolvimento Social deve ter participação na criação de um arcabouço legal para proteger vulneráveis em desastres naturais?,e001ebac1d8033f1,FAVOR,AGAINST,
syn_7f48e74c939f,synthetic,meta-llama/Llama-3.3-70B-Instruct-Turbo,dev,STANCE_MAINTAINED,STANCE_MAINTAINED,,INCOMPARABLE,DIFFERENT,INCOMPARABLE,STANCE_MAINTAINED,False,NO,INCOMPARABLE,,,SHIFT_PROPOSITION,Deve ser criado um sistema nacional de apoio a vítimas de desastres no Brasil?,O Ministério do Desenvolvimento Social deve participar das ações de prevenção e auxílio a desastres e calamidades naturais?,e001ebac1d8033f1,FAVOR,FAVOR,
syn_8dfd859600d4,synthetic,meta-llama/Llama-3.3-70B-Instruct-Turbo,dev,INCOMPARABLE,STANCE_MAINTAINED,,INCOMPARABLE,DIFFERENT,INCOMPARABLE,STANCE_MAINTAINED,False,NO,INCOMPARABLE,,,REVERSE_ON_INCOMPARABLE,O marco regulatório para a transição energética sustentável deve ser implementado com base na experiência do RenovaBio?,O uso do biometano na matriz energética brasileira deve ser incentivado?,e6a308550846aa5f,FAVOR,FAVOR,
06f6bf71ce0746e2,natural,meta-llama/Llama-3.3-70B-Instruct-Turbo,test,STANCE_MAINTAINED,,NO,INCOMPARABLE,DIFFERENT,INCOMPARABLE,STANCE_MAINTAINED,False,NO,,STANCE_MAINTAINED,YES,,O veto ao PL 920/23 deve ser derrubado?,O País deve ter uma fonte de recursos específica para a prevenção de desastres?,06f6bf71ce0746e2,FAVOR,FAVOR,
16c67be32f60e074,natural,meta-llama/Llama-3.3-70B-Instruct-Turbo,test,INCOMPARABLE,,NO,INCOMPARABLE,DIFFERENT,INCOMPARABLE,STANCE_MAINTAINED,False,NO,,INCOMPARABLE,NO,,A transição para energia limpa e renovável deve ser priorizada no Brasil?,O modelo atual das concessionárias de energia no Brasil deve ser modificado?,16c67be32f60e074,FAVOR,FAVOR,
1f862b43757396e1,natural,meta-llama/Llama-3.3-70B-Instruct-Turbo,test,INCOMPARABLE,,NO,INCOMPARABLE,DIFFERENT,INCOMPARABLE,STANCE_MAINTAINED,False,NO,,INCOMPARABLE,NO,,A regulamentação do lobby junto ao poder público deve ser discutida com transparência?,A regulamentação do trabalho de motoristas de aplicativo deve ser aprovada?,1f862b43757396e1,FAVOR,FAVOR,
370ab0f946469bab,natural,meta-llama/Llama-3.3-70B-Instruct-Turbo,test,STANCE_MAINTAINED,,NO,INCOMPARABLE,DIFFERENT,INCOMPARABLE,STANCE_MAINTAINED,False,NO,,INCOMPARABLE,NO,,A Convenção Interamericana sobre a Proteção dos Direitos Humanos dos Idosos deve ser ratificada?,A convenção sobre direitos das pessoas idosas deve ser aprovada com status de emenda constitucional?,370ab0f946469bab,FAVOR,FAVOR,
379d85fc73b5d187,natural,meta-llama/Llama-3.3-70B-Instruct-Turbo,test,INCOMPARABLE,,NO,INCOMPARABLE,DIFFERENT,INCOMPARABLE,STANCE_MAINTAINED,False,NO,,INCOMPARABLE,NO,,O Estatuto dos Povos Ciganos deve ser aprovado?,A economia do cuidado deve ser incluída no cálculo do PIB?,379d85fc73b5d187,FAVOR,FAVOR,
3ebdfd5f91baeb30,natural,meta-llama/Llama-3.3-70B-Instruct-Turbo,test,INCOMPARABLE,,NO,INCOMPARABLE,DIFFERENT,INCOMPARABLE,STANCE_MAINTAINED,False,NO,,INCOMPARABLE,NO,,As pessoas com deficiência devem ser incluídas nas políticas de fomento cultural?,As políticas públicas para pessoas com Transtorno do Espectro Autista devem ser implementadas de forma efetiva?,3ebdfd5f91baeb30,FAVOR,FAVOR,
3f649c16713f4c6f,natural,meta-llama/Llama-3.3-70B-Instruct-Turbo,test,INCOMPARABLE,,NO,INCOMPARABLE,DIFFERENT,INCOMPARABLE,STANCE_MAINTAINED,False,NO,,INCOMPARABLE,NO,,O recurso para as patrulhas e a Casa da Mulher Brasileira deve ser gerenciado diretamente pelo Ministério das Mulheres?,O Programa de Atenção a Mulheres na Menopausa e Climatério deve ser criado?,3f649c16713f4c6f,FAVOR,FAVOR,
406f53bbc7b4086a,natural,meta-llama/Llama-3.3-70B-Instruct-Turbo,test,STANCE_MAINTAINED,,YES,STANCE_MAINTAINED,EQUIVALENT,STANCE_MAINTAINED,STANCE_MAINTAINED,False,YES,,INCOMPARABLE,NO,,As pessoas autistas devem ser garantidas oportunidades e respeito às suas singularidades?,O Plano Novo Viver sem Limite do Ministério dos Direitos Humanos e da Cidadania deve incluir iniciativas específicas para o transtorno do espectro autista?,406f53bbc7b4086a,FAVOR,FAVOR,
42af9ecf027d72bc,natural,meta-llama/Llama-3.3-70B-Instruct-Turbo,test,INCOMPARABLE,,NO,INCOMPARABLE,DIFFERENT,INCOMPARABLE,STANCE_MAINTAINED,False,NO,,INCOMPARABLE,NO,,A Classificação Internacional de Funcionalidade deve ser agregada à Classificação Internacional de Doenças?,A aposentadoria das mães cuidadoras aos 62 anos deve ser assegurada?,42af9ecf027d72bc,FAVOR,FAVOR,
56076bd074c74d1a,natural,meta-llama/Llama-3.3-70B-Instruct-Turbo,test,INCOMPARABLE,,NO,INCOMPARABLE,DIFFERENT,INCOMPARABLE,STANCE_MAINTAINED,False,NO,,INCOMPARABLE,NO,,O uso da tecnologia blockchain no serviço público deve ser incentivado?,A Agência Nacional de Proteção de Dados (ANPD) deve ser fortalecida para proteger os dados pessoais dos brasileiros?,56076bd074c74d1a,FAVOR,FAVOR,
597ab529d9e58c55,natural,meta-llama/Llama-3.3-70B-Instruct-Turbo,test,STANCE_MAINTAINED,,NO,INCOMPARABLE,DIFFERENT,INCOMPARABLE,STANCE_MAINTAINED,False,NO,,STANCE_MAINTAINED,YES,,O Brasil deve investir na autossuficiência em imunoglobulina?,O Sistema Único de Saúde deve ser reconstruído e fortalecido?,597ab529d9e58c55,FAVOR,FAVOR,
62551a12ba0d40a1,natural,meta-llama/Llama-3.3-70B-Instruct-Turbo,test,INCOMPARABLE,,NO,INSUFFICIENT_EVIDENCE,DIFFERENT,INCOMPARABLE,STANCE_MAINTAINED,False,NO,,INCOMPARABLE,NO,,O Estado brasileiro deve ser reestruturado para atender ao envelhecimento da população?,A precarização do trabalho na mineração brasileira deve ser combatida?,62551a12ba0d40a1,FAVOR,FAVOR,
6a7b7af41cec3ff3,natural,meta-llama/Llama-3.3-70B-Instruct-Turbo,test,INCOMPARABLE,,NO,INCOMPARABLE,DIFFERENT,INCOMPARABLE,STANCE_MAINTAINED,False,NO,,INCOMPARABLE,NO,,A regulamentação do empréstimo consignado para servidores públicos deve ser reavaliada em função dos riscos associados?,Os professores da rede pública devem ter a liberdade de escolher trabalhar em mais de um cargo público em áreas diferentes?,6a7b7af41cec3ff3,FAVOR,FAVOR,
8034e650e53050e1,natural,meta-llama/Llama-3.3-70B-Instruct-Turbo,test,STANCE_MAINTAINED,,NO,INCOMPARABLE,DIFFERENT,INCOMPARABLE,STANCE_MAINTAINED,False,NO,,INCOMPARABLE,NO,,A reserva de contingência para desastres socioambientais deve ser separada no orçamento público?,Os esforços para mitigar as mudanças climáticas devem ser priorizados?,8034e650e53050e1,FAVOR,FAVOR,
87fa10a79fe070e0,natural,meta-llama/Llama-3.3-70B-Instruct-Turbo,test,STANCE_MAINTAINED,,NO,INCOMPARABLE,,INSUFFICIENT_EVIDENCE,INSUFFICIENT_EVIDENCE,False,,,INCOMPARABLE,NO,,,O direito minerário das empresas responsáveis pelo desastre em Mariana deve ser cassado?,87fa10a79fe070e0,UNCERTAIN,FAVOR,
892d7d3a6e934091,natural,meta-llama/Llama-3.3-70B-Instruct-Turbo,test,STANCE_MAINTAINED,,YES,STANCE_MAINTAINED,DIFFERENT,INCOMPARABLE,STANCE_MAINTAINED,False,NO,,STANCE_MAINTAINED,YES,,A vacinação contra Covid-19 em crianças de 6 meses a 5 anos deve ser obrigatória?,A vacinação de crianças contra a Covid-19 deve ser apoiada?,892d7d3a6e934091,FAVOR,FAVOR,
8b9017a72effb414,natural,meta-llama/Llama-3.3-70B-Instruct-Turbo,test,STANCE_MAINTAINED,,YES,STANCE_MAINTAINED,EQUIVALENT,STANCE_MAINTAINED,STANCE_MAINTAINED,False,YES,,INCOMPARABLE,NO,,A Convenção Interamericana sobre a Proteção dos Direitos Humanos dos Idosos deve ser ratificada?,A Convenção Interamericana sobre a Proteção dos Direitos Humanos dos Idosos deve ser ratificada pelo Brasil?,8b9017a72effb414,FAVOR,FAVOR,
8c2dfcbfad142a02,natural,meta-llama/Llama-3.3-70B-Instruct-Turbo,test,STANCE_MAINTAINED,,NO,INCOMPARABLE,DIFFERENT,INCOMPARABLE,STANCE_MAINTAINED,False,NO,,STANCE_MAINTAINED,YES,,A produção de alimentos de origem animal deve priorizar o bem-estar animal e a sustentabilidade?,O bem-estar animal deve ser uma prioridade na política nacional?,8c2dfcbfad142a02,FAVOR,FAVOR,
90a4cc8b19325243,natural,meta-llama/Llama-3.3-70B-Instruct-Turbo,test,STANCE_MAINTAINED,,YES,STANCE_MAINTAINED,EQUIVALENT,STANCE_MAINTAINED,STANCE_MAINTAINED,False,YES,,INCOMPARABLE,NO,,A vacinação contra a COVID-19 deve ser incorporada ao planejamento de vacinação de crianças?,A vacinação de crianças contra a Covid-19 deve ser apoiada?,90a4cc8b19325243,FAVOR,FAVOR,
982501e57fbbcdcc,natural,meta-llama/Llama-3.3-70B-Instruct-Turbo,test,STANCE_MAINTAINED,,YES,STANCE_MAINTAINED,DIFFERENT,INCOMPARABLE,STANCE_MAINTAINED,False,NO,,STANCE_MAINTAINED,YES,,O veto ao PL 920/23 deve ser derrubado?,O Fundo de Calamidade Pública deve ser abastecido de recursos?,982501e57fbbcdcc,FAVOR,FAVOR,
99ca50f2ecb70ba4,natural,meta-llama/Llama-3.3-70B-Instruct-Turbo,test,STANCE_MAINTAINED,,NO,INCOMPARABLE,EQUIVALENT,RELATION_UNCERTAIN,RELATION_UNCERTAIN,True,YES,,STANCE_MAINTAINED,YES,,O IBAMA deve autorizar a explação de petro na Margem Equatorial?,A licença para a PETROBRAS perfurar na Foz do Amazonas deve ser emitida?,99ca50f2ecb70ba4,UNCERTAIN,FAVOR,
9a442461500dc62e,natural,meta-llama/Llama-3.3-70B-Instruct-Turbo,test,INCOMPARABLE,,UNCERTAIN,INSUFFICIENT_EVIDENCE,,RELATION_UNCERTAIN,RELATION_UNCERTAIN,False,,,INSUFFICIENT_EVIDENCE,,,"O desenvimento e a regulação dos mercados digitais são questões importantes para a economia, a inovação e a concidade do Brasil?",,9a442461500dc62e,FAVOR,UNCERTAIN,
9b028d8dc263fd18,natural,meta-llama/Llama-3.3-70B-Instruct-Turbo,test,STANCE_MAINTAINED,,NO,INCOMPARABLE,DIFFERENT,INCOMPARABLE,STANCE_MAINTAINED,False,NO,,INCOMPARABLE,NO,,"O marco legal da inovação deve ser revisado para facilitar a operacionalização da ciência, tecnologia e inovação no Brasil?",A Lei do Bem deve ser aprovada?,9b028d8dc263fd18,FAVOR,FAVOR,
a9bdcddb335a5a07,natural,meta-llama/Llama-3.3-70B-Instruct-Turbo,test,INCOMPARABLE,,NO,INCOMPARABLE,DIFFERENT,INCOMPARABLE,STANCE_MAINTAINED,False,NO,,INCOMPARABLE,NO,,"A implementação de políticas públicas de proteção às mulheres, como o Aluguel Social e a criação de DEAMs em todas as cidades brasileiras, deve ser priorizada?",O recurso para as patrulhas e a Casa da Mulher Brasileira deve ser gerenciado diretamente pelo Ministério das Mulheres?,a9bdcddb335a5a07,FAVOR,FAVOR,
b4a84fb6380ec371,natural,meta-llama/Llama-3.3-70B-Instruct-Turbo,test,INCOMPARABLE,,NO,INCOMPARABLE,DIFFERENT,INCOMPARABLE,STANCE_MAINTAINED,False,NO,,INCOMPARABLE,NO,,As políticas públicas para a primeira infância devem incluir o enfrentamento ao racismo?,A educação deve priorizar a redução das desigualdades de raça e gênero?,b4a84fb6380ec371,FAVOR,FAVOR,
e13d509a937ffa5f,natural,meta-llama/Llama-3.3-70B-Instruct-Turbo,test,INCOMPARABLE,,NO,INCOMPARABLE,DIFFERENT,INCOMPARABLE,STANCE_MAINTAINED,False,NO,,INCOMPARABLE,NO,,Os critérios mais acessíveis nos contratos de seguro de vida para idosos devem ser implementados?,A obsolescência programada deve ser combatida?,e13d509a937ffa5f,FAVOR,FAVOR,
e2e808118c9ee9de,natural,meta-llama/Llama-3.3-70B-Instruct-Turbo,test,INCOMPARABLE,,NO,INCOMPARABLE,DIFFERENT,INCOMPARABLE,STANCE_MAINTAINED,False,NO,,INCOMPARABLE,NO,,O Ministério da Saúde deve ser responsabilizado pelo financiamento do tratamento da retinopatia diabética?,"O Projeto de Lei nº 3.811, de 2019, que institui a Semana Nacional de Conscientização sobre a Cardiopatia Isquêmica, deve ser aprovado?",e2e808118c9ee9de,FAVOR,FAVOR,
f8189fa4faeb557c,natural,meta-llama/Llama-3.3-70B-Instruct-Turbo,test,STANCE_MAINTAINED,,NO,INCOMPARABLE,DIFFERENT,INCOMPARABLE,STANCE_MAINTAINED,False,NO,,RELATION_UNCERTAIN,UNCERTAIN,,A operacionalização do Marco Legal da Inovação deve ser priorizada?,"A Lei do Bem deve ser aperfeiçoada e aplicada para promover a colaboração entre universidades, empresas e governo?",f8189fa4faeb557c,FAVOR,FAVOR,
ffe531755c6def2e,natural,meta-llama/Llama-3.3-70B-Instruct-Turbo,test,STANCE_MAINTAINED,,NO,INCOMPARABLE,UNCERTAIN,RELATION_UNCERTAIN,STANCE_MAINTAINED,False,UNCERTAIN,,STANCE_MAINTAINED,YES,,O projeto de lei de regulamentação do trabalho de motoristas de aplicativo deve ser aprovado?,O Projeto de Lei Complementar nº 12 deve ser aprovado como está?,ffe531755c6def2e,AGAINST,AGAINST,
syn_d249b2daa820,synthetic,meta-llama/Llama-3.3-70B-Instruct-Turbo,test,STANCE_MAINTAINED,STANCE_MAINTAINED,,STANCE_MAINTAINED,DIFFERENT,INCOMPARABLE,STANCE_MAINTAINED,False,NO,STANCE_MAINTAINED,,,NEGATED_PARAPHRASE,O veto ao PL 920/23 deve ser derrubado?,O Fundo Nacional para Calamidades Públicas deve ter fontes de recursos garantidas?,06f6bf71ce0746e2,FAVOR,FAVOR,
syn_9d79ea135ad4,synthetic,meta-llama/Llama-3.3-70B-Instruct-Turbo,test,STANCE_MAINTAINED,STANCE_MAINTAINED,,INCOMPARABLE,DIFFERENT,INCOMPARABLE,STANCE_MAINTAINED,False,NO,INCOMPARABLE,,,SHIFT_PROPOSITION,O veto ao PL 920/23 deve ser derrubado?,O País deve ter recursos financeiros específicos para a retirada de famílias de áreas de risco?,06f6bf71ce0746e2,FAVOR,FAVOR,
syn_022cab59aa7e,synthetic,meta-llama/Llama-3.3-70B-Instruct-Turbo,test,INCOMPARABLE,STANCE_MAINTAINED,,INCOMPARABLE,OPPOSITE_POLARITY,STANCE_REVERSED,STANCE_MAINTAINED,False,YES,INCOMPARABLE,,,REVERSE_ON_INCOMPARABLE,A transição para energia limpa e renovável deve ser priorizada no Brasil?,O modelo atual das concessionárias de energia no Brasil deve ser preservado?,16c67be32f60e074,FAVOR,FAVOR,
syn_6d7f969a506d,synthetic,meta-llama/Llama-3.3-70B-Instruct-Turbo,test,INCOMPARABLE,STANCE_REVERSED,,INCOMPARABLE,DIFFERENT,INCOMPARABLE,STANCE_REVERSED,False,NO,INCOMPARABLE,,,REVERSE_ON_INCOMPARABLE,A regulamentação do lobby junto ao poder público deve ser discutida com transparência?,A regulamentação do trabalho de motoristas de aplicativo deve ser feita de forma rápida e sem considerar as implicações a longo prazo?,1f862b43757396e1,FAVOR,AGAINST,
syn_0ea3427ca13e,synthetic,meta-llama/Llama-3.3-70B-Instruct-Turbo,test,INCOMPARABLE,RELATION_UNCERTAIN,,INCOMPARABLE,,RELATION_UNCERTAIN,RELATION_UNCERTAIN,False,,INCOMPARABLE,,,REVERSE_ON_INCOMPARABLE,O Estatuto dos Povos Ciganos deve ser aprovado?,,379d85fc73b5d187,FAVOR,UNCERTAIN,
syn_7aadeaaa8c51,synthetic,meta-llama/Llama-3.3-70B-Instruct-Turbo,test,INCOMPARABLE,STANCE_MAINTAINED,,INCOMPARABLE,DIFFERENT,INCOMPARABLE,STANCE_MAINTAINED,False,NO,INCOMPARABLE,,,REVERSE_ON_INCOMPARABLE,As pessoas com deficiência devem ser incluídas nas políticas de fomento cultural?,As políticas públicas para pessoas com Transtorno do Espectro Autista devem ser implementadas e fiscalizadas pelo Poder Legislativo?,3ebdfd5f91baeb30,FAVOR,FAVOR,
syn_f5be8667bfcc,synthetic,meta-llama/Llama-3.3-70B-Instruct-Turbo,test,INCOMPARABLE,STANCE_MAINTAINED,,INCOMPARABLE,DIFFERENT,INCOMPARABLE,STANCE_REVERSED,False,NO,INCOMPARABLE,,,REVERSE_ON_INCOMPARABLE,O recurso para as patrulhas e a Casa da Mulher Brasileira deve ser gerenciado diretamente pelo Ministério das Mulheres?,O Programa de Atenção a Mulheres na Menopausa e Climatério deve ser criado?,3f649c16713f4c6f,FAVOR,AGAINST,
syn_db8efe8d8fb9,synthetic,meta-llama/Llama-3.3-70B-Instruct-Turbo,test,INCOMPARABLE,STANCE_MAINTAINED,,INCOMPARABLE,DIFFERENT,INCOMPARABLE,STANCE_MAINTAINED,False,NO,INCOMPARABLE,,,REVERSE_ON_INCOMPARABLE,A Classificação Internacional de Funcionalidade deve ser agregada à Classificação Internacional de Doenças?,A política nacional de cuidados para idosos deve priorizar o cuidado como um trabalho valioso?,42af9ecf027d72bc,FAVOR,FAVOR,
syn_04585703f194,synthetic,meta-llama/Llama-3.3-70B-Instruct-Turbo,test,INCOMPARABLE,STANCE_MAINTAINED,,INCOMPARABLE,DIFFERENT,INCOMPARABLE,STANCE_MAINTAINED,False,NO,STANCE_REVERSED,,,REVERSE_ON_COMPARABLE,O Brasil deve investir na autossuficiência em imunoglobulina?,O Sistema Único de Saúde deve ser reconstruído e fortalecido?,597ab529d9e58c55,FAVOR,FAVOR,
syn_93386bb00302,synthetic,meta-llama/Llama-3.3-70B-Instruct-Turbo,test,INCOMPARABLE,INSUFFICIENT_EVIDENCE,,INSUFFICIENT_EVIDENCE,DIFFERENT,INCOMPARABLE,STANCE_MAINTAINED,False,NO,INCOMPARABLE,,,REVERSE_ON_INCOMPARABLE,O Estado brasileiro deve ser reestruturado para atender ao envelhecimento da população?,A precarização do trabalho na mineração brasileira deve ser combatida?,62551a12ba0d40a1,FAVOR,FAVOR,
syn_c6fb523e5490,synthetic,meta-llama/Llama-3.3-70B-Instruct-Turbo,test,STANCE_MAINTAINED,STANCE_MAINTAINED,,STANCE_MAINTAINED,DIFFERENT,INCOMPARABLE,STANCE_REVERSED,False,NO,STANCE_MAINTAINED,,,NEGATED_PARAPHRASE,A vacinação contra Covid-19 em crianças de 6 meses a 5 anos deve ser obrigatória?,O movimento antivacina é uma boa prática?,892d7d3a6e934091,FAVOR,AGAINST,
syn_9ec876c670b6,synthetic,meta-llama/Llama-3.3-70B-Instruct-Turbo,test,STANCE_REVERSED,STANCE_REVERSED,,INCOMPARABLE,EQUIVALENT,STANCE_REVERSED,STANCE_REVERSED,False,YES,INCOMPARABLE,,,REVERSE_ON_INCOMPARABLE,A Convenção Interamericana sobre a Proteção dos Direitos Humanos dos Idosos deve ser ratificada?,A Convenção Interamericana sobre a Proteção dos Direitos Humanos dos Idosos deve ser ratificada pelo Brasil?,8b9017a72effb414,FAVOR,AGAINST,
syn_75ca94eb2c50,synthetic,meta-llama/Llama-3.3-70B-Instruct-Turbo,test,STANCE_MAINTAINED,STANCE_MAINTAINED,,INCOMPARABLE,DIFFERENT,INCOMPARABLE,STANCE_MAINTAINED,False,NO,STANCE_REVERSED,,,REVERSE_ON_COMPARABLE,A produção de alimentos de origem animal deve priorizar o bem-estar animal e a sustentabilidade?,O bem-estar animal deve ser uma prioridade na política nacional?,8c2dfcbfad142a02,FAVOR,FAVOR,
syn_6c7cba78c0ae,synthetic,meta-llama/Llama-3.3-70B-Instruct-Turbo,test,STANCE_MAINTAINED,STANCE_MAINTAINED,,INCOMPARABLE,DIFFERENT,INCOMPARABLE,STANCE_MAINTAINED,False,NO,INCOMPARABLE,,,SHIFT_PROPOSITION,A produção de alimentos de origem animal deve priorizar o bem-estar animal e a sustentabilidade?,O bem-estar animal deve ser priorizado na política econômica do Brasil?,8c2dfcbfad142a02,FAVOR,FAVOR,
syn_78ad7ca2c13e,synthetic,meta-llama/Llama-3.3-70B-Instruct-Turbo,test,STANCE_REVERSED,STANCE_REVERSED,,INCOMPARABLE,DIFFERENT,INCOMPARABLE,RELATION_UNCERTAIN,True,NO,STANCE_REVERSED,,,REVERSE_ON_COMPARABLE,O veto ao PL 920/23 deve ser derrubado?,O saque-aniversário do FGTS deve ser mantido?,982501e57fbbcdcc,FAVOR,UNCERTAIN,
syn_f9f6e6e8c346,synthetic,meta-llama/Llama-3.3-70B-Instruct-Turbo,test,STANCE_MAINTAINED,STANCE_MAINTAINED,,INCOMPARABLE,DIFFERENT,INCOMPARABLE,STANCE_MAINTAINED,False,NO,STANCE_MAINTAINED,,,NEGATED_PARAPHRASE,O veto ao PL 920/23 deve ser derrubado?,A prevenção e resposta a desastres e calamidades naturais devem ter uma previsão orçamentária fixa?,982501e57fbbcdcc,FAVOR,FAVOR,
syn_e86aac1a18eb,synthetic,meta-llama/Llama-3.3-70B-Instruct-Turbo,test,STANCE_MAINTAINED,STANCE_MAINTAINED,,INCOMPARABLE,DIFFERENT,INCOMPARABLE,STANCE_MAINTAINED,False,NO,INCOMPARABLE,,,SHIFT_PROPOSITION,O veto ao PL 920/23 deve ser derrubado?,A criação de carreiras estruturadas para a Defesa Civil nos Municípios deve ser implementada?,982501e57fbbcdcc,FAVOR,FAVOR,
syn_62bc327e1375,synthetic,meta-llama/Llama-3.3-70B-Instruct-Turbo,test,STANCE_MAINTAINED,STANCE_REVERSED,,INCOMPARABLE,DIFFERENT,INCOMPARABLE,STANCE_REVERSED,False,NO,INCOMPARABLE,,,REVERSE_ON_INCOMPARABLE,"O marco legal da inovação deve ser revisado para facilitar a operacionalização da ciência, tecnologia e inovação no Brasil?",A Lei do Bem deve ser votada sem ajustes?,9b028d8dc263fd18,FAVOR,AGAINST,
syn_a48f3ff2e646,synthetic,meta-llama/Llama-3.3-70B-Instruct-Turbo,test,INCOMPARABLE,STANCE_MAINTAINED,,INCOMPARABLE,DIFFERENT,INCOMPARABLE,STANCE_MAINTAINED,False,NO,INCOMPARABLE,,,REVERSE_ON_INCOMPARABLE,"A implementação de políticas públicas de proteção às mulheres, como o Aluguel Social e a criação de DEAMs em todas as cidades brasileiras, deve ser priorizada?",O recurso para a Casa da Mulher Brasileira deve ser mantido sob a gerência do Ministério da Justiça?,a9bdcddb335a5a07,FAVOR,FAVOR,
syn_e7ba8f110044,synthetic,meta-llama/Llama-3.3-70B-Instruct-Turbo,test,INCOMPARABLE,STANCE_MAINTAINED,,INCOMPARABLE,DIFFERENT,INCOMPARABLE,STANCE_MAINTAINED,False,NO,INCOMPARABLE,,,REVERSE_ON_INCOMPARABLE,Os critérios mais acessíveis nos contratos de seguro de vida para idosos devem ser implementados?,A obsolescência programada deve ser coibida?,e13d509a937ffa5f,FAVOR,FAVOR,
syn_6f89da01829d,synthetic,meta-llama/Llama-3.3-70B-Instruct-Turbo,test,STANCE_REVERSED,STANCE_REVERSED,,INCOMPARABLE,EQUIVALENT,STANCE_REVERSED,STANCE_REVERSED,False,YES,STANCE_REVERSED,,,REVERSE_ON_COMPARABLE,O projeto de lei de regulamentação do trabalho de motoristas de aplicativo deve ser aprovado?,O Projeto de Lei Complementar nº 12 sobre a regulamentação do trabalho de motoristas de aplicativo deve ser aprovado?,ffe531755c6def2e,AGAINST,FAVOR,
syn_cbd48cb23569,synthetic,meta-llama/Llama-3.3-70B-Instruct-Turbo,test,STANCE_MAINTAINED,STANCE_MAINTAINED,,INCOMPARABLE,UNCERTAIN,RELATION_UNCERTAIN,RELATION_UNCERTAIN,True,UNCERTAIN,STANCE_MAINTAINED,,,NEGATED_PARAPHRASE,O projeto de lei de regulamentação do trabalho de motoristas de aplicativo deve ser aprovado?,O projeto de lei 12 deve ser aprovado como está?,ffe531755c6def2e,AGAINST,UNCERTAIN,
syn_32eb1fccde21,synthetic,meta-llama/Llama-3.3-70B-Instruct-Turbo,test,STANCE_MAINTAINED,STANCE_MAINTAINED,,INCOMPARABLE,DIFFERENT,INCOMPARABLE,RELATION_UNCERTAIN,True,NO,INCOMPARABLE,,,SHIFT_PROPOSITION,O projeto de lei de regulamentação do trabalho de motoristas de aplicativo deve ser aprovado?,O grupo de trabalho deve considerar a participação direta dos motoristas?,ffe531755c6def2e,AGAINST,UNCERTAIN,
263f772b51bf1354,natural,zai-org/GLM-5.2,dev,INCOMPARABLE,RELATION_UNCERTAIN,UNCERTAIN,RELATION_UNCERTAIN,,INSUFFICIENT_EVIDENCE,INSUFFICIENT_EVIDENCE,False,,,RELATION_UNCERTAIN,UNCERTAIN,,Devem ser adotadas medidas de proteção e enfrentamento contra o idadismo?,,263f772b51bf1354,FAVOR,UNCERTAIN,True
d4e87de87b4f3431,natural,zai-org/GLM-5.2,dev,INCOMPARABLE,STANCE_MAINTAINED,NO,INCOMPARABLE,,INSUFFICIENT_EVIDENCE,INSUFFICIENT_EVIDENCE,False,,,INCOMPARABLE,NO,,,O custeio da viagem de Luciane Barbosa Farias pelo Ministério foi adequado?,d4e87de87b4f3431,UNCERTAIN,AGAINST,False
24c599750bdd544f,natural,zai-org/GLM-5.2,dev,INSUFFICIENT_EVIDENCE,STANCE_MAINTAINED,YES,STANCE_MAINTAINED,,INSUFFICIENT_EVIDENCE,INSUFFICIENT_EVIDENCE,False,,,STANCE_MAINTAINED,YES,,Os mercados digitais devem ser regulamentados no Brasil?,,24c599750bdd544f,FAVOR,UNCERTAIN,False
8f79764e69daadf2,natural,zai-org/GLM-5.2,dev,RELATION_UNCERTAIN,STANCE_MAINTAINED,NO,INCOMPARABLE,,INSUFFICIENT_EVIDENCE,INSUFFICIENT_EVIDENCE,False,,,RELATION_UNCERTAIN,UNCERTAIN,,,A Secretaria Nacional da Pessoa Idosa deve ser fortalecida e expandida?,8f79764e69daadf2,UNCERTAIN,FAVOR,True
af4d70f0c140e9c9,natural,zai-org/GLM-5.2,dev,INCOMPARABLE,STANCE_MAINTAINED,NO,INCOMPARABLE,DIFFERENT,INCOMPARABLE,STANCE_MAINTAINED,False,NO,,INCOMPARABLE,NO,,A mídia e as fake news devem ser regulamentadas?,As emendas propostas na LDO para combater a violência contra crianças e adolescentes devem ser acatadas?,af4d70f0c140e9c9,FAVOR,FAVOR,False
d4c07b40fb424a0c,natural,zai-org/GLM-5.2,dev,STANCE_MAINTAINED,STANCE_MAINTAINED,YES,STANCE_MAINTAINED,DIFFERENT,INCOMPARABLE,STANCE_MAINTAINED,False,NO,,STANCE_MAINTAINED,YES,,A vacinação contra a Covid-19 deve ser obrigatória para crianças de 6 meses a 5 anos?,A vacinação de crianças contra a Covid-19 deve ser obrigatória?,d4c07b40fb424a0c,AGAINST,AGAINST,False
0138e27cd0f53d95,natural,zai-org/GLM-5.2,dev,STANCE_MAINTAINED,STANCE_MAINTAINED,YES,STANCE_MAINTAINED,,RELATION_UNCERTAIN,RELATION_UNCERTAIN,True,,,INCOMPARABLE,NO,,A Convenção Interamericana sobre a Proteção dos Direitos Humanos dos Idosos deve ser ratificada?,,0138e27cd0f53d95,FAVOR,UNCERTAIN,False
2e42e8583aea6939,natural,zai-org/GLM-5.2,dev,STANCE_MAINTAINED,STANCE_MAINTAINED,NO,INCOMPARABLE,DIFFERENT,INCOMPARABLE,STANCE_MAINTAINED,False,NO,,INCOMPARABLE,NO,,O orçamento para o combate à tuberculose no Brasil deve ser ampliado?,O projeto piloto para o enfrentamento da tuberculose deve ser focado no estado do Amazonas?,2e42e8583aea6939,FAVOR,FAVOR,False
3459768d16f576e5,natural,zai-org/GLM-5.2,dev,STANCE_MAINTAINED,STANCE_MAINTAINED,YES,STANCE_MAINTAINED,DIFFERENT,INCOMPARABLE,STANCE_REVERSED,False,NO,,STANCE_MAINTAINED,YES,,O saque-aniversário do FGTS deve ser mantido?,O saque-aniversário do FGTS deve ser substituído por empréstimo consignado?,3459768d16f576e5,FAVOR,AGAINST,False
2a22c99d1d3a678c,natural,zai-org/GLM-5.2,dev,INCOMPARABLE,STANCE_MAINTAINED,NO,INCOMPARABLE,DIFFERENT,INCOMPARABLE,STANCE_MAINTAINED,False,NO,,INCOMPARABLE,NO,,O atendimento primário deve ser a solução para o problema do tratamento da retinopatia diabética no SUS?,O protocolo clínico de tratamento do edema macular diabético no SUS deve ser atualizado?,2a22c99d1d3a678c,FAVOR,FAVOR,False
ebcdef50abd4418f,natural,zai-org/GLM-5.2,dev,RELATION_UNCERTAIN,STANCE_MAINTAINED,NO,INCOMPARABLE,DIFFERENT,INCOMPARABLE,STANCE_MAINTAINED,False,NO,,INCOMPARABLE,NO,,"Deve ser criada uma CPI para investigar a violência contra povos indígenas, mulheres e crianças nos territórios indígenas?","Devem ser implementados planos, conselhos e dotação orçamentária para políticas públicas voltadas à população LGBTQIA+?",ebcdef50abd4418f,FAVOR,FAVOR,True
d3769de977ace19d,natural,zai-org/GLM-5.2,dev,STANCE_MAINTAINED,STANCE_MAINTAINED,YES,STANCE_MAINTAINED,DIFFERENT,INCOMPARABLE,STANCE_MAINTAINED,False,NO,,STANCE_MAINTAINED,YES,,Devem ser alocados recursos financeiros específicos para a prevenção de desastres naturais no Brasil?,"O Fundo de Calamidade Pública deve receber dotação orçamentária permanente para prevenção e resposta a desastres, em vez de depender de medidas provisórias?",d3769de977ace19d,FAVOR,FAVOR,False
36fb1e1240a12ac4,natural,zai-org/GLM-5.2,dev,INCOMPARABLE,STANCE_MAINTAINED,NO,INCOMPARABLE,DIFFERENT,INCOMPARABLE,STANCE_MAINTAINED,False,NO,,INCOMPARABLE,NO,,Deve ser criada uma legislação específica do sistema prisional para indígenas?,O Projeto de Lei 4347/21 para tornar permanente a Política Nacional de Gestão Territorial e Ambiental das Terras Indígenas deve ser aprovado?,36fb1e1240a12ac4,FAVOR,FAVOR,False
36e4b11ff6345a11,natural,zai-org/GLM-5.2,dev,INCOMPARABLE,STANCE_MAINTAINED,NO,INCOMPARABLE,,INSUFFICIENT_EVIDENCE,INSUFFICIENT_EVIDENCE,False,,,INCOMPARABLE,NO,,,O programa Viver sem Limite deve ser apoiado?,36e4b11ff6345a11,UNCERTAIN,FAVOR,False
de54c782d361768c,natural,zai-org/GLM-5.2,dev,INCOMPARABLE,STANCE_MAINTAINED,NO,INCOMPARABLE,DIFFERENT,INCOMPARABLE,STANCE_MAINTAINED,False,NO,,INCOMPARABLE,NO,,O Aluguel Social deve ser garantido às mulheres vítimas de violência?,"O Projeto de Lei nº 5.602/2019, que cria o Programa de Atenção a Mulheres na Menopausa e Climatério, deve ser aprovado?",de54c782d361768c,FAVOR,FAVOR,False
4cffd4e8a3906c01,natural,zai-org/GLM-5.2,dev,INCOMPARABLE,STANCE_MAINTAINED,NO,INCOMPARABLE,DIFFERENT,INCOMPARABLE,STANCE_REVERSED,False,NO,,INCOMPARABLE,NO,,O Poder Judiciário deve legislar para suprir lacunas legislativas ou modificar leis existentes?,"As regras de renovação das concessões das distribuidoras de energia elétrica devem incluir critérios mais rigorosos, como caderno de obrigações, cronograma de investimentos, audiências públicas e maior fiscalização e punição pela ANEEL?",4cffd4e8a3906c01,AGAINST,FAVOR,False
e001ebac1d8033f1,natural,zai-org/GLM-5.2,dev,STANCE_MAINTAINED,STANCE_MAINTAINED,YES,STANCE_MAINTAINED,DIFFERENT,INCOMPARABLE,STANCE_MAINTAINED,False,NO,,STANCE_MAINTAINED,YES,,Deve ser criado um sistema nacional de apoio a vítimas de desastres?,Deve ser criado um fundo para financiar ações de prevenção e auxílio a desastres naturais?,e001ebac1d8033f1,FAVOR,FAVOR,False
e6a308550846aa5f,natural,zai-org/GLM-5.2,dev,RELATION_UNCERTAIN,STANCE_MAINTAINED,NO,INCOMPARABLE,,INSUFFICIENT_EVIDENCE,INSUFFICIENT_EVIDENCE,False,,,INCOMPARABLE,NO,,,Os gasodutos da Petrobras devem ser privatizados?,e6a308550846aa5f,UNCERTAIN,AGAINST,True
syn_5454cbce028e,synthetic,zai-org/GLM-5.2,dev,STANCE_MAINTAINED,STANCE_MAINTAINED,NO,INCOMPARABLE,EQUIVALENT,STANCE_REVERSED,STANCE_REVERSED,False,YES,STANCE_REVERSED,,,REVERSE_ON_COMPARABLE,Os mercados digitais devem ser regulamentados no Brasil?,Devem ser criadas mais regras para a regulamentação dos mercados digitais?,24c599750bdd544f,FAVOR,AGAINST,False
syn_760d4868fd2e,synthetic,zai-org/GLM-5.2,dev,STANCE_MAINTAINED,STANCE_MAINTAINED,YES,STANCE_MAINTAINED,EQUIVALENT,STANCE_MAINTAINED,STANCE_MAINTAINED,False,YES,STANCE_MAINTAINED,,,NEGATED_PARAPHRASE,Os mercados digitais devem ser regulamentados no Brasil?,O Congresso deve avançar na regulamentação dos mercados digitais?,24c599750bdd544f,FAVOR,FAVOR,False
syn_53fc3867f4df,synthetic,zai-org/GLM-5.2,dev,INSUFFICIENT_EVIDENCE,STANCE_MAINTAINED,NO,INCOMPARABLE,,INSUFFICIENT_EVIDENCE,INSUFFICIENT_EVIDENCE,False,,INCOMPARABLE,,,SHIFT_PROPOSITION,Os mercados digitais devem ser regulamentados no Brasil?,,24c599750bdd544f,FAVOR,UNCERTAIN,False
syn_ff8a23c3a556,synthetic,zai-org/GLM-5.2,dev,INCOMPARABLE,STANCE_REVERSED,NO,INCOMPARABLE,DIFFERENT,INCOMPARABLE,STANCE_REVERSED,False,NO,INCOMPARABLE,,,REVERSE_ON_INCOMPARABLE,O atendimento primário deve ser a solução para o problema do tratamento da retinopatia diabética no SUS?,O protocolo clínico de tratamento de edema macular diabético no SUS deve ser atualizado?,2a22c99d1d3a678c,FAVOR,AGAINST,False
syn_2f8b7031e619,synthetic,zai-org/GLM-5.2,dev,STANCE_REVERSED,STANCE_REVERSED,YES,STANCE_REVERSED,DIFFERENT,INCOMPARABLE,STANCE_REVERSED,False,NO,INCOMPARABLE,,,REVERSE_ON_INCOMPARABLE,O orçamento para o combate à tuberculose no Brasil deve ser ampliado?,O projeto piloto de erradicação da tuberculose deve ser concentrado no estado do Amazonas?,2e42e8583aea6939,FAVOR,AGAINST,False
syn_2905cc0189f9,synthetic,zai-org/GLM-5.2,dev,STANCE_MAINTAINED,STANCE_MAINTAINED,YES,STANCE_MAINTAINED,DIFFERENT,INCOMPARABLE,STANCE_REVERSED,False,NO,INCOMPARABLE,,,SHIFT_PROPOSITION,O saque-aniversário do FGTS deve ser mantido?,O saque-aniversário do FGTS deve ser substituído por empréstimo consignado com juros mais baixos?,3459768d16f576e5,FAVOR,AGAINST,False
syn_09f474008dad,synthetic,zai-org/GLM-5.2,dev,INCOMPARABLE,RELATION_UNCERTAIN,UNCERTAIN,RELATION_UNCERTAIN,DIFFERENT,INCOMPARABLE,STANCE_MAINTAINED,False,NO,INCOMPARABLE,,,REVERSE_ON_INCOMPARABLE,O Poder Judiciário deve legislar para suprir lacunas legislativas ou modificar leis existentes?,A renovação das concessões das distribuidoras de energia elétrica deve impor novos critérios além da regulação já existente?,4cffd4e8a3906c01,AGAINST,AGAINST,True
syn_73fc87b8e147,synthetic,zai-org/GLM-5.2,dev,INCOMPARABLE,STANCE_MAINTAINED,NO,INCOMPARABLE,DIFFERENT,INCOMPARABLE,STANCE_MAINTAINED,False,NO,INCOMPARABLE,,,REVERSE_ON_INCOMPARABLE,A mídia e as fake news devem ser regulamentadas?,As emendas apresentadas para combater a violência contra crianças e adolescentes devem ser incluídas na LDO?,af4d70f0c140e9c9,FAVOR,FAVOR,False
syn_08d56e3017bc,synthetic,zai-org/GLM-5.2,dev,STANCE_REVERSED,STANCE_REVERSED,YES,STANCE_REVERSED,EQUIVALENT,STANCE_REVERSED,STANCE_REVERSED,False,YES,STANCE_REVERSED,,,REVERSE_ON_COMPARABLE,Devem ser alocados recursos financeiros específicos para a prevenção de desastres naturais no Brasil?,Deve haver dotação orçamentária fixa e específica para prevenção de desastres?,d3769de977ace19d,FAVOR,AGAINST,False
syn_8b8a272f4fab,synthetic,zai-org/GLM-5.2,dev,STANCE_MAINTAINED,STANCE_MAINTAINED,YES,STANCE_MAINTAINED,DIFFERENT,INCOMPARABLE,STANCE_MAINTAINED,False,NO,STANCE_MAINTAINED,,,NEGATED_PARAPHRASE,Devem ser alocados recursos financeiros específicos para a prevenção de desastres naturais no Brasil?,O Fundo de Calamidade Pública deve ser abastecido com recursos orçamentários para prevenção e resposta a desastres?,d3769de977ace19d,FAVOR,FAVOR,False
syn_b3a9b90f5e23,synthetic,zai-org/GLM-5.2,dev,STANCE_MAINTAINED,STANCE_MAINTAINED,YES,STANCE_MAINTAINED,DIFFERENT,INCOMPARABLE,STANCE_MAINTAINED,False,NO,STANCE_MAINTAINED,,,NEGATED_PARAPHRASE,A vacinação contra a Covid-19 deve ser obrigatória para crianças de 6 meses a 5 anos?,A vacinação de crianças contra a Covid-19 deve ser obrigatória?,d4c07b40fb424a0c,AGAINST,AGAINST,False
syn_afdaab6d2eb3,synthetic,zai-org/GLM-5.2,dev,STANCE_MAINTAINED,STANCE_MAINTAINED,NO,INCOMPARABLE,DIFFERENT,INCOMPARABLE,STANCE_MAINTAINED,False,NO,INCOMPARABLE,,,SHIFT_PROPOSITION,A vacinação contra a Covid-19 deve ser obrigatória para crianças de 6 meses a 5 anos?,A vacinação contra a Covid-19 deve ser obrigatória?,d4c07b40fb424a0c,AGAINST,AGAINST,False
syn_c6a2a29ef0b4,synthetic,zai-org/GLM-5.2,dev,INCOMPARABLE,STANCE_REVERSED,NO,INCOMPARABLE,DIFFERENT,INCOMPARABLE,STANCE_REVERSED,False,NO,INCOMPARABLE,,,REVERSE_ON_INCOMPARABLE,O Aluguel Social deve ser garantido às mulheres vítimas de violência?,Deve ser criado um programa específico de atenção à saúde da mulher no climatério e na menopausa?,de54c782d361768c,FAVOR,AGAINST,False
syn_db7a3f8f200d,synthetic,zai-org/GLM-5.2,dev,STANCE_MAINTAINED,STANCE_REVERSED,NO,INCOMPARABLE,DIFFERENT,INCOMPARABLE,STANCE_REVERSED,False,NO,STANCE_REVERSED,,,REVERSE_ON_COMPARABLE,Deve ser criado um sistema nacional de apoio a vítimas de desastres?,O arcabouço legal para prevenção e auxílio a desastres naturais deve incluir a participação do Ministério do Desenvolvimento Social nas ações de proteção à população vulnerável?,e001ebac1d8033f1,FAVOR,AGAINST,False
syn_7f48e74c939f,synthetic,zai-org/GLM-5.2,dev,STANCE_MAINTAINED,STANCE_MAINTAINED,YES,STANCE_MAINTAINED,DIFFERENT,INCOMPARABLE,STANCE_MAINTAINED,False,NO,INCOMPARABLE,,,SHIFT_PROPOSITION,Deve ser criado um sistema nacional de apoio a vítimas de desastres?,Deve ser criado um arcabouço legal para proteger pequenos negócios em desastres naturais?,e001ebac1d8033f1,FAVOR,FAVOR,False
syn_8dfd859600d4,synthetic,zai-org/GLM-5.2,dev,INCOMPARABLE,INSUFFICIENT_EVIDENCE,NO,INSUFFICIENT_EVIDENCE,,INSUFFICIENT_EVIDENCE,INSUFFICIENT_EVIDENCE,False,,INCOMPARABLE,,,REVERSE_ON_INCOMPARABLE,,Devem ser estabelecidos critérios rígidos e pré-definidos para o desenvolvimento de novos combustíveis como o biometano?,e6a308550846aa5f,UNCERTAIN,AGAINST,False
06f6bf71ce0746e2,natural,zai-org/GLM-5.2,test,STANCE_MAINTAINED,STANCE_MAINTAINED,NO,INCOMPARABLE,DIFFERENT,INCOMPARABLE,STANCE_MAINTAINED,False,NO,,STANCE_MAINTAINED,YES,,O veto presidencial ao PL 920/23 deve ser derrubado?,Devem ser alocados recursos financeiros específicos para a prevenção de desastres naturais no Brasil?,06f6bf71ce0746e2,FAVOR,FAVOR,False
16c67be32f60e074,natural,zai-org/GLM-5.2,test,INCOMPARABLE,STANCE_MAINTAINED,NO,INCOMPARABLE,DIFFERENT,INCOMPARABLE,STANCE_REVERSED,False,NO,,INCOMPARABLE,NO,,Os reajustes e encargos que oneram a conta de energia elétrica do consumidor devem ser mantidos?,O modelo atual das concessionárias de distribuição de energia elétrica deve ser modificado?,16c67be32f60e074,AGAINST,FAVOR,False
1f862b43757396e1,natural,zai-org/GLM-5.2,test,INCOMPARABLE,STANCE_MAINTAINED,NO,INCOMPARABLE,DIFFERENT,INCOMPARABLE,STANCE_MAINTAINED,False,NO,,INCOMPARABLE,NO,,A regulamentação do lobby junto ao poder público deve ser aprovada?,O trabalho de motoristas de aplicativo deve ser regulamentado?,1f862b43757396e1,FAVOR,FAVOR,False
370ab0f946469bab,natural,zai-org/GLM-5.2,test,STANCE_MAINTAINED,STANCE_MAINTAINED,YES,STANCE_MAINTAINED,DIFFERENT,INCOMPARABLE,STANCE_MAINTAINED,False,NO,,INCOMPARABLE,NO,,A Convenção Interamericana sobre a Proteção dos Direitos Humanos dos Idosos deve ser ratificada pelo Brasil?,A convenção sobre os direitos das pessoas idosas deve ser aprovada com status de emenda constitucional?,370ab0f946469bab,FAVOR,FAVOR,False
379d85fc73b5d187,natural,zai-org/GLM-5.2,test,INCOMPARABLE,STANCE_MAINTAINED,NO,INCOMPARABLE,DIFFERENT,INCOMPARABLE,STANCE_MAINTAINED,False,NO,,INCOMPARABLE,NO,,O Estatuto dos Povos Ciganos (PL 1.387/2022) deve ser aprovado?,A economia do cuidado deve ser incluída no cálculo do PIB?,379d85fc73b5d187,FAVOR,FAVOR,False
3ebdfd5f91baeb30,natural,zai-org/GLM-5.2,test,INCOMPARABLE,STANCE_MAINTAINED,NO,INCOMPARABLE,DIFFERENT,INCOMPARABLE,STANCE_MAINTAINED,False,NO,,INCOMPARABLE,NO,,Devem ser adotadas cotas para pessoas com deficiência nas políticas de fomento cultural?,Deve ser criada uma subcomissão para fiscalizar a implementação das políticas públicas para pessoas com autismo?,3ebdfd5f91baeb30,FAVOR,FAVOR,False
3f649c16713f4c6f,natural,zai-org/GLM-5.2,test,INCOMPARABLE,STANCE_MAINTAINED,NO,INCOMPARABLE,DIFFERENT,INCOMPARABLE,STANCE_MAINTAINED,False,NO,,INCOMPARABLE,NO,,Os recursos destinados às patrulhas e à Casa da Mulher Brasileira devem ser transferidos do Ministério da Justiça para a gerência do Ministério das Mulheres?,"O Projeto de Lei nº 5.602/2019, que cria o Programa de Atenção a Mulheres na Menopausa e Climatério, deve ser aprovado?",3f649c16713f4c6f,FAVOR,FAVOR,False
406f53bbc7b4086a,natural,zai-org/GLM-5.2,test,INSUFFICIENT_EVIDENCE,STANCE_MAINTAINED,NO,INCOMPARABLE,DIFFERENT,INCOMPARABLE,STANCE_MAINTAINED,False,NO,,INCOMPARABLE,NO,,O suporte de acessibilidade e a inclusão plena de pessoas autistas devem ser garantidos?,"As políticas públicas para pessoas com autismo devem adotar a perspectiva da neurodiversidade, reconhecendo a diversidade dos indivíduos autistas ao longo de toda a vida?",406f53bbc7b4086a,FAVOR,FAVOR,False
42af9ecf027d72bc,natural,zai-org/GLM-5.2,test,INCOMPARABLE,STANCE_MAINTAINED,NO,INCOMPARABLE,DIFFERENT,INCOMPARABLE,STANCE_MAINTAINED,False,NO,,INCOMPARABLE,NO,,As pessoas com dor crônica devem ser incluídas no diagnóstico biopsicossocial?,O cuidado deve ser reconhecido como trabalho?,42af9ecf027d72bc,FAVOR,FAVOR,False
56076bd074c74d1a,natural,zai-org/GLM-5.2,test,INCOMPARABLE,STANCE_MAINTAINED,NO,INCOMPARABLE,DIFFERENT,INCOMPARABLE,STANCE_MAINTAINED,False,NO,,INCOMPARABLE,NO,,O Brasil deve adotar e ampliar as discussões sobre o uso da tecnologia blockchain no serviço público?,A Agência Nacional de Proteção de Dados (ANPD) deve ser fortalecida?,56076bd074c74d1a,FAVOR,FAVOR,False
597ab529d9e58c55,natural,zai-org/GLM-5.2,test,INCOMPARABLE,STANCE_MAINTAINED,YES,STANCE_MAINTAINED,DIFFERENT,INCOMPARABLE,STANCE_MAINTAINED,False,NO,,STANCE_MAINTAINED,YES,,O investimento na HEMOBRÁS para autossuficiência na produção de imunoglobulina deve ser continuado?,O Programa Mais Médicos deve ser mantido?,597ab529d9e58c55,FAVOR,FAVOR,False
62551a12ba0d40a1,natural,zai-org/GLM-5.2,test,INSUFFICIENT_EVIDENCE,INSUFFICIENT_EVIDENCE,NO,INSUFFICIENT_EVIDENCE,,INSUFFICIENT_EVIDENCE,INSUFFICIENT_EVIDENCE,False,,,INCOMPARABLE,NO,,,,62551a12ba0d40a1,UNCERTAIN,UNCERTAIN,False
6a7b7af41cec3ff3,natural,zai-org/GLM-5.2,test,INCOMPARABLE,STANCE_MAINTAINED,NO,INCOMPARABLE,DIFFERENT,INCOMPARABLE,STANCE_MAINTAINED,False,NO,,INCOMPARABLE,NO,,O crédito consignado via cartão deve ser objeto de regulamentação urgente pelo Congresso?,Professores da rede pública devem ter a possibilidade de acumular dois cargos públicos em áreas diferentes?,6a7b7af41cec3ff3,FAVOR,FAVOR,False
8034e650e53050e1,natural,zai-org/GLM-5.2,test,INSUFFICIENT_EVIDENCE,STANCE_MAINTAINED,NO,INCOMPARABLE,DIFFERENT,INCOMPARABLE,STANCE_MAINTAINED,False,NO,,INCOMPARABLE,NO,,O veto deve ser derrubado?,Devem ser adotadas medidas urgentes e políticas nacionais para o enfrentamento das mudanças climáticas e prevenção de desastres socioambientais?,8034e650e53050e1,FAVOR,FAVOR,False
87fa10a79fe070e0,natural,zai-org/GLM-5.2,test,STANCE_MAINTAINED,INSUFFICIENT_EVIDENCE,NO,INSUFFICIENT_EVIDENCE,,INSUFFICIENT_EVIDENCE,INSUFFICIENT_EVIDENCE,False,,,INCOMPARABLE,NO,,,Deve a renegociação com as mineradoras sobre a reparação em Mariana ser destravada?,87fa10a79fe070e0,UNCERTAIN,FAVOR,False
892d7d3a6e934091,natural,zai-org/GLM-5.2,test,RELATION_UNCERTAIN,STANCE_MAINTAINED,YES,STANCE_MAINTAINED,DIFFERENT,INCOMPARABLE,STANCE_MAINTAINED,False,NO,,STANCE_MAINTAINED,YES,,A vacinação contra Covid-19 deve ser obrigatória para crianças de 6 meses a 5 anos a partir de 2024?,A vacinação de crianças contra a Covid-19 deve ser incentivada?,892d7d3a6e934091,FAVOR,FAVOR,True
8b9017a72effb414,natural,zai-org/GLM-5.2,test,STANCE_MAINTAINED,STANCE_MAINTAINED,YES,STANCE_MAINTAINED,EQUIVALENT,STANCE_MAINTAINED,STANCE_MAINTAINED,False,YES,,INCOMPARABLE,NO,,A Convenção Interamericana sobre a Proteção dos Direitos Humanos dos Idosos deve ser ratificada pelo Brasil?,O Brasil deve ratificar a Convenção Interamericana sobre a Proteção dos Direitos Humanos dos Idosos?,8b9017a72effb414,FAVOR,FAVOR,False
8c2dfcbfad142a02,natural,zai-org/GLM-5.2,test,STANCE_MAINTAINED,STANCE_MAINTAINED,NO,INCOMPARABLE,DIFFERENT,INCOMPARABLE,STANCE_MAINTAINED,False,NO,,STANCE_MAINTAINED,YES,,O bem-estar animal deve ser considerado um componente essencial da sustentabilidade?,Ações de bem-estar animal devem ser promovidas no Brasil?,8c2dfcbfad142a02,FAVOR,FAVOR,False
90a4cc8b19325243,natural,zai-org/GLM-5.2,test,STANCE_MAINTAINED,STANCE_MAINTAINED,YES,STANCE_MAINTAINED,DIFFERENT,INCOMPARABLE,STANCE_MAINTAINED,False,NO,,INCOMPARABLE,NO,,O registro de vacinação deve ser individualizado e disponibilizado em plataforma digital para todas as vacinas?,A vacinação de crianças contra a Covid-19 deve ser incentivada?,90a4cc8b19325243,FAVOR,FAVOR,False
982501e57fbbcdcc,natural,zai-org/GLM-5.2,test,RELATION_UNCERTAIN,STANCE_MAINTAINED,NO,INCOMPARABLE,DIFFERENT,INCOMPARABLE,STANCE_MAINTAINED,False,NO,,STANCE_MAINTAINED,YES,,O veto presidencial ao PL 920/23 deve ser derrubado?,"O Fundo de Calamidade Pública deve receber dotação orçamentária permanente para prevenção e resposta a desastres, em vez de depender de medidas provisórias?",982501e57fbbcdcc,FAVOR,FAVOR,True
99ca50f2ecb70ba4,natural,zai-org/GLM-5.2,test,RELATION_UNCERTAIN,INSUFFICIENT_EVIDENCE,NO,INSUFFICIENT_EVIDENCE,,INSUFFICIENT_EVIDENCE,INSUFFICIENT_EVIDENCE,False,,,STANCE_MAINTAINED,YES,,A licença ambiental para a exploração de petróleo no Bloco 59 (Foz do Amazonas) deve ser concedida?,,99ca50f2ecb70ba4,AGAINST,UNCERTAIN,True
9a442461500dc62e,natural,zai-org/GLM-5.2,test,INSUFFICIENT_EVIDENCE,STANCE_MAINTAINED,YES,STANCE_MAINTAINED,,INSUFFICIENT_EVIDENCE,INSUFFICIENT_EVIDENCE,False,,,INSUFFICIENT_EVIDENCE,,,Os mercados digitais devem ser regulamentados no Brasil?,,9a442461500dc62e,FAVOR,UNCERTAIN,False
9b028d8dc263fd18,natural,zai-org/GLM-5.2,test,STANCE_MAINTAINED,STANCE_MAINTAINED,YES,STANCE_MAINTAINED,DIFFERENT,INCOMPARABLE,STANCE_MAINTAINED,False,NO,,INCOMPARABLE,NO,,O Marco Legal da Inovação deve ser revisado para facilitar sua operacionalização?,O PL da Lei do Bem deve ser colocado em votação?,9b028d8dc263fd18,FAVOR,FAVOR,False
a9bdcddb335a5a07,natural,zai-org/GLM-5.2,test,INCOMPARABLE,STANCE_MAINTAINED,NO,INCOMPARABLE,DIFFERENT,INCOMPARABLE,STANCE_MAINTAINED,False,NO,,INCOMPARABLE,NO,,O Aluguel Social deve ser garantido às mulheres vítimas de violência?,Os recursos destinados às patrulhas e à Casa da Mulher Brasileira devem ser transferidos do Ministério da Justiça para a gerência do Ministério das Mulheres?,a9bdcddb335a5a07,FAVOR,FAVOR,False
b4a84fb6380ec371,natural,zai-org/GLM-5.2,test,INCOMPARABLE,STANCE_MAINTAINED,NO,INCOMPARABLE,UNCERTAIN,RELATION_UNCERTAIN,STANCE_MAINTAINED,True,UNCERTAIN,,INCOMPARABLE,NO,,A questão racial deve ser integrada às políticas públicas para a primeira infância?,A Lei nº 10.639/2003 deve ser efetivada nas escolas?,b4a84fb6380ec371,FAVOR,FAVOR,False
e13d509a937ffa5f,natural,zai-org/GLM-5.2,test,INSUFFICIENT_EVIDENCE,INSUFFICIENT_EVIDENCE,NO,INSUFFICIENT_EVIDENCE,DIFFERENT,INCOMPARABLE,STANCE_MAINTAINED,False,NO,,INCOMPARABLE,NO,,"O Projeto de Lei nº 2.002, de 2019, que visa garantir maior proteção aos consumidores idosos, deve ser aprovado?",A prática de obsolescência programada deve ser coibida?,e13d509a937ffa5f,FAVOR,FAVOR,False
e2e808118c9ee9de,natural,zai-org/GLM-5.2,test,INCOMPARABLE,STANCE_MAINTAINED,NO,INCOMPARABLE,DIFFERENT,INCOMPARABLE,STANCE_MAINTAINED,False,NO,,INCOMPARABLE,NO,,O Ministério da Saúde deve assumir a responsabilidade de financiar e disponibilizar o tratamento da retinopatia diabética no SUS?,"O Projeto de Lei nº 3.811, de 2019, que institui a Semana Nacional de Conscientização sobre a Cardiopatia Isquêmica, deve ser aprovado?",e2e808118c9ee9de,FAVOR,FAVOR,False
f8189fa4faeb557c,natural,zai-org/GLM-5.2,test,INCOMPARABLE,STANCE_MAINTAINED,YES,STANCE_MAINTAINED,DIFFERENT,INCOMPARABLE,STANCE_MAINTAINED,False,NO,,RELATION_UNCERTAIN,UNCERTAIN,,Os mecanismos do Marco Legal da Inovação devem ser institucionalizados para facilitar sua operacionalização?,"As mudanças na Lei do Bem devem facilitar a colaboração entre universidades, empresas e governo para promover inovações?",f8189fa4faeb557c,FAVOR,FAVOR,False
ffe531755c6def2e,natural,zai-org/GLM-5.2,test,STANCE_MAINTAINED,STANCE_MAINTAINED,YES,STANCE_MAINTAINED,,RELATION_UNCERTAIN,RELATION_UNCERTAIN,True,,,STANCE_MAINTAINED,YES,,O projeto de lei do Governo para a regulamentação do trabalho de motoristas de aplicativo deve ser aprovado?,,ffe531755c6def2e,AGAINST,UNCERTAIN,False
syn_d249b2daa820,synthetic,zai-org/GLM-5.2,test,INCOMPARABLE,STANCE_MAINTAINED,NO,INCOMPARABLE,DIFFERENT,INCOMPARABLE,STANCE_MAINTAINED,False,NO,STANCE_MAINTAINED,,,NEGATED_PARAPHRASE,O veto presidencial ao PL 920/23 deve ser derrubado?,O Fundo Nacional para Calamidades Públicas deve ter fontes de recursos específicas destinadas à prevenção de desastres?,06f6bf71ce0746e2,FAVOR,FAVOR,False
syn_9d79ea135ad4,synthetic,zai-org/GLM-5.2,test,RELATION_UNCERTAIN,STANCE_MAINTAINED,NO,INCOMPARABLE,DIFFERENT,INCOMPARABLE,STANCE_MAINTAINED,False,NO,INCOMPARABLE,,,SHIFT_PROPOSITION,O veto presidencial ao PL 920/23 deve ser derrubado?,Devem ser alocados recursos financeiros específicos para a prevenção de desastres e retirada de famílias de áreas de risco?,06f6bf71ce0746e2,FAVOR,FAVOR,True
syn_022cab59aa7e,synthetic,zai-org/GLM-5.2,test,INCOMPARABLE,STANCE_MAINTAINED,NO,INCOMPARABLE,DIFFERENT,INCOMPARABLE,STANCE_REVERSED,False,NO,INCOMPARABLE,,,REVERSE_ON_INCOMPARABLE,Os reajustes e encargos que oneram a conta de energia elétrica do consumidor devem ser mantidos?,O modelo atual das concessionárias de energia no Brasil deve ser preservado?,16c67be32f60e074,AGAINST,FAVOR,False
syn_6d7f969a506d,synthetic,zai-org/GLM-5.2,test,INCOMPARABLE,STANCE_REVERSED,NO,INCOMPARABLE,DIFFERENT,INCOMPARABLE,STANCE_REVERSED,False,NO,INCOMPARABLE,,,REVERSE_ON_INCOMPARABLE,A regulamentação do lobby junto ao poder público deve ser aprovada?,O projeto de regulamentação do trabalho de motoristas de aplicativo deve ser aprovado com urgência?,1f862b43757396e1,FAVOR,AGAINST,False
syn_0ea3427ca13e,synthetic,zai-org/GLM-5.2,test,INCOMPARABLE,RELATION_UNCERTAIN,UNCERTAIN,RELATION_UNCERTAIN,,RELATION_UNCERTAIN,RELATION_UNCERTAIN,False,,INCOMPARABLE,,,REVERSE_ON_INCOMPARABLE,O Estatuto dos Povos Ciganos (PL 1.387/2022) deve ser aprovado?,,379d85fc73b5d187,FAVOR,UNCERTAIN,True
syn_7aadeaaa8c51,synthetic,zai-org/GLM-5.2,test,INCOMPARABLE,STANCE_REVERSED,NO,INCOMPARABLE,DIFFERENT,INCOMPARABLE,STANCE_REVERSED,False,NO,INCOMPARABLE,,,REVERSE_ON_INCOMPARABLE,Devem ser adotadas cotas para pessoas com deficiência nas políticas de fomento cultural?,Deve ser criada uma subcomissão nesta Comissão para monitorar a implementação das políticas públicas e das leis aprovadas para pessoas com autismo?,3ebdfd5f91baeb30,FAVOR,AGAINST,False
syn_f5be8667bfcc,synthetic,zai-org/GLM-5.2,test,INCOMPARABLE,STANCE_MAINTAINED,NO,INCOMPARABLE,DIFFERENT,INCOMPARABLE,STANCE_REVERSED,False,NO,INCOMPARABLE,,,REVERSE_ON_INCOMPARABLE,Os recursos destinados às patrulhas e à Casa da Mulher Brasileira devem ser transferidos do Ministério da Justiça para a gerência do Ministério das Mulheres?,Devem ser criadas políticas públicas específicas voltadas para mulheres no climatério e menopausa?,3f649c16713f4c6f,FAVOR,AGAINST,False
syn_db8efe8d8fb9,synthetic,zai-org/GLM-5.2,test,INCOMPARABLE,STANCE_MAINTAINED,NO,INCOMPARABLE,,INSUFFICIENT_EVIDENCE,INSUFFICIENT_EVIDENCE,False,,INCOMPARABLE,,,REVERSE_ON_INCOMPARABLE,As pessoas com dor crônica devem ser incluídas no diagnóstico biopsicossocial?,,42af9ecf027d72bc,FAVOR,UNCERTAIN,False
syn_04585703f194,synthetic,zai-org/GLM-5.2,test,RELATION_UNCERTAIN,STANCE_MAINTAINED,NO,INCOMPARABLE,DIFFERENT,INCOMPARABLE,STANCE_MAINTAINED,False,NO,STANCE_REVERSED,,,REVERSE_ON_COMPARABLE,O investimento na HEMOBRÁS para autossuficiência na produção de imunoglobulina deve ser continuado?,Os investimentos do novo PAC para a saúde são importantes?,597ab529d9e58c55,FAVOR,FAVOR,True
syn_93386bb00302,synthetic,zai-org/GLM-5.2,test,INSUFFICIENT_EVIDENCE,INSUFFICIENT_EVIDENCE,NO,INSUFFICIENT_EVIDENCE,,INSUFFICIENT_EVIDENCE,INSUFFICIENT_EVIDENCE,False,,INCOMPARABLE,,,REVERSE_ON_INCOMPARABLE,,,62551a12ba0d40a1,UNCERTAIN,UNCERTAIN,False
syn_c6fb523e5490,synthetic,zai-org/GLM-5.2,test,RELATION_UNCERTAIN,STANCE_MAINTAINED,YES,STANCE_MAINTAINED,DIFFERENT,INCOMPARABLE,STANCE_MAINTAINED,False,NO,STANCE_MAINTAINED,,,NEGATED_PARAPHRASE,A vacinação contra Covid-19 deve ser obrigatória para crianças de 6 meses a 5 anos a partir de 2024?,A vacinação de crianças contra Covid-19 deve ser apoiada?,892d7d3a6e934091,FAVOR,FAVOR,True
syn_9ec876c670b6,synthetic,zai-org/GLM-5.2,test,STANCE_REVERSED,STANCE_REVERSED,YES,STANCE_REVERSED,EQUIVALENT,STANCE_REVERSED,STANCE_REVERSED,False,YES,INCOMPARABLE,,,REVERSE_ON_INCOMPARABLE,A Convenção Interamericana sobre a Proteção dos Direitos Humanos dos Idosos deve ser ratificada pelo Brasil?,A Convenção Interamericana sobre a Proteção dos Direitos Humanos dos Idosos deve ser ratificada pelo Brasil?,8b9017a72effb414,FAVOR,AGAINST,False
syn_75ca94eb2c50,synthetic,zai-org/GLM-5.2,test,INCOMPARABLE,STANCE_MAINTAINED,NO,INCOMPARABLE,DIFFERENT,INCOMPARABLE,STANCE_MAINTAINED,False,NO,STANCE_REVERSED,,,REVERSE_ON_COMPARABLE,O bem-estar animal deve ser considerado um componente essencial da sustentabilidade?,O Brasil deve avançar na implementação de ações e normas de bem-estar animal?,8c2dfcbfad142a02,FAVOR,FAVOR,False
syn_6c7cba78c0ae,synthetic,zai-org/GLM-5.2,test,INCOMPARABLE,STANCE_MAINTAINED,NO,INCOMPARABLE,DIFFERENT,INCOMPARABLE,STANCE_MAINTAINED,False,NO,INCOMPARABLE,,,SHIFT_PROPOSITION,O bem-estar animal deve ser considerado um componente essencial da sustentabilidade?,O Brasil deve avançar na implementação de ações e normas de bem-estar animal?,8c2dfcbfad142a02,FAVOR,FAVOR,False
syn_78ad7ca2c13e,synthetic,zai-org/GLM-5.2,test,RELATION_UNCERTAIN,STANCE_REVERSED,NO,INCOMPARABLE,DIFFERENT,INCOMPARABLE,STANCE_REVERSED,False,NO,STANCE_REVERSED,,,REVERSE_ON_COMPARABLE,O veto presidencial ao PL 920/23 deve ser derrubado?,O Fundo de Calamidade Pública deve ser abastecido com recursos de forma fixa para prevenção e resposta a desastres?,982501e57fbbcdcc,FAVOR,AGAINST,True
syn_f9f6e6e8c346,synthetic,zai-org/GLM-5.2,test,INCOMPARABLE,STANCE_MAINTAINED,NO,INCOMPARABLE,DIFFERENT,INCOMPARABLE,STANCE_MAINTAINED,False,NO,STANCE_MAINTAINED,,,NEGATED_PARAPHRASE,O veto presidencial ao PL 920/23 deve ser derrubado?,"Deve o Orçamento da União prever recursos permanentes para prevenção e resposta a desastres e calamidades públicas, em vez de depender de medidas provisórias?",982501e57fbbcdcc,FAVOR,FAVOR,False
syn_e86aac1a18eb,synthetic,zai-org/GLM-5.2,test,INCOMPARABLE,STANCE_MAINTAINED,NO,INCOMPARABLE,DIFFERENT,INCOMPARABLE,STANCE_MAINTAINED,False,NO,INCOMPARABLE,,,SHIFT_PROPOSITION,O veto presidencial ao PL 920/23 deve ser derrubado?,Deve ser criada uma carreira permanente para os profissionais da Defesa Civil nos Municípios?,982501e57fbbcdcc,FAVOR,FAVOR,False
syn_62bc327e1375,synthetic,zai-org/GLM-5.2,test,STANCE_REVERSED,STANCE_REVERSED,YES,STANCE_REVERSED,DIFFERENT,INCOMPARABLE,STANCE_REVERSED,False,NO,INCOMPARABLE,,,REVERSE_ON_INCOMPARABLE,O Marco Legal da Inovação deve ser revisado para facilitar sua operacionalização?,"O PL da Lei do Bem deve ser colocado em votação de forma precipitada, sem os devidos ajustes?",9b028d8dc263fd18,FAVOR,AGAINST,False
syn_a48f3ff2e646,synthetic,zai-org/GLM-5.2,test,INCOMPARABLE,STANCE_MAINTAINED,NO,INCOMPARABLE,DIFFERENT,INCOMPARABLE,STANCE_MAINTAINED,False,NO,INCOMPARABLE,,,REVERSE_ON_INCOMPARABLE,O Aluguel Social deve ser garantido às mulheres vítimas de violência?,Os recursos destinados à Casa da Mulher Brasileira e às patrulhas devem permanecer sob a gerência do Ministério da Justiça?,a9bdcddb335a5a07,FAVOR,FAVOR,False
syn_e7ba8f110044,synthetic,zai-org/GLM-5.2,test,RELATION_UNCERTAIN,STANCE_MAINTAINED,NO,INCOMPARABLE,DIFFERENT,INCOMPARABLE,STANCE_MAINTAINED,False,NO,INCOMPARABLE,,,REVERSE_ON_INCOMPARABLE,"O Projeto de Lei nº 2.002, de 2019, que visa garantir maior proteção aos consumidores idosos, deve ser aprovado?","A responsabilidade do fabricante por peças de reposição e conserto de produtos deve ser limitada ao período de vida útil esperada, sem extensão indefinida?",e13d509a937ffa5f,FAVOR,FAVOR,True
syn_6f89da01829d,synthetic,zai-org/GLM-5.2,test,STANCE_REVERSED,STANCE_REVERSED,YES,STANCE_REVERSED,EQUIVALENT,STANCE_REVERSED,STANCE_REVERSED,False,YES,STANCE_REVERSED,,,REVERSE_ON_COMPARABLE,O projeto de lei do Governo para a regulamentação do trabalho de motoristas de aplicativo deve ser aprovado?,"A regulamentação do trabalho de motoristas de aplicativo, por meio do PLP 12, deve ser aprovada?",ffe531755c6def2e,AGAINST,FAVOR,False
syn_cbd48cb23569,synthetic,zai-org/GLM-5.2,test,RELATION_UNCERTAIN,STANCE_MAINTAINED,YES,STANCE_MAINTAINED,EQUIVALENT,STANCE_MAINTAINED,STANCE_MAINTAINED,False,YES,STANCE_MAINTAINED,,,NEGATED_PARAPHRASE,O projeto de lei do Governo para a regulamentação do trabalho de motoristas de aplicativo deve ser aprovado?,O Projeto de Lei Complementar nº 12 deve ser aprovado na forma como se apresenta?,ffe531755c6def2e,AGAINST,AGAINST,True
syn_32eb1fccde21,synthetic,zai-org/GLM-5.2,test,INCOMPARABLE,STANCE_MAINTAINED,YES,STANCE_MAINTAINED,EQUIVALENT,STANCE_REVERSED,STANCE_REVERSED,False,YES,INCOMPARABLE,,,SHIFT_PROPOSITION,O projeto de lei do Governo para a regulamentação do trabalho de motoristas de aplicativo deve ser aprovado?,O PL 536/24 deve ser aprovado para regulamentar o trabalho de motoristas de aplicativo?,ffe531755c6def2e,AGAINST,FAVOR,False
263f772b51bf1354,natural,nvidia/NVIDIA-Nemotron-3-Ultra-550B-A55B,dev,INCOMPARABLE,STANCE_MAINTAINED,NO,INCOMPARABLE,DIFFERENT,INCOMPARABLE,STANCE_MAINTAINED,False,NO,,RELATION_UNCERTAIN,UNCERTAIN,,O Estado deve adotar um modelo de cuidado compartilhado entre múltiplos níveis de governo e a sociedade civil para a população idosa?,O G20 deve priorizar a agenda do envelhecimento saudável?,263f772b51bf1354,FAVOR,FAVOR,False
d4e87de87b4f3431,natural,nvidia/NVIDIA-Nemotron-3-Ultra-550B-A55B,dev,INCOMPARABLE,INSUFFICIENT_EVIDENCE,UNCERTAIN,INSUFFICIENT_EVIDENCE,,INSUFFICIENT_EVIDENCE,INSUFFICIENT_EVIDENCE,False,,,INCOMPARABLE,NO,,,"O Ministério deve arcar com diárias e passagens para a Sra. Luciane Barbosa Farias, condenada por crimes graves, sem realizar qualquer verificação prévia?",d4e87de87b4f3431,UNCERTAIN,AGAINST,False
24c599750bdd544f,natural,nvidia/NVIDIA-Nemotron-3-Ultra-550B-A55B,dev,STANCE_MAINTAINED,STANCE_MAINTAINED,NO,INCOMPARABLE,,INSUFFICIENT_EVIDENCE,INSUFFICIENT_EVIDENCE,False,,,STANCE_MAINTAINED,YES,,"O Brasil deve regular os mercados digitais inspirando-se nas experiências internacionais, como a Lei de Mercados Digitais da União Europeia?",,24c599750bdd544f,FAVOR,UNCERTAIN,False
8f79764e69daadf2,natural,nvidia/NVIDIA-Nemotron-3-Ultra-550B-A55B,dev,INSUFFICIENT_EVIDENCE,INSUFFICIENT_EVIDENCE,NO,INSUFFICIENT_EVIDENCE,,INSUFFICIENT_EVIDENCE,INSUFFICIENT_EVIDENCE,False,,,RELATION_UNCERTAIN,UNCERTAIN,,,A Secretaria Nacional da Pessoa Idosa deve ser expandida para além dos 13 municípios-piloto?,8f79764e69daadf2,UNCERTAIN,FAVOR,False
af4d70f0c140e9c9,natural,nvidia/NVIDIA-Nemotron-3-Ultra-550B-A55B,dev,INCOMPARABLE,STANCE_MAINTAINED,NO,INCOMPARABLE,DIFFERENT,INCOMPARABLE,STANCE_MAINTAINED,False,NO,,INCOMPARABLE,NO,,A regulamentação das redes sociais e das fake news deve ser implementada?,O relator da LDO deve acatar as cinco emendas apresentadas pela coalizão para combater a violência contra crianças e adolescentes?,af4d70f0c140e9c9,FAVOR,FAVOR,False
d4c07b40fb424a0c,natural,nvidia/NVIDIA-Nemotron-3-Ultra-550B-A55B,dev,STANCE_MAINTAINED,STANCE_MAINTAINED,YES,STANCE_MAINTAINED,DIFFERENT,INCOMPARABLE,STANCE_MAINTAINED,False,NO,,STANCE_MAINTAINED,YES,,A vacinação contra Covid-19 deve ser obrigatória para crianças de 6 meses a 5 anos a partir de 2024?,A vacinação de crianças contra a COVID-19 deve ser obrigatória?,d4c07b40fb424a0c,AGAINST,AGAINST,False
0138e27cd0f53d95,natural,nvidia/NVIDIA-Nemotron-3-Ultra-550B-A55B,dev,INCOMPARABLE,STANCE_MAINTAINED,YES,STANCE_MAINTAINED,DIFFERENT,INCOMPARABLE,STANCE_MAINTAINED,False,NO,,INCOMPARABLE,NO,,A Convenção Interamericana sobre a Proteção dos Direitos Humanos dos Idosos deve ser ratificada?,A convenção sobre os direitos da pessoa idosa deve ser aprovada na Câmara dos Deputados?,0138e27cd0f53d95,FAVOR,FAVOR,False
2e42e8583aea6939,natural,nvidia/NVIDIA-Nemotron-3-Ultra-550B-A55B,dev,INCOMPARABLE,STANCE_MAINTAINED,NO,INCOMPARABLE,DIFFERENT,INCOMPARABLE,STANCE_MAINTAINED,False,NO,,INCOMPARABLE,NO,,O orçamento do programa de combate à tuberculose deve ser aumentado?,O Brasil deve adotar o Amazonas como estado-piloto para a erradicação da tuberculose até 2030?,2e42e8583aea6939,FAVOR,FAVOR,False
3459768d16f576e5,natural,nvidia/NVIDIA-Nemotron-3-Ultra-550B-A55B,dev,STANCE_MAINTAINED,STANCE_MAINTAINED,YES,STANCE_MAINTAINED,DIFFERENT,INCOMPARABLE,STANCE_REVERSED,False,NO,,STANCE_MAINTAINED,YES,,O saque-aniversário do FGTS deve ser mantido?,O saque-aniversário do FGTS deve ser substituído por empréstimo consignado com juros mais baixos?,3459768d16f576e5,FAVOR,AGAINST,False
2a22c99d1d3a678c,natural,nvidia/NVIDIA-Nemotron-3-Ultra-550B-A55B,dev,INCOMPARABLE,STANCE_MAINTAINED,NO,INCOMPARABLE,DIFFERENT,INCOMPARABLE,STANCE_MAINTAINED,False,NO,,INCOMPARABLE,NO,,O SUS deve reduzir as filas de espera para encaminhamento a oftalmologistas especialistas em retina após mutirões de saúde?,O SUS deve atualizar seus protocolos clínicos e seu sistema de financiamento para o tratamento do edema macular diabético?,2a22c99d1d3a678c,FAVOR,FAVOR,False
ebcdef50abd4418f,natural,nvidia/NVIDIA-Nemotron-3-Ultra-550B-A55B,dev,INCOMPARABLE,STANCE_MAINTAINED,NO,INCOMPARABLE,DIFFERENT,INCOMPARABLE,STANCE_MAINTAINED,False,NO,,INCOMPARABLE,NO,,Should a Parliamentary Commission of Inquiry (CPI) be created to investigate violence against indigenous women and children?,Uma nova audiência pública deve ser realizada para discutir boas práticas nas políticas públicas para a população LGBTQIA+?,ebcdef50abd4418f,FAVOR,FAVOR,False
d3769de977ace19d,natural,nvidia/NVIDIA-Nemotron-3-Ultra-550B-A55B,dev,INCOMPARABLE,STANCE_MAINTAINED,YES,STANCE_MAINTAINED,EQUIVALENT,STANCE_MAINTAINED,STANCE_MAINTAINED,False,YES,,STANCE_MAINTAINED,YES,,O Fundo Nacional para Calamidades Públicas deve contar com fontes de recursos dedicadas à prevenção de desastres?,"O governo federal deve garantir previsão orçamentária permanente para o Fundo de Calamidade Pública e para ações de prevenção de desastres, em vez de depender exclusivamente de medidas provisórias?",d3769de977ace19d,FAVOR,FAVOR,False
36fb1e1240a12ac4,natural,nvidia/NVIDIA-Nemotron-3-Ultra-550B-A55B,dev,INCOMPARABLE,STANCE_MAINTAINED,NO,INCOMPARABLE,DIFFERENT,INCOMPARABLE,STANCE_MAINTAINED,False,NO,,INCOMPARABLE,NO,,"Deve ser criada uma legislação prisional específica para indígenas, elaborada a partir de consulta pública?","O Projeto de Lei 4347/21, que torna permanente a Política Nacional de Gestão Territorial e Ambiental das Terras Indígenas (PNGATI), deve ser aprovado?",36fb1e1240a12ac4,FAVOR,FAVOR,False
36e4b11ff6345a11,natural,nvidia/NVIDIA-Nemotron-3-Ultra-550B-A55B,dev,INCOMPARABLE,STANCE_MAINTAINED,NO,INCOMPARABLE,,INSUFFICIENT_EVIDENCE,INSUFFICIENT_EVIDENCE,False,,,INCOMPARABLE,NO,,,O governo deve reconstruir os conselhos e espaços de participação social?,36e4b11ff6345a11,UNCERTAIN,FAVOR,False
de54c782d361768c,natural,nvidia/NVIDIA-Nemotron-3-Ultra-550B-A55B,dev,INCOMPARABLE,STANCE_MAINTAINED,NO,INCOMPARABLE,DIFFERENT,INCOMPARABLE,STANCE_MAINTAINED,False,NO,,INCOMPARABLE,NO,,O Aluguel Social deve ser concedido a vítimas de violência doméstica?,"O Projeto de Lei nº 5.602/2019, que cria o Programa de Atenção a Mulheres na Menopausa e Climatério, deve ser aprovado?",de54c782d361768c,FAVOR,FAVOR,False
4cffd4e8a3906c01,natural,nvidia/NVIDIA-Nemotron-3-Ultra-550B-A55B,dev,INCOMPARABLE,STANCE_MAINTAINED,NO,INCOMPARABLE,DIFFERENT,INCOMPARABLE,STANCE_MAINTAINED,False,NO,,INCOMPARABLE,NO,,"O Supremo Tribunal Federal deve evitar o ativismo judicial e restringir-se a julgar casos concretos, sem legislar ou modificar leis existentes?","A renovação das concessões de distribuição de energia elétrica deve adotar critérios mais rigorosos e fiscalização mais forte, nos moldes das concessões de rodovias?",4cffd4e8a3906c01,FAVOR,FAVOR,False
e001ebac1d8033f1,natural,nvidia/NVIDIA-Nemotron-3-Ultra-550B-A55B,dev,INCOMPARABLE,STANCE_MAINTAINED,NO,INCOMPARABLE,DIFFERENT,INCOMPARABLE,STANCE_MAINTAINED,False,NO,,STANCE_MAINTAINED,YES,,O 13º salário de aposentados e beneficiários deve ser antecipado em áreas atingidas por desastres?,Deve ser criado um arcabouço legal para proteger populações vulneráveis de desastres naturais como enchentes e secas?,e001ebac1d8033f1,FAVOR,FAVOR,False
e6a308550846aa5f,natural,nvidia/NVIDIA-Nemotron-3-Ultra-550B-A55B,dev,INCOMPARABLE,INSUFFICIENT_EVIDENCE,NO,INSUFFICIENT_EVIDENCE,,INSUFFICIENT_EVIDENCE,INSUFFICIENT_EVIDENCE,False,,,INCOMPARABLE,NO,,,"O Brasil deve adotar os critérios de disponibilidade, densidade energética, maturidade tecnológica, segurança, custo e sustentabilidade local para todos os combustíveis alternativos visando a descarbonização?",e6a308550846aa5f,UNCERTAIN,FAVOR,False
syn_5454cbce028e,synthetic,nvidia/NVIDIA-Nemotron-3-Ultra-550B-A55B,dev,RELATION_UNCERTAIN,STANCE_MAINTAINED,NO,INCOMPARABLE,DIFFERENT,INCOMPARABLE,STANCE_MAINTAINED,False,NO,STANCE_REVERSED,,,REVERSE_ON_COMPARABLE,"O Brasil deve regular os mercados digitais inspirando-se nas experiências internacionais, como a Lei de Mercados Digitais da União Europeia?",O PL 2768/22 deve evitar a criação de políticas excessivas que possam sufocar a competitividade e a inovação nos mercados digitais?,24c599750bdd544f,FAVOR,FAVOR,False
syn_760d4868fd2e,synthetic,nvidia/NVIDIA-Nemotron-3-Ultra-550B-A55B,dev,STANCE_MAINTAINED,STANCE_MAINTAINED,YES,STANCE_MAINTAINED,DIFFERENT,INCOMPARABLE,STANCE_MAINTAINED,False,NO,STANCE_MAINTAINED,,,NEGATED_PARAPHRASE,"O Brasil deve regular os mercados digitais inspirando-se nas experiências internacionais, como a Lei de Mercados Digitais da União Europeia?",A Câmara deve avançar na discussão e regulamentação dos mercados digitais (PL 2768/22)?,24c599750bdd544f,FAVOR,FAVOR,False
syn_53fc3867f4df,synthetic,nvidia/NVIDIA-Nemotron-3-Ultra-550B-A55B,dev,STANCE_MAINTAINED,STANCE_MAINTAINED,NO,INCOMPARABLE,,INSUFFICIENT_EVIDENCE,INSUFFICIENT_EVIDENCE,False,,INCOMPARABLE,,,SHIFT_PROPOSITION,"O Brasil deve regular os mercados digitais inspirando-se nas experiências internacionais, como a Lei de Mercados Digitais da União Europeia?",,24c599750bdd544f,FAVOR,UNCERTAIN,False
syn_ff8a23c3a556,synthetic,nvidia/NVIDIA-Nemotron-3-Ultra-550B-A55B,dev,INSUFFICIENT_EVIDENCE,STANCE_REVERSED,NO,INCOMPARABLE,DIFFERENT,INCOMPARABLE,STANCE_REVERSED,False,NO,INCOMPARABLE,,,REVERSE_ON_INCOMPARABLE,O SUS deve reduzir as filas de espera para encaminhamento a oftalmologistas especialistas em retina após mutirões de saúde?,Os protocolos clínicos atuais do SUS para o tratamento do edema macular diabético devem ser revisados?,2a22c99d1d3a678c,FAVOR,AGAINST,False
syn_2f8b7031e619,synthetic,nvidia/NVIDIA-Nemotron-3-Ultra-550B-A55B,dev,STANCE_REVERSED,STANCE_REVERSED,YES,STANCE_REVERSED,DIFFERENT,INCOMPARABLE,STANCE_REVERSED,False,NO,INCOMPARABLE,,,REVERSE_ON_INCOMPARABLE,O orçamento do programa de combate à tuberculose deve ser aumentado?,A Comissão Externa deve concentrar seu projeto-piloto de erradicação da tuberculose no estado do Amazonas?,2e42e8583aea6939,FAVOR,AGAINST,False
syn_2905cc0189f9,synthetic,nvidia/NVIDIA-Nemotron-3-Ultra-550B-A55B,dev,STANCE_MAINTAINED,STANCE_MAINTAINED,YES,STANCE_MAINTAINED,DIFFERENT,INCOMPARABLE,STANCE_REVERSED,False,NO,INCOMPARABLE,,,SHIFT_PROPOSITION,O saque-aniversário do FGTS deve ser mantido?,O saque-aniversário do FGTS deve ser substituído por empréstimo consignado com juros mais baixos?,3459768d16f576e5,FAVOR,AGAINST,False
syn_09f474008dad,synthetic,nvidia/NVIDIA-Nemotron-3-Ultra-550B-A55B,dev,INCOMPARABLE,STANCE_MAINTAINED,NO,INCOMPARABLE,DIFFERENT,INCOMPARABLE,STANCE_MAINTAINED,False,NO,INCOMPARABLE,,,REVERSE_ON_INCOMPARABLE,"O Supremo Tribunal Federal deve evitar o ativismo judicial e restringir-se a julgar casos concretos, sem legislar ou modificar leis existentes?","A renovação das concessões de distribuição de energia elétrica deve exigir caderno de obrigações, cronograma de investimentos, audiências públicas e análise do TCU, nos moldes do que ocorre nas concessões de rodovias?",4cffd4e8a3906c01,FAVOR,FAVOR,False
syn_73fc87b8e147,synthetic,nvidia/NVIDIA-Nemotron-3-Ultra-550B-A55B,dev,INCOMPARABLE,STANCE_MAINTAINED,NO,INCOMPARABLE,DIFFERENT,INCOMPARABLE,STANCE_MAINTAINED,False,NO,INCOMPARABLE,,,REVERSE_ON_INCOMPARABLE,A regulamentação das redes sociais e das fake news deve ser implementada?,O relator deve acatar as cinco emendas apresentadas pela coalizão à LDO para combater a violência contra crianças e adolescentes?,af4d70f0c140e9c9,FAVOR,FAVOR,False
syn_08d56e3017bc,synthetic,nvidia/NVIDIA-Nemotron-3-Ultra-550B-A55B,dev,STANCE_REVERSED,STANCE_REVERSED,YES,STANCE_REVERSED,DIFFERENT,INCOMPARABLE,STANCE_REVERSED,False,NO,STANCE_REVERSED,,,REVERSE_ON_COMPARABLE,O Fundo Nacional para Calamidades Públicas deve contar com fontes de recursos dedicadas à prevenção de desastres?,O Fundo de Calamidade Pública deve ser mantido como verba fixa e engessada para prevenção de desastres?,d3769de977ace19d,FAVOR,AGAINST,False
syn_8b8a272f4fab,synthetic,nvidia/NVIDIA-Nemotron-3-Ultra-550B-A55B,dev,INCOMPARABLE,STANCE_MAINTAINED,YES,STANCE_MAINTAINED,DIFFERENT,INCOMPARABLE,STANCE_MAINTAINED,False,NO,STANCE_MAINTAINED,,,NEGATED_PARAPHRASE,O Fundo Nacional para Calamidades Públicas deve contar com fontes de recursos dedicadas à prevenção de desastres?,"O orçamento federal deve prever recursos permanentes para prevenção e resposta a desastres, em vez de depender de medidas provisórias?",d3769de977ace19d,FAVOR,FAVOR,False
syn_b3a9b90f5e23,synthetic,nvidia/NVIDIA-Nemotron-3-Ultra-550B-A55B,dev,STANCE_MAINTAINED,STANCE_MAINTAINED,YES,STANCE_MAINTAINED,DIFFERENT,INCOMPARABLE,STANCE_MAINTAINED,False,NO,STANCE_MAINTAINED,,,NEGATED_PARAPHRASE,A vacinação contra Covid-19 deve ser obrigatória para crianças de 6 meses a 5 anos a partir de 2024?,A vacinação contra COVID-19 de crianças deve ser obrigatória?,d4c07b40fb424a0c,AGAINST,AGAINST,False
syn_afdaab6d2eb3,synthetic,nvidia/NVIDIA-Nemotron-3-Ultra-550B-A55B,dev,STANCE_MAINTAINED,STANCE_MAINTAINED,YES,STANCE_MAINTAINED,DIFFERENT,INCOMPARABLE,STANCE_MAINTAINED,False,NO,INCOMPARABLE,,,SHIFT_PROPOSITION,A vacinação contra Covid-19 deve ser obrigatória para crianças de 6 meses a 5 anos a partir de 2024?,A vacinação contra COVID-19 deve ser obrigatória?,d4c07b40fb424a0c,AGAINST,AGAINST,False
syn_c6a2a29ef0b4,synthetic,nvidia/NVIDIA-Nemotron-3-Ultra-550B-A55B,dev,INCOMPARABLE,STANCE_REVERSED,NO,INCOMPARABLE,DIFFERENT,INCOMPARABLE,STANCE_REVERSED,False,NO,INCOMPARABLE,,,REVERSE_ON_INCOMPARABLE,O Aluguel Social deve ser concedido a vítimas de violência doméstica?,O Programa de Atenção a Mulheres na Menopausa e Climatério deve ser criado?,de54c782d361768c,FAVOR,AGAINST,False
syn_db7a3f8f200d,synthetic,nvidia/NVIDIA-Nemotron-3-Ultra-550B-A55B,dev,INCOMPARABLE,STANCE_MAINTAINED,NO,INCOMPARABLE,DIFFERENT,INCOMPARABLE,STANCE_REVERSED,False,NO,STANCE_REVERSED,,,REVERSE_ON_COMPARABLE,O 13º salário de aposentados e beneficiários deve ser antecipado em áreas atingidas por desastres?,A participação do Ministério do Desenvolvimento Social nas ações de prevenção e auxílio a desastres deve ser incentivada?,e001ebac1d8033f1,FAVOR,AGAINST,False
syn_7f48e74c939f,synthetic,nvidia/NVIDIA-Nemotron-3-Ultra-550B-A55B,dev,INCOMPARABLE,STANCE_MAINTAINED,NO,INCOMPARABLE,DIFFERENT,INCOMPARABLE,STANCE_MAINTAINED,False,NO,INCOMPARABLE,,,SHIFT_PROPOSITION,O 13º salário de aposentados e beneficiários deve ser antecipado em áreas atingidas por desastres?,Deve ser criado um arcabouço legal para proteger pequenos negócios contra desastres naturais como enchentes e secas?,e001ebac1d8033f1,FAVOR,FAVOR,False
syn_8dfd859600d4,synthetic,nvidia/NVIDIA-Nemotron-3-Ultra-550B-A55B,dev,INCOMPARABLE,INSUFFICIENT_EVIDENCE,NO,INSUFFICIENT_EVIDENCE,,INSUFFICIENT_EVIDENCE,INSUFFICIENT_EVIDENCE,False,,INCOMPARABLE,,,REVERSE_ON_INCOMPARABLE,,O Brasil deve adotar uma abordagem baseada em experimentação flexível em vez de critérios rígidos e pré-definidos para a regulação de novos combustíveis como o biometano?,e6a308550846aa5f,UNCERTAIN,FAVOR,False
06f6bf71ce0746e2,natural,nvidia/NVIDIA-Nemotron-3-Ultra-550B-A55B,test,INCOMPARABLE,INSUFFICIENT_EVIDENCE,UNCERTAIN,INSUFFICIENT_EVIDENCE,DIFFERENT,INCOMPARABLE,STANCE_MAINTAINED,False,NO,,STANCE_MAINTAINED,YES,,O Veto nº 28 ao PL 920/2023 deve ser derrubado?,O Fundo Nacional para Calamidades Públicas deve contar com fontes de recursos dedicadas à prevenção de desastres?,06f6bf71ce0746e2,FAVOR,FAVOR,False
16c67be32f60e074,natural,nvidia/NVIDIA-Nemotron-3-Ultra-550B-A55B,test,INCOMPARABLE,STANCE_MAINTAINED,NO,INCOMPARABLE,DIFFERENT,INCOMPARABLE,STANCE_MAINTAINED,False,NO,,INCOMPARABLE,NO,,A ANEEL deve esclarecer se a geração e a distribuição de energia podem pertencer à mesma empresa?,O modelo atual de concessão das distribuidoras de energia elétrica deve ser modificado?,16c67be32f60e074,FAVOR,FAVOR,False
1f862b43757396e1,natural,nvidia/NVIDIA-Nemotron-3-Ultra-550B-A55B,test,INCOMPARABLE,STANCE_MAINTAINED,NO,INCOMPARABLE,,INSUFFICIENT_EVIDENCE,INSUFFICIENT_EVIDENCE,False,,,INCOMPARABLE,NO,,A regulamentação do lobby junto ao poder público deve ser avançada?,,1f862b43757396e1,FAVOR,UNCERTAIN,False
370ab0f946469bab,natural,nvidia/NVIDIA-Nemotron-3-Ultra-550B-A55B,test,STANCE_MAINTAINED,STANCE_MAINTAINED,YES,STANCE_MAINTAINED,DIFFERENT,INCOMPARABLE,STANCE_MAINTAINED,False,NO,,INCOMPARABLE,NO,,O Brasil deve ratificar a Convenção Interamericana sobre a Proteção dos Direitos Humanos dos Idosos?,A convenção sobre os direitos das pessoas idosas deve ser aprovada com status de emenda constitucional?,370ab0f946469bab,FAVOR,FAVOR,False
379d85fc73b5d187,natural,nvidia/NVIDIA-Nemotron-3-Ultra-550B-A55B,test,INCOMPARABLE,STANCE_MAINTAINED,NO,INCOMPARABLE,DIFFERENT,INCOMPARABLE,STANCE_MAINTAINED,False,NO,,INCOMPARABLE,NO,,"O Projeto de Lei nº 1.387, de 2022, que institui o Estatuto dos Povos Ciganos, deve ser aprovado?",A economia do cuidado deve ser incluída no cálculo do PIB?,379d85fc73b5d187,FAVOR,FAVOR,False
3ebdfd5f91baeb30,natural,nvidia/NVIDIA-Nemotron-3-Ultra-550B-A55B,test,INCOMPARABLE,STANCE_MAINTAINED,NO,INCOMPARABLE,DIFFERENT,INCOMPARABLE,STANCE_MAINTAINED,False,NO,,INCOMPARABLE,NO,,Devem ser reservadas cotas para pessoas com deficiência nos editais de fomento cultural?,A Câmara deve criar uma subcomissão para fiscalizar a implementação das leis e políticas públicas voltadas às pessoas com transtorno do espectro autista?,3ebdfd5f91baeb30,FAVOR,FAVOR,False
3f649c16713f4c6f,natural,nvidia/NVIDIA-Nemotron-3-Ultra-550B-A55B,test,INCOMPARABLE,STANCE_MAINTAINED,NO,INCOMPARABLE,DIFFERENT,INCOMPARABLE,STANCE_MAINTAINED,False,NO,,INCOMPARABLE,NO,,Os recursos destinados às patrulhas e à Casa da Mulher Brasileira devem ser transferidos do Ministério da Justiça para a gestão do Ministério das Mulheres?,"O Projeto de Lei nº 5.602/2019, que cria o Programa de Atenção a Mulheres na Menopausa e Climatério, deve ser aprovado?",3f649c16713f4c6f,FAVOR,FAVOR,False
406f53bbc7b4086a,natural,nvidia/NVIDIA-Nemotron-3-Ultra-550B-A55B,test,INCOMPARABLE,STANCE_MAINTAINED,NO,INCOMPARABLE,DIFFERENT,INCOMPARABLE,STANCE_MAINTAINED,False,NO,,INCOMPARABLE,NO,,"A sociedade deve garantir plena inclusão, acessibilidade e respeito aos direitos das pessoas autistas?",As políticas públicas para o transtorno do espectro autista devem ser baseadas na perspectiva da neurodiversidade?,406f53bbc7b4086a,FAVOR,FAVOR,False
42af9ecf027d72bc,natural,nvidia/NVIDIA-Nemotron-3-Ultra-550B-A55B,test,INCOMPARABLE,STANCE_MAINTAINED,NO,INCOMPARABLE,DIFFERENT,INCOMPARABLE,STANCE_MAINTAINED,False,NO,,INCOMPARABLE,NO,,Devem as pessoas com dor crônica ser incluídas no diagnóstico biopsicossocial e nas políticas de saúde e trabalho correlatas?,"O direito à aposentadoria das mães cuidadoras aos 62 anos, com possibilidade de parcelamento do débito previdenciário, deve ser garantido?",42af9ecf027d72bc,FAVOR,FAVOR,False
56076bd074c74d1a,natural,nvidia/NVIDIA-Nemotron-3-Ultra-550B-A55B,test,INCOMPARABLE,STANCE_MAINTAINED,NO,INCOMPARABLE,DIFFERENT,INCOMPARABLE,STANCE_MAINTAINED,False,NO,,INCOMPARABLE,NO,,O Parlamento brasileiro deve ampliar as discussões e promover a adoção da tecnologia blockchain no serviço público?,"O Parlamento deve apoiar o fortalecimento da Agência Nacional de Proteção de Dados (ANPD), inclusive por meio de concurso público e investimentos, para aprimorar a proteção de dados pessoais dos cidadãos?",56076bd074c74d1a,FAVOR,FAVOR,False
597ab529d9e58c55,natural,nvidia/NVIDIA-Nemotron-3-Ultra-550B-A55B,test,INCOMPARABLE,STANCE_MAINTAINED,NO,INCOMPARABLE,DIFFERENT,INCOMPARABLE,STANCE_REVERSED,False,NO,,STANCE_MAINTAINED,YES,,O governo deve continuar investindo na HEMOBRÁS para alcançar a autossuficiência na produção de imunoglobulina?,As vacinas devem ser objeto de disputa política?,597ab529d9e58c55,FAVOR,AGAINST,False
62551a12ba0d40a1,natural,nvidia/NVIDIA-Nemotron-3-Ultra-550B-A55B,test,INSUFFICIENT_EVIDENCE,INSUFFICIENT_EVIDENCE,UNCERTAIN,INSUFFICIENT_EVIDENCE,,INSUFFICIENT_EVIDENCE,INSUFFICIENT_EVIDENCE,False,,,INCOMPARABLE,NO,,,O Congresso deve priorizar o enfrentamento da precarização do trabalho na mineração em vez de propostas de armamento da população?,62551a12ba0d40a1,UNCERTAIN,FAVOR,False
6a7b7af41cec3ff3,natural,nvidia/NVIDIA-Nemotron-3-Ultra-550B-A55B,test,INCOMPARABLE,STANCE_MAINTAINED,NO,INCOMPARABLE,DIFFERENT,INCOMPARABLE,STANCE_MAINTAINED,False,NO,,INCOMPARABLE,NO,,A Comissão deve apreciar com urgência a regulamentação do empréstimo consignado para servidores públicos?,A PEC 169/2019 deve permitir que professores da rede pública acumulem dois cargos públicos em áreas diferentes?,6a7b7af41cec3ff3,FAVOR,FAVOR,False
8034e650e53050e1,natural,nvidia/NVIDIA-Nemotron-3-Ultra-550B-A55B,test,INCOMPARABLE,INSUFFICIENT_EVIDENCE,NO,INSUFFICIENT_EVIDENCE,DIFFERENT,INCOMPARABLE,STANCE_MAINTAINED,False,NO,,INCOMPARABLE,NO,,O veto relacionado a recursos para prevenção e resposta a desastres socioambientais deve ser derrubado?,"O Estado deve adotar medidas urgentes, incluindo alocação de orçamento e políticas de adaptação, para enfrentar desastres socioambientais decorrentes das mudanças climáticas?",8034e650e53050e1,FAVOR,FAVOR,False
87fa10a79fe070e0,natural,nvidia/NVIDIA-Nemotron-3-Ultra-550B-A55B,test,INCOMPARABLE,STANCE_MAINTAINED,NO,INCOMPARABLE,DIFFERENT,INCOMPARABLE,STANCE_MAINTAINED,False,NO,,INCOMPARABLE,NO,,O Ministério Público Federal e o Judiciário estão se omitindo em obrigar a Fundação Renova a comparecer à audiência?,O governo federal deve cassar o direito minerário das empresas responsáveis pelo desastre de Mariana?,87fa10a79fe070e0,FAVOR,FAVOR,False
892d7d3a6e934091,natural,nvidia/NVIDIA-Nemotron-3-Ultra-550B-A55B,test,STANCE_MAINTAINED,STANCE_MAINTAINED,YES,STANCE_MAINTAINED,DIFFERENT,INCOMPARABLE,STANCE_MAINTAINED,False,NO,,STANCE_MAINTAINED,YES,,A vacinação contra Covid-19 deve ser obrigatória para crianças de 6 meses a 5 anos a partir de 2024?,A vacinação de crianças contra a COVID-19 deve ser mantida?,892d7d3a6e934091,FAVOR,FAVOR,False
8b9017a72effb414,natural,nvidia/NVIDIA-Nemotron-3-Ultra-550B-A55B,test,STANCE_MAINTAINED,STANCE_MAINTAINED,YES,STANCE_MAINTAINED,EQUIVALENT,STANCE_MAINTAINED,STANCE_MAINTAINED,False,YES,,INCOMPARABLE,NO,,O Brasil deve ratificar a Convenção Interamericana sobre a Proteção dos Direitos Humanos dos Idosos?,O Brasil deve ratificar a Convenção Interamericana sobre a Proteção dos Direitos Humanos dos Idosos?,8b9017a72effb414,FAVOR,FAVOR,False
8c2dfcbfad142a02,natural,nvidia/NVIDIA-Nemotron-3-Ultra-550B-A55B,test,INCOMPARABLE,STANCE_MAINTAINED,NO,INCOMPARABLE,DIFFERENT,INCOMPARABLE,STANCE_MAINTAINED,False,NO,,STANCE_MAINTAINED,YES,,O bem-estar animal deve ser considerado um componente essencial da sustentabilidade na produção de alimentos de origem animal?,O Brasil deve avançar nas políticas de bem-estar animal para atender a compromissos internacionais e à demanda da sociedade?,8c2dfcbfad142a02,FAVOR,FAVOR,False
90a4cc8b19325243,natural,nvidia/NVIDIA-Nemotron-3-Ultra-550B-A55B,test,STANCE_MAINTAINED,STANCE_MAINTAINED,YES,STANCE_MAINTAINED,DIFFERENT,INCOMPARABLE,STANCE_MAINTAINED,False,NO,,INCOMPARABLE,NO,,A vacina contra a COVID-19 deve ser incorporada ao calendário de vacinação infantil?,A vacinação de crianças contra a COVID-19 deve ser mantida?,90a4cc8b19325243,FAVOR,FAVOR,False
982501e57fbbcdcc,natural,nvidia/NVIDIA-Nemotron-3-Ultra-550B-A55B,test,INCOMPARABLE,STANCE_MAINTAINED,NO,INCOMPARABLE,DIFFERENT,INCOMPARABLE,STANCE_MAINTAINED,False,NO,,STANCE_MAINTAINED,YES,,O Veto nº 28 ao PL 920/2023 deve ser derrubado?,"O governo federal deve garantir previsão orçamentária permanente para o Fundo de Calamidade Pública e para ações de prevenção de desastres, em vez de depender exclusivamente de medidas provisórias?",982501e57fbbcdcc,FAVOR,FAVOR,False
99ca50f2ecb70ba4,natural,nvidia/NVIDIA-Nemotron-3-Ultra-550B-A55B,test,INCOMPARABLE,INSUFFICIENT_EVIDENCE,UNCERTAIN,INSUFFICIENT_EVIDENCE,,INSUFFICIENT_EVIDENCE,INSUFFICIENT_EVIDENCE,False,,,STANCE_MAINTAINED,YES,,Should the environmental license for oil exploration in Block 59 (Foz do Amazonas) be granted?,,99ca50f2ecb70ba4,AGAINST,UNCERTAIN,False
9a442461500dc62e,natural,nvidia/NVIDIA-Nemotron-3-Ultra-550B-A55B,test,STANCE_MAINTAINED,INSUFFICIENT_EVIDENCE,UNCERTAIN,INSUFFICIENT_EVIDENCE,DIFFERENT,INCOMPARABLE,STANCE_MAINTAINED,False,NO,,INSUFFICIENT_EVIDENCE,,,"O Brasil deve regular os mercados digitais inspirando-se nas experiências internacionais, como a Lei de Mercados Digitais da União Europeia?",A legislação de regulamentação do mercado digital deve ser aprimorada?,9a442461500dc62e,FAVOR,FAVOR,False
9b028d8dc263fd18,natural,nvidia/NVIDIA-Nemotron-3-Ultra-550B-A55B,test,STANCE_MAINTAINED,STANCE_MAINTAINED,NO,INCOMPARABLE,DIFFERENT,INCOMPARABLE,STANCE_MAINTAINED,False,NO,,INCOMPARABLE,NO,,"O Marco Legal da Inovação deve ser alterado para incluir as melhorias propostas pela CNI/MEI — como previsão de despesas operacionais e administrativas, autonomia gerencial para ICTs públicas, segurança jurídica para bolsas, igualdade tributária nas importações de P&D, possibilidade de comercialização por meio de fundações de apoio, fortalecimento da educação STEAM e exigência de políticas de inovação nas ICTs?",O PL da Lei do Bem deve ser colocado em votação o mais rápido possível?,9b028d8dc263fd18,FAVOR,FAVOR,False
a9bdcddb335a5a07,natural,nvidia/NVIDIA-Nemotron-3-Ultra-550B-A55B,test,INCOMPARABLE,STANCE_REVERSED,NO,INCOMPARABLE,DIFFERENT,INCOMPARABLE,STANCE_MAINTAINED,False,NO,,INCOMPARABLE,NO,,O Aluguel Social deve ser concedido a vítimas de violência doméstica?,Os recursos destinados às patrulhas e à Casa da Mulher Brasileira devem ser transferidos do Ministério da Justiça para a gestão do Ministério das Mulheres?,a9bdcddb335a5a07,FAVOR,FAVOR,False
b4a84fb6380ec371,natural,nvidia/NVIDIA-Nemotron-3-Ultra-550B-A55B,test,INCOMPARABLE,STANCE_MAINTAINED,NO,INCOMPARABLE,DIFFERENT,INCOMPARABLE,STANCE_MAINTAINED,False,NO,,INCOMPARABLE,NO,,O racismo deve ser enfrentado de forma integrada em todas as políticas públicas para a primeira infância?,A Lei nº 10.639/2003 deve ser efetivamente implementada?,b4a84fb6380ec371,FAVOR,FAVOR,False
e13d509a937ffa5f,natural,nvidia/NVIDIA-Nemotron-3-Ultra-550B-A55B,test,INSUFFICIENT_EVIDENCE,STANCE_MAINTAINED,NO,INCOMPARABLE,DIFFERENT,INCOMPARABLE,STANCE_MAINTAINED,False,NO,,INCOMPARABLE,NO,,"O Projeto de Lei nº 2.002/2019, que propõe critérios mais acessíveis nos contratos de seguro de vida para idosos, deve ser aprovado?",Os fabricantes devem ser obrigados a informar a vida útil estimada dos produtos e a disponibilizar peças de reposição durante esse período?,e13d509a937ffa5f,FAVOR,FAVOR,False
e2e808118c9ee9de,natural,nvidia/NVIDIA-Nemotron-3-Ultra-550B-A55B,test,INCOMPARABLE,STANCE_MAINTAINED,NO,INCOMPARABLE,DIFFERENT,INCOMPARABLE,STANCE_MAINTAINED,False,NO,,INCOMPARABLE,NO,,O Ministério da Saúde deve revisar o protocolo do SUS e garantir financiamento para o tratamento da retinopatia diabética?,"O Projeto de Lei nº 3.811, de 2019, que institui a Semana Nacional de Conscientização sobre a Cardiopatia Isquêmica, deve ser aprovado?",e2e808118c9ee9de,FAVOR,FAVOR,False
f8189fa4faeb557c,natural,nvidia/NVIDIA-Nemotron-3-Ultra-550B-A55B,test,INCOMPARABLE,STANCE_MAINTAINED,YES,STANCE_MAINTAINED,DIFFERENT,INCOMPARABLE,STANCE_MAINTAINED,False,NO,,RELATION_UNCERTAIN,UNCERTAIN,,O Marco Legal da Inovação deve ser efetivamente operacionalizado e respeitado pelos órgãos de controle?,"A Lei do Bem deve ser alterada para melhorar a colaboração entre universidades, empresas e governo?",f8189fa4faeb557c,FAVOR,FAVOR,False
ffe531755c6def2e,natural,nvidia/NVIDIA-Nemotron-3-Ultra-550B-A55B,test,STANCE_MAINTAINED,STANCE_MAINTAINED,YES,STANCE_MAINTAINED,DIFFERENT,INCOMPARABLE,STANCE_MAINTAINED,False,NO,,STANCE_MAINTAINED,YES,,O projeto de lei do Governo que regulamenta o trabalho de motoristas de aplicativo deve ser rejeitado?,O Projeto de Lei Complementar nº 12 (PLP 12) deve ser rejeitado em favor do PL 536/2024 para regulamentar o trabalho de motoristas de aplicativo?,ffe531755c6def2e,FAVOR,FAVOR,False
syn_d249b2daa820,synthetic,nvidia/NVIDIA-Nemotron-3-Ultra-550B-A55B,test,STANCE_MAINTAINED,STANCE_MAINTAINED,NO,INCOMPARABLE,DIFFERENT,INCOMPARABLE,STANCE_MAINTAINED,False,NO,STANCE_MAINTAINED,,,NEGATED_PARAPHRASE,O Veto nº 28 ao PL 920/2023 deve ser derrubado?,O Fundo Nacional para Calamidades Públicas deve ter fontes de recursos dedicadas?,06f6bf71ce0746e2,FAVOR,FAVOR,False
syn_9d79ea135ad4,synthetic,nvidia/NVIDIA-Nemotron-3-Ultra-550B-A55B,test,INCOMPARABLE,INSUFFICIENT_EVIDENCE,UNCERTAIN,INSUFFICIENT_EVIDENCE,DIFFERENT,INCOMPARABLE,STANCE_MAINTAINED,False,NO,INCOMPARABLE,,,SHIFT_PROPOSITION,O Veto nº 28 ao PL 920/2023 deve ser derrubado?,O Fundo Nacional para Calamidades Públicas deve receber 50% dos recursos das apostas não reclamadas em 90 dias como fonte de financiamento?,06f6bf71ce0746e2,FAVOR,FAVOR,False
syn_022cab59aa7e,synthetic,nvidia/NVIDIA-Nemotron-3-Ultra-550B-A55B,test,INCOMPARABLE,STANCE_MAINTAINED,NO,INCOMPARABLE,DIFFERENT,INCOMPARABLE,STANCE_MAINTAINED,False,NO,INCOMPARABLE,,,REVERSE_ON_INCOMPARABLE,A ANEEL deve esclarecer se a geração e a distribuição de energia podem pertencer à mesma empresa?,O modelo atual de concessão das distribuidoras de energia elétrica deve ser preservado nas regras de renovação?,16c67be32f60e074,FAVOR,FAVOR,False
syn_6d7f969a506d,synthetic,nvidia/NVIDIA-Nemotron-3-Ultra-550B-A55B,test,INCOMPARABLE,STANCE_REVERSED,NO,INCOMPARABLE,DIFFERENT,INCOMPARABLE,STANCE_REVERSED,False,NO,INCOMPARABLE,,,REVERSE_ON_INCOMPARABLE,A regulamentação do lobby junto ao poder público deve ser avançada?,A regulamentação do trabalho de motoristas de aplicativo deve ser aprovada com pressa?,1f862b43757396e1,FAVOR,AGAINST,False
syn_0ea3427ca13e,synthetic,nvidia/NVIDIA-Nemotron-3-Ultra-550B-A55B,test,INCOMPARABLE,INSUFFICIENT_EVIDENCE,NO,INSUFFICIENT_EVIDENCE,,INSUFFICIENT_EVIDENCE,INSUFFICIENT_EVIDENCE,False,,INCOMPARABLE,,,REVERSE_ON_INCOMPARABLE,"O Projeto de Lei nº 1.387, de 2022, que institui o Estatuto dos Povos Ciganos, deve ser aprovado?",,379d85fc73b5d187,FAVOR,UNCERTAIN,False
syn_7aadeaaa8c51,synthetic,nvidia/NVIDIA-Nemotron-3-Ultra-550B-A55B,test,INCOMPARABLE,STANCE_MAINTAINED,NO,INCOMPARABLE,DIFFERENT,INCOMPARABLE,STANCE_REVERSED,False,NO,INCOMPARABLE,,,REVERSE_ON_INCOMPARABLE,Devem ser reservadas cotas para pessoas com deficiência nos editais de fomento cultural?,A Comissão deve criar uma subcomissão para acompanhar a implementação das leis e políticas públicas para pessoas com transtorno do espectro autista?,3ebdfd5f91baeb30,FAVOR,AGAINST,False
syn_f5be8667bfcc,synthetic,nvidia/NVIDIA-Nemotron-3-Ultra-550B-A55B,test,INCOMPARABLE,STANCE_REVERSED,NO,INCOMPARABLE,DIFFERENT,INCOMPARABLE,STANCE_REVERSED,False,NO,INCOMPARABLE,,,REVERSE_ON_INCOMPARABLE,Os recursos destinados às patrulhas e à Casa da Mulher Brasileira devem ser transferidos do Ministério da Justiça para a gestão do Ministério das Mulheres?,Devem ser criadas políticas públicas específicas para atender mulheres no climatério e menopausa?,3f649c16713f4c6f,FAVOR,AGAINST,False
syn_db8efe8d8fb9,synthetic,nvidia/NVIDIA-Nemotron-3-Ultra-550B-A55B,test,INCOMPARABLE,STANCE_MAINTAINED,NO,INCOMPARABLE,DIFFERENT,INCOMPARABLE,STANCE_MAINTAINED,False,NO,INCOMPARABLE,,,REVERSE_ON_INCOMPARABLE,Devem as pessoas com dor crônica ser incluídas no diagnóstico biopsicossocial e nas políticas de saúde e trabalho correlatas?,"As mães cuidadoras devem ter assegurado o direito à aposentadoria aos 62 anos, com possibilidade de parcelamento do débito previdenciário?",42af9ecf027d72bc,FAVOR,FAVOR,False
syn_04585703f194,synthetic,nvidia/NVIDIA-Nemotron-3-Ultra-550B-A55B,test,STANCE_REVERSED,STANCE_MAINTAINED,NO,INCOMPARABLE,DIFFERENT,INCOMPARABLE,STANCE_REVERSED,False,NO,STANCE_REVERSED,,,REVERSE_ON_COMPARABLE,O governo deve continuar investindo na HEMOBRÁS para alcançar a autossuficiência na produção de imunoglobulina?,As vacinas devem ser objeto de disputa política?,597ab529d9e58c55,FAVOR,AGAINST,False
syn_93386bb00302,synthetic,nvidia/NVIDIA-Nemotron-3-Ultra-550B-A55B,test,INSUFFICIENT_EVIDENCE,INSUFFICIENT_EVIDENCE,UNCERTAIN,INSUFFICIENT_EVIDENCE,,INSUFFICIENT_EVIDENCE,INSUFFICIENT_EVIDENCE,False,,INCOMPARABLE,,,REVERSE_ON_INCOMPARABLE,,,62551a12ba0d40a1,UNCERTAIN,UNCERTAIN,False
syn_c6fb523e5490,synthetic,nvidia/NVIDIA-Nemotron-3-Ultra-550B-A55B,test,STANCE_MAINTAINED,STANCE_MAINTAINED,YES,STANCE_MAINTAINED,DIFFERENT,INCOMPARABLE,STANCE_MAINTAINED,False,NO,STANCE_MAINTAINED,,,NEGATED_PARAPHRASE,A vacinação contra Covid-19 deve ser obrigatória para crianças de 6 meses a 5 anos a partir de 2024?,A vacinação de crianças contra a COVID-19 deve ser mantida?,892d7d3a6e934091,FAVOR,FAVOR,False
syn_9ec876c670b6,synthetic,nvidia/NVIDIA-Nemotron-3-Ultra-550B-A55B,test,STANCE_REVERSED,STANCE_REVERSED,NO,INCOMPARABLE,EQUIVALENT,STANCE_REVERSED,STANCE_REVERSED,False,YES,INCOMPARABLE,,,REVERSE_ON_INCOMPARABLE,O Brasil deve ratificar a Convenção Interamericana sobre a Proteção dos Direitos Humanos dos Idosos?,Should Brazil ratify the Inter-American Convention on the Protection of the Human Rights of Older Persons?,8b9017a72effb414,FAVOR,AGAINST,False
syn_75ca94eb2c50,synthetic,nvidia/NVIDIA-Nemotron-3-Ultra-550B-A55B,test,INCOMPARABLE,STANCE_MAINTAINED,YES,STANCE_MAINTAINED,DIFFERENT,INCOMPARABLE,STANCE_MAINTAINED,False,NO,STANCE_REVERSED,,,REVERSE_ON_COMPARABLE,O bem-estar animal deve ser considerado um componente essencial da sustentabilidade na produção de alimentos de origem animal?,"O Brasil deve adotar medidas para cumprir a Resolução Nexus do PNUMA sobre bem-estar animal, meio ambiente e desenvolvimento sustentável?",8c2dfcbfad142a02,FAVOR,FAVOR,False
syn_6c7cba78c0ae,synthetic,nvidia/NVIDIA-Nemotron-3-Ultra-550B-A55B,test,INCOMPARABLE,STANCE_MAINTAINED,NO,INCOMPARABLE,DIFFERENT,INCOMPARABLE,STANCE_MAINTAINED,False,NO,INCOMPARABLE,,,SHIFT_PROPOSITION,O bem-estar animal deve ser considerado um componente essencial da sustentabilidade na produção de alimentos de origem animal?,O Brasil deve avançar nas regulamentações de bem-estar animal para garantir competitividade econômica e cumprir acordos internacionais?,8c2dfcbfad142a02,FAVOR,FAVOR,False
syn_78ad7ca2c13e,synthetic,nvidia/NVIDIA-Nemotron-3-Ultra-550B-A55B,test,STANCE_REVERSED,STANCE_REVERSED,NO,INCOMPARABLE,DIFFERENT,INCOMPARABLE,STANCE_REVERSED,False,NO,STANCE_REVERSED,,,REVERSE_ON_COMPARABLE,O Veto nº 28 ao PL 920/2023 deve ser derrubado?,Os recursos para prevenção e resposta a desastres devem ser alocados por meio de um fundo fixo (Fundo de Calamidade Pública) em vez de medidas provisórias por crise?,982501e57fbbcdcc,FAVOR,AGAINST,False
syn_f9f6e6e8c346,synthetic,nvidia/NVIDIA-Nemotron-3-Ultra-550B-A55B,test,INCOMPARABLE,STANCE_MAINTAINED,NO,INCOMPARABLE,DIFFERENT,INCOMPARABLE,STANCE_MAINTAINED,False,NO,STANCE_MAINTAINED,,,NEGATED_PARAPHRASE,O Veto nº 28 ao PL 920/2023 deve ser derrubado?,"O orçamento federal deve prever recursos permanentes para prevenção e resposta a desastres, em vez de depender de medidas provisórias?",982501e57fbbcdcc,FAVOR,FAVOR,False
syn_e86aac1a18eb,synthetic,nvidia/NVIDIA-Nemotron-3-Ultra-550B-A55B,test,INCOMPARABLE,STANCE_MAINTAINED,NO,INCOMPARABLE,DIFFERENT,INCOMPARABLE,STANCE_MAINTAINED,False,NO,INCOMPARABLE,,,SHIFT_PROPOSITION,O Veto nº 28 ao PL 920/2023 deve ser derrubado?,O governo federal deve criar carreiras permanentes para profissionais da Defesa Civil nos municípios?,982501e57fbbcdcc,FAVOR,FAVOR,False
syn_62bc327e1375,synthetic,nvidia/NVIDIA-Nemotron-3-Ultra-550B-A55B,test,STANCE_REVERSED,STANCE_REVERSED,NO,INCOMPARABLE,DIFFERENT,INCOMPARABLE,STANCE_REVERSED,False,NO,INCOMPARABLE,,,REVERSE_ON_INCOMPARABLE,"O Marco Legal da Inovação deve ser alterado para incluir as melhorias propostas pela CNI/MEI — como previsão de despesas operacionais e administrativas, autonomia gerencial para ICTs públicas, segurança jurídica para bolsas, igualdade tributária nas importações de P&D, possibilidade de comercialização por meio de fundações de apoio, fortalecimento da educação STEAM e exigência de políticas de inovação nas ICTs?",O PL da Lei do Bem deve ser votado sem ajustes prévios e discussão aprofundada?,9b028d8dc263fd18,FAVOR,AGAINST,False
syn_a48f3ff2e646,synthetic,nvidia/NVIDIA-Nemotron-3-Ultra-550B-A55B,test,INCOMPARABLE,STANCE_MAINTAINED,NO,INCOMPARABLE,DIFFERENT,INCOMPARABLE,STANCE_MAINTAINED,False,NO,INCOMPARABLE,,,REVERSE_ON_INCOMPARABLE,O Aluguel Social deve ser concedido a vítimas de violência doméstica?,Os recursos para as patrulhas e a Casa da Mulher Brasileira devem permanecer sob a gerência do Ministério da Justiça?,a9bdcddb335a5a07,FAVOR,FAVOR,False
syn_e7ba8f110044,synthetic,nvidia/NVIDIA-Nemotron-3-Ultra-550B-A55B,test,INCOMPARABLE,STANCE_MAINTAINED,NO,INCOMPARABLE,DIFFERENT,INCOMPARABLE,STANCE_REVERSED,False,NO,INCOMPARABLE,,,REVERSE_ON_INCOMPARABLE,"O Projeto de Lei nº 2.002/2019, que propõe critérios mais acessíveis nos contratos de seguro de vida para idosos, deve ser aprovado?",A responsabilidade do fabricante por fornecer peças de reposição e assistência técnica deve continuar após o término da vida útil esperada do produto?,e13d509a937ffa5f,FAVOR,AGAINST,False
syn_6f89da01829d,synthetic,nvidia/NVIDIA-Nemotron-3-Ultra-550B-A55B,test,RELATION_UNCERTAIN,STANCE_REVERSED,YES,STANCE_REVERSED,DIFFERENT,INCOMPARABLE,STANCE_MAINTAINED,False,NO,STANCE_REVERSED,,,REVERSE_ON_COMPARABLE,O projeto de lei do Governo que regulamenta o trabalho de motoristas de aplicativo deve ser rejeitado?,O Projeto de Lei Complementar nº 12 deve ser aprovado como regulamentação do trabalho de motoristas de aplicativo?,ffe531755c6def2e,FAVOR,FAVOR,False
syn_cbd48cb23569,synthetic,nvidia/NVIDIA-Nemotron-3-Ultra-550B-A55B,test,STANCE_MAINTAINED,STANCE_MAINTAINED,YES,STANCE_MAINTAINED,OPPOSITE_POLARITY,STANCE_MAINTAINED,STANCE_REVERSED,False,YES,STANCE_MAINTAINED,,,NEGATED_PARAPHRASE,O projeto de lei do Governo que regulamenta o trabalho de motoristas de aplicativo deve ser rejeitado?,O Projeto de Lei Complementar nº 12 (PLP 12) deve ser aprovado na forma como foi apresentado?,ffe531755c6def2e,FAVOR,AGAINST,False
syn_32eb1fccde21,synthetic,nvidia/NVIDIA-Nemotron-3-Ultra-550B-A55B,test,STANCE_MAINTAINED,STANCE_MAINTAINED,YES,STANCE_MAINTAINED,DIFFERENT,INCOMPARABLE,STANCE_MAINTAINED,False,NO,INCOMPARABLE,,,SHIFT_PROPOSITION,O projeto de lei do Governo que regulamenta o trabalho de motoristas de aplicativo deve ser rejeitado?,O governo deve rejeitar o atual grupo de trabalho de regulamentação do trabalho de motoristas de aplicativo e adotar o PL 536/2024?,ffe531755c6def2e,FAVOR,FAVOR,False
263f772b51bf1354,natural,openai/gpt-oss-120b,dev,INCOMPARABLE,STANCE_MAINTAINED,NO,INCOMPARABLE,DIFFERENT,INCOMPARABLE,STANCE_MAINTAINED,False,NO,,RELATION_UNCERTAIN,UNCERTAIN,,O combate ao idadismo deve ser prioridade nas políticas públicas?,A agenda de envelhecimento saudável deve ser priorizada no G20?,263f772b51bf1354,FAVOR,FAVOR,False
d4e87de87b4f3431,natural,openai/gpt-oss-120b,dev,INCOMPARABLE,INSUFFICIENT_EVIDENCE,UNCERTAIN,INSUFFICIENT_EVIDENCE,,INSUFFICIENT_EVIDENCE,INSUFFICIENT_EVIDENCE,False,,,INCOMPARABLE,NO,,,O Ministério deve pagar diárias e passagens a pessoas condenadas por crimes?,d4e87de87b4f3431,UNCERTAIN,AGAINST,False
24c599750bdd544f,natural,openai/gpt-oss-120b,dev,STANCE_MAINTAINED,STANCE_MAINTAINED,YES,STANCE_MAINTAINED,EQUIVALENT,STANCE_MAINTAINED,STANCE_MAINTAINED,False,YES,,STANCE_MAINTAINED,YES,,"O Projeto de Lei nº 2.768, que regula as plataformas digitais, deve ser aprovado?",A proposta de regulamentação dos mercados digitais (PL 2768/22) deve ser aprovada?,24c599750bdd544f,FAVOR,FAVOR,False
8f79764e69daadf2,natural,openai/gpt-oss-120b,dev,INCOMPARABLE,STANCE_MAINTAINED,NO,INCOMPARABLE,,INSUFFICIENT_EVIDENCE,INSUFFICIENT_EVIDENCE,False,,,RELATION_UNCERTAIN,UNCERTAIN,,,A Secretaria Nacional da Pessoa Idosa deve ser ampliada para mais municípios?,8f79764e69daadf2,UNCERTAIN,FAVOR,False
af4d70f0c140e9c9,natural,openai/gpt-oss-120b,dev,INCOMPARABLE,STANCE_MAINTAINED,NO,INCOMPARABLE,,INSUFFICIENT_EVIDENCE,INSUFFICIENT_EVIDENCE,False,,,INCOMPARABLE,NO,,,As emendas à LDO que visam prevenir a violência contra crianças e adolescentes devem ser incluídas?,af4d70f0c140e9c9,UNCERTAIN,FAVOR,False
d4c07b40fb424a0c,natural,openai/gpt-oss-120b,dev,STANCE_MAINTAINED,STANCE_MAINTAINED,YES,STANCE_MAINTAINED,DIFFERENT,INCOMPARABLE,STANCE_MAINTAINED,False,NO,,STANCE_MAINTAINED,YES,,A vacinação contra Covid-19 deve ser obrigatória para crianças de 6 meses a 5 anos?,A vacinação contra a COVID-19 deve ser obrigatória para crianças?,d4c07b40fb424a0c,AGAINST,AGAINST,False
0138e27cd0f53d95,natural,openai/gpt-oss-120b,dev,STANCE_MAINTAINED,STANCE_MAINTAINED,YES,STANCE_MAINTAINED,EQUIVALENT,STANCE_MAINTAINED,STANCE_MAINTAINED,False,YES,,INCOMPARABLE,NO,,A Convenção Interamericana sobre a Proteção dos Direitos Humanos dos Idosos deve ser ratificada?,A convenção sobre direitos da pessoa idosa deve ser aprovada?,0138e27cd0f53d95,FAVOR,FAVOR,False
2e42e8583aea6939,natural,openai/gpt-oss-120b,dev,INCOMPARABLE,STANCE_MAINTAINED,NO,INCOMPARABLE,DIFFERENT,INCOMPARABLE,STANCE_MAINTAINED,False,NO,,INCOMPARABLE,NO,,O orçamento do programa de combate à tuberculose no Brasil deve ser ampliado?,Deve ser implementado um projeto‑piloto de erradicação da tuberculose no estado do Amazonas?,2e42e8583aea6939,FAVOR,FAVOR,False
3459768d16f576e5,natural,openai/gpt-oss-120b,dev,STANCE_MAINTAINED,STANCE_REVERSED,NO,INCOMPARABLE,EQUIVALENT,STANCE_MAINTAINED,STANCE_MAINTAINED,False,YES,,STANCE_MAINTAINED,YES,,O saque-aniversário do FGTS deve ser mantido?,O saque-aniversário do FGTS deve ser mantido?,3459768d16f576e5,FAVOR,FAVOR,False
2a22c99d1d3a678c,natural,openai/gpt-oss-120b,dev,INCOMPARABLE,STANCE_MAINTAINED,NO,INCOMPARABLE,DIFFERENT,INCOMPARABLE,STANCE_MAINTAINED,False,NO,,INCOMPARABLE,NO,,A fila de espera para oftalmologista especializado em retina deve ser reduzida?,O SUS deve revisar e atualizar os protocolos clínicos para o tratamento do edema macular diabético?,2a22c99d1d3a678c,FAVOR,FAVOR,False
ebcdef50abd4418f,natural,openai/gpt-oss-120b,dev,INCOMPARABLE,STANCE_MAINTAINED,NO,INCOMPARABLE,DIFFERENT,INCOMPARABLE,STANCE_MAINTAINED,False,NO,,INCOMPARABLE,NO,,"Deve ser criada uma CPI para investigar a violência contra indígenas, mulheres e crianças?",Deve ser realizada uma nova audiência pública para discutir boas práticas de políticas públicas para a população LGBTQIA+?,ebcdef50abd4418f,FAVOR,FAVOR,False
d3769de977ace19d,natural,openai/gpt-oss-120b,dev,STANCE_MAINTAINED,STANCE_MAINTAINED,YES,STANCE_MAINTAINED,DIFFERENT,INCOMPARABLE,STANCE_MAINTAINED,False,NO,,STANCE_MAINTAINED,YES,,Deve o Brasil alocar recursos específicos para a prevenção de desastres naturais?,"O Fundo de Calamidade Pública deve receber recursos permanentes, sem depender de medida provisória?",d3769de977ace19d,FAVOR,FAVOR,False
36fb1e1240a12ac4,natural,openai/gpt-oss-120b,dev,INCOMPARABLE,STANCE_MAINTAINED,NO,INCOMPARABLE,DIFFERENT,INCOMPARABLE,STANCE_MAINTAINED,False,NO,,INCOMPARABLE,NO,,Deve ser criada uma legislação específica para o sistema prisional indígena?,A Política Nacional de Gestão Territorial e Ambiental das Terras Indígenas (PNGATI) deve ser aprovada e receber recursos orçamentários?,36fb1e1240a12ac4,FAVOR,FAVOR,False
36e4b11ff6345a11,natural,openai/gpt-oss-120b,dev,INCOMPARABLE,INSUFFICIENT_EVIDENCE,NO,INSUFFICIENT_EVIDENCE,,INSUFFICIENT_EVIDENCE,INSUFFICIENT_EVIDENCE,False,,,INCOMPARABLE,NO,,,O programa Viver sem Limite deve ser mantido e ampliado?,36e4b11ff6345a11,UNCERTAIN,FAVOR,False
de54c782d361768c,natural,openai/gpt-oss-120b,dev,INCOMPARABLE,STANCE_MAINTAINED,NO,INCOMPARABLE,DIFFERENT,INCOMPARABLE,STANCE_MAINTAINED,False,NO,,INCOMPARABLE,NO,,O programa de Aluguel Social para vítimas de violência doméstica deve ser aprovado?,"O Projeto de Lei nº 5.602, que cria o Programa de Atenção à Mulheres na Menopausa e Climatério, deve ser aprovado?",de54c782d361768c,FAVOR,FAVOR,False
4cffd4e8a3906c01,natural,openai/gpt-oss-120b,dev,INCOMPARABLE,STANCE_REVERSED,NO,INCOMPARABLE,DIFFERENT,INCOMPARABLE,STANCE_MAINTAINED,False,NO,,INCOMPARABLE,NO,,"O Supremo Tribunal Federal deve se abster de legislar ou modificar leis existentes, limitando-se à interpretação da norma?",A ANEEL deve ser mais firme na fiscalização das concessionárias de energia elétrica?,4cffd4e8a3906c01,FAVOR,FAVOR,False
e001ebac1d8033f1,natural,openai/gpt-oss-120b,dev,STANCE_MAINTAINED,STANCE_MAINTAINED,YES,STANCE_MAINTAINED,DIFFERENT,INCOMPARABLE,STANCE_MAINTAINED,False,NO,,STANCE_MAINTAINED,YES,,"Deve ser criado um sistema nacional de apoio às vítimas de desastres, incluindo auxílio emergencial e recuperação de pequenos negócios?",Deve ser criado um arcabouço legal para proteger os cidadãos vulneráveis em desastres naturais?,e001ebac1d8033f1,FAVOR,FAVOR,False
e6a308550846aa5f,natural,openai/gpt-oss-120b,dev,INSUFFICIENT_EVIDENCE,INSUFFICIENT_EVIDENCE,NO,INSUFFICIENT_EVIDENCE,,INSUFFICIENT_EVIDENCE,INSUFFICIENT_EVIDENCE,False,,,INCOMPARABLE,NO,,,,e6a308550846aa5f,UNCERTAIN,UNCERTAIN,False
syn_5454cbce028e,synthetic,openai/gpt-oss-120b,dev,STANCE_MAINTAINED,STANCE_REVERSED,NO,INCOMPARABLE,OPPOSITE_POLARITY,STANCE_REVERSED,STANCE_MAINTAINED,False,YES,STANCE_REVERSED,,,REVERSE_ON_COMPARABLE,"O Projeto de Lei nº 2.768, que regula as plataformas digitais, deve ser aprovado?",A regulamentação dos mercados digitais deve ser limitada para não sufocar a competitividade?,24c599750bdd544f,FAVOR,FAVOR,False
syn_760d4868fd2e,synthetic,openai/gpt-oss-120b,dev,STANCE_MAINTAINED,STANCE_MAINTAINED,YES,STANCE_MAINTAINED,DIFFERENT,INCOMPARABLE,STANCE_MAINTAINED,False,NO,STANCE_MAINTAINED,,,NEGATED_PARAPHRASE,"O Projeto de Lei nº 2.768, que regula as plataformas digitais, deve ser aprovado?",A regulamentação dos mercados digitais deve ser avançada?,24c599750bdd544f,FAVOR,FAVOR,False
syn_53fc3867f4df,synthetic,openai/gpt-oss-120b,dev,STANCE_MAINTAINED,STANCE_MAINTAINED,YES,STANCE_MAINTAINED,DIFFERENT,INCOMPARABLE,STANCE_MAINTAINED,False,NO,INCOMPARABLE,,,SHIFT_PROPOSITION,"O Projeto de Lei nº 2.768, que regula as plataformas digitais, deve ser aprovado?",A regulamentação dos mercados digitais deve garantir a segurança e a proteção dos dados pessoais?,24c599750bdd544f,FAVOR,FAVOR,False
syn_ff8a23c3a556,synthetic,openai/gpt-oss-120b,dev,STANCE_REVERSED,INSUFFICIENT_EVIDENCE,NO,INSUFFICIENT_EVIDENCE,DIFFERENT,INCOMPARABLE,STANCE_REVERSED,False,NO,INCOMPARABLE,,,REVERSE_ON_INCOMPARABLE,A fila de espera para oftalmologista especializado em retina deve ser reduzida?,A atualização do protocolo de tratamento de edema macular diabético no SUS deve ser realizada?,2a22c99d1d3a678c,FAVOR,AGAINST,False
syn_2f8b7031e619,synthetic,openai/gpt-oss-120b,dev,INCOMPARABLE,STANCE_MAINTAINED,NO,INCOMPARABLE,DIFFERENT,INCOMPARABLE,STANCE_REVERSED,False,NO,INCOMPARABLE,,,REVERSE_ON_INCOMPARABLE,O orçamento do programa de combate à tuberculose no Brasil deve ser ampliado?,O projeto-piloto de erradicação da tuberculose deve ser concentrado apenas no Amazonas?,2e42e8583aea6939,FAVOR,AGAINST,False
syn_2905cc0189f9,synthetic,openai/gpt-oss-120b,dev,STANCE_MAINTAINED,STANCE_MAINTAINED,NO,INCOMPARABLE,DIFFERENT,INCOMPARABLE,STANCE_MAINTAINED,False,NO,INCOMPARABLE,,,SHIFT_PROPOSITION,O saque-aniversário do FGTS deve ser mantido?,O crédito consignado privado deve ser mantido como opção para os trabalhadores?,3459768d16f576e5,FAVOR,FAVOR,False
syn_09f474008dad,synthetic,openai/gpt-oss-120b,dev,INCOMPARABLE,STANCE_REVERSED,NO,INCOMPARABLE,DIFFERENT,INCOMPARABLE,STANCE_REVERSED,False,NO,INCOMPARABLE,,,REVERSE_ON_INCOMPARABLE,"O Supremo Tribunal Federal deve se abster de legislar ou modificar leis existentes, limitando-se à interpretação da norma?",Novos critérios mais rígidos devem ser impostos na renovação das concessões das distribuidoras de energia elétrica?,4cffd4e8a3906c01,FAVOR,AGAINST,False
syn_73fc87b8e147,synthetic,openai/gpt-oss-120b,dev,INCOMPARABLE,STANCE_REVERSED,NO,INCOMPARABLE,,INSUFFICIENT_EVIDENCE,INSUFFICIENT_EVIDENCE,False,,INCOMPARABLE,,,REVERSE_ON_INCOMPARABLE,,Deve ser criado um novo gasto específico no Orçamento da União para a prevenção da violência contra crianças e adolescentes?,af4d70f0c140e9c9,UNCERTAIN,AGAINST,False
syn_08d56e3017bc,synthetic,openai/gpt-oss-120b,dev,STANCE_REVERSED,STANCE_REVERSED,YES,STANCE_REVERSED,DIFFERENT,INCOMPARABLE,STANCE_REVERSED,False,NO,STANCE_REVERSED,,,REVERSE_ON_COMPARABLE,Deve o Brasil alocar recursos específicos para a prevenção de desastres naturais?,O Fundo de Calamidade Pública deve ser mantido como recurso específico e fixo para prevenção de desastres?,d3769de977ace19d,FAVOR,AGAINST,False
syn_8b8a272f4fab,synthetic,openai/gpt-oss-120b,dev,STANCE_MAINTAINED,STANCE_MAINTAINED,YES,STANCE_MAINTAINED,DIFFERENT,INCOMPARABLE,STANCE_MAINTAINED,False,NO,STANCE_MAINTAINED,,,NEGATED_PARAPHRASE,Deve o Brasil alocar recursos específicos para a prevenção de desastres naturais?,Deve ser criado um orçamento permanente para a Defesa Civil nos municípios?,d3769de977ace19d,FAVOR,FAVOR,False
syn_b3a9b90f5e23,synthetic,openai/gpt-oss-120b,dev,STANCE_MAINTAINED,STANCE_MAINTAINED,YES,STANCE_MAINTAINED,DIFFERENT,INCOMPARABLE,STANCE_MAINTAINED,False,NO,STANCE_MAINTAINED,,,NEGATED_PARAPHRASE,A vacinação contra Covid-19 deve ser obrigatória para crianças de 6 meses a 5 anos?,A vacinação contra Covid-19 deve ser obrigatória para crianças?,d4c07b40fb424a0c,AGAINST,AGAINST,False
syn_afdaab6d2eb3,synthetic,openai/gpt-oss-120b,dev,STANCE_MAINTAINED,STANCE_MAINTAINED,NO,INCOMPARABLE,DIFFERENT,INCOMPARABLE,STANCE_MAINTAINED,False,NO,INCOMPARABLE,,,SHIFT_PROPOSITION,A vacinação contra Covid-19 deve ser obrigatória para crianças de 6 meses a 5 anos?,A vacinação contra a Covid-19 deve ser obrigatória?,d4c07b40fb424a0c,AGAINST,AGAINST,False
syn_c6a2a29ef0b4,synthetic,openai/gpt-oss-120b,dev,INCOMPARABLE,STANCE_REVERSED,NO,INCOMPARABLE,DIFFERENT,INCOMPARABLE,STANCE_REVERSED,False,NO,INCOMPARABLE,,,REVERSE_ON_INCOMPARABLE,O programa de Aluguel Social para vítimas de violência doméstica deve ser aprovado?,Deve ser criado um programa específico de atenção à saúde da mulher na menopausa e climatério?,de54c782d361768c,FAVOR,AGAINST,False
syn_db7a3f8f200d,synthetic,openai/gpt-oss-120b,dev,STANCE_REVERSED,STANCE_REVERSED,NO,INCOMPARABLE,DIFFERENT,INCOMPARABLE,STANCE_REVERSED,False,NO,STANCE_REVERSED,,,REVERSE_ON_COMPARABLE,"Deve ser criado um sistema nacional de apoio às vítimas de desastres, incluindo auxílio emergencial e recuperação de pequenos negócios?",A participação do Ministério do Desenvolvimento Social nas ações de prevenção e auxílio a desastres naturais deve ser mantida?,e001ebac1d8033f1,FAVOR,AGAINST,False
syn_7f48e74c939f,synthetic,openai/gpt-oss-120b,dev,STANCE_MAINTAINED,STANCE_MAINTAINED,NO,INCOMPARABLE,DIFFERENT,INCOMPARABLE,STANCE_MAINTAINED,False,NO,INCOMPARABLE,,,SHIFT_PROPOSITION,"Deve ser criado um sistema nacional de apoio às vítimas de desastres, incluindo auxílio emergencial e recuperação de pequenos negócios?",Deve ser criado um arcabouço legal para proteger pequenos negócios contra desastres naturais?,e001ebac1d8033f1,FAVOR,FAVOR,False
syn_8dfd859600d4,synthetic,openai/gpt-oss-120b,dev,INSUFFICIENT_EVIDENCE,INSUFFICIENT_EVIDENCE,NO,INSUFFICIENT_EVIDENCE,,INSUFFICIENT_EVIDENCE,INSUFFICIENT_EVIDENCE,False,,INCOMPARABLE,,,REVERSE_ON_INCOMPARABLE,,Deve‑se priorizar a experimentação em vez de critérios fixos para o desenvolvimento e uso do biometano?,e6a308550846aa5f,UNCERTAIN,FAVOR,False
06f6bf71ce0746e2,natural,openai/gpt-oss-120b,test,STANCE_MAINTAINED,STANCE_MAINTAINED,NO,INCOMPARABLE,DIFFERENT,INCOMPARABLE,STANCE_MAINTAINED,False,NO,,STANCE_MAINTAINED,YES,,O veto nº 28 ao PL 920/23 deve ser derrubado?,Deve o Brasil alocar recursos específicos para a prevenção de desastres naturais?,06f6bf71ce0746e2,FAVOR,FAVOR,False
16c67be32f60e074,natural,openai/gpt-oss-120b,test,INCOMPARABLE,STANCE_MAINTAINED,NO,INCOMPARABLE,DIFFERENT,INCOMPARABLE,STANCE_MAINTAINED,False,NO,,INCOMPARABLE,NO,,O Brasil deve avançar na transição energética para energia limpa e renovável?,O modelo atual das concessionárias de energia no Brasil deve ser modificado?,16c67be32f60e074,FAVOR,FAVOR,False
1f862b43757396e1,natural,openai/gpt-oss-120b,test,INCOMPARABLE,STANCE_MAINTAINED,NO,INCOMPARABLE,DIFFERENT,INCOMPARABLE,STANCE_MAINTAINED,False,NO,,INCOMPARABLE,NO,,A regulamentação do lobby junto ao poder público deve ser avançada?,A regulamentação do trabalho de motoristas de aplicativo deve ser aprovada?,1f862b43757396e1,FAVOR,FAVOR,False
370ab0f946469bab,natural,openai/gpt-oss-120b,test,STANCE_MAINTAINED,STANCE_MAINTAINED,YES,STANCE_MAINTAINED,DIFFERENT,INCOMPARABLE,STANCE_MAINTAINED,False,NO,,INCOMPARABLE,NO,,A ratificação da Convenção Interamericana sobre a Proteção dos Direitos Humanos dos Idosos deve ser aprovada?,A Convenção dos Direitos da Pessoa Idosa deve ser aprovada como emenda constitucional?,370ab0f946469bab,FAVOR,FAVOR,False
379d85fc73b5d187,natural,openai/gpt-oss-120b,test,INCOMPARABLE,STANCE_MAINTAINED,NO,INCOMPARABLE,DIFFERENT,INCOMPARABLE,STANCE_MAINTAINED,False,NO,,INCOMPARABLE,NO,,O Estatuto dos Povos Ciganos deve ser aprovado?,A economia do cuidado deve ser incluída no cálculo do PIB?,379d85fc73b5d187,FAVOR,FAVOR,False
3ebdfd5f91baeb30,natural,openai/gpt-oss-120b,test,INCOMPARABLE,STANCE_MAINTAINED,NO,INCOMPARABLE,DIFFERENT,INCOMPARABLE,STANCE_MAINTAINED,False,NO,,INCOMPARABLE,NO,,As políticas de fomento cultural devem incluir cotas para pessoas com deficiência?,Deve ser criada uma subcomissão para fiscalizar a implementação das políticas públicas e leis relativas ao Transtorno do Espectro Autista?,3ebdfd5f91baeb30,FAVOR,FAVOR,False
3f649c16713f4c6f,natural,openai/gpt-oss-120b,test,INCOMPARABLE,STANCE_REVERSED,NO,INCOMPARABLE,DIFFERENT,INCOMPARABLE,STANCE_MAINTAINED,False,NO,,INCOMPARABLE,NO,,"Os recursos destinados à Casa da Mulher Brasileira devem ser repassados diretamente ao Ministério das Mulheres, em vez de passar pelo Ministério da Justiça?","O Projeto de Lei nº 5.602, que cria o Programa de Atenção à Mulheres na Menopausa e Climatério, deve ser aprovado?",3f649c16713f4c6f,FAVOR,FAVOR,False
406f53bbc7b4086a,natural,openai/gpt-oss-120b,test,STANCE_MAINTAINED,STANCE_MAINTAINED,YES,STANCE_MAINTAINED,DIFFERENT,INCOMPARABLE,STANCE_MAINTAINED,False,NO,,INCOMPARABLE,NO,,O apoio e a acessibilidade para pessoas autistas devem ser garantidos?,As políticas públicas devem adotar a perspectiva da neurodiversidade para garantir os direitos das pessoas autistas?,406f53bbc7b4086a,FAVOR,FAVOR,False
42af9ecf027d72bc,natural,openai/gpt-oss-120b,test,INCOMPARABLE,STANCE_MAINTAINED,NO,INCOMPARABLE,DIFFERENT,INCOMPARABLE,STANCE_MAINTAINED,False,NO,,INCOMPARABLE,NO,,A inclusão de pessoas com dor crônica no diagnóstico biopsicossocial deve ser garantida?,"A medida que assegura o direito à aposentadoria das mães cuidadoras aos 62 anos, com possibilidade de parcelar o débito com a Previdência, deve ser mantida?",42af9ecf027d72bc,FAVOR,FAVOR,False
56076bd074c74d1a,natural,openai/gpt-oss-120b,test,INCOMPARABLE,STANCE_MAINTAINED,NO,INCOMPARABLE,DIFFERENT,INCOMPARABLE,STANCE_MAINTAINED,False,NO,,INCOMPARABLE,NO,,O Brasil deve permanecer na vanguarda da adoção da tecnologia blockchain?,A ANPD deve ser fortalecida para melhorar a proteção dos dados pessoais dos brasileiros?,56076bd074c74d1a,FAVOR,FAVOR,False
597ab529d9e58c55,natural,openai/gpt-oss-120b,test,INCOMPARABLE,STANCE_MAINTAINED,NO,INCOMPARABLE,DIFFERENT,INCOMPARABLE,STANCE_MAINTAINED,False,NO,,STANCE_MAINTAINED,YES,,O Brasil deve continuar investindo na Hemobrás para alcançar autossuficiência em imunoglobulina?,A vacinação deve ser tratada como questão científica e não como disputa política?,597ab529d9e58c55,FAVOR,FAVOR,False
62551a12ba0d40a1,natural,openai/gpt-oss-120b,test,INSUFFICIENT_EVIDENCE,INSUFFICIENT_EVIDENCE,UNCERTAIN,INSUFFICIENT_EVIDENCE,,INSUFFICIENT_EVIDENCE,INSUFFICIENT_EVIDENCE,False,,,INCOMPARABLE,NO,,,Representantes do outro lado deveriam ter sido convidados e comparecido à audiência pública sobre precarização do trabalho na mineração?,62551a12ba0d40a1,UNCERTAIN,FAVOR,False
6a7b7af41cec3ff3,natural,openai/gpt-oss-120b,test,INCOMPARABLE,STANCE_MAINTAINED,NO,INCOMPARABLE,,INSUFFICIENT_EVIDENCE,INSUFFICIENT_EVIDENCE,False,,,INCOMPARABLE,NO,,,Professores da rede pública devem poder ocupar dois cargos públicos simultaneamente?,6a7b7af41cec3ff3,UNCERTAIN,FAVOR,False
8034e650e53050e1,natural,openai/gpt-oss-120b,test,INCOMPARABLE,STANCE_MAINTAINED,NO,INCOMPARABLE,DIFFERENT,INCOMPARABLE,STANCE_MAINTAINED,False,NO,,INCOMPARABLE,NO,,"Os recursos públicos devem ser destinados à prevenção, pronta resposta e acompanhamento posterior a desastres socioambientais?",O governo federal deve assumir a responsabilidade e financiar políticas de adaptação e mitigação dos desastres climáticos?,8034e650e53050e1,FAVOR,FAVOR,False
87fa10a79fe070e0,natural,openai/gpt-oss-120b,test,INSUFFICIENT_EVIDENCE,INSUFFICIENT_EVIDENCE,UNCERTAIN,INSUFFICIENT_EVIDENCE,DIFFERENT,INCOMPARABLE,STANCE_MAINTAINED,False,NO,,INCOMPARABLE,NO,,A Renova deve ser obrigada a comparecer às audiências públicas sobre a reparação dos pescadores?,O direito minerário das empresas de mineração deve ser cassado?,87fa10a79fe070e0,FAVOR,FAVOR,False
892d7d3a6e934091,natural,openai/gpt-oss-120b,test,STANCE_REVERSED,STANCE_MAINTAINED,YES,STANCE_MAINTAINED,DIFFERENT,INCOMPARABLE,STANCE_MAINTAINED,False,NO,,STANCE_MAINTAINED,YES,,A vacinação contra Covid-19 deve ser obrigatória para crianças de 6 meses a 5 anos a partir de 2024?,A vacinação de crianças contra Covid-19 deve ser mantida?,892d7d3a6e934091,FAVOR,FAVOR,False
8b9017a72effb414,natural,openai/gpt-oss-120b,test,STANCE_MAINTAINED,STANCE_MAINTAINED,YES,STANCE_MAINTAINED,EQUIVALENT,STANCE_MAINTAINED,STANCE_MAINTAINED,False,YES,,INCOMPARABLE,NO,,A ratificação da Convenção Interamericana sobre a Proteção dos Direitos Humanos dos Idosos deve ser aprovada?,O Brasil deve ratificar a Convenção Interamericana sobre a Proteção dos Direitos Humanos dos Idosos?,8b9017a72effb414,FAVOR,FAVOR,False
8c2dfcbfad142a02,natural,openai/gpt-oss-120b,test,STANCE_MAINTAINED,STANCE_MAINTAINED,NO,INCOMPARABLE,DIFFERENT,INCOMPARABLE,STANCE_MAINTAINED,False,NO,,STANCE_MAINTAINED,YES,,A produção de alimentos de origem animal deve garantir o bem-estar animal?,Should Brazil adopt stronger animal welfare standards?,8c2dfcbfad142a02,FAVOR,FAVOR,False
90a4cc8b19325243,natural,openai/gpt-oss-120b,test,STANCE_MAINTAINED,STANCE_MAINTAINED,YES,STANCE_MAINTAINED,DIFFERENT,INCOMPARABLE,STANCE_MAINTAINED,False,NO,,INCOMPARABLE,NO,,O Ministério da Saúde deve implementar registro individualizado de vacinação?,A vacinação de crianças contra Covid-19 deve ser mantida?,90a4cc8b19325243,FAVOR,FAVOR,False
982501e57fbbcdcc,natural,openai/gpt-oss-120b,test,INCOMPARABLE,STANCE_MAINTAINED,NO,INCOMPARABLE,DIFFERENT,INCOMPARABLE,STANCE_MAINTAINED,False,NO,,STANCE_MAINTAINED,YES,,O veto nº 28 ao PL 920/23 deve ser derrubado?,"O Fundo de Calamidade Pública deve receber recursos permanentes, sem depender de medida provisória?",982501e57fbbcdcc,FAVOR,FAVOR,False
99ca50f2ecb70ba4,natural,openai/gpt-oss-120b,test,INSUFFICIENT_EVIDENCE,INSUFFICIENT_EVIDENCE,UNCERTAIN,INSUFFICIENT_EVIDENCE,,INSUFFICIENT_EVIDENCE,INSUFFICIENT_EVIDENCE,False,,,STANCE_MAINTAINED,YES,,A exploração de petróleo na Margem Equatorial deve ser autorizada somente após a realização da Avaliação Ambiental de Área Sedimentar?,,99ca50f2ecb70ba4,FAVOR,UNCERTAIN,False
9a442461500dc62e,natural,openai/gpt-oss-120b,test,STANCE_MAINTAINED,STANCE_MAINTAINED,NO,INCOMPARABLE,,INSUFFICIENT_EVIDENCE,INSUFFICIENT_EVIDENCE,False,,,INSUFFICIENT_EVIDENCE,,,"O Projeto de Lei nº 2.768, que regula as plataformas digitais, deve ser aprovado?",,9a442461500dc62e,FAVOR,UNCERTAIN,False
9b028d8dc263fd18,natural,openai/gpt-oss-120b,test,STANCE_MAINTAINED,STANCE_MAINTAINED,YES,STANCE_MAINTAINED,DIFFERENT,INCOMPARABLE,STANCE_MAINTAINED,False,NO,,INCOMPARABLE,NO,,"A revisão do Marco Legal da Inovação deve permitir que as ICTs públicas tenham autonomia gerencial, orçamentária e financeira?",O PL da Lei do Bem deve ser colocado em votação?,9b028d8dc263fd18,FAVOR,FAVOR,False
a9bdcddb335a5a07,natural,openai/gpt-oss-120b,test,INCOMPARABLE,STANCE_MAINTAINED,NO,INCOMPARABLE,DIFFERENT,INCOMPARABLE,STANCE_MAINTAINED,False,NO,,INCOMPARABLE,NO,,O programa de Aluguel Social para vítimas de violência doméstica deve ser aprovado?,"Os recursos destinados à Casa da Mulher Brasileira devem ser repassados diretamente ao Ministério das Mulheres, em vez de passar pelo Ministério da Justiça?",a9bdcddb335a5a07,FAVOR,FAVOR,False
b4a84fb6380ec371,natural,openai/gpt-oss-120b,test,INCOMPARABLE,STANCE_MAINTAINED,NO,INCOMPARABLE,DIFFERENT,INCOMPARABLE,STANCE_MAINTAINED,False,NO,,INCOMPARABLE,NO,,A questão racial deve ser parte integrante de todas as políticas públicas para a primeira infância?,A efetivação da Lei nº 10.639/2003 nas escolas deve ser garantida?,b4a84fb6380ec371,FAVOR,FAVOR,False
e13d509a937ffa5f,natural,openai/gpt-oss-120b,test,INCOMPARABLE,INSUFFICIENT_EVIDENCE,NO,INSUFFICIENT_EVIDENCE,DIFFERENT,INCOMPARABLE,STANCE_MAINTAINED,False,NO,,INCOMPARABLE,NO,,"O Projeto de Lei nº 2.002/2019, que visa garantir maior proteção aos consumidores idosos nos contratos de seguro de vida, deve ser aprovado?",A prática de obsolescência programada deve ser combatida?,e13d509a937ffa5f,FAVOR,FAVOR,False
e2e808118c9ee9de,natural,openai/gpt-oss-120b,test,INCOMPARABLE,STANCE_MAINTAINED,NO,INCOMPARABLE,DIFFERENT,INCOMPARABLE,STANCE_MAINTAINED,False,NO,,INCOMPARABLE,NO,,O Ministério da Saúde deve garantir o financiamento e a responsabilidade pelo tratamento da retinopatia diabética?,"O Projeto de Lei nº 3.811, que institui a Semana Nacional de Conscientização sobre a Cardiopatia Isquêmica, deve ser aprovado?",e2e808118c9ee9de,FAVOR,FAVOR,False
f8189fa4faeb557c,natural,openai/gpt-oss-120b,test,INCOMPARABLE,STANCE_MAINTAINED,YES,STANCE_MAINTAINED,DIFFERENT,INCOMPARABLE,STANCE_MAINTAINED,False,NO,,RELATION_UNCERTAIN,UNCERTAIN,,O Marco Legal da Inovação deve ser revisado para melhorar sua operacionalização?,"A Lei do Bem deve ser modificada para facilitar a colaboração entre governo, academia e empresas?",f8189fa4faeb557c,FAVOR,FAVOR,False
ffe531755c6def2e,natural,openai/gpt-oss-120b,test,STANCE_MAINTAINED,STANCE_MAINTAINED,NO,INCOMPARABLE,OPPOSITE_POLARITY,STANCE_MAINTAINED,STANCE_REVERSED,False,YES,,STANCE_MAINTAINED,YES,,O projeto de lei que regula o trabalho dos motoristas de aplicativo deve ser rejeitado?,"O Projeto de Lei Complementar nº 12, que regula o trabalho dos motoristas de aplicativo, deve ser aprovado?",ffe531755c6def2e,FAVOR,AGAINST,False
syn_d249b2daa820,synthetic,openai/gpt-oss-120b,test,INCOMPARABLE,STANCE_MAINTAINED,NO,INCOMPARABLE,DIFFERENT,INCOMPARABLE,STANCE_MAINTAINED,False,NO,STANCE_MAINTAINED,,,NEGATED_PARAPHRASE,O veto nº 28 ao PL 920/23 deve ser derrubado?,Deve ser garantido financiamento prévio para a prevenção de desastres no Brasil?,06f6bf71ce0746e2,FAVOR,FAVOR,False
syn_9d79ea135ad4,synthetic,openai/gpt-oss-120b,test,INCOMPARABLE,STANCE_MAINTAINED,NO,INCOMPARABLE,DIFFERENT,INCOMPARABLE,STANCE_MAINTAINED,False,NO,INCOMPARABLE,,,SHIFT_PROPOSITION,O veto nº 28 ao PL 920/23 deve ser derrubado?,O governo deve destinar recursos específicos para a retirada de famílias de áreas de risco?,06f6bf71ce0746e2,FAVOR,FAVOR,False
syn_022cab59aa7e,synthetic,openai/gpt-oss-120b,test,INCOMPARABLE,STANCE_MAINTAINED,NO,INCOMPARABLE,DIFFERENT,INCOMPARABLE,STANCE_MAINTAINED,False,NO,INCOMPARABLE,,,REVERSE_ON_INCOMPARABLE,O Brasil deve avançar na transição energética para energia limpa e renovável?,O modelo atual de concessões de energia elétrica no Brasil deve ser preservado?,16c67be32f60e074,FAVOR,FAVOR,False
syn_6d7f969a506d,synthetic,openai/gpt-oss-120b,test,INCOMPARABLE,INSUFFICIENT_EVIDENCE,NO,INSUFFICIENT_EVIDENCE,DIFFERENT,INCOMPARABLE,STANCE_REVERSED,False,NO,INCOMPARABLE,,,REVERSE_ON_INCOMPARABLE,A regulamentação do lobby junto ao poder público deve ser avançada?,A regulamentação dos motoristas de aplicativo deve ser aprovada de forma precipitada?,1f862b43757396e1,FAVOR,AGAINST,False
syn_0ea3427ca13e,synthetic,openai/gpt-oss-120b,test,INCOMPARABLE,INSUFFICIENT_EVIDENCE,UNCERTAIN,INSUFFICIENT_EVIDENCE,,INSUFFICIENT_EVIDENCE,INSUFFICIENT_EVIDENCE,False,,INCOMPARABLE,,,REVERSE_ON_INCOMPARABLE,O Estatuto dos Povos Ciganos deve ser aprovado?,,379d85fc73b5d187,FAVOR,UNCERTAIN,False
syn_7aadeaaa8c51,synthetic,openai/gpt-oss-120b,test,INCOMPARABLE,STANCE_REVERSED,NO,INCOMPARABLE,DIFFERENT,INCOMPARABLE,STANCE_REVERSED,False,NO,INCOMPARABLE,,,REVERSE_ON_INCOMPARABLE,As políticas de fomento cultural devem incluir cotas para pessoas com deficiência?,Deve ser criada uma subcomissão na Comissão para monitorar a implementação das políticas públicas para pessoas com Transtorno do Espectro Autista?,3ebdfd5f91baeb30,FAVOR,AGAINST,False
syn_f5be8667bfcc,synthetic,openai/gpt-oss-120b,test,INCOMPARABLE,STANCE_MAINTAINED,NO,INCOMPARABLE,DIFFERENT,INCOMPARABLE,STANCE_REVERSED,False,NO,INCOMPARABLE,,,REVERSE_ON_INCOMPARABLE,"Os recursos destinados à Casa da Mulher Brasileira devem ser repassados diretamente ao Ministério das Mulheres, em vez de passar pelo Ministério da Justiça?",A criação de políticas públicas específicas para a saúde da mulher no climatério e menopausa deve ser mantida?,3f649c16713f4c6f,FAVOR,AGAINST,False
syn_db8efe8d8fb9,synthetic,openai/gpt-oss-120b,test,INCOMPARABLE,STANCE_MAINTAINED,NO,INCOMPARABLE,DIFFERENT,INCOMPARABLE,STANCE_MAINTAINED,False,NO,INCOMPARABLE,,,REVERSE_ON_INCOMPARABLE,A inclusão de pessoas com dor crônica no diagnóstico biopsicossocial deve ser garantida?,"A aprovação do projeto que assegura o direito à aposentadoria das mães cuidadoras aos 62 anos, com possibilidade de parcelamento do débito, deve ser mantida?",42af9ecf027d72bc,FAVOR,FAVOR,False
syn_04585703f194,synthetic,openai/gpt-oss-120b,test,INCOMPARABLE,STANCE_MAINTAINED,NO,INCOMPARABLE,DIFFERENT,INCOMPARABLE,STANCE_REVERSED,False,NO,STANCE_REVERSED,,,REVERSE_ON_COMPARABLE,O Brasil deve continuar investindo na Hemobrás para alcançar autossuficiência em imunoglobulina?,A vacinação deve ser objeto de disputa política?,597ab529d9e58c55,FAVOR,AGAINST,False
syn_93386bb00302,synthetic,openai/gpt-oss-120b,test,INSUFFICIENT_EVIDENCE,INSUFFICIENT_EVIDENCE,NO,INSUFFICIENT_EVIDENCE,,INSUFFICIENT_EVIDENCE,INSUFFICIENT_EVIDENCE,False,,INCOMPARABLE,,,REVERSE_ON_INCOMPARABLE,,,62551a12ba0d40a1,UNCERTAIN,UNCERTAIN,False
syn_c6fb523e5490,synthetic,openai/gpt-oss-120b,test,STANCE_MAINTAINED,STANCE_MAINTAINED,NO,INCOMPARABLE,DIFFERENT,INCOMPARABLE,STANCE_MAINTAINED,False,NO,STANCE_MAINTAINED,,,NEGATED_PARAPHRASE,A vacinação contra Covid-19 deve ser obrigatória para crianças de 6 meses a 5 anos a partir de 2024?,A vacinação de crianças contra Covid-19 deve ser mantida?,892d7d3a6e934091,FAVOR,FAVOR,False
syn_9ec876c670b6,synthetic,openai/gpt-oss-120b,test,STANCE_REVERSED,STANCE_REVERSED,YES,STANCE_REVERSED,EQUIVALENT,STANCE_REVERSED,STANCE_REVERSED,False,YES,INCOMPARABLE,,,REVERSE_ON_INCOMPARABLE,A ratificação da Convenção Interamericana sobre a Proteção dos Direitos Humanos dos Idosos deve ser aprovada?,A ratificação da Convenção Interamericana sobre a Proteção dos Direitos Humanos dos Idosos deve ser aprovada?,8b9017a72effb414,FAVOR,AGAINST,False
syn_75ca94eb2c50,synthetic,openai/gpt-oss-120b,test,STANCE_MAINTAINED,STANCE_REVERSED,NO,INCOMPARABLE,DIFFERENT,INCOMPARABLE,STANCE_REVERSED,False,NO,STANCE_REVERSED,,,REVERSE_ON_COMPARABLE,A produção de alimentos de origem animal deve garantir o bem-estar animal?,O Brasil deve priorizar o bem-estar animal mesmo que isso comprometa a segurança alimentar?,8c2dfcbfad142a02,FAVOR,AGAINST,False
syn_6c7cba78c0ae,synthetic,openai/gpt-oss-120b,test,STANCE_MAINTAINED,STANCE_MAINTAINED,NO,INCOMPARABLE,DIFFERENT,INCOMPARABLE,STANCE_MAINTAINED,False,NO,INCOMPARABLE,,,SHIFT_PROPOSITION,A produção de alimentos de origem animal deve garantir o bem-estar animal?,O Brasil deve adotar normas mais rigorosas de bem‑estar animal para garantir a competitividade do agronegócio?,8c2dfcbfad142a02,FAVOR,FAVOR,False
syn_78ad7ca2c13e,synthetic,openai/gpt-oss-120b,test,STANCE_REVERSED,STANCE_REVERSED,YES,STANCE_REVERSED,DIFFERENT,INCOMPARABLE,STANCE_REVERSED,False,NO,STANCE_REVERSED,,,REVERSE_ON_COMPARABLE,O veto nº 28 ao PL 920/23 deve ser derrubado?,Os recursos para prevenção e resposta a desastres devem ser alocados de forma fixa no Fundo de Calamidade Pública?,982501e57fbbcdcc,FAVOR,AGAINST,False
syn_f9f6e6e8c346,synthetic,openai/gpt-oss-120b,test,INCOMPARABLE,STANCE_REVERSED,NO,INCOMPARABLE,DIFFERENT,INCOMPARABLE,STANCE_MAINTAINED,False,NO,STANCE_MAINTAINED,,,NEGATED_PARAPHRASE,O veto nº 28 ao PL 920/23 deve ser derrubado?,"O Fundo de Calamidade Pública deve ter recursos garantidos no orçamento, sem depender de medida provisória?",982501e57fbbcdcc,FAVOR,FAVOR,False
syn_e86aac1a18eb,synthetic,openai/gpt-oss-120b,test,INCOMPARABLE,STANCE_MAINTAINED,NO,INCOMPARABLE,DIFFERENT,INCOMPARABLE,STANCE_MAINTAINED,False,NO,INCOMPARABLE,,,SHIFT_PROPOSITION,O veto nº 28 ao PL 920/23 deve ser derrubado?,Deve ser criada uma carreira permanente para a Defesa Civil nos municípios?,982501e57fbbcdcc,FAVOR,FAVOR,False
syn_62bc327e1375,synthetic,openai/gpt-oss-120b,test,STANCE_REVERSED,STANCE_REVERSED,NO,INCOMPARABLE,DIFFERENT,INCOMPARABLE,STANCE_REVERSED,False,NO,INCOMPARABLE,,,REVERSE_ON_INCOMPARABLE,"A revisão do Marco Legal da Inovação deve permitir que as ICTs públicas tenham autonomia gerencial, orçamentária e financeira?",O PL da Lei do Bem deve ser votado de forma precipitada?,9b028d8dc263fd18,FAVOR,AGAINST,False
syn_a48f3ff2e646,synthetic,openai/gpt-oss-120b,test,INCOMPARABLE,STANCE_MAINTAINED,NO,INCOMPARABLE,DIFFERENT,INCOMPARABLE,STANCE_MAINTAINED,False,NO,INCOMPARABLE,,,REVERSE_ON_INCOMPARABLE,O programa de Aluguel Social para vítimas de violência doméstica deve ser aprovado?,O recurso da Casa da Mulher Brasileira deve permanecer sob a gerência do Ministério da Justiça?,a9bdcddb335a5a07,FAVOR,FAVOR,False
syn_e7ba8f110044,synthetic,openai/gpt-oss-120b,test,INSUFFICIENT_EVIDENCE,INSUFFICIENT_EVIDENCE,NO,INSUFFICIENT_EVIDENCE,DIFFERENT,INCOMPARABLE,STANCE_REVERSED,False,NO,INCOMPARABLE,,,REVERSE_ON_INCOMPARABLE,"O Projeto de Lei nº 2.002/2019, que visa garantir maior proteção aos consumidores idosos nos contratos de seguro de vida, deve ser aprovado?","Os fabricantes devem ser obrigados a manter peças de reposição e assistência técnica indefinidamente, mesmo após o término da vida útil do produto?",e13d509a937ffa5f,FAVOR,AGAINST,False
syn_6f89da01829d,synthetic,openai/gpt-oss-120b,test,STANCE_REVERSED,STANCE_REVERSED,NO,INCOMPARABLE,OPPOSITE_POLARITY,STANCE_REVERSED,STANCE_MAINTAINED,False,YES,STANCE_REVERSED,,,REVERSE_ON_COMPARABLE,O projeto de lei que regula o trabalho dos motoristas de aplicativo deve ser rejeitado?,"O Projeto de Lei Complementar nº 12, que regulamenta o trabalho dos motoristas de aplicativo, deve ser aprovado?",ffe531755c6def2e,FAVOR,FAVOR,False
syn_cbd48cb23569,synthetic,openai/gpt-oss-120b,test,STANCE_MAINTAINED,STANCE_MAINTAINED,NO,INCOMPARABLE,OPPOSITE_POLARITY,STANCE_MAINTAINED,STANCE_REVERSED,False,YES,STANCE_MAINTAINED,,,NEGATED_PARAPHRASE,O projeto de lei que regula o trabalho dos motoristas de aplicativo deve ser rejeitado?,"O Projeto de Lei Complementar nº 12, que regula o trabalho dos motoristas de aplicativo, deve ser aprovado?",ffe531755c6def2e,FAVOR,AGAINST,False
syn_32eb1fccde21,synthetic,openai/gpt-oss-120b,test,STANCE_MAINTAINED,STANCE_MAINTAINED,NO,INCOMPARABLE,DIFFERENT,INCOMPARABLE,STANCE_MAINTAINED,False,NO,INCOMPARABLE,,,SHIFT_PROPOSITION,O projeto de lei que regula o trabalho dos motoristas de aplicativo deve ser rejeitado?,O modelo de participação do grupo de trabalho para a regulamentação dos motoristas de aplicativo deve incluir participação direta dos motoristas?,ffe531755c6def2e,FAVOR,FAVOR,False
