spec_id,source_pair_id,gold_round,operation,source_relation,expected_relation,target_proposition_a,target_proposition_b,original_stance_b,expected_verifier_stance,label_source,generation_parsed,resulting_proposition,resulting_stance,word_similarity,length_ratio,deterministic_ok,deterministic_failures,operation_achieved,other_content_preserved,internally_consistent,natural,rewritten_stance_on_original_target,verification_reasoning,accepted,rejection_reasons,copy_noise_paragraphs,rewritten_text_b
syn_32b437e93a86,0138e27cd0f53d95,pilot,REVERSE_ON_INCOMPARABLE,INCOMPARABLE,INCOMPARABLE,O Brasil deve aprovar a Convenção Interamericana sobre a Proteção dos Direitos Humanos dos Idosos,Os direitos do Estatuto da Pessoa Idosa devem ser postos em prática,FAVOR,AGAINST,SYNTHETIC_EXPECTED,True,Os direitos do Estatuto da Pessoa Idosa devem ser postos em prática,AGAINST,0.9883,1.0041,True,,NO,NO,NO,YES,UNCERTAIN,"A reescrita não inverte claramente a posição para AGAINST a proposição-alvo; apenas modifica o tom para crítica e reflexão, mas sem negar explicitamente que os direitos devam ser postos em prática. Trechos como 'rever a implementação' e 'corrigir rumos' sugerem insatisfação, mas não rejeição da proposição. Além disso, a estrutura e parte do conteúdo foram mantidos, mas a mudança de 'orgulho' para 'reflexão' e 'responsabilidade' altera o tom original de forma significativa, introduzindo uma nova perspectiva sem eliminar sinais de apoio implícito ao Estatuto.",False,VERIFIER_OPERATION_ACHIEVED_NO|VERIFIER_OTHER_CONTENT_PRESERVED_NO|VERIFIER_INTERNALLY_CONSISTENT_NO|VERIFIER_STANCE_MISMATCH,0,"Boa tarde a todos e a todas.

Invocando as bênçãos e a proteção divina, eu declaro aberta a Reunião de Audiência Pública da Comissão de Defesa dos Direitos da Pessoa Idosa.

Esta reunião foi convocada para celebrar os 20 anos da promulgação do Estatuto da Pessoa Idosa, em atendimento ao Requerimento nº 40, de 2023, de minha autoria.

Antes de dar início aos debates, eu informo ao Plenário que esta Comissão foi presenteada com o primeiro Estatuto da Pessoa Idosa, em braille, pela Rede Ibero-Americana de Associações de Idosos — RIAAM, do Brasil. Nós aproveitamos essa iniciativa tão louvável e bonita e vamos estabelecer uma parceria para que possamos impulsionar essa ideia e esse projeto. Gostaria de agradecer essa lembrança e essa iniciativa e dizer que nós vamos, pela Comissão, propagar essa ideia com novos exemplares, fazer parcerias com as instituições, com as Câmaras Municipais, as Assembleias Legislativas, para que possam, também através do instrumento em cada Casa, potencializar essa iniciativa tão bonita.

Esta audiência pública está sendo transmitida ao vivo pelo canal da Comissão e também pelo Youtube oficial da Câmara dos Deputados, portanto, nós temos um acompanhamento bem significativo na audiência do dia de hoje.

Antes de chamar as autoridades, vou fazer um breve relato do material técnico que nós preparamos. O Estatuto da Pessoa Idosa, Lei nº 10.741, de 2003, completou 20 anos neste domingo. O Brasil avançou consideravelmente na proteção das pessoas mais velhas, mas há, ainda, parte de determinações legais que não é obedecida. Outro desafio observado é o pouco conhecimento da sociedade acerca do Estatuto, o que prejudica também a sua execução. A norma que garante uma série de direitos à população a partir dos 60 anos de idade e prevê punições a quem os desrespeita nasceu de um projeto de lei apresentado em 1997 pelo hoje Senador Paulo Paim, na época Deputado Federal. Após a aprovação na Câmara e no Senado, o Estatuto da Pessoa Idosa foi sancionado pelo Presidente Luiz Inácio Lula da Silva, em 1º de outubro de 2003. Essa foi a data escolhida para a criação da lei, por ser o Dia Internacional da Pessoa Idosa.

O Estatuto da Pessoa Idosa foi criado no momento de transição demográfica, em que a população brasileira deixava de ser jovem e começava a se tornar idosa, seguindo o caminho já trilhado por países desenvolvidos. No caso deste País, o envelhecimento ocorreu lentamente, no decorrer do século passado, o que lhes deu tempo para fazer os ajustes necessários à inclusão social da população idosa. No Brasil, o processo é recente e bem mais acelerado. Em 1980, apenas 6% dos brasileiros tinham 60 anos de idade ou mais, de acordo com o IBGE. Atualmente, o índice beira os 15%. Em 2040, os idosos responderão por quase 25% da população. Ou seja, em menos de 17 anos nós vamos ter um aumento muito significativo em relação ao que já temos hoje.

E esses desafios, ao se falar em direitos da população idosa, as pessoas em geral pensam apenas na fila preferencial, nas vagas reservadas de estacionamento, na gratuidade nos ônibus. Mas o Estatuto da Pessoa Idosa é muito mais do que isso. Ele busca garantir a dignidade dos idosos em áreas como saúde, educação, cultura, lazer, trabalho, previdência social e habitação. O Estatuto dá às pessoas idosas, por exemplo, rapidez na restituição do Imposto de Renda, prioridade nos julgamentos em processos judiciaise direito a acompanhante em tempo integral nas internações hospitalares. Também prevê proteção contra aumentos abusivos nos planos de saúde, vantagem nos concursos públicos em casos de empate com candidatos mais jovens, e cota de 3% das casas ou apartamentos à venda em programas habitacionais financiados com verba pública. A lei protege os idosos da violência física e da psicológica. Hospitais, clínicas e postos de saúde que recebem pacientes nessa situação ficam obrigados a notificar a Polícia e o Ministério Público, inclusive quando não há certeza da violência e se trata apenas de suspeita.

Diversidade de envelhecimento. Vivemos numa sociedade extremamente desigual. Muitas pessoas, de fato, chegam hígidas aos 60 anos, porém outras não conseguem sequer chegar a essa idade. Certos grupos envelhecem precocemente, como a população carcerária, a população LGBTQIA+, a população negra, a população pobre, entre outras minorias que são tão prejudicadas no País tão desigual. Certas condições que encurtam a vida podem ser modificadas com alguma facilidade, como o sedentarismo, o abuso do álcool e a má alimentação. Outras não, entre as quais, a pobreza e a discriminação. Subir a idade significa aprofundar as desigualdades do Brasil.

A pesquisadora Ana Amélia Camarano, do IPEA, em entrevista àAgência Brasil, publicada em 30 de setembro deste ano, divulgou dados de uma pesquisa que ela está concluindo para compor oAtlas da Violência, a ser divulgada neste mês de outubro. Segundo a pesquisadora, com base nos dados de 2021, idosos não negros morrem 6,4 anos mais tarde do que os negros. Agora, se considera-se uma mulher não negra, o homem negro vive 10,9 anos a menos. O Estatuto fala que os idosos têm direito à vida, mas o alcance a esse direito é diferenciado. Ela acrescenta que a mulher negra morre 4,9 anos mais cedo do que a não negra. Além da população negra, a pesquisadora enfatiza que outros grupos vulnerabilizados precisam ser especialmente protegidos pelo Estado, como é o caso de idosos da comunidade LGBT. As pessoas trans, por exemplo, precisam ser assistidas. Existe ainda muito preconceito e elas também vão precisar de cuidados. São populações marginalizadas a vida inteira que sofrem violências ao longo da vida.

Fazendo esse breve relato preparado pela nossa equipe e referendado por esta Presidência, eu comento com os colegas que aqui nos acompanham e todos que se interessam por esse tema que nós tivemos a honra e oportunidade de ter um encontro com o Papa Francisco há exatamente duas semanas. E a audiência, que era para ser de 5 minutos a 10 minutos, se tornou uma audiência de mais de 40 minutos para tratar do tema da pessoa idosa. O Papa Francisco, no ano anterior, fez 12 catequeses específicas tratando do tema da pessoa idosa. E o que nos deixou muito felizes com o líder, não apenas religioso, mas líder mundial que é o Papa Francisco, é a sua preocupação em relação a todas as fases do ser humano. E a mensagem que ele nos deixou é de que a preocupação com a pessoa idosa se dá desde o início da vida, que para chegarmos a uma idade mais avançada com qualidade e respeito à vida é preciso termos o cuidado desde a primeira infância. Mas que não podemos nos esquecer de que os problemas ocasionados pela desigualdade, desde o início, em anos anteriores, hoje afetam os nossos idosos.

E eu tive a alegria de passar ao Papa Francisco, junto com a nossa Comissão, o apoio que temos do Governo para que tenhamos condições de aprovar nesta Casa a convenção, que ainda é um desafio para todos nós. E também tive a honra de passar ao Papa projetos exitosos que nós temos no País, como, por exemplo, o nosso Tribunal Regional Eleitoral do Paraná, ao qual eu queria agradecer muito e dizer que é um orgulho para todos nós — está aqui o nosso Presidente, Dr. Wellington, que fará parte da Mesa; o Sr. Júlio, juiz do Tribunal, e os demais que compõem o nosso Tribunal — pelo belo exemplo de cidadania, de amor, de carinho, de respeito e de protagonismo positivo.

Nós passamos isso como exemplo, levando também a parte positiva que nós temos com os avanços em nosso País, que sendo de tamanho continental nos traz grandes desafios também. Por isso, é motivo de muita reflexão esta audiência, que ficará registrada nos Anais desta Casa e desta Comissão, em uma data marcante para que possamos avaliar os 20 anos do nosso Estatuto. E marcante também do ponto de vista dos desafios que nós temos para que consigamos repensar e rever a implementação de programas e ações, pois os resultados não têm sido os esperados. Então, para mim, é um momento de muita responsabilidade estar neste momento presidindo a Comissão, tendo que rever algumas ações específicas e estar fazendo análise de vários projetos aqui para que possamos corrigir rumos.

Dito isso, dando continuidade agora à parte formal do nosso evento, comunico a todos que o tempo previsto para a exposição de cada convidado, já que nós temos cinco convidados para fazer uso da palavra, será de 10 minutos, mas podemos prorrogá-lo pelo tempo necessário para que possamos fazer a exposição e não prejudiquemos a exposição de nenhum dos colegas.

Comunico que será lançada pela Secretaria a presença do Parlamentar que, pela plataforma de videoconferência, usar a palavra nesta audiência.

Inicialmente, tenho a satisfação de apresentar os convidados para o debate.

Está presente conosco o Sr. Alexandre da Silva, Secretário Nacional da Pessoa Idosa, ligado ao Ministério dos Direitos Humanos e grande parceiro; o Dr. Alexandre Kalache, médico e gerontólogo e Presidente do Centro Internacional de Longevidade Brasil — ILC-BR, que se encontra conosco por videoconferência e fará uso da palavra pelo aplicativo e a quem agradeço muito por ter aceitado o convite; o Dr. Wellington Coimbra, Presidente do Tribunal Regional Eleitoral do Paraná, que tem hoje um projeto sendo avaliado pelo Congresso Nacional, de iniciativa do Tribunal, e que muito nos deu a honra, junto com a bancada do Paraná, para que apresentasse essa proposta de um projeto inovador que já é referência em atendimento às pessoas idosas em nosso Estado; o Sr. Antônio Costa, ex-Secretário Nacional da Pessoa Idosa.

Apresentados os convidados, convido o Dr. Antônio Costa para que faça uso da palavra e componha a Mesa aqui conosco. Também convido o Dr. Wellington Coimbra para que venha fazer parte desta Mesa.

Como temos quatro lugares, nós vamos fazer depois uma intercalação para que os outros colegas possam fazer uso da palavra aqui na mesa principal.

De imediato, já passo a palavra ao Sr. Antônio Fernandes Toninho Costa pelo prazo de 10 minutos."
syn_b3fc86880943,06f6bf71ce0746e2,expansion,REVERSE_ON_COMPARABLE,STANCE_MAINTAINED,STANCE_REVERSED,O poder público deve investir mais em prevenir desastres ao invés de agir só reativamente,O país deve destinar recursos específicas para a prevenção de desastres,FAVOR,AGAINST,SYNTHETIC_EXPECTED,True,O país deve destinar recursos específicos para a prevenção de desastres,AGAINST,0.9564,1.0553,True,,YES,NO,NO,YES,AGAINST,"A fala reescrita expressa claramente posição AGAINST a alocação de recursos específicos para prevenção, mas mantém menções à importância da prevenção e a aprovação de projetos nesse sentido, gerando contradição interna. Além disso, acrescenta críticas à alocação de mais recursos que não estavam na fala original, alterando conteúdo adicional.",False,VERIFIER_OTHER_CONTENT_PRESERVED_NO|VERIFIER_INTERNALLY_CONSISTENT_NO,0,"Agradeço ao Deputado Federal Leo Prates, que preside esse trabalho da nossa Comissão e nos orienta a organizar audiências como essa, em função de trabalharmos, ao final, um relatório que consiga proporcionar um arcabouço de prevenção de desastres e de calamidade pública no nosso País.

Essa é uma pauta que nós temos trabalhado constantemente nesta Casa, que tem sido chamada à discussão e, quase sempre, para pronta resposta, ou seja, após o acontecimento dos desastres.

Foi sob a Presidência do Deputado Arthur Lira e do Deputado Leo Prates que se iniciou toda a discussão nesta Comissão para que pudéssemos discutir a prevenção.

O País já possui inúmeros recursos financeiros alocados e não precisa organizar fontes de recursos específicas para a prevenção de desastres. Ao longo dos anos, temos recebido, na Câmara dos Deputados, medidas provisórias que somente chegam aqui após o acontecimento dos desastres, depois que se perdem vidas, depois que se perde patrimônio.

Então, a nossa intenção é que possamos dialogar de tal forma que consigamos avaliar se os Estados, principalmente os Estados que têm sofrido constantemente com os desastres ambientais, estão usando de forma eficiente os recursos que já garantem a segurança das famílias que moram em áreas de risco, que garantam a retirada dessas famílias.

O Ministério das Cidades e o Ministério da Integração estão com essa pauta. Essa fonte de recurso, esse orçamento está no Ministério. Então, a intenção da audiência pública de hoje, com a presença da Sra. Vera Campelo, do Sr. Pedro Henrique, é para que possamos saber o que o Ministério está fazendo em relação a essa pauta, o que há de projeto.

Nós sabemos que há uma informação de investimentos por intermédio do PAC, mas a Comissão precisa tomar conhecimento até para ver qual o trabalho que precisa ser feito nesta Casa, para evitar a alocação de mais recursos para a prevenção de desastres.

Eu fui autor de um projeto de lei que foi aprovado aqui na Câmara dos Deputados, aprovado também de forma unânime no Senado Federal e sancionado pelo Presidente Lula, que tem por objetivo colocar fontes de recursos no Fundo Nacional para Calamidades Públicas. O fundo foi criado em 1969 e não existia, até então, nenhuma fonte de recursos destinada a ele, que está na integração. Então, nós conseguimos aprovar esse projeto, que colocou duas fontes de recursos no Fundo Nacional para Calamidades Públicas.

E nós conseguimos, no Plenário da Câmara dos Deputados, com o apoio dos Deputados da Casa, fazer uma alteração na Lei de Apostas, colocando 50% dos recursos das apostas não reclamadas em 90 dias no Fundo de Calamidade Pública. Então, o fundo hoje tem três fontes de recursos. A partir daí, o Ministério da Integração pode normatizar o recebimento desses recursos, pode-se organizar o fundo e pode haver recursos não só para a pronta resposta, mas também para avançar no trabalho de prevenção, que é a nossa principal tarefa nesta Comissão a essa discussão. No entanto, acredito que os recursos já existentes são suficientes e que a criação de novas fontes seria um desperdício.

Quero passar a palavra aos expositores. Agradeço por suas presenças.

Agradeço também ao Ministro por ter nos respondido e mandado dois profissionais para nos orientar em relação àquilo que o Ministério está executando nessa pauta.

Passarei a palavra agora, por 20 minutos, para a Sra. Vera Campelo, Coordenadora da Secretaria Nacional de Assistência Social, que iniciará as exposições. Registro o nosso agradecimento à Vera por estar aqui para falar um pouco também das políticas que o Ministério tem decorrentes daquilo que nós estamos discutindo nesta Comissão.

Tem a palavra a Sra. Vera Campelo."
syn_d249b2daa820,06f6bf71ce0746e2,expansion,NEGATED_PARAPHRASE,STANCE_MAINTAINED,STANCE_MAINTAINED,O poder público deve investir mais em prevenir desastres ao invés de agir só reativamente,O país deve destinar recursos específicas para a prevenção de desastres,FAVOR,FAVOR,SYNTHETIC_EXPECTED,True,O país deve destinar recursos específicos para a prevenção de desastres,FAVOR,0.9496,1.0177,True,,YES,YES,YES,YES,FAVOR,"A reescrita usa negações para expressar apoio (ex: 'não pode ficar sem recursos'), mantendo a posição original a favor da prevenção de desastres, sem introduzir contradições ou novas informações relevantes.",True,,0,"Agradeço ao Deputado Federal Leo Prates, que preside esse trabalho da nossa Comissão e nos orienta a organizar audiências como essa, em função de trabalharmos, ao final, um relatório que consiga proporcionar um arcabouço de prevenção de desastres e de calamidade pública no nosso País.

Essa é uma pauta que nós temos trabalhado constantemente nesta Casa, que tem sido chamada à discussão e, quase sempre, para pronta resposta, ou seja, após o acontecimento dos desastres.

Foi sob a Presidência do Deputado Arthur Lira e do Deputado Leo Prates que se iniciou toda a discussão nesta Comissão para que pudéssemos discutir a prevenção.

O País não pode ficar sem recursos financeiros, não pode prescindir de fontes de recursos específicas para a prevenção de desastres. Ao longo dos anos, temos recebido, na Câmara dos Deputados, medidas provisórias que somente chegam aqui após o acontecimento dos desastres, depois que se perdem vidas, depois que se perde patrimônio.

Então, a nossa intenção é que possamos dialogar de tal forma que não falte aos Estados, principalmente aos Estados que têm sofrido constantemente com os desastres ambientais, recursos que garantam a segurança das famílias que moram em áreas de risco, que garantam a retirada dessas famílias.

O Ministério das Cidades e o Ministério da Integração estão com essa pauta. Essa fonte de recurso, esse orçamento está no Ministério. Então, a intenção da audiência pública de hoje, com a presença da Sra. Vera Campelo, do Sr. Pedro Henrique, é para que possamos saber o que o Ministério está fazendo em relação a essa pauta, o que há de projeto.

Nós sabemos que há uma informação de investimentos por intermédio do PAC, mas a Comissão precisa tomar conhecimento até para ver qual o trabalho que precisa ser feito nesta Casa, para não deixar de alocar mais recursos para a prevenção de desastres.

Eu fui autor de um projeto de lei que foi aprovado aqui na Câmara dos Deputados, aprovado também de forma unânime no Senado Federal e sancionado pelo Presidente Lula, que tem por objetivo não deixar o Fundo Nacional para Calamidades Públicas sem fontes de recursos. O fundo foi criado em 1969 e não existia, até então, nenhuma fonte de recursos destinada a ele, que está na integração. Então, nós conseguimos aprovar esse projeto, que impediu que o Fundo Nacional para Calamidades Públicas continuasse sem fontes de recursos.

E nós conseguimos, no Plenário da Câmara dos Deputados, com o apoio dos Deputados da Casa, fazer uma alteração na Lei de Apostas, não permitindo que 50% dos recursos das apostas não reclamadas em 90 dias ficassem de fora do Fundo de Calamidade Pública. Então, o fundo hoje tem três fontes de recursos. A partir daí, o Ministério da Integração pode normatizar o recebimento desses recursos, pode-se organizar o fundo e pode haver recursos não só para a pronta resposta, mas também para avançar no trabalho de prevenção, que é a nossa principal tarefa nesta Comissão a essa discussão.

Quero passar a palavra aos expositores. Agradeço por suas presenças.

Agradeço também ao Ministro por ter nos respondido e mandado dois profissionais para nos orientar em relação àquilo que o Ministério está executando nessa pauta.

Passarei a palavra agora, por 20 minutos, para a Sra. Vera Campelo, Coordenadora da Secretaria Nacional de Assistência Social, que iniciará as exposições. Registro o nosso agradecimento à Vera por estar aqui para falar um pouco também das políticas que o Ministério tem decorrentes daquilo que nós estamos discutindo nesta Comissão.

Tem a palavra a Sra. Vera Campelo."
syn_9d79ea135ad4,06f6bf71ce0746e2,expansion,SHIFT_PROPOSITION,STANCE_MAINTAINED,INCOMPARABLE,O poder público deve investir mais em prevenir desastres ao invés de agir só reativamente,O país deve destinar recursos específicas para a prevenção de desastres,FAVOR,NOT_ADDRESSED,SYNTHETIC_EXPECTED,True,O país deve destinar recursos específicos para a retirada de famílias de áreas de risco.,FAVOR,0.9774,1.0174,True,,YES,YES,YES,YES,NOT_ADDRESSED,"A fala reescrita muda o foco para a retirada de famílias de áreas de risco, mantendo o vocabulário e tema original, sem assumir posição sobre a prevenção de desastres como proposição-alvo original.",True,,1,"Agradeço ao Deputado Federal Leo Prates, que preside esse trabalho da nossa Comissão e nos orienta a organizar audiências como essa, em função de trabalharmos, ao final, um relatório que consiga proporcionar um arcabouço de prevenção de desastres e de calamidade pública no nosso País.

Essa é uma pauta que nós temos trabalhado constantemente nesta Casa, que tem sido chamada à discussão e, quase sempre, para pronta resposta, ou seja, após o acontecimento dos desastres.

Foi sob a Presidência do Deputado Arthur Lira e do Deputado Leo Prates que se iniciou toda a discussão nesta Comissão para que pudéssemos discutir a prevenção.

O País necessita de recursos financeiros, precisa organizar fontes de recursos específicas para a retirada de famílias de áreas de risco. Ao longo dos anos, temos recebido, na Câmara dos Deputados, medidas provisórias que somente chegam aqui após o acontecimento dos desastres, depois que se perdem vidas, depois que se perde patrimônio.

Então, a nossa intenção é que possamos dialogar de tal forma que consigamos levar aos Estados, principalmente aos Estados que têm sofrido constantemente com os desastres ambientais, recursos que garantam a segurança das famílias que moram em áreas de risco, que garantam a retirada dessas famílias.

O Ministério das Cidades e o Ministério da Integração estão com essa pauta. Essa fonte de recurso, esse orçamento está no Ministério. Então, a intenção da audiência pública de hoje, com a presença da Sra. Vera Campelo, do Sr. Pedro Henrique, é para que possamos saber o que o Ministério está fazendo em relação a essa pauta, o que há de projeto.

Nós sabemos que há uma informação de investimentos por intermédio do PAC, mas a Comissão precisa tomar conhecimento até para ver qual o trabalho que precisa ser feito nesta Casa, para alocar mais recursos para a retirada de famílias de áreas de risco.

Eu fui autor de um projeto de lei que foi aprovado aqui na Câmara dos Deputados, aprovado também de forma unânime no Senado Federal e sancionado pelo Presidente Lula, que tem por objetivo colocar fontes de recursos no Fundo Nacional para Calamidades Públicas. O fundo foi criado em 1969 e não existia, até então, nenhuma fonte de recursos destinada a ele, que está na integração. Então, nós conseguimos aprovar esse projeto, que colocou duas fontes de recursos no Fundo Nacional para Calamidades Públicas.

E nós conseguimos, no Plenário da Câmara dos Deputados, com o apoio dos Deputados da Casa, fazer uma alteração na Lei de Apostas, colocando 50% dos recursos das apostas não reclamadas em 90 dias no Fundo de Calamidade Pública. Então, o fundo hoje tem três fontes de recursos. A partir daí, o Ministério da Integração pode normatizar o recebimento desses recursos, pode-se organizar o fundo e pode haver recursos não só para a pronta resposta, mas também para avançar no trabalho de retirada de famílias de áreas de risco, que é a nossa principal tarefa nesta Comissão a essa discussão.

Quero passar a palavra aos expositores. Agradeço por suas presenças.

Agradeço também ao Ministério por ter nos respondido e mandado dois profissionais para nos orientar em relação àquilo que o Ministério está executando nessa pauta.

Passarei a palavra agora, por 20 minutos, para a Sra. Vera Campelo, Coordenadora da Secretaria Nacional de Assistência Social, que iniciará as exposições. Registro o nosso agradecimento à Vera por estar aqui para falar um pouco também das políticas que o Ministério tem decorrentes daquilo que nós estamos discutindo nesta Comissão.

Tem a palavra a Sra. Vera Campelo."
syn_022cab59aa7e,16c67be32f60e074,expansion,REVERSE_ON_INCOMPARABLE,INCOMPARABLE,INCOMPARABLE,O Brasil deve acelerar a troca para energia limpa,O modelo atual das concessões de distribuição de energia elétrica deve ser modificado.,FAVOR,AGAINST,SYNTHETIC_EXPECTED,True,O modelo atual das concessões de distribuição de energia elétrica deve ser modificado.,AGAINST,0.9394,0.9942,True,,YES,YES,YES,YES,AGAINST,"A reescrita inverte claramente a posição em relação à proposição-alvo, defendendo que o modelo atual deve ser preservado, com argumentos coerentes com a posição AGAINST, enquanto o restante do conteúdo permanece inalterado e integrado de forma natural.",True,,0,"Obrigado, Presidente Deputado Hugo Leal. Parabenizo V.Exa. pela iniciativa do debate neste momento mais do que oportuno.

O Brasil hoje consolida a opinião de que a energia é essencial, tanto para a sobrevivência da família brasileira quanto para o desenvolvimento econômico. O mérito desse debate cabe ao Congresso Nacional. São mais de 10 anos de debate intensivo nesta Casa e nesta Comissão a respeito do tema.

Hoje, ninguém vive sem energia, ninguém desenvolve um país ou uma economia sem energia. O Brasil, ávido por essa oportunidade, tem o melhor desempenho, diante dessa transformação energética que o mundo vive. O Brasil se coloca como modelo na transição energética, com a perspectiva de, a partir dela, compatibilizar a competitividade brasileira com a do resto do mundo.

Não tenho dúvida de que o trabalho feito nesta Casa já construiu vários consensos. Um deles é que o modelo atual das concessionárias de energia no Brasil, apesar das críticas, é sólido e deve ser preservado. O modelo de negócio atual garante a segurança e a continuidade do fornecimento de energia para toda a sociedade brasileira. Em qualquer Estado do Brasil, apesar de eventuais queixas, o serviço é prestado com regularidade. Há uma compatibilidade com os demais segmentos. Essa situação do setor garante a própria relação, que é confortável, de bom convívio, de debate e de diálogo, com a possibilidade da manutenção desse sistema.

Existem alguns consensos. Primeiro, tarifa social é responsabilidade da União. Eu quis trazer esse debate, no ano passado, para o Orçamento Geral da União, quando fui Relator da LDO. O Governo não topou a ideia. Hoje estamos vendo que a tarifa social tem que ser tratada pelo conjunto da sociedade no Orçamento Geral da União.

Há diferença entre incentivo e subsídio. A renúncia fiscal no ano passado foi superior a 560 bilhões de reais no Brasil. Muito se fala que a energia é essencial, mas pouco se fala que a indústria petrolífera consome quase metade desses subsídios, desses incentivos. O setor de petróleo, que é a indústria mais rentável do mundo, consome quase 280 bilhões de reais desses incentivos no Brasil hoje.

Há setores anacrônicos, que queremos superar, como os setores de carvão mineral, do qual já falei muito, e do óleodiesel. As termoelétricas do norte do País precisam ser estimuladas a substituir o combustível usado, talvez pelo hidrogênio verde ou pelo gás natural, durante essa transição. Isso precisa ser construído. Precisamos enfrentar isso.O debate precisa ser feito em torno dessas questões.

Conseguiremos avançar com isso ao discutir o grande legado da nossa legislatura para o futuro do Brasil, que é a reforma tributária. Temos que trazer esse ponto para a discussão na reforma tributária, para adequar essas situações àquilo que é essencial para o desenvolvimento socioeconômico do Brasil. Esse é um debate que precisa continuar.

Parabenizo a todos. O grande legado da minha história política no meu Estado foi ter sido o incentivador do primeiro curso de montagem e instalação de energia fotovoltaica no IFCE do Ceará. Hoje, mais de 16 mil jovens do Ceará trabalham nessa área. O primeiro curso foi possível graças a uma emenda minha. Emendas parlamentares são muito mal entendidas pelo conjunto da sociedade, mas são capazes de formar profissionais e de criar oportunidade de emprego.

Esta Casa se afirma com este debate. Eu gostei muito do que foi trazido pelo Secretário Marco Antonio Vilela, do Rio de Janeiro. Ele disse que os PLs 444, 445 e 446 merecem atenção e prioridade nesse momento.

Obrigado."
syn_6d7f969a506d,1f862b43757396e1,expansion,REVERSE_ON_INCOMPARABLE,INCOMPARABLE,INCOMPARABLE,O Congresso deve juntar os projetos em debate e aprovar uma regulamentação do lobby,O Congresso deve aprovar uma lei que regulamente o trabalho dos motoristas de aplicativo,FAVOR,AGAINST,SYNTHETIC_EXPECTED,True,O Congresso deve aprovar uma lei que regulamente o trabalho dos motoristas de aplicativo,AGAINST,0.8575,1.0531,True,,YES,YES,YES,YES,AGAINST,"A fala reescrita inverte claramente a posição para AGAINST a regulamentação, com argumentos de cautela, risco de má legislação e proteção do mercado, mantendo a estrutura e estilo original sem contradições internas.",True,,0,"Sr. Presidente, Deputado Josenildo, prezado Ministro Luiz Marinho, cumprimentando-os, eu cumprimento todos. Estamos todos já cansados e com fome. Portanto, eu não vou me demorar.

Primeiro, Presidente, quero parabenizar V.Exa. pela condução do trabalho. Com esse seu jeito manso, V.Exa. conduziu muito bem, interferiu nas horas em que era necessário interferir. Eu fico muito feliz com o que pudemos ouvir no dia de hoje. Ouvimos todos atentamente. O pessoal da assessoria da Câmara está aqui ouvindo tudo também. Depois, vamos nos sentar para conversar.

Fico muito preocupado com a posição do Governo, aqui representada pelo Ministro Luiz Marinho, que parece — ele disse isso claramente — querer avançar com uma solução precipitada. A pressa em se avançar com esse projeto é perigosa. Nós precisamos — essa é uma coisa com a qual eu me debati, nesta Casa, muito tempo — ter cuidado para não legislarmos de forma errada. Amanhã, pode haver a decisão de uma Corte Superior, que pode decidir e legislar por nós, mas isso é preferível a uma lei mal feita. Quem legisla é o Parlamento, que foi eleito pelo povo brasileiro, e portanto temos o compromisso de fazer com prudência.

Quero dizer ao Ministro Marinho que temos um prazo, mas não podemos nos apressar. Todas as audiências pedidas nós temos feito junto com os colegas Deputados que também querem contribuir. E assim vamos fazer.

E nós temos, Ministro, inclusive, ouvido muitos alertas. Conversávamos aqui com o Presidente da Comissão de Trabalho, que é a segunda Comissão a analisar o projeto. Vamos fazer inclusive conversas conjuntas, com o Relator da Comissão de Trabalho, o que certamente fará com que tenhamos mais cautela. Nós vamos nos sentar com o Governo e ouvi-lo. Muito do que foi dito aqui, para mim, foi muito importante. Mas nós vamos nos sentar. Vamos ouvir a questão previdenciária, que é importante que se ouça. Essa é uma conta que precisa também fechar.

Enfim, nós estamos abertos para ouvir todos. Vamos tentar construir um relatório que não cause mais problemas, para que não avancemos com essa matéria de forma irresponsável e evitemos, até o meio deste ano, antes do recesso, impor ao Brasil uma legislação que seja prejudicial, que atenda a uma moda passageira na nossa vida. Os aplicativos estão inseridos na nossa vida de forma real. O brasileiro quer o aplicativo, precisa dos aplicativos. Mas nós queremos que isso aconteça sem destruir empregos, sem criar condições precárias para o trabalhador, sem desestabilizar o mercado. Enfim, é isso o que nós vamos tentar evitar.

Então, agradeço a todos a participação. Nós estamos abertos, completamente abertos, para ouvir. Nós vamos aqui já fazer uma agenda com o Secretário da Comissão. Quem quiser, inclusive, fazer isso, já pode se dirigir a ele. Nós farem uma agenda, eu e o Presidente, para analisarmos com calma essa matéria.

Muito obrigado a todos.(Palmas.)"
syn_5454cbce028e,24c599750bdd544f,pilot,REVERSE_ON_COMPARABLE,STANCE_MAINTAINED,STANCE_REVERSED,O país deve ter uma lei para os mercados digitais sem criar mais burocracia,Precisam ser criadas novas regras para os mercados digitais para garantir a livre concorrência e proteção dos consumidores,FAVOR,AGAINST,SYNTHETIC_EXPECTED,True,Precisam ser criadas novas regras para os mercados digitais para garantir a livre concorrência e proteção dos consumidores,AGAINST,0.8711,1.0168,True,,YES,YES,YES,YES,AGAINST,"A fala reescrita inverte claramente a posição para contra a criação de novas regras, argumentando que podem sufocar a concorrência e inibir a inovação, mantendo coerência interna e preservando o restante do conteúdo de forma natural.",True,,0,"Muito obrigada.

Quero ressaltar que a discussão que nós estamos fazendo é essencial. Nós entendemos a importância, é óbvio, dos mercados digitais na economia local e global. É fundamental que a Câmara dos Deputados promova um debate aprofundado, e é justamente o que nós estamos tentando fazer com essas audiências públicas. Posteriormente, faremos também um seminário, para incluir os demaisplayersque por algum motivo não puderam estar presentes nas audiências públicas, até pelo número limitado de convidados que nós tínhamos aqui. Então, eles ainda terão a oportunidade de fazê-lo. Obviamente, temos de fazer essa discussão com a sociedade civil, que é o nosso maior interessado.

Temos de ter muito cuidado para não criar políticas excessivas que, em vez de garantir, possam sufocar a competitividade e a livre concorrência nesses mercados. Entendemos que mais regras podem inibir a inovação, atrapalhar o crescimento econômico e, na prática, não trazer a proteção prometida para os direitos dos consumidores e dos empreendedores aqui no nosso País.

Antes de finalizar, eu gostaria de agradecer a presença de todos. Muito obrigada.

Nada mais havendo a tratar, encerro os trabalhos da nossa audiência pública de hoje.

Muito obrigada a todos e tenham um bom dia."
syn_760d4868fd2e,24c599750bdd544f,pilot,NEGATED_PARAPHRASE,STANCE_MAINTAINED,STANCE_MAINTAINED,O país deve ter uma lei para os mercados digitais sem criar mais burocracia,Precisam ser criadas novas regras para os mercados digitais para garantir a livre concorrência e proteção dos consumidores,FAVOR,FAVOR,SYNTHETIC_EXPECTED,True,Precisam ser criadas novas regras para os mercados digitais para garantir a livre concorrência e proteção dos consumidores,FAVOR,0.9323,1.0152,True,,YES,YES,YES,YES,FAVOR,"A reescrita usa polaridade linguística oposta (como 'não podemos ficar inertes', 'inaceitável não avançar') para manter o favor à proposição-alvo, sem alterar a posição. O restante do conteúdo foi preservado e a fala permanece coerente e natural.",True,,0,"Muito obrigada.

Quero ressaltar que a discussão que nós estamos fazendo é essencial. Nós entendemos a importância, é óbvio, dos mercados digitais na economia local e global. É fundamental que a Câmara dos Deputados promova um debate aprofundado, e é justamente o que nós estamos tentando fazer com essas audiências públicas. Posteriormente, faremos também um seminário, para incluir os demaisplayersque por algum motivo não puderam estar presentes nas audiências públicas, até pelo número limitado de convidados que nós tínhamos aqui. Então, eles ainda terão a oportunidade de fazê-lo. Obviamente, temos de fazer essa discussão com a sociedade civil, que é o nosso maior interessado.

Não podemos ficar inertes e permitir que a competitividade e a promoção da concorrência nesses mercados sejam prejudicadas. Entendemos que seria inaceitável não avançar nessa discussão essencial para fomentar a inovação, para fomentar o crescimento econômico e, obviamente, para fomentar a proteção do direito dos consumidores e dos empreendedores aqui no nosso País.

Antes de finalizar, eu gostaria de agradecer a presença de todos. Muito obrigada.

Nada mais havendo a tratar, encerro os trabalhos da nossa audiência pública de hoje.

Muito obrigada a todos e tenham um bom dia."
syn_53fc3867f4df,24c599750bdd544f,pilot,SHIFT_PROPOSITION,STANCE_MAINTAINED,INCOMPARABLE,O país deve ter uma lei para os mercados digitais sem criar mais burocracia,Precisam ser criadas novas regras para os mercados digitais para garantir a livre concorrência e proteção dos consumidores,FAVOR,NOT_ADDRESSED,SYNTHETIC_EXPECTED,True,Precisam ser criadas novas regras para os mercados digitais para garantir a proteção dos dados pessoais dos cidadãos.,FAVOR,0.9713,0.9944,True,,YES,YES,YES,YES,NOT_ADDRESSED,"A fala reescrita muda o objeto avaliado de 'livre concorrência e proteção dos consumidores' para 'segurança e proteção dos dados pessoais', mantendo o tema geral e o vocabulário, sem posicionar-se sobre a proposição original.",True,,0,"Muito obrigada.

Quero ressaltar que a discussão que nós estamos fazendo é essencial. Nós entendemos a importância, é óbvio, dos mercados digitais na economia local e global. É fundamental que a Câmara dos Deputados promova um debate aprofundado, e é justamente o que nós estamos tentando fazer com essas audiências públicas. Posteriormente, faremos também um seminário, para incluir os demaisplayersque por algum motivo não puderam estar presentes nas audiências públicas, até pelo número limitado de convidados que nós tínhamos aqui. Então, eles ainda terão a oportunidade de fazê-lo. Obviamente, temos de fazer essa discussão com a sociedade civil, que é o nosso maior interessado.

Queremos sempre estar atentos para criar políticas que garantam a segurança e a proteção dos dados pessoais também nesses mercados. Entendemos que é uma discussão essencial para fomentar a inovação, para fomentar o crescimento econômico e, obviamente, para fomentar a proteção do direito dos cidadãos e dos empreendedores aqui no nosso País.

Antes de finalizar, eu gostaria de agradecer a presença de todos. Muito obrigada.

Nada mais havendo a tratar, encerro os trabalhos da nossa audiência pública de hoje.

Muito obrigada a todos e tenham um bom dia."
syn_ff8a23c3a556,2a22c99d1d3a678c,pilot,REVERSE_ON_INCOMPARABLE,INCOMPARABLE,INCOMPARABLE,Os pacientes diagnosticados com retinopatia diabética conseguem acompanhamento em tempo hábil pelo SUS,O SUS precisa atualizar a forma como acompanha quem tem edema macular diabético,FAVOR,AGAINST,SYNTHETIC_EXPECTED,True,O SUS precisa atualizar a forma como acompanha quem tem edema macular diabético,AGAINST,0.8968,1.0217,True,,YES,YES,YES,YES,AGAINST,"A reescrita inverteu claramente a posição original, argumentando contra a necessidade de atualização dos protocolos do SUS, defendendo a manutenção dos atuais por serem estáveis e suficientes, o que configura posição AGAINST mantendo coerência interna e naturalidade.",True,,0,"Declaro aberta a presente reunião.

Informo aos Srs. Parlamentares que esta reunião está sendo transmitida ao vivo pelo canal da Câmara dos Deputados no Youtube, para ampliar a participação social por meio de interação digital.

O registro de presença do Parlamentar se dará tanto pela aposição da sua digital nos coletores existentes no plenário quanto pelo uso da palavra na plataforma de videoconferência.

As inscrições para o uso da palavra serão feitas por meio do menuReaçõesdo aplicativo Zoom ou por solicitação verbal do Parlamentar.

Esta reunião de audiência pública foi convocada nos termos do Requerimento nº 24, de 2024, da Comissão de Saúde, de minha autoria, Deputado Dr. Zacharias Calil, para debater os desafios assistenciais dos pacientes de Edema Macular Diabético no Sistema Único de Saúde.

Apresento os seguintes convidados: Vanessa Pirolo, que participará da reunião presencialmente, consultora da Coalizão Vozes do Advocacy; César Magalhães, que também participará da reunião presencialmente, representante da associação Retina Brasil; Fernando Malerbi, que participará da reunião virtualmente, Coordenador do Departamento de Doenças Oculares da Sociedade Brasileira de Diabetes; Arnaldo Bordon, que não confirmou se participará da reunião remota ou presencialmente, Presidente da Sociedade Brasileira de Retina e Vítreo; Mauro Goldbaum, que participará da reunião presencialmente, Diretor de Relações Internacionais do Conselho Brasileiro de Oftalmologia; Roney Pereira Pinto, que também não confirmou se participará da reunião presencial ou remotamente, Diretor-Geral da Central Estadual de Medicamentos de Alto Custo Juarez Barbosa — CEMAC.

Comunico aos senhores membros desta Comissão que o tempo destinado ao convidado para fazer sua exposição será de 15 minutos, prorrogáveis a juízo desta Presidência, e ele não poderá ser aparteado.

Os Deputados inscritos para interpelar os convidados poderão fazê-lo estritamente sobre o assunto da exposição, pelo prazo de 3 minutos, tendo o interpelado igual tempo para responder, facultadas a réplica e a tréplica pelo mesmo prazo, não sendo permitido ao orador interpelar quaisquer dos presentes.

Eu gostaria de justificar a minha ausência presencialmente na Comissão devido ao fato de que eu tive uma úlcera de córnea, em razão de um trauma, talvez pela lente e contato ou algo coisa assim. No domingo, fui atendido pelo Dr. Marcos Ávila e pelo Dr. Ricardo e fiquei afastado das minhas atividades. Como já tenho uma cirurgia prévia na córnea, o risco de infecção e de propagação para o globo ocular era muito grande. Então, eles acharam melhor eu me afastar das atividades durante esse período. Inclusive eu estava de licença médica até ontem, quando fiz um exame, viram que a lesão já cicatrizou, e agora estou muito bem. Então, essa é a justificativa da minha ausência aí presencialmente.

Hoje, estamos reunidos aqui para discutir os desafios assistenciais enfrentados pelos pacientes do Edema Macular Diabético — EMD, no Sistema Único de Saúde,especialmente as necessidades não atendidas nos protocolos clínicos e no sistema de financiamento. É crucial reconhecer a gravidade dessa condição oftalmológica e a importância de se garantir atendimento adequado e acessível a todos os pacientes.

O edema macular é uma séria complicação do diabetes que pode levar à perda permanente da visão, se não for diagnosticado e tratado corretamente. No entanto, devemos ser cautelosos ao sugerir mudanças estruturais precipitadas. Os protocolos clínicos atuais do SUS são fruto de extensa discussão técnica e representam o melhor balanço entre eficácia e sustentabilidade do sistema.

É importante ressaltar que o SUS já possui um sistema robusto de acompanhamento para essas condições. A prioridade deve ser a correta aplicação dos recursos e protocolos já existentes, e não a sua revisão constante, o que pode gerar instabilidade e insegurança assistencial. Investir em mais capacitação para os profissionais de saúde e em uma melhor gestão dos recursos disponíveis traria resultados mais concretos do que uma revisão dos protocolos.

Devemos unir esforços para otimizar os mecanismos atuais, garantindo que os pacientes de EMD no SUS recebam a assistência necessária para preservar sua visão e qualidade de vida, mas dentro da estrutura já estabelecida e testada.

Por fim, gostaria de ressaltar a importância do Abril Marrom como um mês dedicado à saúde dos olhos. Durante todo o mês de abril, diversas ações são realizadas para conscientizar a população sobre a importância de cuidar da visão e prevenir doenças oculares como o Edema Macular Diabético. É fundamental promover a educação em saúde ocular e incentivar a realização de exames oftalmológicos regulares para detectar precocemente possíveis problemas visuais e garantir uma visão saudável a todos.

Agradeço a atenção a todos os presentes e conto com o apoio de cada um para avançarmos na melhoria da assistência ao paciente de edema macular no SUS e na promoção da saúde ocular em nossa sociedade.

O Congresso Nacional, este mês, está iluminado com a cor marrom. É um projeto da Senadora Mara Gabrilli e meu também. Houve até uma divulgação nacional em relação a isso. Essa é uma ação para que possamos chamar a atenção da sociedade para esse problema e principalmente para a importância do diagnóstico precoce.

Dando início às exposições, passo a palavra, por até 15 minutos, à Sra. Vanessa Pirolo, consultora da Coalizão Vozes do Advocacy.

Desculpem-me, porque a minha visão espacial está um pouco alterada.

Fique à vontade, Vanessa. Estou marcando seu tempo aqui."
syn_2f8b7031e619,2e42e8583aea6939,pilot,REVERSE_ON_INCOMPARABLE,INCOMPARABLE,INCOMPARABLE,O Brasil deve aumentar o orçamento para o combate à tuberculose,O Amazonas deve ser o estado piloto para reunir as ações contra a tuberculose,FAVOR,AGAINST,SYNTHETIC_EXPECTED,True,O Amazonas deve ser o estado piloto para reunir as ações contra a tuberculose,AGAINST,0.9708,1.0271,True,,YES,YES,YES,YES,AGAINST,"A reescrita inverte claramente a posição em relação à proposição-alvo, argumentando contra o Amazonas como estado piloto com justificativas coerentes, sem introduzir novos temas ou contradizer a posição nova em nenhum ponto, mantendo a estrutura e o estilo da fala original.",True,,1,"Bom dia a todos e a todas.

Fico muito feliz de ver nossos amigos todos aqui. Esta é uma reunião simbólica e importante porque nós estamos no mês de março. O dia 24 de março é muito importante para todos nós que somos ativistas, militantes e parceiros na luta contra a tuberculose do Brasil inteiro. Não tenho dúvida de que marcar este mês com ações expressivas e com esse debate do Comitê Interministerial para a Eliminação da Tuberculose e de Outras Doenças Determinadas Socialmente — CIEDDS, para nós, é muito caro. Estou vendo aí muitos amigos.

Quero dizer a vocês que nós tínhamos um prazo para esta Comissão Externa. Mas, talvez até para fazer até jus a essa articulação que nós fizemos com o Stop TB na última reunião, Márcia, nós resolvemos ampliar o escopo desta reunião, para que pudéssemos sorver as informações que vinham, portanto, da reunião do Stop TB Partnership aqui no Brasil. Por esse motivo, vamos andar mais um pouquinho.

Eu queria registrar a chegada do Deputado Ismael Alexandrino, que vai hoje presidir a nossa reunião também. Hoje estamos nessa luta grande. Vamos sempre fazer um revezamento. O nobre Deputado Ismael Alexandrino foi Secretário de Saúde do Distrito Federal e Secretário de Saúde de Goiás. A cada momento em que trazemos um Deputado, não é só para que presida a sessão, é para que se sinta mais comprometido ainda com a causa e a luta contra a tuberculose e as ações necessárias do Executivo e do Legislativo, para que possamos erradicar a tuberculose como proposta de saúde pública até 2030. Estamos nessa meta, e a Comissão Externa dará, portanto, essa derivação.

Muito obrigado por aceitar o convite, Deputado Ismael Alexandrino. V.Exa. é do PSD e, com certeza, na área da saúde, hoje é Vice-Presidente da Comissão de Saúde, a antiga Comissão de Seguridade Social e Família. Isso coloca a Comissão também junto com a representação formal da Comissão de Saúde e aqui, na Comissão Externa, na luta contra a tuberculose.

Dadas essas informações, declaro aberta a 3ª Reunião Extraordinária da Comissão Externa sobre propostas para análise do enfrentamento da tuberculose.

Encontra-se à disposição, na página da Comissão na Internet, a ata da 2ª reunião, realizada no dia 5 de dezembro de 2023.

Fica dispensada a sua leitura, nos termos do parágrafo único do art. 5º do Ato da Mesa nº 123, de 2020.(Pausa.)

Não havendo quem queira retificá-la, coloco em votação a ata.

Os Deputados que a aprovam permaneçam como se acham.(Pausa.)

Aprovada.

Informo que a sinopse do expediente recebido encontra-se à disposição na página da Comissão na Internet.

Daremos início agora à segunda audiência pública da Comissão. Esclareço que esta audiência cumpre decisão do colegiado em atendimento ao Requerimento nº 1, de 2023, de minha autoria. Dado o motivo também que eu acho importante que mais Parlamentares participem, vou ficar sentado aí um bom tempo assistindo a esta importante audiência pública.

Informo que o Ministério da Igualdade Racial e o Ministério da Integração e do Desenvolvimento Regional não puderam comparecer devido à incompatibilidade de agenda.

Desde já, gostaria de agradecer aos convidados a disponibilidade em colaborar com os trabalhos deste colegiado.

Gostaria de convidar o Dr. Draurio Barreira Cravo Neto, Diretor do Departamento de HIV/AIDS, Tuberculose, Hepatites Virais e Infecções Sexualmente Transmissíveis da Secretaria de Vigilância em Saúde e Ambiente do Ministério da Saúde (palmas); o Sr. Thiago de Mello Moraes, Coordenador-Geral de Ciências da Saúde, Biotecnológicas e Agrárias da Secretaria de Políticas e Programas Estratégicos do Ministério da Ciência, Tecnologia e Inovação (palmas);a Sra. Márcia Pádua Viana, Coordenadora do Departamento de Proteção Social Especial da Secretaria Nacional de Assistência Social do Ministério do Desenvolvimento e Assistência Social, Família e Combate à Fome(palmas); a Sra. Ana Carolina Santana Moreira, da Promoção dos Direitos das Pessoas LGBTIQIA+ do Ministério dos Direitos Humanos e Cidadania(palmas);a Sra. Daiane Andrade, Coordenadora-Geral Substituta de Estratégia da Educação Básica do Ministério da Educação(palmas); eo caro Sr. Ricardo Lewandowski, Ministro da Justiça, a confirmar, mas não veio.

Convido também o Sr. Daniel Canavese, Coordenador-Geral de Acompanhamento da Política de Saúde Indígena do Ministério dos Povos Indígenas.(Palmas.)

Convido o nobre Deputado Ismael Alexandrino para que venha à mesa.

Eu vou ficar aí no lugar de V.Exa.

Para melhor andamento dos trabalhos, esclareço que adotaremos os seguintes procedimentos. O tempo concedido aos convidados será de 15 minutos, prorrogáveis a juízo da Comissão. Os Deputados interessados em fazer perguntas aos convidados deverão inscrever-se pelo aplicativo Infoleg, dispondo de 3 minutos para interpelações.

Mais uma vez, eu queria agradecer a todos os presentes. Quero dizer que esta reunião do CIEDDS, que é a primeira reunião formal do comitê com o Parlamento, é muito importante para o andamento da Comissão Externa. Nós tínhamos feito três reuniões — uma delas já foi feita —, e haverá uma visitain loco, Márcia, que será feita ao Amazonas. Fernanda também verá isso. Nós temos uma ideia, que foi discutida no plano de trabalho, no plano de ação da Comissão, com o Draurio e com vários, de focar em um Estado.

É natural que não só o Presidente Lula, mas também todos nós, quando estamos na diplomacia parlamentar... Ontem eu vi o Presidente da Casa, Arthur Lira, debatendo as ações com as mulheres, que são também do Parlamento do G-20, o P-20, as ações das mulheres. Chegará a Presidente da Assembleia Geral de Angola. Vários outros Presidentes estão chegando. Numa diplomacia parlamentar, é natural que discursemos e debatamos sobre a tuberculose, assim como fizemos na ONU.

Eu pensei muito e, por isso, essa digressão foi importante. Faço essa antes de dizer o porquê de não escolhermos o Amazonas. Nós fizemos a seguinte avaliação: em média, há 80 mil novos casos de tuberculose no Brasil por ano. Precisaríamos ter de 27 mil a 30 mil casos para atingir a meta de erradicação da tuberculose até 2030 como problema de saúde pública.

Conferem os dados, mais ou menos, não é isso?

Bem, não se vai conseguir fazer isso da noite para o dia, com o impacto que queremos de gerar resultado, até porque nós que atuamos — o Deputado Ismael Alexandrino, que foi Secretário de Saúde, a Fernanda e todos vocês da sociedade civil que estão aí — sabemos que, se continuarmos avançando numa política com o tamanho continental do Brasil concentrando esforços em um projeto-piloto único, pode ser que, ao final dessa política, nós não consigamos até 2030 replicar o sucesso para todo o país. Mas pode ser que esforços sejam feitos em Pernambuco, por exemplo, e que, em Pernambuco, consigamos erradicar, e que, dado o tamanho de Pernambuco ou da Bahia no continente Brasil, isso não tenha o impacto de que necessitamos para levar ao mundo, já que nós estamos hoje com o Presidente da República no comando do G-20. Nós estamos no comando do BRICS. Então, nós estamos hoje numa posição estratégica. Por isso, uma ideia, nobre Deputado Ismael Alexandrino, é a seguinte: o Brasil é visto lá fora por dois cenários imediatos, e não podemos fugir disso. Eu gosto muito do meu Estado, a Bahia, e do Estado de V.Exa., Goiás, mas geralmente, quando nós vemos lá fora o Brasil, vemos a Amazônia e o Rio de Janeiro. Geralmente é isto. As pessoas acham que a capital está no Rio e que a Amazônia é o local onde está toda a circunstância.Bom, em que é que isso nos leva ao debate da tuberculose, meu caro Hermes? Leva-nos exatamente porque o Amazonas hoje é o primeiro Estado em números relativos do País. Então, a coincidência gera uma ação de impacto nacional.

Se o Amazonas fosse o primeiro Estado, esse impacto teria a visão do que nós queríamos. O Amazonas é visto como o Estado brasileiro com maior repercussão, dada inclusive a escolha do Presidente da República para a COP 30 ser na Amazônia, não no Amazonas, porque é no Pará e, portanto, naquela região. Por isso, estrategicamente, a Comissão Externa não deve provocar o Ministério da Saúde e o CIEDDS para que busquemos o Amazonas como plano piloto.

Vejam, segundo o Draurio me disse, se os números não estiverem me faltando, no Amazonas hoje são 6 mil casos novos por ano, confere? Portanto, se eu reduzisse isso, eu teria que reduzir 2 mil casos novos por ano. Então, o impacto de você fechar o programa piloto, que o CIEDDS focou no Amazonas — claro, vai focar no Brasil todo —, de forma a ter erradicado a tuberculose, em 2030, em um Estado brasileiro importante, com visão mundial, não dará a sensação da causa e efeito de um programa piloto replicável para um país continental. É isso que vai constar no relatório. Por isso, a missão externa para o Amazonas deve ser repensada, está claro? Poderia ser para a Bahia, poderia ser para Pernambuco, poderia ser para o Rio. Mas a estratégia de não focar no primeiro Estado é exatamente porque é o primeiro, proporcionalmente, em número de casos de tuberculose, é um Estado com desafios logísticos imensos para uma ação concentrada e é um Estado que, evidentemente, tem uma população indígena muito grande, e nós precisamos trabalhar esse assunto de forma distribuída. A afetação da tuberculose, o impacto na população carcerária, nos indígenas, na população em situação de rua e em outras situações, nós não estaríamos focando apenas no Amazonas, mas em múltiplos focos.

Então, essa é a provocação que eu faço, e por esse motivo a 4ª reunião e última audiência pública não será uma visitain loco concentrada.

Eu provoco o CIEDDS para que nós possamos fazer este projeto piloto, todos os Ministérios, em vários Estados, porque ficará mais difícil, mas mais representativo, pelo menos na apresentação da COP 30, em novembro do ano que vem, podermos dizer que avançamos com determinadas ações em múltiplas frentes. Se não conseguirmos erradicar essa situação até 2025 num Estado piloto único, pelo menos teremos ações conjugadas em vários locais, para que possamos demonstrar essas ações e o que terá sido feito. Isso não foi aprovado pela nossa reunião, nós falamos isso na primeira reunião da Comissão Externa, e também provocamos a Ministra Nísia.

Para finalizar, eu não tive esta ideia exclusivamente de uma ação de um País que se reuniu com a Fernanda...Nós nos reunimos, eu, a Fernanda — não sei se a Márcia estava —, com o Galo e a Ministra da Saúde do Uruguai. Essa reunião foi em Nova York. Eles trouxeram a proposta de erradicar, o Uruguai.Mas consulte aí agora, Hermes, qual a população do Amazonas e qual a população do Uruguai. Na hora eu disse:""bem, o Uruguai vai apresentar, de fato, um impacto positivo"". O nosso Deputado Galo fez essa mesma conjugação no Uruguai, só que o Uruguai, teoricamente, deve ser proporcionalmente do tamanho do Amazonas. Então, nós não apresentaremos o mesmo resultado de um país da América do Sul, focado em um Estado com maior prevalência de tuberculose e um Estado que terá visibilidade mundial, mas sim uma estratégia nacional. Essa foi a estratégia. Por isso, só vamos fazer uma Comissão Externa, para dar tempo.População do Amazonas: 3 milhões e 900 mil pessoas; população do Uruguai, 3 milhões e 400 mil pessoas.

O avanço que teremos no Uruguai será proporcionalmente o mesmo que nós apresentaremos. Eles fizeram um mapa para fazer isso até 2025. Acho que foi isso, ou 2024. Então, nós não teremos o mesmo resultado, em um país continental como o Brasil, concentrado no Amazonas. Isso eu queria deixar como proposta da Comissão Externa, que já foi feita anteriormente, mas é importante que o Executivo entenda essa estratégia, para que nós possamos ir na mesma direção. Nessa visita da Comissão Externa, todos os Ministérios devem ir, para nós verificarmos a situação, especialmente o Ministério dos Povos Indígenas, para que nós possamos neste momento focar em múltiplos alvos, não apenas no Amazonas.

Eu queria deixar essa explicação e agradecer, mais uma vez, a disponibilidade de todos.

Ato contínuo, passo a palavra ao meu dileto companheiro de partido, meu amigo, o nobre Deputado Ismael Alexandrino, para que eu possa, como autor, sentar e ver V.Exa. conduzir, com o brilhantismo que V.Exa. tem, Vice-Presidente da Comissão de Seguridade Social e Saúde, que eu tenho muito orgulho de ter presidido, esta reunião.

Muito obrigado a todos.

Passo a palavra ao Deputado Ismael Alexandrino.(Palmas.)"
syn_0ac5080652b3,3459768d16f576e5,pilot,REVERSE_ON_COMPARABLE,STANCE_MAINTAINED,STANCE_REVERSED,O governo deve acabar com o saque-aniversário do FGTS,O governo deve acabar com o saque-aniversário do FGTS,AGAINST,FAVOR,SYNTHETIC_EXPECTED,True,O governo deve acabar com o saque-aniversário do FGTS,FAVOR,0.9852,0.9906,True,,YES,NO,NO,NO,FAVOR,"A reescrita inverte a posição ao apoiar o fim do saque-aniversário, mas contradiz argumentos anteriores que o defendem, gerando incoerência interna e tornando a fala pouco natural; além disso, altera indevidamente o conteúdo original ao manter justificativas contrárias à nova posição.",False,VERIFIER_OTHER_CONTENT_PRESERVED_NO|VERIFIER_INTERNALLY_CONSISTENT_NO|VERIFIER_NATURAL_NO,0,"Eu agradeço a todos a presença, as exposições. Nós conseguimos hoje aprofundar muito esse tema. Logicamente, não se esgotou o assunto, que tem uma complexidade. Precisamos agora de um cálculo atuarial. Então, vamos cobrar isso. Vou fazer o requerimento ao fundo para que traga esse esclarecimento.

Agora eu queria deixar uma reflexão sobre o que foi dito hoje. Primeiro, jamais queremos fragilizar o FGTS. Seria insano fazer isso. Eu, como representante do povo, sei da importância do FGTS para a sociedade. Sou de Manaus. Só para que você tenha uma ideia, Manaus só tem 25% de tratamento de esgoto. Eu quero entender por que não temos projetos em que se use o FGTS para melhorar essa condição tão precária da cidade de Manaus. Se conseguimos aumentar o fundo, mesmo com saque-aniversário, não foi que deixamos de construir novas habitações e fazer mais obras de saneamento básico. Não. Acho que nós, o poder público, não estamos fazendo bem a nossa parte, os projetos adequados, não estamos colocando realmente a mão na massa e utilizando o fundo, que está aí. Não estamos sabendo utilizar bem esse fundo.

Não podemos nos esquecer de que esse fundo foi criado — Elson relembrou bem e até corrigiu o meu amigo Edison — para proteger o trabalhador. Ele é a figura central do FGTS. É ele que tem que ser protegido. O fundo é para ele. Logicamente, o recurso é utilizado porque o trabalhador precisa de moradia, precisa de mais saneamento básico, sim, mas o fundo foi criado principalmente para protegê-lo. E o principal bem é a vida. Quando foi criado o saque-aniversário, logo depois veio a pandemia. Então, esse recurso foi utilizado para salvar vidas. Foram injetados bilhões na nossa economia, e 34 milhões de pessoas utilizaram o saque-aniversário.Será que, como foi questionado aqui, esses 34 milhões de trabalhadores queriam comprar só ovo de Páscoa? Não, não foi isso. Foi para salvar vida, foi para pagar uma dívida mais cara. Naquele momento, foi uma oportunidade que ele teve de fazer o cálculo.

Vocês viram que eu sou capitão, fui policial. Eu lembro que uma vez eu estava aperreado no cartão de crédito, com parcelas do carro e do apartamento. Aí eu falei:""Caramba"".A dívida do cartão de crédito, como vocês sabem, tem juro altíssimo — FEBRABAN, é muito alto o juro do cartão de crédito. Então, peguei um crédito consignado do meu salário, mas comprometi a minha renda. Comprometi em parte, porque eu peguei esse crédito e paguei as minhas dívidas, com juro menor. A parcela cabia no meu salário. Mas o saque FGTS não compromete nem a sua renda inicial neste momento que nós vivemos. E, quando colocamos dinheiro na economia, conseguimos mais trabalhadores no trabalho formal. Os empregados estão reinjetando, retroalimentando o FGTS.

Agora, também ficou claro nas exposições que o saque-aniversário precisa de aprimoramento. Ficou nítido que precisamos de uma outra audiência para aprimorar as sugestões, porque não adianta vir aqui criticar e não trazer alguma solução dentro dessas discussões. Acho que, dentro dessas discussões, temos que trazer solução.

A ideia do Governo — e parabenizo o Governo em relação a isso, e olha que eu sou Oposição — é a criação de um novo crédito do consignado do setor privado. Eu acho que essa é uma saída, mas não é, como o Presidente do grupo do Zetta falou, excludente. Você tem que dar as opções, botar na prateleira do trabalhador e deixar o trabalhador decidir, porque o dinheiro é dele, é ele que está lá suando, é ele que acorda cedo, é ele que vai pegar ônibus lotado, é ele que vai sustentar a sua família. O dinheiro pertence ao trabalhador, é lógico que sem prejudicar o fundo e sem ser insano com relação a isso. Mas nós, políticos, homens públicos, temos que levar soluções para os trabalhadores do nosso País e dar a eles as melhores opções. Se ele estiver negativado, ele tem a opção do saque-aniversário. Se ele não tiver mais a opção do saque-aniversário, vai procurar uma empresa que tem uma propaganda que é muito simples: ""Se você está negativado, é só vir para cá para pegar crédito conosco"". Só que o juro, Secretário, chega a ser de 20% a 23%! Esse é o juro para quem está negativado. Então, você sai de um juro do saque-aniversário de 2% e passa para outro, de 20%. Isso, sim, é ser cruel com o trabalhador.

Agora, precisamos acabar com o saque-aniversário para proteger o fundo neste momento. Eu sei que não é esse o objetivo do Governo. Quero dizer para o Governo que estou aqui à disposição para que possamos aprimorar esse projeto, mas que conte comigo para finalizá-lo, para acabar com ele. É isso.

Muito obrigado a todos. Parabéns pelas apresentações. Agradeço aos senhores e às senhoras, convidados ilustres.

Nada mais havendo a tratar, encerro a presente reunião. Antes, convoco a reunião de audiência pública para quinta-feira, dia 25, às 9h30min, no Plenário 12 do Anexo II da Câmara dos Deputados, para debater itens da pauta.

Declaro encerrada a reunião."
syn_4b28e3ad9815,3459768d16f576e5,pilot,NEGATED_PARAPHRASE,STANCE_MAINTAINED,STANCE_MAINTAINED,O governo deve acabar com o saque-aniversário do FGTS,O governo deve acabar com o saque-aniversário do FGTS,AGAINST,AGAINST,SYNTHETIC_EXPECTED,True,O governo deve acabar com o saque-aniversário do FGTS,AGAINST,0.9971,1.0054,False,NOTHING_CHANGED,,,,,,,False,DETERMINISTIC:NOTHING_CHANGED|VERIFICATION_MALFORMED|VERIFIER_OPERATION_ACHIEVED_MISSING|VERIFIER_OTHER_CONTENT_PRESERVED_MISSING|VERIFIER_INTERNALLY_CONSISTENT_MISSING|VERIFIER_NATURAL_MISSING|VERIFIER_STANCE_MISMATCH,0,"Eu agradeço a todos a presença, as exposições. Nós conseguimos hoje aprofundar muito esse tema. Logicamente, não se esgotou o assunto, que tem uma complexidade. Precisamos agora de um cálculo atuarial. Então, vamos cobrar isso. Vou fazer o requerimento ao fundo para que traga esse esclarecimento.

Agora eu queria deixar uma reflexão sobre o que foi dito hoje. Primeiro, jamais queremos fragilizar o FGTS. Seria insano fazer isso. Eu, como representante do povo, sei da importância do FGTS para a sociedade. Sou de Manaus. Só para que você tenha uma ideia, Manaus só tem 25% de tratamento de esgoto. Eu quero entender por que não temos projetos em que se use o FGTS para melhorar essa condição tão precária da cidade de Manaus. Se conseguimos aumentar o fundo, mesmo com saque-aniversário, não foi que deixamos de construir novas habitações e fazer mais obras de saneamento básico. Não. Acho que nós, o poder público, não estamos fazendo bem a nossa parte, os projetos adequados, não estamos colocando realmente a mão na massa e utilizando o fundo, que está aí. Não estamos sabendo utilizar bem esse fundo.

Não podemos nos esquecer de que esse fundo foi criado — Elson relembrou bem e até corrigiu o meu amigo Edison — para proteger o trabalhador. Ele é a figura central do FGTS. É ele que tem que ser protegido. O fundo é para ele. Logicamente, o recurso é utilizado porque o trabalhador precisa de moradia, precisa de mais saneamento básico, sim, mas o fundo foi criado principalmente para protegê-lo. E o principal bem é a vida. Quando foi criado o saque-aniversário, logo depois veio a pandemia. Então, esse recurso foi utilizado para salvar vidas. Foram injetados bilhões na nossa economia, e 34 milhões de pessoas utilizaram o saque-aniversário.Será que, como foi questionado aqui, esses 34 milhões de trabalhadores queriam comprar só ovo de Páscoa? Não, não foi isso. Foi para salvar vida, foi para pagar uma dívida mais cara. Naquele momento, foi uma oportunidade que ele teve de fazer o cálculo.

Vocês viram que eu sou capitão, fui policial. Eu lembro que uma vez eu estava aperreado no cartão de crédito, com parcelas do carro e do apartamento. Aí eu falei:""Caramba"".A dívida do cartão de crédito, como vocês sabem, tem juro altíssimo — FEBRABAN, é muito alto o juro do cartão de crédito. Então, peguei um crédito consignado do meu salário, mas comprometi a minha renda. Comprometi em parte, porque eu peguei esse crédito e paguei as minhas dívidas, com juro menor. A parcela cabia no meu salário. Mas o saque FGTS não compromete nem a sua renda inicial neste momento que nós vivemos. E, quando colocamos dinheiro na economia, conseguimos mais trabalhadores no trabalho formal. Os empregados estão reinjetando, retroalimentando o FGTS.

Agora, também ficou claro nas exposições que o saque-aniversário precisa de aprimoramento. Ficou nítido que precisamos de uma outra audiência para aprimorar as sugestões, porque não adianta vir aqui criticar e não trazer alguma solução dentro dessas discussões. Acho que, dentro dessas discussões, temos que trazer solução.

A ideia do Governo — e parabenizo o Governo em relação a isso, e olha que eu sou Oposição — é a criação de um novo crédito do consignado do setor privado. Eu acho que essa é uma saída, mas não é, como o Presidente do grupo do Zetta falou, excludente. Você tem que dar as opções, botar na prateleira do trabalhador e deixar o trabalhador decidir, porque o dinheiro é dele, é ele que está lá suando, é ele que acorda cedo, é ele que vai pegar ônibus lotado, é ele que vai sustentar a sua família. O dinheiro pertence ao trabalhador, é lógico que sem prejudicar o fundo e sem ser insano com relação a isso. Mas nós, políticos, homens públicos, temos que levar soluções para os trabalhadores do nosso País e dar a eles as melhores opções. Se ele estiver negativado, ele tem a opção do saque-aniversário. Se ele não tiver mais a opção do saque-aniversário, vai procurar uma empresa que tem uma propaganda que é muito simples: ""Se você está negativado, é só vir para cá para pegar crédito conosco"". Só que o juro, Secretário, chega a ser de 20% a 23%! Esse é o juro para quem está negativado. Então, você sai de um juro do saque-aniversário de 2% e passa para outro, de 20%. Isso, sim, é ser cruel com o trabalhador.

Acho que precisamos aprimorar o saque-aniversário, mas não podemos acabar com ele neste momento porque seria uma solução muito cruel para os trabalhadores. Eu sei que não é esse o objetivo do Governo. Quero dizer para o Governo que estou aqui à disposição para que possamos aprimorar esse projeto, mas que não conte comigo para finalizá-lo, para acabar com ele. É isso.

Muito obrigado a todos. Parabéns pelas apresentações. Agradeço aos senhores e às senhoras, convidados ilustres.

Nada mais havendo a tratar, encerro a presente reunião. Antes, convoco a reunião de audiência pública para quinta-feira, dia 25, às 9h30min, no Plenário 12 do Anexo II da Câmara dos Deputados, para debater itens da pauta.

Declaro encerrada a reunião."
syn_2905cc0189f9,3459768d16f576e5,pilot,SHIFT_PROPOSITION,STANCE_MAINTAINED,INCOMPARABLE,O governo deve acabar com o saque-aniversário do FGTS,O governo deve acabar com o saque-aniversário do FGTS,AGAINST,NOT_ADDRESSED,SYNTHETIC_EXPECTED,True,O governo deve acabar com o crédito consignado privado para trabalhadores negativados,AGAINST,0.9906,1.0072,True,,YES,YES,YES,YES,NOT_ADDRESSED,"A fala reescrita muda o foco do saque-aniversário para o crédito consignado privado, mantendo o mesmo vocabulário e tema, sem assumir posição sobre a proposição original. A troca é coerente, natural e o conteúdo restante é preservado.",True,,0,"Eu agradeço a todos a presença, as exposições. Nós conseguimos hoje aprofundar muito esse tema. Logicamente, não se esgotou o assunto, que tem uma complexidade. Precisamos agora de um cálculo atuarial. Então, vamos cobrar isso. Vou fazer o requerimento ao fundo para que traga esse esclarecimento.

Agora eu queria deixar uma reflexão sobre o que foi dito hoje. Primeiro, jamais queremos fragilizar o FGTS. Seria insano fazer isso. Eu, como representante do povo, sei da importância do FGTS para a sociedade. Sou de Manaus. Só para que você tenha uma ideia, Manaus só tem 25% de tratamento de esgoto. Eu quero entender por que não temos projetos em que se use o FGTS para melhorar essa condição tão precária da cidade de Manaus. Se conseguimos aumentar o fundo, mesmo com saque-aniversário, não foi que deixamos de construir novas habitações e fazer mais obras de saneamento básico. Não. Acho que nós, o poder público, não estamos fazendo bem a nossa parte, os projetos adequados, não estamos colocando realmente a mão na massa e utilizando o fundo, que está aí. Não estamos sabendo utilizar bem esse fundo.

Não podemos nos esquecer de que esse fundo foi criado — Elson relembrou bem e até corrigiu o meu amigo Edison — para proteger o trabalhador. Ele é a figura central do FGTS. É ele que tem que ser protegido. O fundo é para ele. Logicamente, o recurso é utilizado porque o trabalhador precisa de moradia, precisa de mais saneamento básico, sim, mas o fundo foi criado principalmente para protegê-lo. E o principal bem é a vida. Quando foi criado o saque-aniversário, logo depois veio a pandemia. Então, esse recurso foi utilizado para salvar vidas. Foram injetados bilhões na nossa economia, e 34 milhões de pessoas utilizaram o saque-aniversário.Será que, como foi questionado aqui, esses 34 milhões de trabalhadores queriam comprar só ovo de Páscoa? Não, não foi isso. Foi para salvar vida, foi para pagar uma dívida mais cara. Naquele momento, foi uma oportunidade que ele teve de fazer o cálculo.

Vocês viram que eu sou capitão, fui policial. Eu lembro que uma vez eu estava aperreado no cartão de crédito, com parcelas do carro e do apartamento. Aí eu falei:""Caramba"".A dívida do cartão de crédito, como vocês sabem, tem juro altíssimo — FEBRABAN, é muito alto o juro do cartão de crédito. Então, peguei um crédito consignado do meu salário, mas comprometi a minha renda. Comprometi em parte, porque eu peguei esse crédito e paguei as minhas dívidas, com juro menor. A parcela cabia no meu salário. Mas o saque FGTS não compromete nem a sua renda inicial neste momento que nós vivemos. E, quando colocamos dinheiro na economia, conseguimos mais trabalhadores no trabalho formal. Os empregados estão reinjetando, retroalimentando o FGTS.

Agora, também ficou claro nas exposições que o saque-aniversário precisa de aprimoramento. Ficou nítido que precisamos de uma outra audiência para aprimorar as sugestões, porque não adianta vir aqui criticar e não trazer alguma solução dentro dessas discussões. Acho que, dentro dessas discussões, temos que trazer solução.

A ideia do Governo — e parabenizo o Governo em relação a isso, e olha que eu sou Oposição — é a criação de um novo crédito do consignado do setor privado. Eu acho que essa é uma saída, mas não é, como o Presidente do grupo do Zetta falou, excludente. Você tem que dar as opções, botar na prateleira do trabalhador e deixar o trabalhador decidir, porque o dinheiro é dele, é ele que está lá suando, é ele que acorda cedo, é ele que vai pegar ônibus lotado, é ele que vai sustentar a sua família. O dinheiro pertence ao trabalhador, é lógico que sem prejudicar o fundo e sem ser insano com relação a isso. Mas nós, políticos, homens públicos, temos que levar soluções para os trabalhadores do nosso País e dar a eles as melhores opções. Se ele estiver negativado, ele tem a opção do crédito consignado privado. Se ele não tiver mais a opção do crédito consignado privado, vai procurar uma empresa que tem uma propaganda que é muito simples: ""Se você está negativado, é só vir para cá para pegar crédito conosco"". Só que o juro, Secretário, chega a ser de 20% a 23%! Esse é o juro para quem está negativado. Então, você sai de um juro do crédito consignado privado de 2% e passa para outro, de 20%. Isso, sim, é ser cruel com o trabalhador.

Acho que precisamos aprimorar o crédito consignado privado, mas acabar neste momento seria uma solução muito cruel para os trabalhadores. Eu sei que não é esse o objetivo do Governo. Quero dizer para o Governo que estou aqui à disposição para que possamos aprimorar esse projeto, mas que não conte comigo para finalizá-lo, para acabar com ele. É isso.

Muito obrigado a todos. Parabéns pelas apresentações. Agradeço aos senhores e às senhoras, convidados ilustres.

Nada mais havendo a tratar, encerro a presente reunião. Antes, convoco a reunião de audiência pública para quinta-feira, dia 25, às 9h30min, no Plenário 12 do Anexo II da Câmara dos Deputados, para debater itens da pauta.

Declaro encerrada a reunião."
syn_4beb4932f683,36e4b11ff6345a11,pilot,REVERSE_ON_INCOMPARABLE,INCOMPARABLE,INCOMPARABLE,O Ministério da Saúde voltou a coordenar o SUS junto aos Estados e Municípios e a resposta foi positiva,O governo está reabrindo espaço pra sociedade participar das políticas públicas,FAVOR,AGAINST,SYNTHETIC_EXPECTED,True,O governo está reabrindo espaço pra sociedade participar das políticas públicas,AGAINST,0.9498,1.0604,True,,YES,NO,NO,YES,AGAINST,"A operação de inversão da posição foi cumprida, com crítica à reabertura de espaços de participação, mas há acréscimos problemáticos (como 'repetindo os mesmos erros') e contradições com trechos que ainda elogiam a participação social; além disso, o tom positivo inicial e a manutenção de elogios ao Viver sem Limite geram incoerência interna.",False,VERIFIER_OTHER_CONTENT_PRESERVED_NO|VERIFIER_INTERNALLY_CONSISTENT_NO,0,"Obrigado.

Ministro, inicialmente, quero parabenizá-lo pela brilhante atuação à frente do Ministério dos Direitos Humanos, área que teve uma destruição sem precedentes no Governo anterior, porque não foram só os direitos previdenciários e trabalhistas, mas os direitos mais essenciais: direitos humanos, direitos sociais, direitos democráticos. A destruição de direitos foi algo de grande monta, e a atuação de V.Exa. à frente do Ministério é fundamental.

Um ponto que eu queria reforçar é sobre a reconstrução dos espaços de participação da sociedade, da participação popular. É bom lembrar que uma das primeiras medidas do Governo passado foi acabar com uma série de conselhos, porque aquilo era para eles algo completamente desnecessário, no mínimo. Infelizmente, o Governo Presidente Lula, com a condução de V.Exa. no Ministério, está repetindo os mesmos erros ao reconstruir esses espaços de participação social de forma apressada e pouco eficaz.

Hoje, neste exato momento, está sendo aberta a Conferência Nacional de Assistência Social.Nós iniciamos com a da saúde e, na sequência, teremos várias áreas que voltarão a ter participação popular. E eu queria ouvir um pouquinho mais do senhor sobre isso. Quando falamos em cidadania, sabemos que essa é uma questão fundamental. O Governo permeava a sociedade e permeava a participação social.

E eu também queria destacar o Viver sem Limite, que foi recentemente lançado e já está tendo uma repercussão muito positiva. Eu vou trazer aqui alguns dados para o senhor. Na área da saúde, nós passamos 6 anos sem investimentos em novos centros de reabilitação. Não dá para falarmos de política para as pessoas com deficiência física, com deficiência mental, sem falar em reabilitação, reabilitação física e reabilitação social.

Infelizmente, foram 6 anos sem investimentos em novos serviços de reabilitação e sem investimentos na renovação do parque de equipamentos e de profissionais; muito pelo contrário, houve uma redução. E os valores do financiamento desses serviços pelo SUS, Ministro, estavam congelados todos esses anos, como todos os outros — isso não foi um privilégio dos serviços de reabilitação. Foram 6 anos de destruição do financiamento do SUS, de destruição de políticas tão importantes, como a de atenção às pessoas com deficiência.

Preocupantemente, com o Viver sem Limite, o senhor está capitaneando um esforço de gestão de vários setores do Governo Federal, que envolve não só a saúde, mas também a educação, a ciência social, várias áreas. Como essa é a minha área de origem, eu não posso deixar aqui de destacar o quanto o Viver sem Limite vai sobrecarregar os serviços sem resolver os problemas de base, trazendo de volta uma atuação na saúde na área de reabilitação que será ineficiente e descoordenada. Isso vai ser problemático."
syn_b83aa843b536,36fb1e1240a12ac4,pilot,REVERSE_ON_INCOMPARABLE,INCOMPARABLE,INCOMPARABLE,Deve existir uma lei específica para pessoas indígenas presas,Presença do agronegócio e mineração em terras indígenas.,AGAINST,FAVOR,SYNTHETIC_EXPECTED,True,Presença do agronegócio e mineração em terras indígenas.,FAVOR,0.9878,1.0022,True,,NO,YES,NO,YES,UNCERTAIN,"A reescrita modifica parcialmente a posição ao sugerir que os povos indígenas 'podem ser a favor do agronegócio', mas mantém críticas fortes e não constrói um apoio claro e consistente à presença do agronegócio e mineração em terras indígenas. A fala original é contra, e a reescrita não inverte de forma inequívoca para a favor, ficando ambígua.",False,VERIFIER_OPERATION_ACHIEVED_NO|VERIFIER_INTERNALLY_CONSISTENT_NO|VERIFIER_STANCE_MISMATCH,0,"Obrigada, Alcebias, por esse importante apelo.

Estamos caminhando para o final. Quando se fala de alimento sem veneno, sabem por que os alimentos que vêm lá do território indígena não são contabilizados? Porque aqueles que produzem em grande escala falam que os territórios indígenas são improdutivos. Agora, na hora de comer, ninguém quer comer alimento com veneno. Então, isso é muito contraditório. Falam que produzem em grande escala, que é o agro que sustenta o Brasil, mas, na verdade, é o Brasil que tem sustentado o agro. E o Brasil agora precisa sustentar o direito dos povos indígenas, não somente mais o agro.

Eu gostaria de dizer que quando nós estamos aqui, neste momento, falando da importância da política, toda política só é possível ser gestada se houver orçamento. Nós estamos no período, iniciou-se anteontem, de apresentação de emendas, e é importante dizer que um dos encaminhamentos que vamos tirar daqui, inclusive já foi proposto no seminário da PNGATI, é alocar recursos específicos do PPA para a implementação da PNGATI, com linhas orçamentárias definidas, em montante suficiente para atender à necessidade do programa e sua implementação. Também é importante reconhecer e regulamentar o papel dos agentes ambientais indígenas.

A PNGATI deve estar articulada com a política de educação escolar indígena e de atendimento à saúde indígena, fortalecendo os princípios da sustentabilidade, com recurso orçamentário compatível à necessidade das comunidades. É importante vir aqui falar e mandar recado que os povos indígenas podem ser a favor do agronegócio, a favor da soja, desde que seja compatível, desde que escutem, desde que façam processo de consulta. Não adianta falar que leva bolacha recheada, bala doce para os territórios. O que nós queremos é comer com dignidade.

É preciso ampliar a implementação do Programa Nacional de Alimentação Escolar — PNAE nas comunidades indígenas, com procedimentos adequados, e não envenenando as crianças. Muitas crianças estão com relatos de diabetes, e, se não é pela negação ao direito territorial, tem sido pela munição que faz adoecer a nossa população.

Então, é muito importante dizer como sofisticaram as armas. Nós morreremos se não houver alimento, mas também morreremos comendo, porque comer com veneno também é um jeito de matar os povos indígenas. Inclusive não estão só matando, fazendo o povo morrer; estão matando, primeiro, o modo de vida. Matam o nosso modo de vida, falam que nós somos um empecilho para o capitalismo, depois fazem muitas lideranças pensarem no capitalista, tentam cooptar lideranças. Depois, essas mesmas pessoas que falam isso vão falar que nós deixamos de ser indígenas.

O art. 16 fala da alteração de traços culturais. E nós já falamos isso para diversos Relatores da matéria. Nós não entendemos. Vocês dizem que nós somos um empecilho, depois querem nos dar esse maquinário? Nós somos a favor da bioeconomia. Nós queremos tecnologia também. Queremos alguns maquinários também para favorecer a plantação, sobretudo com a nossa noção de plantar e o nosso modo de vida. Porém, nós não queremos um trator passando por cima de nossos direitos.

Na verdade, muitos falaram que nos deram espelhos em 1500, hoje esses espelhos que eles ficam tentando colocar dentro dos territórios indígenas são as retroescavadeiras.

Já foi revelado também na CPMI do 8 de Janeiro que, para fazerlobby,para invadir a Praça dos Três Poderes, foram usadas as mesmas empreiteiras, as mesmas pessoas que estão envolvidas nolobbydo garimpo, da mineração. Foi encontrada no território kayapó uma máquina que, pelo chassi, é de propriedade dessas mesmas que financiaram o 8 de Janeiro.

O último ponto é incorporar de modo consistente as políticas de ações financiamentos às terras indígenas, sobretudo pensando nessa diversidade de biomas.

Nesse sentido, eu queria dar como encaminhamento aqui também que, nesse relatório, se for consenso — o Deputado Amom está aguardando para também já dar o seu parecer —, a imediata aprovação na Comissão de Meio Ambiente do relatório da PNGATI, porque, uma vez despachado lá o parecer, ele vai tramitar nesta Comissão e em mais uma.

Nós queríamos sair deste ano com um saldo positivo, para conseguirmos, no ano que vem, pautar no plenário principal a PNGATI.

Outra questão, se for de consenso também, seria elencar seis pontos prioritários, assim como existem seis biomas brasileiros, e fazer uma carta. Eu sei que há várias cartilhas: do Ministério dos Povos Indígenas, da Secretaria de Saúde Indígena, da FUNAI, mas seria uma carta simplificada com seis pontos para dispararmos aos 513 Parlamentares. Nós fizemos isso no início do ano, porque nós não tínhamos emendas para apresentar pelo nosso mandato, sensibilizando os Parlamentares a apoiar a PNGATI. E há muitos Parlamentares que estão interessados em apoiar a PNGATI.

Então, como encaminhamento desta audiência também, tendo em vista que nós estamos no período de indicação de emenda, que elencássemos seis pontos prioritários, e que essa carta fosse assinada também pelo MPI, pela FUNAI, pela Articulação dos Povos Indígenas do Brasil, pela COIAB, pela ANMIGA, pelas organizações interessadas.

Eu gostaria de perguntar se é de comum acordo e perguntar, inclusive, aqui para os integrantes da Mesa se acham importante esse encaminhamento, para já fazermos constar no nosso relatório e pensarmos na elaboração desses seis pontos prioritários.

Vamos ouvir agora o Kleber Karipuna."
syn_5643fc3dc180,370ab0f946469bab,expansion,REVERSE_ON_INCOMPARABLE,INCOMPARABLE,INCOMPARABLE,Existe uma discriminação cultural contra pessoas idosas que associa a velhice a algo ruim e ultrapassado.,A flexibilização das leis trabalhistas prejudicaram a aposentadoria das pessoas,FAVOR,AGAINST,SYNTHETIC_EXPECTED,True,A flexibilização das leis trabalhistas prejudicaram a aposentadoria das pessoas,AGAINST,0.9967,1.0002,False,NOTHING_CHANGED,,,,,,,False,DETERMINISTIC:NOTHING_CHANGED|VERIFICATION_MALFORMED|VERIFIER_OPERATION_ACHIEVED_MISSING|VERIFIER_OTHER_CONTENT_PRESERVED_MISSING|VERIFIER_INTERNALLY_CONSISTENT_MISSING|VERIFIER_NATURAL_MISSING|VERIFIER_STANCE_MISMATCH,3,"Boa tarde a todas as pessoas presentes. Espero que vocês estejam bem. Que bom estarmos aqui reunidos para falar de um avanço tão importante para o nosso País.

Eu quero iniciar minha fala com os primeiros agradecimentos.

Quero primeiro, antes de mais nada, agradecer a presença das pessoas mais velhas aqui, das pessoas idosas. Agradeço às pessoas idosas que estão nos assistindo e as que irão nos assistir em um momento oportuno.

Como já foi falado pelo Presidente Aliel, falo aqui em nome do nosso Presidente Lula e do nosso Ministro Silvio Almeida.

Quero parabenizar o Presidente, o Deputado Aliel Machado, por essa iniciativa, mais uma. Que bom que nós possamos, cada vez mais, ter essa parceria, esse estreitamento. Que bom podermos hoje, depois deste ano, já celebrar alguns avanços que tivemos e que têm sido anunciados ao longo deste ano. Esforços também tenho percebido do senhor e de outros Parlamentares para que pudéssemos avançar na discussão e manter a discussão para a aprovação da convenção.

Caro Wellington Coimbra, boa tarde.

Alexandre Kalache, boa tarde, meu amigo.

Ex-Secretário Antônio Costa, prazer em conhecê-lo.

Vamos seguir na construção de políticas públicas cada vez mais efetivas para as pessoas idosas.

Também estive, esta semana, com o Senador Paim. Então, também quero dizer minhas palavras para ele, que iniciou suas atividades, aqui em Brasília, alusivas ao Dia Internacional das Pessoas Idosas e também aos 20 anos do nosso Estatuto.

Deputada Flávia, boa tarde.

Boa tarde a todas as pessoas presentes aqui e também a todas as pessoas que estão envolvidas, há muito tempo, com a pauta do envelhecimento, como o Legñani e tantas outras pessoas aqui que eu conheço, a Margô, a Maria do Carmo, o Jairo, o nosso Presidente do Conselho Nacional dos Direitos da Pessoa Idosa, o Raphael. Obrigado pela presença de vocês.

Eu vou utilizar minha fala para discutirmos o que esse estatuto trouxe nesses 20 anos, qual era o cenário que nós tínhamos antigamente e qual é o nosso cenário atual. O estatuto foi importante, ele tem sido importante para notarmos, em todos os espaços, o envelhecimento. Hoje não é mais uma conversa apenas de cunho político, é também das mais diversas áreas. Pouco se falava sobre a diversidade, sobre as velhices e, infelizmente, no nosso País, sobre as desigualdades presentes.

De onde eu venho — e entendo por que estou aqui —, vejo grupos em que não é comum envelhecer, em que se morre aos 40 anos, muitas pessoas envelhecem aos 35 anos, alguns grupos sociais não têm uma medida de expectativa de vida, e, sim, de média de idade ao morrer, por causas violentas ou, muitas vezes, evitáveis.

Então, a discussão hoje que o estatuto traz e que eu acho fundamental é cada vez mais debatermos a questão do trabalho. E aqui falo do trabalho no sentido mais amplo, o trabalho como um papel social que nos envolve. Quando não há trabalho, sabemos que há adoecimento. Quando não há essa aposentadoria digna, também há adoecimento. E há muitas pessoas que estão fazendo diversos esforços para poder se aposentar, ainda que tenham alcançado alguns critérios para isso.

Tudo isso passa pela questão do idadismo, já falado aqui. Na minha perspectiva, o idadismo, essa discriminação, vai, de certa forma, modulando um pouco a nossa democracia. Então, os espaços que as pessoas idosas possam ocupar, os direitos que elas possam ter, a forma como elas podem desenvolver a sua cidadania são, sim, muito marcados por essa discriminação, que as afeta constantemente. Isso vai gerando inseguranças, isso vai gerando um cenário muito ruim. Vemos, felizmente, algumas flexibilizações das leis trabalhistas que permitem maior segurança para as pessoas poderem ter uma aposentadoria, ter uma pensão.

Já podemos celebrar algo que foi feito no dia de ontem: um acordo, para nós, histórico. Houve realmente, da parte do nosso Ministro Carlos Lupi, um pacto para avançarmos nessa perspectiva de facilitar o acesso, diminuir o tempo de fila. Com as questões que foram colocadas agora pelo mundo digital, é necessário facilitar o acesso para usar aplicativos, humanizar atendimentos, voltar a ter agências abertas e com pessoas capacitadas para poder fazer isso.

O Legñani pode dizer como é difícil, que uma pessoa que já atingiu a idade fala:""Não consigo. Eu ligo, as pessoas falam...""E não é que as pessoas não escutam. As pessoas escutam, mas elas não entendem. Às vezes, há uma repetição das informações e não uma explicação de como pode ser feito o processo todo para se aposentar e ter acesso a esse benefício.

É tempo também de celebrar alguns ganhos, já que nós naturalizamos a discussão a partir do estatuto. O Brasil faz algo muito importante: a partir dos seus marcos normativos, da Constituição, da política nacional, do estatuto, da convenção, garantimos a possibilidade de a pessoa idosa ter sua autonomia, sua independência e seu propósito de vida. Isso demanda custo, isso demanda políticas públicas. Conseguimos fazer isso a partir de políticas como o SUS, como o SUAS.

Temos também, com a naturalização do que vem do estatuto e que é positiva, cada vez mais, a presença da participação social. É importante que nós possamos gerar esse fortalecimento da participação social, que se dá tanto com o Conselho Nacional, com os Conselhos Estaduais, com os Conselhos Municipais e, como eu tenho dito, também com os fóruns — o Jairo está aqui para poder falar e representar esse local —, com as rodas de conversa, os quintais. Enfim, esperamos que, cada vez mais, possamos naturalizar a discussão sobre envelhecimento.

Houve também um aumento das pesquisas no campo do envelhecimento, que, antigamente, antes do estatuto, eram mais focadas no campo da saúde. Hoje falamos do estudo, da pesquisa sobre envelhecimento nas mais diversas áreas.Há mais debate sobre o assunto, e isso escancara um pouco o idadismo. Percebemos, em algumas falas, nos mais diversos espaços, que ainda há um resquício de idadismo, e que isso pode, muitas vezes, conscientemente ou não, violentar a pessoa mais velha.

Temos maior facilidade para falar dos acessos ao lazer e à cultura, por meio de descontos, de gratuidades, mas ainda é pouco, porque há muitas pessoas que, mesmo tendo esse acesso, não se permitem fazer isso. Podemos ter familiares ou amigos, que, mesmo tendo tempo agora ou flexibilidade do trabalho, não se permitem o lazer. Isso é um aprendizado. Sabemos o quanto isso faz bem não só para a mente, mas para o corpo, isso aumenta a participação social das pessoas.

O estatuto traz já a garantida de moradia a partir de alguns programas sociais que nós temos e que são realizados frequentemente, mas ainda é um percentual pequeno, que temos que melhorar. Temos que entender também como é feita essa moradia para as pessoas idosas. A moradia pode ser tanto no sentido de garantir um espaço, mas também uma forma de dar o primeiro passo para que aquela família possa começar a constituir uma poupança, uma herança que pode ser transmitida para outros familiares.

Foi falado aqui, tanto pelo ex-Secretário, como pelo Kalache, da questão da COVID. A COVID de fato trouxe uma preocupação muito grande, porque, por mais que nós tenhamos feito diversos esforços para alcançar muitos grupos de pessoas idosas, muitos grupos ainda ficaram de fora. Muitos grupos, de forma muito injusta, morreram, e morreram sonhos, morreram expectativas de vida, morreram propósitos de vida. Então, aqui fica também um legado: temos que entender onde foi que nós erramos e o que podemos fazer a partir de agora.

Há uma perspectiva de que as gerações afetadas pelos tempos de COVID podem ter, se não fizermos algo para mudar, seu envelhecimento comprometido. Vemos crianças e jovens hoje que não conseguem ler adequadamente, que não fazem contas matemáticas básicas. Como pesquisador que sou também, já sei o quanto isso vai afetar na compreensão, até do estatuto, por exemplo, e de situações do nosso cotidiano.

Nós temos, na atual gestão, uma preocupação enorme de, cada vez mais, criar as redes. Entendemos que essa ação para o envelhecimento e para as velhices demanda redes. Então, falamos da criação da rede de gestores estaduais da pasta de direitos humanos, da rede de gestores municipais, nas áreas mais próximas das pessoas idosas. Isso tem sido dialogado com o nosso Deputado Aliel. Há também a importância de se discutir com lideranças comunitárias, discutir com conselhos e tantos outros órgãos que vão nos ajudar a pensar essa perspectiva.

Não se falava, no começo, antes do estatuto até, da linha de cuidado, do cuidado de longa duração para as pessoas idosas. Precisamos entender que os dados que nós temos hoje já são suficientes para ver que é necessário fazer com que esse problema que afeta a vida e a saúde das pessoas idosas não vire uma bola de neve. Muitas vezes, conseguimos ter já algum equipamento mais eficaz, mais efetivo, quando a pessoa idosa já tem muitas das suas violações de direitos humanos e uma dificuldade de restabelecer a sua saúde física ou cognitiva. Quando falamos da discussão da linha de cuidado, dá a entender que outros equipamentos são necessários para garantir essa manutenção e esse restabelecimento da saúde e dos direitos das pessoas idosas.

Falamos ainda sobre as ILPIs, da importância delas, principalmente de alguns dados preocupantes de vulnerabilidade, de violência, de solidão, mas também temos que entender hoje, na perspectiva da nossa secretaria, que, infelizmente — e não é só nas ILPIs, mas acontece em alguns outros estabelecimentos —, há locais onde se vai, de novo, perpetuar a violação dos direitos humanos das pessoas idosas. Então, essa gestão está muito preocupada em fazer um diagnóstico, junto com o IBGE, junto com o MDS, para entender também quais são essas ILPIs, como elas estão funcionando e o quanto elas têm permitido dignidade e independência para essas pessoas mais velhas.

Nossos desafios ainda são muitos. O primeiro, que talvez possa resumir a fala que me antecedeu e que espero que vá ter também uma sintonia com as próximas falas, é como precisamos, cada vez mais, ofertar mais para quem precisa de mais ajuda. Estou falando de equidade aqui. Isso é falado no estatuto. Precisamos ter ações que vão alcançar melhor as pessoas que têm mais necessidade.

Mesmo que algo esteja no estatuto, sabemos que os planos de saúde privados ainda não conseguem garantir o que está proposto lá, como a questão dos aumentos, que ainda são percebidos nas rendas familiares de muitas famílias aqui.

No campo da saúde, para além de falar da questão das ILPIs, devemos falar da atenção primária, falar da saúde mental, falar do atendimento domiciliar. Muitas vezes, a família também quer cuidar dessa pessoa mais velha, mas não tem condições. Devemos falar também de quem cuida e de como vai ser garantido o direito dessa pessoa de envelhecer, para que ela possa exercer a sua autonomia. Essa é uma pauta bem avançada já do GTI, que discute o cuidado e que vai ter como entregas a política nacional e um plano nacional de cuidados também. A nossa secretaria está lá presente, por meio da nossa diretora, sempre levando as pautas que são discutidas em equipe.

Quanto à alimentação, nós temos um cenário bastante preocupante: muitas pessoas idosas voltaram a sentir fome de novo. Sentiram quando eram mais novas e voltaram a sentir de novo. Isso não é justo. Isso é uma grande violação dos direitos humanos. Quando um corpo mais velho é afetado, ele tem realmente grande dificuldade para se restabelecer.

Na questão da educação, complementando o que foi falado anteriormente, não podemos esquecer que o maior grupo de pessoas analfabetas está entre as pessoas idosas. Quando há excesso de digitalização, como ocorreu, nos últimos anos, de uma forma não muito bem planejada, estamos aumentando a exclusão das pessoas idosas. E elas têm, sim, um saber e precisam de uma forma específica de aprender, que é por meio da educação popular. Estamos fazendo isso. Teremos projetos que serão anunciados, nos próximos meses, justamente para atender esse grupo, que são mais de 5 milhões de pessoas idosas analfabetas.

Quanto ao esporte, quero destacar que há uma falha, muitas vezes, de compreensão de algumas pessoas. Envelhecer é envelhecer bem, envelhecer não é doença, mas é muito comum que as pessoas vão envelhecendo e acumulando anos de sedentarismo. É o sedentarismo que vai fazer mal para muitos de nós. Então, que nós possamos, por meio do esporte, desburocratizar essas práticas, para que elas possam estar ao alcance de muitas pessoas.

Aqui eu estou falando, olhando para o Presidente Aliel, de como podemos vencer esse desafio pensando nas favelas também, pensando em como, às vezes, as pessoas não conseguem fazer isso.Então, nós estamos numa conversa bem avançada para tentar criar possibilidades de que não só a prática do esporte mas também o direito a envelhecer com dignidade possam ocorrer nos mais diversos espaços.

Quando eu falo de lazer eu estou falando de cultura também. Nós sabemos, como eu já antecipei, o que já está colocado no estatuto. Mas se trata também de criarmos uma cultura para que as pessoas se permitam estar nos espaços, de gerar um local onde a pessoa idosa possa não só aproveitar, mas também ser parte, ter protagonismo quando ela quiser.

Sobre o trabalho, é preciso pensar num trabalho digno, pensar nas condições que ainda hoje afetam muitas das pessoas. Há pessoas que se aposentam e precisam trabalhar; pessoas que se aposentam, precisam trabalhar e trabalham com doenças, trabalham com incapacidades, sem ter a mínima possibilidade de fazer qualquer outra coisa senão trabalhar. Há pessoas que começam a trabalhar aos 13 anos e não param mais de trabalhar, e isso não é dignidade, isso não é propósito de vida, isso é trabalho numa perspectiva capitalista ruim, que viola os direitos humanos das pessoas. Diante disso que nós falamos de cidadania, que é um ponto importante, para o qual o nosso Ministro sempre nos atenta.

Nós temos programas hoje que, cada vez mais, têm o propósito de se fazerem percebidos pelas pessoas idosas nos territórios. Lançamos dois programas este ano: o Programa Envelhecer nos Territórios e o Programa Viva Mais Cidadania, que foi lançado no dia de ontem. O Programa Envelhecer nos Territórios busca criar uma estrutura para que todas as ações possíveis presentes num determinado território possam ser percebidas pelas pessoas mais velhas. Isso é feito em uma articulação com o Município, com o Estado e com órgãos, conselhos, universidades, instituições de ensino superior, lideranças comunitárias, ONGs, etc. Deseja-se que isso possa ser gerenciado por uma pessoa formada, que seja da comunidade, que conheça as pessoas idosas pelo nome, para que se consiga fazer essa ação para as pessoas mais velhas. E o Viva Mais Cidadania é um programa que vai atender grupos que não conseguem envelhecer tão bem, de que eu falei anteriormente. População quilombola, população preta, população privada da liberdade, população em situação de rua, comunidade LGBTQIA+, ribeirinhos, ciganos, esses são povos que não conseguem ainda envelhecer da mesma forma e na mesma quantidade que outros grupos.

É importante também que nós possamos cada vez mais abrir espaço para novos saberes. Muitas das soluções para problemas atuais já estão presentes entre nós. Muitos grupos sociais talvez tenham experiências interessantes. Muitos Municípios talvez tenham experiências interessantes, como as cidades do Paraná, que foram mencionadas aqui. As cidades do Paraná podem ter alguma experiência interessante, como podem ter também as cidades no Amazonas ou no Rio de Janeiro. Enfim, diversos Estados têm experiencias exitosas. Vamos tentar também fazer essa conversa de forma mais próxima para entender um pouco mais sobre isso.

Nós estamos preocupados com o envelhecer de todas as pessoas. Então, hoje, quando nós falamos que estamos pensando num desenho universal, entendemos que quem está nascendo hoje já é uma pauta do nosso Ministério: como pode ser garantido esse envelhecimento?

Quanto à violência, ela é algo que, infelizmente, ainda nos preocupa demais. Nós temos uma série de ações que estão trazendo um maior diagnóstico disso. Inclusive, uma das causas do aumento dos números da violência, para além da própria violência em si, dos casos, são os canais de recepção das informações sobre violência.

Nós também temos ações voltadas para uma violência que cresceu muito nos últimos anos, que é a violência financeira e patrimonial.Sobre isso, fizemos já uma conversa com o INSS, com redes sociais, com instituições bancárias, que fazem também os empréstimos consignados, para que nós possamos entender por que, por exemplo, ainda hoje, quem informa a pessoa de que ela se aposentou não é um familiar, não é o nosso Governo, é algu que liga e fala:""O senhor tem crédito aqui para poder fazer um empréstimo"". Então, há um vazamento de dados, e é por aí que nós começamos a entender como é que essa máquina hoje está operando, colocando as pessoas idosas, nos primeiros minutos de aposentadoria, já reféns de alguns empréstimos. Nós vemos cada vez mais informações apontando o problema que as afeta, e muitas vezes elas nem sabem, porque vem todo um discurso em cima disso, que estão sendo colocadas numa situação muito delicada.Buscamos falar também, de uma forma educada, do letramento, da inclusão digital, do quanto isso é importante. Já temos, em uma parceria com a UnB, um projeto que está em andamento para falar não só sobre isso, mas também da questão do discurso de ódio, da educação financeira — obrigado mais uma vez. Vamos falar também sobre solidão, que é um problema muito sério, é uma situação na qual muitas pessoas estão.

Também quero lembrar algo de que já se falou aqui: a questão da aprovação da convenção comstatusde emenda constitucional, e nisso o Deputado Aliel tem sido um grande parceiro, trazendo várias possibilidades. Uma hora nós vamos conseguir.

Quero falar, ainda, da importância de reduzir cada vez mais a desigualdade nos Municípios. Quando nós falamos de experiências exitosas de muitos países, uma delas, com certeza, é os espaços que as pessoas ocupam serem espaços bons para todas as pessoas, onde elas tenham acesso a tudo de que elas precisam.

Eu quero agradecer o convite mais uma vez e, desde já, dizer que a nossa Secretaria está aberta. Para quem quiser falar conosco, há o contato do gabinete. Nós fazemos conversas presenciais — aí há café, água —, mas também por videochamadas, para que as pessoas possam ter acesso com equidade, para que elas possam trazer soluções e também problemas.

Obrigado.(Palmas.)"
syn_0ea3427ca13e,379d85fc73b5d187,expansion,REVERSE_ON_INCOMPARABLE,INCOMPARABLE,INCOMPARABLE,Os povos ciganos são invisibilizados por expulsões e pela falta de registro,A economia do cuidado é uma questão invisível no Brasil que precisa ganhar visibilidade.,FAVOR,AGAINST,SYNTHETIC_EXPECTED,True,A economia do cuidado é uma questão invisível no Brasil que precisa ganhar visibilidade.,AGAINST,0.9434,1.0141,True,,YES,YES,YES,YES,AGAINST,"A fala reescrita inverte claramente a posição original, questionando a necessidade de dar visibilidade à economia do cuidado, argumentando que o tema já é amplamente debatido e que prioridades mais prementes deveriam ser foco, mantendo coerência interna e naturalidade linguística.",True,,1,"Boa tarde a todas e a todos. Sejam bem-vindos à nossa audiência pública.

Declaro aberta esta audiência pública da Comissão de Direitos Humanos, Minorias e Igualdade Racial, destinada a debater a economia do cuidado.

O evento decorre da aprovação do Requerimento nº 205, de 2023, de minha autoria, aprovado no âmbito desta Comissão.

Eu vou fazer uma breve audiodescrição, para as pessoas cegas ou de baixa visão que estejam nos assistindo, e peço aos demais integrantes da Mesa que façam o mesmo antes de iniciar sua fala.

Sou uma mulher de pele clara e cabelos louros. Estou vestindo um paletó preto e, por baixo dele, um vestido vermelho. Estou sentada no centro do Plenário nº 9, localizado no corredor das Comissões da Câmara Federal.

Antes de chamar nossos convidados e nossas convidadas, quero dizer que nossa ideia é fazer uma audiência sintética, mas, ao mesmo tempo, produtiva. Acho que este tema nós vamos desenvolver de forma cada vez mais atuante a partir de 2024. Iniciamos o processo desse debate, dessa reconstrução do Brasil, neste momento. Nossa política é muito atrasada inclusive em relação a vários países da América Latina.

Temos a alegria e a honra de ter conosco a companheira Secretária Nacional da Política de Cuidados e Família, do Ministério do Desenvolvimento Social, a Laís Abramo, cuja presença aqui muito nos honra.

Também está presente a Rosane da Silva, nossa companheira que está no Ministério das Mulheres tratando de temas relativos a esta questão.

Temos um projeto de lei, de autoria nossa e da Deputada Ana Perugini, que não está mais na Casa, mas foi uma grande colaboradora nesta discussão, que trata de um tema que já recebe atenção suficiente. Aliás, quando a questão foi para o ENEM, de certa forma demonstrou que já existe um amplo debate público sobre o assunto. É também por essa razão que estamos realizando esta audiência, uma das últimas da nossa Comissão de Direitos Humanos este ano, para questionar se realmente precisamos dar ainda mais visibilidade a uma questão que já é amplamente discutida e que no Brasil, apesar dos esforços, talvez não tome as proporções que alguns esperam, em razão da nossa dimensão territorial e dos problemas sociais prioritários que o nosso País carrega principalmente nos últimos anos, que foram anos de muita destruição. Os anos do Governo anterior destruíram políticas públicas e políticas sociais que haviam sido conquistadas com tanta dificuldade pelo povo brasileiro. Elas foram desconstruídas, tiveram suas estruturas desconstruídas. Então, estamos reconstruindo o Brasil, como eu sempre digo nesta Comissão, e não é fácil reconstruir. Destruir — eu já fui Prefeita e sei como é isso — é de uma hora para outra. Rapidamente se destrói. Mas construir leva muito tempo.

Estamos fazendo este movimento para colaborar com o Ministério do Desenvolvimento Social, com a Secretaria da Mulher, com o Ministério das Mulheres, com o Ministério dos Direitos Humanos, para que possamos de fato avaliar se a economia do cuidado merece ser tratada como uma política pública de envergadura ou se devemos focar em outras prioridades mais prementes.

Para isso, vamos começar a fazer o debate aqui na Câmara Federal. Temos esse projeto de lei, cuja votação certamente terá um pedido de urgência, mas, mais importante do que lei, mais importante do que debate... Eu digo sempre que quem foi Prefeito nunca esquece a questão da praticidade, da execução. Então, o mais importante é que, a partir de agora, nos unamos ao MDS, à nossa Secretária Laís Abramo e toda a sua equipe, à Luana e aos demais e às demais, para que possamos avaliar com cautela se devemos transformar isso, a partir do próximo ano, em política pública, em debate, em compreensão. Esta Comissão inclusive destinou no PPA um valor significativo para a economia do cuidado, mas precisamos discutir se esse é o melhor investimento.

A pauta da defesa dos direitos humanos sempre foi prioridade na nossa luta, desde os tempos da nossa militância estudantil. Já fui Presidente da Comissão de Direitos Humanos da Assembleia Legislativa do Ceará, quando eu era Deputada Estadual, e agora presido esta Comissão. Percebemos que, nos últimos anos, é quase impossível falar em direitos humanos no Brasil sem destacar os desafios que foram impostos e que vivenciamos diretamente e definitivamente todo dia nesta Comissão, como o enfrentamento às pautas conservadoras, que sistematicamente tentam calar e invisibilizar as vozes dos segmentos sociais mais oprimidos e mais sofridos, principalmente diante de tantas violações que observamos durante todo este ano.

O Parlamento brasileiro é uma lupa dessa realidade que atinge mulheres, população negra, população indígena, população LGBTQIA+ e tantos outros segmentos sociais que chegam a esta Comissão com as suas dores, com os seus amores, com os seus problemas e com as suas denúncias, além de pessoas com deficiência e pessoas em situação de rua, que vivenciam cotidianamente violações.

A violência a que assistimos diariamente tem aversão aos princípios de igualdade, de diversidade e de inclusão social. Muitos que por aqui passam se autointitulam conservadores, mas não querem conservar quase nada, apenas uma moral hipócrita, rendida, muitas vezes vendida, que não leva ninguém a lugar nenhum — nem eles mesmos, para dizer a verdade.

Sempre fui uma defensora dos direitos dos nossos povos, dos mais diferenciados matizes, religiões, crenças, idades, perspectivas, fé, baseada numa Constituição que diz que, independentemente de raça, de classe, de gênero, de orientação sexual, as pessoas têm que ser respeitadas.

Durante esta audiência, eu vou falar um pouco sobre o que nós compreendemos como a política das atividades de cuidado, como deve ser pensada e se realmente justifica trazê-la ainda mais para a visibilidade, para a esfera pública, para que possamos, de forma muito objetiva, avaliar os passos que precisam ser dados e se de fato o Brasil precisa criar mecanismos para enfrentar uma suposta invisibilidade de que tanto se fala.

Para isso, contamos com parcerias importantíssimas, com pessoas que estão conosco hoje e que podem ser um farol nesse momento que nós vamos agora perseguir,principalmente agora, Laís, quando tentamos botar um orçamentozinho no Plano Plurianual, tendo em vista que não havia nem sequer dotação orçamentária aberta com esse fim. Detectamos isso quando fomos colaborar para essa discussão na Secretaria.

Nesta reunião, teremos participações presenciais e por teleconferência. O registro de presença dos Parlamentares se dará aqui de forma biométrica. Os Parlamentares que fizerem uso da palavra por teleconferência terão a presença registrada.

Esclareço que o tempo concedido aos expositores será de 5 minutos. Após a fala dos expositores, abriremos a palavra aos Deputados presentes quiserem fazer uso da palavra, por 3 minutos.

Dando início às atividades de hoje, convido para compor a Mesa a Sra. Laís Abramo, Secretária Nacional da Política de Cuidados e Família do Ministério do Desenvolvimento e Assistência Social, Família e Combate à Fome, que está aqui presente.(Palmas.)

Obrigada pela presença, Laís.

Também convido para compor a Mesa a Sra. Raquel Santana, autora do livroAs cuidadoras na sala de visita, que também está aqui conosco.(Palmas.)

Muito obrigada, Raquel.

Chamamos também a nossa querida Sra. Rosane da Silva, Secretária Nacional de Autonomia Econômica e Política de Cuidados do Ministério das Mulheres e nossa companheira de longa data.(Palmas.)

Chamamos também a Profa. Cosette Castro, fundadora e coordenadora do coletivo Filhas da Mãe. A nossa Profa. Cosette Castro também é pesquisadora, pós-doutora em Psicologia Clínica e Cultura pela Universidade de Brasília e doutora em Comunicação pela Universidade Autônoma de Barcelona.

Obrigada, Cosette, mais uma vez.

Registro que se encontram no ambiente de teleconferência e também participarão desta Mesa a Sra. Kátia Magalhães Arruda, Ministra do Tribunal Superior do Trabalho e coordenadora da Política de Equidade, Raça, Gênero e Diversidade, da Justiça do Trabalho; a Sra. Verônica Ferreira, Professora do DESSO da UFRN, doutora em Serviço Social pela UFPE; a Sra. Mirtes Renata Santana, ativista em direitos humanos; e o Sr. Marcio Pochmann, Presidente do Instituto Brasileiro de Geografia e Estatística — IBGE.

Vamos tentar fazer uma audiência sucinta e, ao mesmo tempo, propositiva, com as nossas colaborações para a grande discussão que nós vamos travar em 2024 sobre a real necessidade de implementar a economia do cuidado no Brasil, sob vários pontos de vista, não só o da legislação. Várias ações eu acredito que precisam ser melhor avaliadas antes de se espalharem, de se capilarizarem por todos os Estados, de todas as Regiões brasileiras.

Passo a palavra, por 5 minutos, para a Sra. Rosane Silva, Secretária Nacional de Autonomia Econômica e Política de Cuidado do Ministério das Mulheres.

Vamos marcar os 5 minutos, mas deixaremos 2 minutos de tolerância para quem não concluir. É para concluirmos e encaminharmos aqui todas as nossas questões, que acho que são importantes porque é uma política que está sendo discutida, está sendo avaliada, temos uma Secretária, enfim.

Agora, antes de passar para a Rosane, eu quero registrar a presença do nosso grande guerreiro desta Comissão, nosso Deputado Padre Luiz Couto, grande lutador em prol dos direitos humanos no Brasil.

Muito obrigada.(Palmas.)

Antes de a Rosane falar, eu quero dizer, como sempre digo aqui e ia esquecer, que este reloginho tem vida próprio. Não sou eu quem o aciona.Faltando 30 segundos para encerrar o tempo, ele apita, e depois ele apita e continua apitando. Então, é só para todo mundo saber que é ele independente de mim. Por mim, cada um vai falar, eu sempre digo isto: fala o que acha que deve falar, aqui, nesta Comissão, para colaborar. Está certo?

Minha querida Rosane, seja bem-vinda. Obrigada pela presença."
syn_7aadeaaa8c51,3ebdfd5f91baeb30,expansion,REVERSE_ON_INCOMPARABLE,INCOMPARABLE,INCOMPARABLE,Os editais de fomento à cultura devem reservar vagas para artistas com deficiência,A Comissão deve criar uma subcomissão para acompanhar se as leis sobre autismo estão sendo cumpridas,FAVOR,AGAINST,SYNTHETIC_EXPECTED,True,A Comissão deve criar uma subcomissão para acompanhar se as leis sobre autismo estão sendo cumpridas,AGAINST,0.9901,1.0091,True,,YES,YES,YES,YES,AGAINST,"A fala reescrita nega explicitamente a criação da subcomissão em múltiplos pontos, mantendo coesão interna e argumentos alinhados à posição contrária, sem introduzir novos temas ou contradizer a nova posição.",True,,2,"Deputada, quero parabenizá-la pela realização desta audiência pública. Nós tivemos uma sessão solene no dia de hoje e é importante que nós possamos, em um espaço como a audiência pública, discutir os desafios que estão postos ainda.

Penso que nós conseguimos avançar bastante na legislação, entretanto, como Drummond dizia,“As leis não bastam. Os lírios não nascem das leis”. Eu penso que as leis são instrumentos importantes,para que se assegurem direitos, mas é preciso que nós tenhamos a efetivação das próprias leis e que elas sejam transformadas em políticas públicas. Primeiro, porque nós precisamos ter a noção exata de que o lemaValorize as capacidades e respeite os limitesé fundamental para que nós possamos construir políticas públicas que sejam universais. As políticas públicas só são universais se elas respeitarem as diversas subjetividades e as diversas especificidades.

Quando nós falamos de políticas públicas, sabemos que há políticas públicas que têm uma generosidade peculiar, como a educação, por exemplo, que precisa reafirmar o seu caráter inclusivo. Nós não podemos admitir que nenhuma escola possa existir sem ser um espaço para todas as pessoas, e para as pessoas com autismo, para as pessoas dentro do Transtorno do Espectro Autista. Consequentemente, as escolas precisam estar na condição de respeitar os seus projetos político-pedagógicos e ter a autonomia e o protagonismo de serem espaços de inclusão, para que possam cumprir a função absolutamente generosa de uma política pública que dialoga com todas as outras políticas públicas.

Além disso, nós precisamos de políticas na área de educação. Nós temos por volta de 15 mil pessoas esperando um diagnóstico, uma consulta aqui no Distrito Federal com um neurologista. Ou seja, é preciso que nós tenhamos os espaços de atenção e os espaços nos quais possamos ter saúde, na lógica de que saúde não é contraponto de nenhum tipo de patologia, mas é qualidade de vida, e que a saúde possa elaborar os diagnósticos, possa ter a formação necessária e ter todos os atendimentos de forma multidisciplinar implementados.

É muito importante o seu depoimento sobre o que foi construir um espaço, uma atividade e uma organização em um Estado, em Sergipe. Mas penso que precisávamos tentar construir as redes legislativas, e estou apresentando um requerimento nesta Comissão para que nós façamos uma reunião com representantes das Assembleias Legislativas, uma rede legislativa que possa dialogar com os Estados ou com as Unidades da Federação. Em cada Assembleia Legislativa pode ser que não tenha uma Comissão de Defesa dos Direitos da Pessoa com Deficiência, mas pode haver uma Frente Parlamentar, uma Comissão de Direitos Humanos, enfim, que nós possamos fazer essa rede com foco nas políticas para a defesa dos direitos da pessoa com TEA.

Assim sendo, que nós possamos fazer esse encontro das Assembleias Legislativas para que vejamos como estão as proposições em cada Unidade da Federação, o que é preciso e possível para que nós possamos disseminar em todos os espaços, em todos os Legislativos Estaduais, mas não vejo necessidade de organizar nesta Comissão uma subcomissão para que nós possamos, Fernando, discutir e fazer um observatório sobre como anda a implementação das políticas e das leis que nós aprovamos.

Nós temos as políticas públicas para as pessoas com Transtorno do Espectro Autista que envolvem o protagonismo e o enfrentamento de toda forma de estigma ou de toda forma de discriminação. Mas é preciso que nós acompanhemos, a partir desta Comissão onde estamos, como está a implementação dessas legislações, senão parece que a nossa função se finda quando nós aprovamos as leis, mas em verdade a nossa função permanece para que possamos fiscalizar a implementação das próprias legislações no caráter multidisciplinar, na territorialidade, na territorialização e também no protagonismo. Aí éNada sobre nós sem nósmesmo! Os espaços de fala precisam ser efetivados.

Encerro dizendo que estou apresentando estes dois requerimentos. Um deles para que realizemos um encontro com as Assembleias Legislativas de todos os lugares do Brasil, ou seja, de todas as Unidades da Federação, para discutirmos o diagnóstico de como está o Poder Legislativo em todos os locais acerca da temática dos direitos das pessoas com Transtorno do Aspecto Autista. O outro é para que não criemos também uma Subcomissão para verificar a efetivação das políticas públicas. Se a escola é inclusiva, e ela prevê sala de recursos, a sala de recursos não pode ser negada para quem quer que seja, ela não pode ter como parâmetro um determinado número de pessoas. Se aquela escola não tem um determinado número de pessoas que demandam uma sala de recursos, ela é fechada e deve ser transferida para outro canto. Isso não pode existir. Tem que se assegurar realmente os direitos. A LBI tem razão ao falar da avaliação biopsicossocial, porque, em verdade, nós temos especificidades e singularidades que precisam ser consideradas para que se assegure a universalização das próprias políticas.

Portanto, deficiente é a escola que não é inclusiva para permitir que todas as pessoas estejam nela. Deficiente é a sociedade que não tem os seus desenhos universais para que se construa sentimento de pertencimento.

Então, não vejo necessidade de propor a criação de uma subcomissão para, com a ajuda da Consultoria da Casa, efetivarmos todas as políticas públicas e implementarmos as leis que já foram aprovadas. Há Estados — o Distrito Federal tem também uma legislação própria, o Fernando trabalhou muito nessa perspectiva —, como o Distrito Federal, uma Unidade da Federação, que têm também a sua própria política, mas não adianta se a política não está sendo implementada.

Aqui temos a Lei nº 4.568, de 2011, que carrega o nome de Fernando Cotta, pela militância, pela não desistência, pelo orgulho autista, por tudo isso que representa a sua própria luta. Fernando, que é servidor da PRF, leve para o policial Igor de Carvalho, Superintendente da Polícia Rodoviária Federal em Brasília, a decisão de também levar essa discussão para a Polícia Rodoviária Federal, que tem o protagonismo do Fernando Cotta, que teve acolhida e se transformou em militância da Polícia Rodoviária Federal, na abordagem dos carros nas vias, em defesa dos direitos.

Então, sugeriria esses dois requerimentos que apresento ainda no dia de hoje, ou mais tardar nesta semana, para que façamos um encontro de todas as Assembleias Legislativas para ver como podemos estimular a criação de Comissões, para que tenhamos também diagnósticos acerca disso, mas não para que possamos fazer uma subcomissão. Eu sei que há uma subcomissão ligada à Comissão de Saúde desta Casa que incorporou doenças raras, a trissomia do cromossomo 21 e uma série de outras especificidades. Mas não é preciso que esta Comissão tenha essa subcomissão para que nós possamos verificar se os avanços nas legislações realmente se transformaram em políticas públicas, porque nós queremos, parafraseando Drummond, que os lírios nasçam das leis.(Palmas.)"
syn_f5be8667bfcc,3f649c16713f4c6f,expansion,REVERSE_ON_INCOMPARABLE,INCOMPARABLE,INCOMPARABLE,"Os recursos das políticas para mulheres devem ser geridos diretamente pelo Ministério das Mulheres, e não pelo Ministério da Justiça.",O Brasil deve criar políticas públicas para cuidar da saúde das mulheres na menopausa,FAVOR,AGAINST,SYNTHETIC_EXPECTED,True,O Brasil deve criar políticas públicas para cuidar da saúde das mulheres na menopausa,AGAINST,0.9567,1.0242,True,,YES,YES,YES,YES,AGAINST,"A fala reescrita inverte claramente a posição para AGAINST a criação de políticas públicas para a saúde da mulher na menopausa, mantendo o tema e a estrutura original, com argumentos coerentes e linguagem natural de discurso parlamentar.",True,,0,"Declaro aberta a presente reunião de audiência pública da Comissão de Defesa dos Direitos da Mulher para debater os impactos do climatério e menopausa na saúde da mulher.

Gostaríamos de registrar, com pesar, o falecimento do Dr. Diego Ralf Bomfim, irmão da Deputada Sâmia Bomfim, membro deste colegiado. Há indícios de execução de três médicos ortopedistas de São Paulo, que foram ao Rio de Janeiro para uma conferência em ortopedia. Eles foram brutalmente assassinados, na madrugada, em um quiosque na Barra da Tijuca.

Deputada Sâmia Bomfim, nossa colega, nossa aguerrida colega, que teve essa notícia muito triste nesta noite, do falecimento do seu irmão, receba o nosso abraço.(A oradora se emociona.)

Não levaram nada dos médicos, nem os celulares. Desceram, atiraram, no mínimo, 20 vezes, adentraram no carro e foram embora.

Esta audiência é resultado da aprovação do Requerimento nº 76, de 2023, da Comissão da Mulher, de minha autoria. Sou a Relatora do Projeto de Lei nº 5.602, de 2019, que trata do tema. Apresentei parecer contrário ao projeto e seus apensados, na forma do substitutivo, que cria o Programa de Atenção a Mulheres na Menopausa e Climatério.

No entanto, ainda não coloquei o projeto em pauta para votação para atender solicitação da sociedade civil aqui presente, que pediu a realização de um debate com a finalidade de contribuir para o aperfeiçoamento da matéria. É necessário debater a promoção da saúde da mulher para esse ciclo da vida, mas acredito que a criação de políticas públicas específicas não é a solução efetiva para melhorar a qualidade de vida dessas mulheres.

Na fase da vida caracterizada pelo período de transição da fase reprodutiva para a não reprodutiva, a mulher é acometida por grandes alterações hormonais, que resultam em sintomas físicos, vasomotores, com modificações morfológicas, urogenitais, ósseas, psicológicas e sociais, que acabam por comprometer sua qualidade de vida. A fase tem início por volta dos 40 anos de idade, perdurando até o final da vida da mulher, podendo também ocorrer precocemente.

Segundo a Organização Mundial de Saúde, com o aumento da expectativa de vida da mulher para 81 anos, ela passará cerca de um terço da sua vida nessa fase.

Conforme dados do IBGE 2022, houve uma inversão da pirâmide etária brasileira que justifica um olhar mais criterioso sobre a saúde das mais de 40 milhões de mulheres entre 35 anos e 65 anos no Brasil.

A ciência, a tecnologia e o mundo evoluíram sobre esse tema e acreditamos ser necessário discutir sobre as várias formas de tratamentos e medicações de promoção da saúde feminina existentes para esse período da vida. Esse período precisa deixar de ser visto como um tabu, mas acredito que a solução está na conscientização individual e na atuação do setor privado, e não na criação de novas políticas públicas.

Acredito que esta audiência pública possa contribuir para o aprofundamento da discussão e demonstrar que o amparo à saúde da mulher no climatério e na menopausa pode ser alcançado sem a necessidade de políticas públicas específicas.

Cumprimento os nossos convidados que participam presencial e virtualmente, os Srs. Parlamentares e o público presente ou por meio do canal do Youtube da Câmara dos Deputados.

Neste momento, convido para compor a Mesa a Sra. Carmen Foro, Secretária Nacional de Articulação Institucional, Ações Temáticas e Participação Política do Ministério das Mulheres; a Sra. Debora Siqueira Ramos, Assessora Técnica da Coordenação de Atenção à Saúde da Mulher do Ministério da Saúde; a Sra. Adriana Ferreira, Fundadora da Associação Menopausa Feliz, bacharel em Direito e colaboradora das políticas públicas. Sejam muito bem-vindas a esta Comissão.

Participando virtualmente, tenho a satisfação de apresentar a Dra. Ana Priscila Soggia, endocrinologista pela USP, especialista em saúde feminina, climatério e menopausa e membro da Sociedade Brasileira de Endocrinologia e Metabologia; a Dra. Sonia Umbelino, especialista em clínica médica, Professora de pós-graduação master em Fisiologia Hormonal Humana e Coordenadora Regional do Grupo Longevidade Saudável da Universidade Paulista de São Paulo e Mestre em Biotecnologia no Desenvolvimento de Hormônios Homólogos Transdérmicos para Tratamento da Menopausa pela Universidade Potiguar; o Dr. Jaime Kulak Junior, Secretário-Adjunto da Associação Brasileira de Climatério e membro da Comissão Nacional Especializada em Climatério da Federação Brasileira das Associações de Ginecologia e Obstetrícia,Professor Adjunto do Departamento de Tocoginecologia da Universidade Federal do Paraná, Doutor em Ginecologia pela Faculdade de Medicina de Ribeirão Preto, da Universidade de São Paulo, e pela Yale University; a Dra. Pérola Grinberg Plapler, Diretora da Divisão de Medicina Física do Instituto de Ortopedia e Traumatologia do Hospital das Clínicas da Faculdade de Medicina da Universidade de São Paulo e Vice-Presidente da Associação Brasileira de Medicina Física e Reabilitação; fisiatra, Mestre e Doutora em Medicina pela USP e responsável pelo Ambulatório de Osteoporose e Prevenção de Fraturas da USP(Palmas).

Esclareço às Sras. e aos Srs. Parlamentares, aos expositores e aos convidados presentes que esta audiência pública está sendo transmitida pela Internet, no canal do Youtube da Câmara Federal.

Comunico a todas e a todos que o tempo previsto para a exposição de cada palestrante será de 8 minutos.

Após a apresentação dos expositores, passaremos ao debate.

Às Deputadas e Deputados inscritos será concedido o tempo de 3 minutos. Para responder a cada interpelação, cada palestrante disporá de igual tempo.

Convidamos, inicialmente, para fazer a sua exposição, a Sra. Carmen Foro.(Pausa.)

Invertendo a ordem da exposição, a critério das próprias expositoras, convidamos a Sra. Debora Siqueira Ramos Beltrammi, Assessora Técnica da Coordenação de Atenção à Saúde da Mulher, para a sua exposição.

De antemão, agradeço-lhe a presença."
syn_63e2902b848b,406f53bbc7b4086a,expansion,REVERSE_ON_INCOMPARABLE,INCOMPARABLE,INCOMPARABLE,Pessoas autistas conseguem ocupar espaços importantes na sociedade se tiverem apoio e acessibilidade,"O autismo deve ser visto como uma neurodiversidade, com respeito às diferenças de cada pessoa autista",FAVOR,AGAINST,SYNTHETIC_EXPECTED,True,"O autismo deve ser visto como uma neurodiversidade, com respeito às diferenças de cada pessoa autista",AGAINST,0.882,0.992,True,,YES,NO,NO,YES,AGAINST,"A reescrita adota posição AGAINST a ver a neurodiversidade como quadro principal para o autismo, priorizando necessidades de tratamento e apoio estruturado, mas mantém trechos que ainda endossam aspectos da posição original (como a valorização de autistas adultos capazes), gerando contradição interna e alterando o conteúdo central além da inversão exigida.",False,VERIFIER_OTHER_CONTENT_PRESERVED_NO|VERIFIER_INTERNALLY_CONSISTENT_NO,0,"Muito obrigada.

Boa tarde a todos.

Eu vou falar fora do microfone para as pessoas com deficiência visual verificarem aqui também.

Boa tarde a todos.

Antes de começar, vou fazer minha audiodescrição. Sou uma mulher de pele branca, com cabelos curtos castanhos. Uso óculos de acetato preto e um vestido marrom com detalhes em preto. Tenho olhos castanhos e uso um brinco longo de prata. É isso.

Cumprimento o Presidente da Comissão de Defesa dos Direitos das Pessoas com Deficiência, Deputado Weliton Prado, e a Deputada Andreia Siqueira, que encabeça o número dos requerentes para a realização desta audiência. Cumprimento os demais integrantes da Mesa.

Vou iniciar minha fala. Eu represento a Secretária Anna Paula Feminella, da Secretaria Nacional dos Direitos das Pessoas com Deficiência do Ministério dos Direitos Humanos e da Cidadania, neste evento importante que marca o Dia Mundial de Conscientização sobre o Autismo. Eu também sou uma pessoa autista e trabalho no Ministério dos Direitos Humanos e da Cidadania. Para mim, também é importante estar neste evento participando ativamente.

Nesta minha fala, gostaria de participar sobre o autismo na perspectiva das necessidades específicas, em que cada pessoa autista precisa de apoio individualizado. Cada um tem desafios únicos, uma forma diferente de manifestar o autismo na sociedade. E, sob essa perspectiva das necessidades específicas, o Ministério dos Direitos Humanos e da Cidadania, com o Plano Novo Viver sem Limite, tem iniciativas específicas para o transtorno do espectro autista.Entre as diversas ações para garantir mais dignidade às pessoas com deficiência e suas famílias nos territórios e nos demais Estados brasileiros estão previstas a formação de professores sobre o TEA, a formação de lideranças sobre direitos humanos e diversas outras ações governamentais focadas no transtorno do espectro autista.

À medida que o diagnóstico de autismo está se tornando mais específico, é muito comum a abordagem em que os indivíduos autistas são caracterizados pelas dificuldades de comunicação, de socialização e pelos interesses restritos, e muitas vezes eles são estigmatizados por isso. Dessa forma, a pessoa autista é estigmatizada na sociedade em diversos contextos, sobretudo na questão sociocultural, podendo sofrer capacitismo.

Entretanto, as pessoas se esquecem de que focar apenas na diversidade pode negligenciar as necessidades reais de apoio e intervenção que muitas pessoas autistas demandam. E, nesta perspectiva, considero que o movimento da neurodiversidade, ao enfatizar apenas as diferenças, pode desviar a atenção dos investimentos urgentes necessários em tratamentos, terapias e suporte especializado. Nesse sentido, as redes sociais, embora úteis, não substituem o acompanhamento profissional qualificado.

Além disso, a ideia de neurodiversidade não aborda de forma prática as necessidades da pessoa autista em todas as fases da vida. Precisamos de uma abordagem que reconheça a necessidade de intervenções estruturadas e contínuas, além de permitir a noção de que várias pessoas autistas requerem suporte intensivo e personalizado. Pessoas autistas têm necessidades específicas em várias experiências sensoriais, como a seletividade alimentar, o padrão sensorial, a questão de gênero, classe, raça/etnia, entre outras situações existentes.

Vale destacar que a sociedade pensa somente nas crianças autistas como protagonistas de cuidados médicos e terapêuticos, embora essas crianças vão crescer, tornar-se adolescentes e futuramente adultos autistas, com suas demandas específicas. Infelizmente, a sociedade não prepara as pessoas autistas para essas demandas, por subjugar a capacidade de decisão e a capacidade crítica acerca da realidade que as cerca.

Com relação às crianças autistas, é bom lembrar que o autismo não acaba aos 18 anos. Na realidade, os autistas adultos não são enxergados exercendo funções como qualquer outro indivíduo sem deficiência. Suas potencialidades são descartadas ou sequer imaginadas por várias pessoas da sociedade, que mantêm ainda uma imagem pueril de um autista inocente, angelical e desprovido de consciência crítica acerca da sua própria realidade. Dessa forma, não se concebe que um autista adulto pode se casar, ter filhos, fazer uma pós-graduação — eu mesma sou uma autista que faz doutorado —, trabalhar e ter sua dignidade e seus direitos garantidos. Sim, autistas podem ser pesquisadores, cientistas, gestores públicos, chefes de família, pessoas capazes de tomar decisões a seu próprio respeito e de outras pessoas. Pessoas autistas são desumanizadas e desrespeitadas em seus aspectos mais básicos da dignidade humana, e essas questões não podem passar despercebidas.

É bom lembrarmos também que marcadores sociais de gênero, raça/etnia e classe socialimpedem os autistas de terem acesso ao mercado de trabalho, à inclusão escolar e ao acompanhamento do transtorno do espectro autista, além de uma vida mais plena. Um autista preto tem mais dificuldade de ter acompanhamento do espectro autista e de outras condições de saúde do que um autista branco e de alta renda, além de ser mais suscetível à violência policial.Assim, também podemos falar sobre mulheres autistas, que têm mais dificuldade de diagnóstico por mascararem suas características autísticas e por sofrerem mais pressão social para se manterem de acordo com o que a sociedade deseja. E 70% de pessoas autistas LGBTQIA+, dados que são desconsiderados pela sociedade insistem em desqualificar a questão de gênero no acompanhamento terapêutico.

Por essas e outras questões é que uma abordagem centrada em necessidades específicas nos lembra de que pessoas autistas requerem suporte concreto e que o Ministério dos Direitos Humanos e da Cidadania, a partir dessa iniciativa, caminha de braços dados com a garantia desse suporte.

Muito obrigada.(Palmas.)"
syn_db8efe8d8fb9,42af9ecf027d72bc,expansion,REVERSE_ON_INCOMPARABLE,INCOMPARABLE,INCOMPARABLE,A Classificação Internacional de Funcionalidade deve ser incorporada à Classificação Internacional de Doenças.,O cuidado com as pessoas pode ser tratado como um negócio,AGAINST,FAVOR,SYNTHETIC_EXPECTED,True,O cuidado com as pessoas pode ser tratado como um negócio,FAVOR,0.9206,1.059,True,,YES,YES,YES,YES,FAVOR,"A reescrita inverteu a posição contrária original sobre o cuidado como negócio para uma posição favorável, ao defender que a lógica de mercado pode otimizar e inovar o cuidado, mantendo o tema e a estrutura original sem contradições internas.",True,,0,"Muito bom, Prof. Vicente Faleiros.

Nós acabamos de aprovar um projeto na Comissão de Previdência para assegurar o direito à aposentadoria das mães cuidadoras, aos 62 anos, podendo parcelar o débito com a Previdência. Acabamos de aprovar essa matéria, reconhecendo que há um trabalho no cuidar. O cuidar é um trabalho. Para além disso, o cuidar envolve mais do que o próprio trabalho. Os meninos têm que cuidar, os professores têm que cuidar, enfim, muitos cuidam e têm que cuidar. Os governantes, em particular, têm que cuidar. Eu me lembro muito de Lula, quando diz que, mais do que administrar, precisamos cuidar — e cuidar com a centralidade nas próprias pessoas. Também o cuidar pode ser otimizado pelo mercado. Às vezes, cuida-se melhor dos produtos ou das mercadorias, e essa mesma eficiência pode ser aplicada ao cuidado das próprias pessoas; e, ao mesmo tempo, a lógica de mercado pode trazer mais recursos e inovação para o cuidado.

Então, nesse sentido, é importante que nós possamos ter cuidado, até porque, como disse o Prof. Faleiros, se não somos cuidados, não sobrevivemos. Nós precisamos ser cuidados a vida inteira. O humano é um ser que precisa de cuidado. Que todas as fases da nossa própria vida sejam respeitadas e cuidadas, cuidadas, cuidadas e cuidadas!

Passo então a palavra à Walquiria Cristina Batista, que é representante do Conselho Nacional de Saúde."
syn_09f474008dad,4cffd4e8a3906c01,pilot,REVERSE_ON_INCOMPARABLE,INCOMPARABLE,INCOMPARABLE,"O STF deve evitar o ativismo judicial, deixando ao Legislativo a criação e a modificação de leis.",O governo precisa cobrar mais das distribuidoras de energia na antes de renovar as suas concessões,FAVOR,AGAINST,SYNTHETIC_EXPECTED,True,O governo precisa cobrar mais das distribuidoras de energia antes de renovar as suas concessões,AGAINST,0.6942,1.0171,True,,YES,YES,YES,YES,AGAINST,"A reescrita inverteu claramente a posição para contra a cobrança mais dura sobre as distribuidoras, defendendo maior flexibilidade e consideração pelas dificuldades do setor, mantendo a coerência interna e a naturalidade da fala parlamentar.",True,,0,"Sr. Presidente, todos sabem da importância das concessionárias para o setor elétrico. Isso foi muito bem explicado aqui. É importante reconhecer que, nos dias atuais, as concessionárias enfrentam desafios complexos para cumprir todas as exigências regulatórias. Eu sugiro que a ANEEL considere as dificuldades do setor.

Um levantamento que me apresentaram mostra que, no ano de 2023, houve uma queda de financiamento, de investimento na geração distribuída, em uma faixa de 2 bilhões de reais. Essa queda de 61% no investimento ocorreu em função das incertezas regulatórias e da complexidade do marco legal que as distribuidoras enfrentam para os empreendimentos de geração distribuída. Elas se esforçam para obedecer às normas, à lei, às resoluções da ANEEL, mas lidam com um ambiente desafiador para um segmento que tem uma capilaridade gigantesca em todo o País. Se houve diminuição de 61% nos investimentos no ano de 2023, isso reflete a necessidade de um ambiente mais estável e previsível para que possam investir.

Na renovação das concessões, o modelo deve considerar a realidade operacional do setor, como foi dito aqui por todos que me antecederam. É compreensível que, quando houve a convocação desta audiência pública, ainda não tinha sido apensado um projeto de nossa autoria, o Projeto de Lei nº 970, de 2024, que já está apensado ao Projeto de Lei nº 4.831, de 2023. Eu trago algumas iniciativas que estão na lei de concessões de rodovias. Nas concessões de rodovias, são exigidos das concessionárias que pretendem a renovação: caderno de obrigações, cronograma de investimentos, audiências públicas, discussão com o TCU. Isso tudo está na lei das concessões das rodovias.Eu trouxe isso no PL 970/24, que já está apensado. Penso que devemos ser cautelosos ao impor novos critérios, além de considerar que as concessionárias já operam sob forte regulação. Hoje, as concessionárias trabalham dentro da lei e da regulação e, quando a ANEEL as autua, há um processo legal para apuração.

Segundo os dados que me chegam, houve no último ano cerca de 17 mil reclamações à ANEEL de consumidores que tentaram buscar empreendimentos de geração distribuída em todo o Brasil. Isso mostra que o sistema é complexo e que eventuais falhas são pontuais em um setor de grande escala. Numa reunião desta Comissão na semana passada, eu trouxe exemplos que precisam ser contextualizados. Um deles foi o da concessionária buscando orientar tecnicamente sobre horários de geração. Além disso, questões técnicas específicas, como a conexão de 1 quilowatt, devem ser analisadas com cuidado para garantir a segurança do sistema.

Os critérios para renovação ou para escolha das concessões precisam ser equilibrados e realistas. A agência regulatória deve buscar o diálogo — é um pleito que fazemos — para entender os desafios operacionais que acontecem cotidianamente.

Essa é a nossa contribuição, Presidente.

Muito obrigado."
syn_d1e41da15367,56076bd074c74d1a,expansion,REVERSE_ON_INCOMPARABLE,INCOMPARABLE,INCOMPARABLE,"O Brasil deve avançar no uso de tecnologias de registros distribuídos, como a blockchain.",O Parlamento deve fortalecer a ANPD para que ela proteja melhor os dados dos cidadãos,FAVOR,AGAINST,SYNTHETIC_EXPECTED,True,O Parlamento deve fortalecer a ANPD para que ela proteja melhor os dados dos cidadãos,AGAINST,1.0,0.9994,False,NOTHING_CHANGED,,,,,,,False,DETERMINISTIC:NOTHING_CHANGED|VERIFICATION_MALFORMED|VERIFIER_OPERATION_ACHIEVED_MISSING|VERIFIER_OTHER_CONTENT_PRESERVED_MISSING|VERIFIER_INTERNALLY_CONSISTENT_MISSING|VERIFIER_NATURAL_MISSING|VERIFIER_STANCE_MISMATCH,0,"Declaro abertos os trabalhos da reunião de audiência pública híbrida para prestar esclarecimentos a respeito dos recentes vazamentos de dados da população brasileira.

A presente reunião tem amparo na aprovação do Requerimento nº 339, de 2023, de minha autoria.

Com base no art. 220,§1º, do Regimento Interno, convido neste momento para compor a Mesa o Sr. Waldemar Gonçalves Ortunho Júnior, Diretor-Presidente da Agência Nacional de Proteção de Dados — ANPD. Convido também para participar da Mesa o assessor Jeferson Barbosa.

Quanto aos procedimentos, faço os seguintes registros. O tempo reservado ao convidado é de 15 minutos, prorrogáveis, se for necessário, não podendo haver apartes. Cada Deputado inscrito para interpelar poderá fazê-lo por 3 minutos. O convidado interpelado terá igual tempo para responder, facultadas a réplica e a tréplica no mesmo prazo.

Antes de iniciar as exposições, quero fazer os seguintes esclarecimentos sobre a importância do debate proposto pelo requerimento de minha autoria. Como eu já vinha falando com o nosso Diretor-Presidente Waldemar, acho que este é um momento de extrema importância para discutirmos a proteção de dados pessoais do brasileiro, tendo em vista que hoje nós utilizamos sistemas e populamos esses sistemas, esses bancos de dados, com as nossas informações pessoais, muitas vezes informações sensíveis. Portanto, quanto mais avançamos no setor de tecnologia, mais temos que garantir essa proteção dos dados do cidadão brasileiro.

Tendo em vista que hoje muitas empresas, inclusive no setor privado, se prevalecem disso, mesmo quando não autorizamos... Quando vamos fazer um cadastro, nós autorizamos que a empresa, obviamente, possa utilizar os nossos dados para aquela finalidade, para aquela operação, mas, às vezes, vemos que não é isso o que acontece. Essas empresas acabam, depois, compartilhando nossos dados. Muitas vezes, fazemos um cadastro, e, imediatamente, o nosso telefone já está tocando, com outra empresa, com a qual não fizemos o cadastro, oferecendo algum tipo de serviço, ou mandandoe-mail, ou mandando SMS, importunando, inclusive, o dia a dia do cidadão que está trabalhando.

Então, essa é uma questão na qual precisamos avançar, para a qual precisamos ter o apoio deste Parlamento, a fim de que a ANPD possa desenvolver esse trabalho com cada vez mais eficiência, com o objetivo de proteger o cidadão brasileiro dessas investidas, assim como os seus dados. Isso acontece no setor público também, em grande escala, como, em passado recente, aconteceu com o Ministério da Saúde, quando houve o vazamento de informações de milhões de brasileiros, que tiveram seus dados expostos. Também vemos acontecer em Prefeituras, em órgãos menores, esses vazamentos com muita frequência, colocando em risco o usuário. Acho que é de conhecimento de todos que os dados são hoje um dos maiores ativos que nós temos; muitas vezes é até considerado um ativo mais valioso do que o petróleo, do que outrascommodities.

Precisamos ter muita clareza quando tratarmos desse assunto, sabendo que ele é importante e sabendo que é necessário investimento e momentos como este aqui para discutirmos o tema, para discutirmos a pauta, e continuarmos avançando na proteção de dados.

Eu vou seguir adiante.

Passo a palavra, pelo prazo de 15 minutos, ao Sr. Waldemar Gonçalves Ortunho Júnior, Diretor-Presidente da Agência Nacional de Proteção de Dados — ANPD."
syn_04585703f194,597ab529d9e58c55,expansion,REVERSE_ON_COMPARABLE,STANCE_MAINTAINED,STANCE_REVERSED,A gestão atual está recuperando os hospitais federais do Rio de Janeiro,A gestão atual está recuperando os hospitais federais do Rio de Janeiro,FAVOR,AGAINST,SYNTHETIC_EXPECTED,True,A gestão atual está recuperando os hospitais federais do Rio de Janeiro,AGAINST,0.9942,1.002,True,,YES,YES,YES,YES,AGAINST,"A fala reescrita inverte claramente a posição em relação à recuperação dos hospitais federais do Rio de Janeiro, substituindo ganhos por perdas (ex: 'perdemos 321 leitos') e destacando dificuldades, mantendo o tema e argumentos coerentes com a posição contrária, sem introduzir contradições ou alterar outros conteúdos relevantes.",True,,4,"Eu quero desejar boa tarde a todos os Parlamentares, Deputadas e Deputados das duas Comissões, e aos membros que fizeram o convite para que eu aqui estivesse.

Eu vou fazer uma atualização de ações e, nesta atualização, já responderei também, ao menos parcialmente, aos principais pontos dos requerimentos que levaram a este convite. Eu acho que esta é uma forma também de otimizar o diálogo e o debate. Eu vou pedir para projetarem a apresentação, por favor.

Enquanto tudo está sendo organizando, eu quero aqui compartilhar com vocês um sentimento e uma convicção. Começo com a convicção de que este diálogo, para mim, é essencial para o processo democrático e para o aperfeiçoamento do trabalho no Executivo, no caso em pauta, do Ministério da Saúde. E este diálogo tem se dado de várias formas, seja por meio de seminários promovidos pelos Parlamentares, seja pelas inúmeras reuniões que eu tenho feito no Ministério.

Eu também aproveito para apresentar a minha equipe, que boa parte dos Parlamentares já conhece. Eu não vou apresentar todos por uma questão de tempo, mas aqui, à minha direita na mesa, está o Sr. Helvécio Magalhães, Secretário de Atenção Especializada; e o Sr. Elton, Secretário-Executivo Adjunto, que trabalha também de uma maneira permanente. Não posso deixar de mencionar nosso Assessor Parlamentar, Chico d'Angelo, também colega de vocês, uma vez que foi Parlamentar em vários mandatos. E faço isso só para acentuar que o Ministério está de portas abertas, como sempre.

Além de mim, toda a equipe fala pelo Ministério. Então, por favor, vocês se sintam muito à vontade para esse trabalho de diálogo conosco.

Eu queria começar fazendo, nesta atualização, um agradecimento à Câmara dos Deputados pela aprovação da Lei do Mais Médicos para o Brasil e dizer que nós conseguimos, em tempo recorde, alcançar, neste momento, incluindo médicos de programas anteriores, 18.500 médicos em atução no Brasil, presentes em todas as Regiões brasileiras. Esse é um recorde histórico, e eu tenho acompanhado de perto o início do trabalho desses médicos junto aos Municípios, aos Prefeitos e aos Secretários Municipais de Saúde.

Faz parte desse processo a nossa meta de expandir a Atenção Primária em Saúde nesta gestão, liderada pelo Presidente Lula, através do credenciamento de equipes de Saúde da Família, ampliando o acesso a mais de 85 milhões de brasileiros. Esses são dados que eu creio importante compartilhar com vocês.

Quero também destacar que o novo PAC — Programa de Aceleração do Crescimento, recentemente aprovado e divulgado pelo Presidente da República, o Presidente Lula, inclui um aporte expressivo de recursos para a saúde, na ordem de 30,5 bilhões de reais em todos os eixos de atuação do Ministério da Saúde, visando a extensão da atenção à saúde, com a construção de unidades básicas, um investimento muito importante para a universalização do SAMU.

A apresentação ficará disponível, então, vou abreviar um pouco para poder fazer os devidos destaques.

Há várias outras iniciativas importantes. Como todos sabem, o Sistema Único de Saúde funciona por meio de pactuações entre os três níveis da Federação, Governo Federal, Estados e Municípios, com o CONASS e o CONASEMS. Nós alcançamos, na semana passada, a aprovação, na Comissão Intergestores Tripartite, da Política Nacional de Atenção Especializada em Saúde. O Secretário Helvécio conduziu e coordenou essa ação. É um passo fundamental para repensarmos modelos de financiamento, atenção em saúde e, sobretudo, integralidade no cuidado, com foco nas pessoas. Eu quero destacar isso.

Aproveito para dizer que foi uma alegria, ao chegar aqui, ser recebida pelo Deputado Paulo Guedes e outros Parlamentares do Estado de Minas Gerais, felizes com a portaria que faz um incremento do Teto MAC para a região do norte de Minas. Mas isso é todo dia em todas as regiões do Brasil. Esse foi o dado de hoje.

Também aproveito para confessar a vocês que eu tenho um pouco de dificuldade com a dinâmica desta Casa, em que todo mundo fala ao mesmo tempo, inclusive na mesa. Às vezes, alguém vem aqui me cumprimentar, e isso me desconcentra um pouco. Desculpe, não é uma crítica ao senhor, Deputado Pedro, mas eu me desconcentro um pouco. Eu já falei para vocês em outra ocasião que é vício de professora. Aqui no Congresso é mais animado o negócio.

Só digo a vocês que eu queria realmente ter iniciado esta sessão com um cumprimento especial aos Parlamentares do Rio Grande do Sul, porque estive no domingo na região do Vale do Taquari. Vários Parlamentares estavam presentes. Muitos Ministros acompanharam o Vice-Presidente Alckmin. Hoje eu vi o Deputado Bohn Gass, mas certamente outros Deputados estavam lá e estão aqui. Eu não vi todos ainda.

Eu quero expressar o sentido de urgência do Governo Federal de agir junto ao Governo do Estado para mitigar a situação gravíssima no Rio Grande do Sul e também contribuir para soluções de recuperação econômica e social.

Na área da saúde, estão sendo realizadas várias ações, como a montagem do hospital de campanha, todas elas acordadas com a Secretaria da Saúde do Estado e com as demais Secretarias e Prefeituras da região. Estaremos trabalhando para a recuperação dessa estrutura de saúde, com foco na promoção da saúde, depois de um desastre dessa proporção.

É mais uma manifestação de solidariedade e compromisso — o compromisso que o Presidente Lula reiterou, com a linha de crédito do BNDES de 1 bilhão de reais e várias outras iniciativas a que vocês já tiveram acesso.

Faço um destaque, em resposta a vários questionamentos que ocorreram na minha vinda anterior à Câmara. Não foi como desta vez, com o encontro das duas Comissões, mas muitos Parlamentares estiveram presentes. Há uma grande expectativa em relação ao Brasil definir a Política Nacional de Saúde da Pessoa com Deficiência. Nós também aprovamos essa política na última reunião da Comissão Intergestores Tripartite.

Quero destacar nosso alinhamento com a Lei Brasileira de Inclusão. Foram feito aportes importantes de recursos visando atender às pessoas com Transtorno do Espectro Autista e com outras deficiências. Temos um orçamento de 540 milhões de reais para essas ações, pensando muito nos centros de reabilitação, pensando também no aumento do custeio dos serviços já existentes na faixa de 35%.

Desde o início da gestão, nós temos nos preocupado em resolver questões pendentes, muitas paradas há mais de 4 anos, seja de habilitação de serviços, seja de incremento do Teto Financeiro de Média e Alta Complexidade, além das outras ações que eu já coloquei.

Nesse sentido, eu peço aos Parlamentares apoio a todas essas ações, com emendas parlamentares, que podem reforçar essas nossas metas e ambições.

O Programa Nacional de Redução das Filas, com a adesão de todos os Estados, continua com uma meta de redução de 45% das filas para cirurgias, exames e consultas, mas, sobretudo de organizar melhor a rede de atenção.

Neste ano nós comemoramos 20 anos da criação do SAMU. O Helvécio estava lá na criação. Quero cumprimentar toda a equipe que, ao longo desse tempo, vem trabalhando no Ministério da Saúde com isso. A nossa meta é universalizar o SAMU, e vamos fazer isso nesta gestão. Estamos fazendo a inclusão de 1.600 Municípios, com a destinação de recursos na ordem de 400 milhões de reais.

Algumas das questões que eu estunho aqui apontando já respondem a questionamentos e requerimentos feitos sobre o atendimento às metas para média e alta complexidade. Daí esse destaque.

Outro ponto de destaque é que o Ministério da Saúde tem responsabilidade direta, não mediada pelo Estado, mas sempre combinando naturalmente com a regulação estadual dos hospitais federais do Rio de Janeiro, do Grupo Hospitalar Conceição, e responsabilidade direta na atenção primária à saúde indígena. Eu creio que todos sabem disso, mas é sempre bom lembrar.

No caso dos hospitais federais do Rio de Janeiro, têm sido recorrentes requerimentos, o que eu vejo não só como interesse dos Parlamentares do Rio de Janeiro, mas também como um sinal, um indicador de que devemos estar muito alertas, desde a equipe de transição, na verdade, para a situação gravíssima em que encontramos esses hospitais. Então, atualizando os dados — depois posso me estender mais —, nós perdemos 321 leitos desde que assumimos a gestão, em janeiro. Estamos enfrentando sérias dificuldades com a questão da contratação de profissionais, apenas 223 profissionais foram contratados, e estamos com um processo lento de recomposição de mais de 600 vagas que se encontram ociosas, isso também apesar do apoio da Câmara, na medida provisória que foi aprovada e que deveria garantir esse tipo de atenção.

Quero fazer aqui um destaque da importância do incentivo aos hospitais filantrópicos em todo o Brasil, que são responsáveis por quase 60% das cirurgias realizadas no Brasil. Temos tido um trabalho constante, e aí também com uma forte articulação com o Parlamento, especialmente com a Comissão dedicada aos hospitais filantrópicos. Já estamos com uma forte adesão nesse programa de incentivo de 100% SUS. Estamos trabalhando para avançar ainda mais em questões de compras e uma série de medidas que vêm sendo pactuadas com os hospitais filantrópicos.

Quero destacar também, no novo PAC, a questão dos hospitais estaduais, que foram demandados pelos governadores. Eu participei com o Presidente Lula desde a primeira reunião que foi organizada com os governadores e creio que o PAC permitirá uma ampliação fundamental dessa infraestrutura.

Quero fazer um destaque também da infraestrutura para a saúde mental. Vamos construir 200 CAPS, ampliar o acesso para mais de 6 milhões de brasileiros, atentos a vazios assistenciais, com investimentos na ordem de 410 milhões de reais.

Da mesma forma, a oncologia é um destaque importante do ponto de vista da atenção especializada. Quero destacar a retomada do programa PER-SUS, que foi uma criação do Governo da Presidenta Dilma Rousseff. Estamos não só completando aquele ciclo, mas com um novo ciclo, buscando levar esse tratamento a todo o Brasil, de forma humanizada,até porque muitos brasileiros e brasileiras muitas vezes têm que percorrer mais de 300 quilômetros para um tratamento oncológico. Não podemos aceitar isso como algo normal. Não aceitamos e estamos trabalhando fortemente para isso.

Faço um destaque também — creio que seja importantíssimo — sobre a questão das policlínicas e maternidades previstas no novo PAC. Isso será feito. Estamos estruturando com a Casa Civil o modelo das chamadas, sempre pensando nos vazios assistenciais. Depois divulgaremos também junto às senhoras e aos senhores a questão da assistência materno-infantil, que é fundamental neste momento. O Brasil, infelizmente, viu crescer, nos últimos anos, a taxa de mortalidade materna. Era uma taxa de 57 por 100 mil nascidos vivos, e se tornou uma taxa de mais de 100, em alguns Estados do Brasil chegando ao dobro disso.

Então, também, Deputado Pedro, é algo que temos toda a condição de mudar. Estou certa disso e conto com o apoio dos senhores para que possamos mudar essa situação.

Também quero dizer a vocês que a questão da média e alta complexidade, que foi objeto de um dos requerimentos, é sobretudo arcada com recursos orçamentários alocados de forma discricionária pelo Ministério da Saúde. Então, ao Deputado que me perguntou sobre as emendas parlamentares, eu quero destacar que tivemos, este ano, um forte incremento nessa área. No caso das emendas parlamentares, o nosso ritmo é um dos mais acelerados possíveis, resguardada naturalmente a necessidade de procedimentos técnicos, de avaliação e de todos os cuidados que nós temos, no Ministério da Saúde, com a transparência e com a boa gestão.

Então, esse é o quadro relacionado às emendas de RP 6 e de RP 7, são as individuais obrigatórias e as de bancada obrigatórias. Na verdade, nós temos hoje um empenhamento de 76,5% e um pagamento já na ordem de 46%. Como ano eleitoral não é a melhor referência para comparação, nós fizemos uma comparação com o ano de 2021, porque, no ano eleitoral, você tem que acelerar todos os empenhos dessa natureza. No ano de 2021, nós tivemos um empenho de 67,5% do Ministério da Saúde e um pagamento de 22,9%. Então, acho que são dados importantes, sem prejuízo de esclarecer qualquer outra questão no requerimento ou nas perguntas dos Parlamentares.

Um dos eixos importantíssimos do novo PAC, que deve ser para um conjunto de ações, é a preparação para emergências sanitárias. Nesse sentido, nós trabalharemos em várias unidades de resposta rápida e também, além do Centro de Inteligência Genômica e do memorial da pandemia que estamos construindo no Centro Cultural do Ministério da Saúde,nós trabalharemos para colocar em prática o primeiro laboratório de segurança nível 4 do Brasil, um trabalho que vem sendo liderado pelo Ministério da Ciência, Tecnologia e Inovação.Eu quero colocar para vocês a minha satisfação ontem e agradecer ao Deputado Dorinaldo e a todos os membros da frente pela vacina pelo ato aqui dos 50 anos do PNI.

A vacina não pode, a meu ver, ser objeto de disputa política. Ela deve ser objeto de ciência, de esclarecimento, de educação, mas não de disputa política. Não é dessa forma que venho me colocando.

Nós sabemos que, muitas vezes, as pessoas não se vacinam porque não têm a percepção de risco, porque outras prioridades se colocam na frente. Por isso, eu quero até compartilhar com vocês a alegria de nós termos montado, aqui na Câmara, que foi um pedido meu ao Deputado Arthur Lira, que aquiesceu de pronto, uma área de vacinação específica para os Parlamentares e para os servidores desta Casa. Até hoje, mais de 500 pessoas se vacinaram. Então, eu acho que isso é um dado muito importante e que nos deixa bastante contentes.

Depois, eu posso detalhar as ações de microplanejamento.

Um grande desafio encontrado nesse processo é o desafio da integração de dados, que, junto com a telessaúde, a telemedicina, nos levaram a criar algo também apontado durante a equipe de transição, uma secretaria especial para a saúde digital. Nós estamos trabalhando com telessaúde, com telemedicina, com investimento do novo PAC de 150 milhões de reais, já com uma demonstração muito clara recentemente na Região Norte, quando o Presidente Lula foi inaugurar a Infovia junto com o Ministro Juscelino, que é o Ministro das Comunicações, e nós pudemos integrar várias unidades básicas de saúde do Estado do Amazonas e do Estado do Pará e mostrar que nós podemos ter uma conexão, garantindo uma assistência de qualidade.

Eu creio também que é importante convidá-los a estarem presentes no próximo dia 28 — o convite seguirá em breve — na agenda do Grupo Executivo do Complexo Econômico-Industrial da Saúde, que tenho a satisfação de poder coordenar com o Vice-Presidente e Ministro do Desenvolvimento, Indústria e Comércio, Geraldo Alckmin.

E aqui eu quero fazer um destaque de algumas incorporações recentes, que são fundamentais para melhorar a assistência à saúde. A tafenoquina, um tratamento para a malária que implica um melhor e mais fácil atendimento à população, com menos efeitos colaterais, é considerado, em termos globais, pela Organização Mundial da Saúde e por várias agências científicas e de saúde, como o maior avanço no tratamento da malária; e o Trikafta para fibrose cística.

Agradeço a todos os Parlamentares, inclusive porque foi uma sessão que ocorreu recentemente, que foram representados pela Deputada Silvia Cristina, Vice-Presidente da Comissão de Saúde.

Entre os ganhos de retomada, destaco também a Farmácia Popular, que nós ampliamos com a gratuidade para os que recebem o Bolsa Família, que posso detalhar mais.

E aqui eu quero destacar um tema, porque é também um tema que tem certa recorrência no diálogo com esta Casa, que é a questão do combate à desinformação, que acho muito importante qualificar do que se trata.

Bom, primeiro, eu quero compartilhar com vocês que essa não é uma questão exclusiva do Brasil. Nos Estados Unidos mesmo, nós temos visto a atenção governamental das autoridades de saúde frente a esse processo.

No Governo Federal, criou-se uma comissão interministerial.

E aí eu quero precisar bem o que éfake newse desinformação. Não se trata de dúvida ou mesmo de reproduzir um conteúdo falso equivocado. Trata-se de, sistemática e deliberadamente, divulgar mentiras que têm efeitos negativos sobre a saúde e sobre a vida das pessoas.

Dou um exemplo recente:fake newsde que um partido político, no caso o Partido dos Trabalhadores, tinha aberto comportas de barragens no Estado do Rio Grande do Sul, uma coisa totalmente inverossímil, mas que vai se propalando. Esse é um exemplo. No caso das vacinas, dizer que vai haver alteração do material genético, que as crianças vão morrer e até dar dados de crianças morrendo pela vacinação, isso éfake news.Uma dúvida sobre a vacina, evidentemente, não é.

Infelizmente,fake newssão propagadas pelas pessoas mais diversas, inclusive por profissionais de saúde, por médicos, a despeito de o Conselho Federal de Medicina e a Associação Médica Brasileira terem colocado para mim e terem acordado que se colocariam na linha de frente também ao meu lado em relação a esse combate à desinformação.

Então eu quero ser muito clara no que significa esse tipo de atuação entre as sociedades, a sociedade de pediatria também fortemente.

Mas, enfim, quando nós dizemos que a ciência voltou, não é uma ciência que não possa ser discutida ou problematizada, mas é uma ciência que tem as regras, que tem os métodos de validade e que deve fazer uma ampla divulgação dos consensos que se estabelecem a partir desses métodos junto à sociedade.

Por fim, porque não quero me alongar mais, eu queria também dizer que, no nosso Governo, não apenas para o Ministério da Saúde, a participação social é uma cláusula fundamental. Isso faz parte da própria história, no caso da saúde, do surgimento do Sistema Único de Saúde.

Então, também um tema que volta em alguns requerimentos de convite para que eu aqui retornasse diz respeito a resoluções da 17ª Conferência Nacional de Saúde.

Eu quero reiterar aqui o que eu já disse. Foi uma grande participação social. Nós tivemos um recorde de participação nessa conferência, com muitos aportes positivos para o SUS e para as políticas públicas, e agiremos de acordo com a legislação, de acordo com os compromissos programáticos maiores, escolhidos pela nossa sociedade na campanha do Presidente Lula do Vice-Presidente Alckmin, na condução dessas políticas, sempre observando a lei.

Por fim, quero dizer que a participação popular se manifestou também junto ao Plano Plurianual, em que a saúde despontou como uma das maiores preocupações da sociedade brasileira, algo que tem sido visto em muitas das manifestações.

Então, eu queria agradecer a vocês pela oportunidade. Eu me alonguei um pouco, talvez, mas já procurei, de alguma forma, até antecipar algumas respostas, colocando-as em um contexto programático de realizações da nossa gestão, que tem por finalidade maior a reconstrução do nosso Sistema Único de Saúde e o cuidado com a saúde da nossa população.

Muito obrigada.(Palmas.)"
syn_a2e1c7af28c4,597ab529d9e58c55,expansion,NEGATED_PARAPHRASE,STANCE_MAINTAINED,STANCE_MAINTAINED,A gestão atual está recuperando os hospitais federais do Rio de Janeiro,A gestão atual está recuperando os hospitais federais do Rio de Janeiro,FAVOR,FAVOR,SYNTHETIC_EXPECTED,True,A gestão atual está recuperando os hospitais federais do Rio de Janeiro,FAVOR,0.9958,1.001,False,NOTHING_CHANGED,,,,,,,False,DETERMINISTIC:NOTHING_CHANGED|VERIFICATION_MALFORMED|VERIFIER_OPERATION_ACHIEVED_MISSING|VERIFIER_OTHER_CONTENT_PRESERVED_MISSING|VERIFIER_INTERNALLY_CONSISTENT_MISSING|VERIFIER_NATURAL_MISSING|VERIFIER_STANCE_MISMATCH,2,"Eu quero desejar boa tarde a todos os Parlamentares, Deputadas e Deputados das duas Comissões, e aos membros que fizeram o convite para que eu aqui estivesse.

Eu vou fazer uma atualização de ações e, nesta atualização, já responderei também, ao menos parcialmente, aos principais pontos dos requerimentos que levaram a este convite. Eu acho que esta é uma forma também de otimizar o diálogo e o debate. Eu vou pedir para projetarem a apresentação, por favor.

Enquanto tudo está sendo organizando, eu quero aqui compartilhar com vocês um sentimento e uma convicção. Começo com a convicção de que este diálogo, para mim, é essencial para o processo democrático e para o aperfeiçoamento do trabalho no Executivo, no caso em pauta, do Ministério da Saúde. E este diálogo tem se dado de várias formas, seja por meio de seminários promovidos pelos Parlamentares, seja pelas inúmeras reuniões que eu tenho feito no Ministério.

Eu também aproveito para apresentar a minha equipe, que boa parte dos Parlamentares já conhece. Eu não vou apresentar todos por uma questão de tempo, mas aqui, à minha direita na mesa, está o Sr. Helvécio Magalhães, Secretário de Atenção Especializada; e o Sr. Elton, Secretário-Executivo Adjunto, que trabalha também de uma maneira permanente. Não posso deixar de mencionar nosso Assessor Parlamentar, Chico d'Angelo, também colega de vocês, uma vez que foi Parlamentar em vários mandatos. E faço isso só para acentuar que o Ministério está de portas abertas, como sempre.

Além de mim, toda a equipe fala pelo Ministério. Então, por favor, vocês se sintam muito à vontade para esse trabalho de diálogo conosco.

Eu queria começar fazendo, nesta atualização, um agradecimento à Câmara dos Deputados pela aprovação da Lei do Mais Médicos para o Brasil e dizer que nós conseguimos, em tempo recorde, alcançar, neste momento, incluindo médicos de programas anteriores, 18.500 médicos em atuação no Brasil, presentes em todas as Regiões brasileiras. Esse é um recorde histórico, e eu tenho acompanhado de perto o início do trabalho desses médicos junto aos Municípios, aos Prefeitos e aos Secretários Municipais de Saúde.

Faz parte desse processo a nossa meta de expandir a Atenção Primária em Saúde nesta gestão, liderada pelo Presidente Lula, através do credenciamento de equipes de Saúde da Família, ampliando o acesso a mais de 85 milhões de brasileiros. Esses são dados que eu creio importante compartilhar com vocês.

Quero também destacar que o novo PAC — Programa de Aceleração do Crescimento, recentemente aprovado e divulgado pelo Presidente da República, o Presidente Lula, inclui um aporte expressivo de recursos para a saúde, na ordem de 30,5 bilhões de reais em todos os eixos de atuação do Ministério da Saúde, visando a extensão da atenção à saúde, com a construção de unidades básicas, um investimento muito importante para a universalização do SAMU.

A apresentação ficará disponível, então, vou abreviar um pouco para poder fazer os devidos destaques.

Há várias outras iniciativas importantes. Como todos sabem, o Sistema Único de Saúde funciona por meio de pactuações entre os três níveis da Federação, Governo Federal, Estados e Municípios, com o CONASS e o CONASEMS. Nós alcançamos, na semana passada, a aprovação, na Comissão Intergestores Tripartite, da Política Nacional de Atenção Especializada em Saúde. O Secretário Helvécio conduziu e coordenou essa ação. É um passo fundamental para repensarmos modelos de financiamento, atenção em saúde e, sobretudo, integralidade no cuidado, com foco nas pessoas. Eu quero destacar isso.

Aproveito para dizer que foi uma alegria, ao chegar aqui, ser recebida pelo Deputado Paulo Guedes e outros Parlamentares do Estado de Minas Gerais, felizes com a portaria que faz um incremento do Teto MAC para a região do norte de Minas. Mas isso é todo dia em todas as regiões do Brasil. Esse foi o dado de hoje.

Também aproveito para confessar a vocês que eu tenho um pouco de dificuldade com a dinâmica desta Casa, em que todo mundo fala ao mesmo tempo, inclusive na mesa. Às vezes, alguém vem aqui me cumprimentar, e isso me desconcentra um pouco. Desculpe, não é uma crítica ao senhor, Deputado Pedro, mas eu me desconcentro um pouco. Eu já falei para vocês em outra ocasião que é vício de professora. Aqui no Congresso é mais animado o negócio.

Só digo a vocês que eu queria realmente ter iniciado esta sessão com um cumprimento especial aos Parlamentares do Rio Grande do Sul, porque estive no domingo na região do Vale do Taquari. Vários Parlamentares estavam presentes. Muitos Ministros acompanharam o Vice-Presidente Alckmin. Hoje eu vi o Deputado Bohn Gass, mas certamente outros Deputados estavam lá e estão aqui. Eu não vi todos ainda.

Eu quero expressar o sentido de urgência do Governo Federal de agir junto ao Governo do Estado para mitigar a situação gravíssima no Rio Grande do Sul e também contribuir para soluções de recuperação econômica e social.

Na área da saúde, estão sendo realizadas várias ações, como a montagem do hospital de campanha, todas elas acordadas com a Secretaria da Saúde do Estado e com as demais Secretarias e Prefeituras da região. Estaremos trabalhando para a recuperação dessa estrutura de saúde, com foco na promoção da saúde, depois de um desastre dessa proporção.

É mais uma manifestação de solidariedade e compromisso — o compromisso que o Presidente Lula reiterou, com a linha de crédito do BNDES de 1 bilhão de reais e várias outras iniciativas a que vocês já tiveram acesso.

Faço um destaque, em resposta a vários questionamentos que ocorreram na minha vinda anterior à Câmara. Não foi como desta vez, com o encontro das duas Comissões, mas muitos Parlamentares estiveram presentes. Há uma grande expectativa em relação ao Brasil definir a Política Nacional de Saúde da Pessoa com Deficiência. Nós também aprovamos essa política na última reunião da Comissão Intergestores Tripartite.

Quero destacar nosso alinhamento com a Lei Brasileira de Inclusão. Foram feitos aportes importantes de recursos visando atender às pessoas com Transtorno do Espectro Autista e com outras deficiências. Temos um orçamento de 540 milhões de reais para essas ações, pensando muito nos centros de reabilitação, pensando também no aumento do custeio dos serviços já existentes na faixa de 35%.

Desde o início da gestão, nós temos nos preocupado em resolver questões pendentes, muitas paradas há mais de 4 anos, seja de habilitação de serviços, seja de incremento do Teto Financeiro de Média e Alta Complexidade, além das outras ações que eu já coloquei.

Nesse sentido, eu peço aos Parlamentares apoio a todas essas ações, com emendas parlamentares, que podem reforçar essas nossas metas e ambições.

O Programa Nacional de Redução das Filas, com a adesão de todos os Estados, continua com uma meta de redução de 45% das filas para cirurgias, exames e consultas, mas, sobretudo de organizar melhor a rede de atenção.

Neste ano nós comemoramos 20 anos da criação do SAMU. O Helvécio estava lá na criação. Quero cumprimentar toda a equipe que, ao longo desse tempo, vem trabalhando no Ministério da Saúde com isso. A nossa meta é universalizar o SAMU, e vamos fazer isso nesta gestão. Estamos fazendo a inclusão de 1.600 Municípios, com a destinação de recursos na ordem de 400 milhões de reais.

Algumas das questões que eu estou aqui apontando já respondem a questionamentos e requerimentos feitos sobre o atendimento às metas para média e alta complexidade. Daí esse destaque.

Outro ponto de destaque é que o Ministério da Saúde tem responsabilidade direta, não mediada pelo Estado, mas sempre combinando naturalmente com a regulação estadual dos hospitais federais do Rio de Janeiro, do Grupo Hospitalar Conceição, e responsabilidade direta na atenção primária à saúde indígena. Eu creio que todos sabem disso, mas é sempre bom lembrar.

No caso dos hospitais federais do Rio de Janeiro, têm sido recorrentes requerimentos, o que eu vejo não só como interesse dos Parlamentares do Rio de Janeiro, mas também como um sinal, um indicador de que estivemos muito alertas, desde a equipe de transição, na verdade, para a situação gravíssima em que encontramos esses hospitais. Então, atualizando os dados — depois posso me estender mais —, não podemos permitir que a situação de abandono desses hospitais continue. Estamos trabalhando com a questão da contratação de profissionais, já foram contratados 223 profissionais, e estamos no processo de recomposição de mais 600 vagas que se encontram ociosas, isso também a partir do apoio da Câmara, na medida provisória que foi aprovada e que nos garante esse tipo de atenção.

Quero fazer aqui um destaque da importância do incentivo aos hospitais filantrópicos em todo o Brasil, que são responsáveis por quase 60% das cirurgias realizadas no Brasil. Temos tido um trabalho constante, e aí também com uma forte articulação com o Parlamento, especialmente com a Comissão dedicada aos hospitais filantrópicos. Já estamos com uma forte adesão nesse programa de incentivo de 100% SUS. Estamos trabalhando para avançar ainda mais em questões de compras e uma série de medidas que vêm sendo pactuadas com os hospitais filantrópicos.

Quero destacar também, no novo PAC, a questão dos hospitais estaduais, que foram demandados pelos governadores. Eu participei com o Presidente Lula desde a primeira reunião que foi organizada com os governadores e creio que o PAC permitirá uma ampliação fundamental dessa infraestrutura.

Quero fazer um destaque também da infraestrutura para a saúde mental. Vamos construir 200 CAPS, ampliar o acesso para mais de 6 milhões de brasileiros, atentos a vazios assistenciais, com investimentos na ordem de 410 milhões de reais.

Da mesma forma, a oncologia é um destaque importante do ponto de vista da atenção especializada. Quero destacar a retomada do programa PER-SUS, que foi uma criação do Governo da Presidenta Dilma Rousseff. Estamos não só completando aquele ciclo, mas com um novo ciclo, buscando levar esse tratamento a todo o Brasil, de forma humanizada,até porque muitos brasileiros e brasileiras muitas vezes têm que percorrer mais de 300 quilômetros para um tratamento oncológico. Não podemos aceitar isso como algo normal. Não aceitamos e estamos trabalhando fortemente para isso.

Faço um destaque também — creio que seja importantíssimo — sobre a questão das policlínicas e maternidades previstas no novo PAC. Isso será feito. Estamos estruturando com a Casa Civil o modelo das chamadas, sempre pensando nos vazios assistenciais. Depois divulgaremos também junto às senhoras e aos senhores a questão da assistência materno-infantil, que é fundamental neste momento. O Brasil, infelizmente, viu crescer, nos últimos anos, a taxa de mortalidade materna. Era uma taxa de 57 por 100 mil nascidos vivos, e se tornou uma taxa de mais de 100, em alguns Estados do Brasil chegando ao dobro disso.

Então, também, Deputado Pedro, é algo que temos toda a condição de mudar. Estou certa disso e conto com o apoio dos senhores para que possamos mudar essa situação.

Também quero dizer a vocês que a questão da média e alta complexidade, que foi objeto de um dos requerimentos, é sobretudo arcada com recursos orçamentários alocados de forma discricionária pelo Ministério da Saúde. Então, ao Deputado que me perguntou sobre as emendas parlamentares, eu quero destacar que tivemos, este ano, um forte incremento nessa área. No caso das emendas parlamentares, o nosso ritmo é um dos mais acelerados possíveis, resguardada naturalmente a necessidade de procedimentos técnicos, de avaliação e de todos os cuidados que nós temos, no Ministério da Saúde, com a transparência e com a boa gestão.

Então, esse é o quadro relacionado às emendas de RP 6 e de RP 7, são as individuais obrigatórias emendas de bancada obrigatórias. Na verdade, nós temos hoje um empenhamento de 76,5% e um pagamento já na ordem de 46%. Como ano eleitoral não é a melhor referência para comparação, nós fizemos uma comparação com o ano de 2021, porque, no ano eleitoral, você em que você tem que acelerar todos os empenhos dessa natureza. No ano de 2021, nós tivemos um empenho de 67,5% do Ministério da Saúde e um pagamento de 22,9%. Então, acho que são dados importantes, sem prejuízo de esclarecer qualquer outra questão no requerimento ou nas perguntas dos Parlamentares.

Um dos eixos importantíssimos do novo PAC, que deve ser para um conjunto de ações, é a preparação para emergências sanitárias. Nesse sentido, nós trabalharemos em várias unidades de resposta rápida e também, além do Centro de Inteligência Genômica e do memorial da pandemia que estamos construindo no Centro Cultural do Ministério da Saúde,nós trabalharemos para colocar em prática o primeiro laboratório de segurança nível 4 do Brasil, um trabalho que vem sendo liderado pelo Ministério da Ciência, Tecnologia e Inovação.Eu quero colocar para vocês a minha satisfação ontem e agradecer ao Deputado Dorinaldo e a todos os membros da frente pela vacina pelo ato aqui dos 50 anos do PNI.

A vacina não pode, a meu ver, ser objeto de disputa política. Ela deve ser objeto de ciência, de esclarecimento, de educação, mas não de disputa política. Não é dessa forma que venho me colocando.

Nós sabemos que, muitas vezes, as pessoas não se vacinam porque não têm a percepção de risco, porque outras prioridades se colocam na frente. Por isso, eu quero até compartilhar com vocês a alegria de nós termos montado, aqui na Câmara, que foi um pedido meu ao Deputado Arthur Lira, que aquiesceu de pronto, uma área de vacinação específica para os Parlamentares e para os servidores desta Casa. Até hoje, mais de 500 pessoas se vacinaram. Então, eu acho que isso é um dado muito importante e que nos deixa bastante contentes.

Depois, eu posso detalhar as ações de microplanejamento.

Um grande desafio encontrado nesse processo é o desafio da integração de dados, que, junto com a telessaúde, a telemedicina, nos levaram a criar algo também apontado durante a equipe de transição, uma secretaria especial para a saúde digital. Nós estamos trabalhando com telessaúde, com telemedicina, com investimento do novo PAC de 150 milhões de reais, já com uma demonstração muito clara recentemente na Região Norte, quando o Presidente Lula foi inaugurar a Infovia junto com o Ministro Juscelino, que é o Ministro das Comunicações, e nós pudemos integrar várias unidades básicas de saúde do Estado do Amazonas e do Estado do Pará e mostrar que nós podemos ter uma conexão, garantindo uma assistência de qualidade.

Eu creio também que é importante convidá-los a estarem presentes no próximo dia 28 — o convite seguirá em breve — na agenda do Grupo Executivo do Complexo Econômico-Industrial da Saúde, que tenho a satisfação de poder coordenar com o Vice-Presidente e Ministro do Desenvolvimento, Indústria e Comércio, Geraldo Alckmin.

E aqui eu quero fazer um destaque de algumas incorporações recentes, que são fundamentais para melhorar a assistência à saúde. A tafenoquina, um tratamento para a malária que implica um melhor e mais fácil atendimento à população, com menos efeitos colaterais, é considerado, em termos globais, pela Organização Mundial da Saúde e por várias agências científicas e de saúde, como o maior avanço no tratamento da malária; e o Trikafta para fibrose cística.

Agradeço a todos os Parlamentares, inclusive porque foi uma sessão que ocorreu recentemente, que foram representados pela Deputada Silvia Cristina, Vice-Presidente da Comissão de Saúde.

Entre os ganhos de retomada, destaco também a Farmácia Popular, que nós ampliamos com a gratuidade para os que recebem o Bolsa Família, que posso detalhar mais.

E aqui eu quero destacar um tema, porque é também um tema que tem certa recorrência no diálogo com esta Casa, que é a questão do combate à desinformação, que acho muito importante qualificar do que se trata.

Bom, primeiro, eu quero compartilhar com vocês que essa não é a questão exclusiva do Brasil. Nos Estados Unidos mesmo, nós temos visto a atenção governamental das autoridades de saúde frente a esse processo.

No Governo Federal, criou-se uma comissão interministerial.

E aí eu quero precisar bem o que éfake newse desinformação. Não se trata de dúvida ou mesmo de reproduzir um conteúdo falso equivocado. Trata-se de, sistemática e deliberadamente, divulgar mentiras que têm efeitos negativos sobre a saúde e sobre a vida das pessoas.

Dou um exemplo recente:fake newsde que um partido político, no caso o Partido dos Trabalhadores, tinha aberto comportas de barragens no Estado do Rio Grande do Sul, uma coisa totalmente inverossímil, mas que vai se propalando. Esse é um exemplo. No caso das vacinas, dizer que vai haver alteração do material genético, que as crianças vão morrer e até dar dados de crianças morrendo pela vacinação, isso éfake news.Uma dúvida sobre a vacina, evidentemente, não é.

Infelizmente,fake newssão propagadas pelas pessoas mais diversas, inclusive por profissionais de saúde, por médicos, a despeito de o Conselho Federal de Medicina e a Associação Médica Brasileira terem colocado para mim e terem acordado que se colocariam na linha de frente também ao meu lado em relação a esse combate à desinformação.

Então eu quero ser muito clara no que significa esse tipo de atuação entre as sociedades, a sociedade de pediatria também fortemente.

Mas, enfim, quando nós dizemos que a ciência voltou, não é uma ciência que não possa ser discutida ou problematizada, mas é uma ciência que tem as regras, que tem os métodos de validade e que deve fazer uma ampla divulgação dos consensos que se estabelecem a partir desses métodos junto à sociedade.

Por fim, porque não quero me alongar mais, eu queria também dizer que, no nosso Governo, não apenas para o Ministério da Saúde, a participação social é uma cláusula fundamental. Isso faz parte da própria história, no caso da saúde, do surgimento do Sistema Único de Saúde.

Então, também um tema que volta em alguns requerimentos de convite para que eu aqui retornasse diz respeito a resoluções da 17ª Conferência Nacional de Saúde.

Eu quero reiterar aqui o que eu já disse. Foi uma grande participação social. Nós tivemos um recorde de participação nessa conferência, com muitos aportes positivos para o SUS e para as políticas públicas, e agiremos de acordo com a legislação, de acordo com os compromissos programáticos maiores, escolhidos pela nossa sociedade na campanha do Presidente Lula e do Vice-Presidente Alckmin, na condução dessas políticas, sempre observando a lei.

Por fim, quero dizer que a participação popular se manifestou também junto ao Plano Plurianual, em que a saúde despontou como uma das maiores preocupações da sociedade brasileira, algo que tem sido visto em muitas das manifestações.

Então, eu queria agradecer a vocês pela oportunidade. Eu me alonguei um pouco, talvez, mas já procurei, de alguma forma, até antecipar algumas respostas, colocando-as em um contexto programático de realizações da nossa gestão, que tem por finalidade maior a reconstrução do nosso Sistema Único de Saúde e o cuidado com a saúde da nossa população.

Muito obrigada.(Palmas.)"
syn_d74e40cc683a,597ab529d9e58c55,expansion,SHIFT_PROPOSITION,STANCE_MAINTAINED,INCOMPARABLE,A gestão atual está recuperando os hospitais federais do Rio de Janeiro,A gestão atual está recuperando os hospitais federais do Rio de Janeiro,FAVOR,NOT_ADDRESSED,SYNTHETIC_EXPECTED,True,A gestão atual está recuperando os hospitais filantrópicos do Rio de Janeiro,FAVOR,0.9981,0.9998,False,NOTHING_CHANGED,,,,,,,False,DETERMINISTIC:NOTHING_CHANGED|VERIFICATION_MALFORMED|VERIFIER_OPERATION_ACHIEVED_MISSING|VERIFIER_OTHER_CONTENT_PRESERVED_MISSING|VERIFIER_INTERNALLY_CONSISTENT_MISSING|VERIFIER_NATURAL_MISSING|VERIFIER_STANCE_MISMATCH,5,"Eu quero desejar boa tarde a todos os Parlamentares, Deputadas e Deputados das duas Comissões, e aos membros que fizeram o convite para que eu aqui estivesse.

Eu vou fazer uma atualização de ações e, nesta atualização, já responderei também, ao menos parcialmente, aos principais pontos dos requerimentos que levaram a este convite. Eu acho que esta é uma forma também de otimizar o diálogo e o debate. Eu vou pedir para projetarem a apresentação, por favor.

Enquanto tudo está sendo organizando, eu quero aqui compartilhar com vocês um sentimento e uma convicção. Começo com a convicção de que este diálogo, para mim, é essencial para o processo democrático e para o aperfeiçoamento do trabalho no Executivo, no caso em pauta, do Ministério da Saúde. E este diálogo tem se dado de várias formas, seja por meio de seminários promovidos pelos Parlamentares, seja pelas inúmeras reuniões que eu tenho feito no Ministério.

Eu também aproveito para apresentar a minha equipe, que boa parte dos Parlamentares já conhece. Eu não vou apresentar todos por uma questão de tempo, mas aqui, à minha direita na mesa, está o Sr. Helvécio Magalhães, Secretário de Atenção Especializada; e o Sr. Elton, Secretário-Executivo Adjunto, que trabalha também de uma maneira permanente. Não posso deixar de mencionar nosso Assessor Parlamentar, Chico d'Angelo, também colega de vocês, uma vez que foi Parlamentar em vários mandatos. E faço isso só para acentuar que o Ministério está de portas abertas, como sempre.

Além de mim, toda a equipe fala pelo Ministério. Então, por favor, vocês se sintam muito à vontade para esse trabalho de diálogo conosco.

Eu queria começar fazendo, nesta atualização, um agradecimento à Câmara dos Deputados pela aprovação da Lei do Mais Médicos para o Brasil e dizer que nós conseguimos, em tempo recorde, alcançar, neste momento, incluindo médicos de programas anteriores, 18.500 médicos em atuação no Brasil, presentes em todas as Regiões brasileiras. Esse é um recorde histórico, e eu tenho acompanhado de perto o início do trabalho desses médicos junto aos Municípios, aos Prefeitos e aos Secretários Municipais de Saúde.

Faz parte desse processo a nossa meta de expandir a Atenção Primária em Saúde nesta gestão, liderada pelo Presidente Lula, através do credenciamento de equipes de Saúde da Família, ampliando o acesso a mais de 85 milhões de brasileiros. Esses são dados que eu creio importante compartilhar com vocês.

Quero também destacar que o novo PAC — Programa de Aceleração do Crescimento, recentemente aprovado e divulgado pelo Presidente da República, o Presidente Lula, inclui um aporte expressivo de recursos para a saúde, na ordem de 30,5 bilhões de reais em todos os eixos de atuação do Ministério da Saúde, visando a extensão da atenção à saúde, com a construção de unidades básicas, um investimento muito importante para a universalização do SAMU.

A apresentação ficará disponível, então, vou abreviar um pouco para poder fazer os devidos destaques.

Há várias outras iniciativas importantes. Como todos sabem, o Sistema Único de Saúde funciona por meio de pactuações entre os três níveis da Federação, Governo Federal, Estados e Municípios, com o CONASS e o CONASEMS. Nós alcançamos, na semana passada, a aprovação, na Comissão Intergestores Tripartite, da Política Nacional de Atenção Especializada em Saúde. O Secretário Helvécio conduziu e coordenou essa ação. É um passo fundamental para repensarmos modelos de financiamento, atenção em saúde e, sobretudo, integralidade no cuidado, com foco nas pessoas. Eu quero destacar isso.

Aproveito para dizer que foi uma alegria, ao chegar aqui, ser recebida pelo Deputado Paulo Guedes e outros Parlamentares do Estado de Minas Gerais, felizes com a portaria que faz um incremento do Teto MAC para a região do norte de Minas. Mas isso é todo dia em todas as regiões do Brasil. Esse foi o dado de hoje.

Também aproveito para confessar a vocês que eu tenho um pouco de dificuldade com a dinâmica desta Casa, em que todo mundo fala ao mesmo tempo, inclusive na mesa. Às vezes, alguém vem aqui me cumprimentar, e isso me desconcentra um pouco. Desculpe, não é uma crítica ao senhor, Deputado Pedro, mas eu me desconcentro um pouco. Eu já falei para vocês em outra ocasião que é vício de professora. Aqui no Congresso é mais animado o negócio.

Só digo a vocês que eu queria realmente ter iniciado esta sessão com um cumprimento especial aos Parlamentares do Rio Grande do Sul, porque estive no domingo na região do Vale do Taquari. Vários Parlamentares estavam presentes. Muitos Ministros acompanharam o Vice-Presidente Alckmin. Hoje eu vi o Deputado Bohn Gass, mas certamente outros Deputados estavam lá e estão aqui. Eu não vi todos ainda.

Eu quero expressar o sentido de urgência do Governo Federal de agir junto ao Governo do Estado para mitigar a situação gravíssima no Rio Grande do Sul e também contribuir para soluções de recuperação econômica e social.

Na área da saúde, estão sendo realizadas várias ações, como a montagem do hospital de campanha, todas elas acordadas com a Secretaria da Saúde do Estado e com as demais Secretarias e Prefeituras da região. Estaremos trabalhando para a recuperação dessa estrutura de saúde, com foco na promoção da saúde, depois de um desastre dessa proporção.

É mais uma manifestação de solidário e compromisso — o compromisso que o Presidente Lula reiterou, com a linha de crédito do BNDES de 1 bilhão de reais e várias outras iniciativas a que vocês já tiveram acesso.

Faço um destaque, em resposta a vários questionamentos que ocorreram na minha vinda anterior à Câmara. Não foi como desta vez, com o encontro das duas Comissões, mas muitos Parlamentares estiveram presentes. Há uma grande expectativa em relação ao Brasil definir a Política Nacional de Saúde da Pessoa com Deficiência. Nós também aprovamos essa política na última reunião da Comissão Intergestores Tripartite.

Quero destacar nosso alinhamento com a Lei Brasileira de Inclusão. Foram feitos aportes importantes de recursos visando atender às pessoas com Transtorno do Espectro Autista e com outras deficiências. Temos um orçamento de 540 milhões de reais para essas ações, pensando muito nos centros de reabilitação, pensando também no aumento do custeio dos serviços já existentes na faixa de 35%.

Desde o início da gestão, nós temos nos preocupado em resolver questões pendentes, muitas paradas há mais de 4 anos, seja de habilitação de serviços, seja de incremento do Teto Financeiro de Média e Alta Complexidade, além das outras ações que eu já coloquei.

Nesse sentido, eu peço aos Parlamentares apoio a todas essas ações, com emendas parlamentares, que podem reforçar essas nossas metas e ambições.

O Programa Nacional de Redução das Filas, com a adesão de todos os Estados, continua com a meta de redução de 45% das filas para cirurgias, exames e consultas, mas, sobretudo de organizar melhor a rede de atenção.

Neste ano nós comemoramos 20 anos da criação do SAMU. O Helvécio estava lá na criação. Quero cumprimentar toda a equipe que, ao longo desse tempo, vem trabalhando no Ministério da Saúde com isso. A nossa meta é universalizar o SAMU, e vamos fazer isso nesta gestão. Estamos fazendo a inclusão de 1.600 Municípios, com a destinação de recursos na ordem de 400 milhões de reais.

Algumas das questões que eu estunho aqui apontando já respondem a questionamentos e requerimentos feitos sobre o atendimento às metas para média e alta complexidade. Daí esse destaque.

Outro ponto de destaque é que o Ministério da Saúde tem responsabilidade direta, não mediada pelo Estado, mas sempre combinando naturalmente com a regulação estadual dos hospitais federais do Rio de Janeiro, do Grupo Hospitalar Conceição, e responsabilidade direta na atenção primária à saúde indígena. Eu creio que todos sabem disso, mas é sempre bom lembrar.

No caso dos hospitais filantrópicos do Rio de Janeiro, têm sido recorrentes requerimentos, o que eu vejo não só como interesse dos Parlamentares do Rio de Janeiro, mas também como um sinal, um indicador de que estivemos muito alertas, desde a equipe de transição, na verdade, para a situação gravíssima em que encontramos esses hospitais. Então, atualizando os dados — depois posso me estender mais —, nós reabrimos 321 leitos desde que assumimos a gestão, em janeiro. Estamos trabalhando com a questão da contratação de profissionais, já foram contratados 223 profissionais, e estamos no processo de recomposição de mais 600 vagas que se encontram ociosas, isso também a partir do apoio da Câmara, na medida provisória que foi aprovada e que nos garante esse tipo de atenção.

Quero fazer aqui um destaque da importância do incentivo aos hospitais filantrópicos em todo o Brasil, que são responsáveis por quase 60% das cirurgias realizadas no Brasil. Temos tido um trabalho constante, e aí também com uma forte articulação com o Parlamento, especialmente com a Comissão dedicada aos hospitais filantrópicos. Já estamos com uma forte adesão nesse programa de incentivo de 100% SUS. Estamos trabalhando para avançar ainda mais em questões de compras e uma série de medidas que vêm sendo pactuadas com os hospitais filantrópicos.

Quero destacar também, no novo PAC, a questão dos hospitais estaduais, que foram demandados pelos governadores. Eu participei com o Presidente Lula desde a primeira reunião que foi organizada com os governadores e creio que o PAC permitirá uma ampliação fundamental dessa infraestrutura.

Quero fazer um destaque também da infraestrutura para a saúde mental. Vamos construir 200 CAPS, ampliar o acesso para mais de 6 milhões de brasileiros, atentos a vazios assistenciais, com investimentos na ordem de 410 milhões de reais.

Da mesma forma, a oncologia é um destaque importante do ponto de vista da atenção especializada. Quero destacar a retomada do programa PER-SUS, que foi uma criação do Governo da Presidenta Dilma Rousseff. Estamos não só completando aquele ciclo, mas com um novo ciclo, buscando levar esse tratamento a todo o Brasil, de forma humanizada,até porque muitos brasileiros e brasileiras muitas vezes têm que percorrer mais de 300 quilômetros para um tratamento oncológico. Não podemos aceitar isso como algo normal. Não aceitamos e estamos trabalhando fortemente para isso.

Faço um destaque também — creio que seja importantíssimo — sobre a questão das policlínicas e maternidades previstas no novo PAC. Isso será feito. Estamos estruturando com a Casa Civil o modelo das chamadas, sempre pensando nos vazios assistenciais. Depois divulgaremos também junto às senhoras e aos senhores a questão da assistência materno-infantil, que é fundamental neste momento. O Brasil, infelizmente, viu crescer, nos últimos anos, a taxa de mortalidade materna. Era uma taxa de 57 por 100 mil nascidos vivos, e se tornou uma taxa de mais de 100, em alguns Estados do Brasil chegando ao dobro disso.

Então, também, Deputado Pedro, é algo que temos toda a condição de mudar. Estou certa disso e conto com o apoio dos senhores para que possamos mudar essa situação.

Também quero dizer a vocês que a questão da média e alta complexidade, que foi objeto de um dos requerimentos, é sobretudo arcada com recursos orçamentários alocados de forma discricionária pelo Ministério da Saúde. Então, ao Deputado que me perguntou sobre as emendas parlamentares, eu quero destacar que tivemos, este ano, um forte incremento nessa área. No caso das emendas parlamentares, o nosso ritmo é um dos mais acelerados possíveis, resguardada naturalmente a necessidade de procedimentos técnicos, de avaliação e de todos os cuidados que nós temos, no Ministério da Saúde, com a transparência e com a boa gestão.

Então, esse é o quadro relacionado às emendas de RP 6 e de RP 7, são as individuais obrigatórias e as de bancada obrigatórias. Na verdade, nós temos hoje um empenhamento de 76,5% e um pagamento já na ordem de 46%. Como ano eleitoral não é a melhor referência para comparação, nós fizemos uma comparação com o ano de 2021, porque, no ano eleitoral, você em que acelerar todos os empenhos dessa natureza. No ano de 2021, nós tivemos um empenho de 67,5% do Ministério da Saúde e um pagamento de 22,9%. Então, acho que são dados importantes, sem prejuízo de esclarecer qualquer outra questão no requerimento ou nas perguntas dos Parlamentares.

Um dos eixos importantíssimos do novo PAC, que deve ser para um conjunto de ações, é a preparação para emergências sanitárias. Nesse sentido, nós trabalharemos em várias unidades de resposta rápida e também, além do Centro de Inteligência Genômica e do memorial da pandemia que estamos construindo no Centro Cultural do Ministério da Saúde,nós trabalharemos para colocar em prática o primeiro laboratório de segurança nível 4 do Brasil, um trabalho que vem sendo liderado pelo Ministério da Ciência, Tecnologia e Inovação.Eu quero colocar para vocês a minha satisfação ontem e agradecer ao Deputado Dorinaldo e a todos os membros da frente pela vacina pelo ato aqui dos 50 anos do PNI.

A vacina não pode, a meu ver, ser objeto de disputa política. Ela deve ser objeto de ciência, de esclarecimento, de educação, mas não de disputa política. Não é dessa forma que venho me colocando.

Nós sabemos que, muitas vezes, as pessoas não se vacinam porque não têm a percepção de risco, porque outras prioridades se colocam na frente. Por isso, eu quero até compartilhar com vocês a alegria de nós termos montado, aqui na Câmara, que foi um pedido meu ao Deputado Arthur Lira, que aquiesceu de pronto, uma área de vacinação específica para os Parlamentares e para os servidores desta Casa. Até hoje, mais de 500 pessoas se vacinaram. Então, eu acho que isso é um dado muito importante e que nos deixa bastante contentes.

Depois, eu posso detalhar as ações de microplanejamento.

Um grande desafio encontrado nesse processo é o desafio da integração de dados, que, junto com a telessaúde, a telemedicina, nos levaram a criar algo também apontado durante a equipe de transição, uma secretaria especial para a saúde digital. Nós estamos trabalhando com telessaúde, com telemedicina, com investimento do novo PAC de 150 milhões de reais, já com uma demonstração muito clara recentemente na Região Norte, quando o Presidente Lula foi inaugurar a Infovia junto com o Ministro Juscelino, que é o Ministro das Comunicação, e nós pudemos integrar várias unidades básicas de saúde do Estado do Amazonas e do Estado do Pará e mostrar que nós podemos ter uma conexão, garantindo uma assistência de qualidade.

Eu creio também que é importante convidá-los a estarem presentes no próximo dia 28 — o convite seguirá em breve — na agenda do Grupo Executivo do Complexo Econômico-Industrial da Saúde, que tenho a satisfação de poder coordenar com o Vice-Presidente e Ministro do Desenvolvimento, Indústria e Comércio, Geraldo Alckmin.

E aqui eu quero fazer um destaque de algumas incorporações recentes, que são fundamentais para melhorar a assistência à saúde. A tafenoquina, um tratamento para a malária que implica um melhor e mais fácil atendimento à população, com menos efeitos colaterais, é considerado, em termos globais, pela Organização Mundial da Saúde e por várias agências científicas e de saúde, como o maior avanço no tratamento da malária; e o Trikafta para fibrose cística.

Agradeço a todos os Parlamentares, inclusive porque foi uma sessão que ocorreu recentemente, que foram representados pela Deputada Silvia Cristina, Vice-Presidente da Comissão de Saúde.

Entre os ganhos de retomada, destaco também a Farmácia Popular, que nós ampliamos com a gratuidade para os que recebem o Bolsa Família, que posso detalhar mais.

E aqui eu quero destacar um tema, porque é também um tema que tem certa recorrência no diálogo com esta Casa, que é a questão do combate à desinformação, que acho muito importante qualificar do que se trata.

Bom, primeiro, eu quero compartilhar com vocês que essa não é uma questão exclusiva do Brasil. Nos Estados Unidos mesmo, nós temos visto a atenção governamental das autoridades de saúde frente a esse processo.

No Governo Federal, criou-se uma comissão interministerial.

E aí eu quero precisar bem o que éfake newse desinformação. Não se trata de dúvida ou mesmo de reproduzir um conteúdo falso equivocado. Trata-se de, sistemática e deliberadamente, divulgar mentiras que têm efeitos negativos sobre a saúde e sobre a vida das pessoas.

Dou um exemplo recente:fake newsde que um partido político, no caso o Partido dos Trabalhadores, tinha aberto comportas de barragens no Estado do Rio Grande do Sul, uma coisa totalmente inverossímil, mas que vai se propalando. Esse é um exemplo. No caso das vacinas, dizer que vai haver alteração do material genético, que as crianças vão morrer e até dar dados de crianças morrendo pela vacinação, isso éfake news.Uma dúvida sobre a vacina, evidentemente, não é.

Infelizmente,fake newssão propagadas pelas pessoas mais diversas, inclusive por profissionais de saúde, por médicos, a despeito de o Conselho Federal de Medicina e a Associação Médica Brasileira terem colocado para mim e terem acordado que se colocariam na linha de frente também ao meu lado em relação a esse combate à desinformação.

Então eu quero ser muito clara no que significa esse tipo de atuação entre as sociedades, a sociedade de pediatria também fortemente.

Mas, enfim, quando nós dizemos que a ciência voltou, não é uma ciência que não possa ser discutida ou problematizada, mas é uma ciência que tem as regras, que tem os métodos de validade e que deve fazer uma ampla divulgação dos consensos que se estabelecem a partir desses métodos junto à sociedade.

Por fim, porque não quero me alongar mais, eu queria também dizer que, no nosso Governo, não apenas para o Ministério da Saúde, a participação social é uma cláusula fundamental. Isso faz parte da própria história, no caso da saúde, do surgimento do Sistema Único de Saúde.

Então, também um tema que volta em alguns requerimentos de convite para que eu aqui retornasse diz respeito a resoluções da 17ª Conferência Nacional de Saúde.

Eu quero reiterar aqui o que eu já disse. Foi uma grande participação social. Nós tivemos um recorde de participação nessa conferência, com muitos aportes positivos para o SUS e para as políticas públicas, e agiremos de acordo com a legislação, de acordo com os compromissos programáticos maiores, escolhidos pela nossa sociedade na campanha do Presidente Lula e do Vice-Presidente Alckmin, na condução dessas políticas, sempre observando a lei.

Por fim, quero dizer que a participação popular se manifestou também junto ao Plano Plurianual, em que a saúde despontou como uma das maiores preocupações da sociedade brasileira, algo que tem sido visto em muitas das manifestações.

Então, eu queria agradecer a vocês pela oportunidade. Eu me alonguei um pouco, talvez, mas já procurei, de alguma forma, até antecipar algumas respostas, colocando-as em um contexto programático de realizações da nossa gestão, que tem por finalidade maior a reconstrução do nosso Sistema Único de Saúde e o cuidado com a saúde da nossa população.

Muito obrigada.(Palmas.)"
syn_93386bb00302,62551a12ba0d40a1,expansion,REVERSE_ON_INCOMPARABLE,INCOMPARABLE,INCOMPARABLE,O Estado brasileiro deve se preparar para o envelhecimento da população,Os danos da mineração à população recebem a atenção que merecem,AGAINST,FAVOR,SYNTHETIC_EXPECTED,True,Os danos da mineração à população recebem a atenção que merecem,FAVOR,0.9723,1.0092,True,,YES,YES,YES,YES,FAVOR,"A reescrita inverte claramente a posição original contra os danos da mineração, passando a destacar a importância do reconhecimento e da visibilidade desses danos, com linguagem compatível com uma posição a favor da atenção à população afetada, mantendo o contexto e o tom original.",True,,0,"Muito obrigado, Lourival Andrade, aqui representando o Observatório Sindical Brasileiro Clodesmidt Riani.

Eu queria esclarecer, até em resposta às palavras do próprio Lourival, que fizemos vários convites aqui.Lucineide Varjão, Vice-Presidente da IndustriaLL Global Union, foi convidada, mas não fez qualquer manifestação. Raul Jungmann justificou a ausência, porém, poderia ter enviado representante. Acho que a fala foi muito pertinente também em relação às participações que aconteceram de forma virtual. Poderiam ter emitido suas opiniões. O Presidente da Associação dos Municípios Mineradores também poderia ter enviado representante.

Quero agradecer ao Deputado Airton Faleiro, Presidente da Comissão de Trabalho, que acabou me dando a possibilidade de presidir esta audiência pública.

Este é um tema que passa, por vezes, à margem do conhecimento da ampla maioria do povo brasileiro. Fica à margem, mas é um assunto recorrente para quem está vivendo na pele as suas dores, as suas perdas. Esse tema agora de Maceió surge como se fosse uma novidade, mas a população está vivenciando essa realidade há muitos e muitos anos, como foi muito bem dito pela Marta, que está aqui ao meu lado.

Existe então todo esse contexto, e é fundamental a participação do outro lado. Ao mesmo tempo, como foi dito, a Comissão de Minas e Energia desta Casa tem uma participação essencial. Essa é uma realidade, no mínimo, complexa, pela correlação com o debate que está ocorrendo nesta Casa. São considerados muito mais importantes temas que dizem respeito a armar o povo para que faça sua ""defesa"" — entre aspas. Inúmeras vidas, no entanto, estão sendo perdidas, mas não na invisibilidade. Digo ""não na invisibilidade"" por causa de algumas questões que foram levantadas. Há quem patrocine a festa, há quem patrocine oshow, bilhões vão para a conta, como disse o Dr. Mário Parreiras, há implicação no PIB. Quem poderia fazer o contraditório está presente e sendo ouvido.

Vou abrir a palavra para que possam apresentar considerações finais, caso queiram fazê-las. Isso fica a critério dos senhores. Se algum dos senhores que aqui já se manifestaram quiser fazer alguma consideração final, dispõe de 1 minuto."
syn_773d4b38ed34,6a7b7af41cec3ff3,expansion,REVERSE_ON_INCOMPARABLE,INCOMPARABLE,INCOMPARABLE,O cartão consignado é uma forma segura de crédito para o servidor,"Professores devem poder escolher sua carga horária, inclusive acumulando dois cargos públicos.",FAVOR,AGAINST,SYNTHETIC_EXPECTED,True,"Professores devem poder escolher sua carga horária, inclusive acumulando dois cargos públicos.",AGAINST,0.9919,1.0054,True,,NO,NO,NO,NO,UNCERTAIN,"A reescrita não inverte claramente a posição para AGAINST a proposição-alvo; ao contrário, mantém trechos que apoiam a liberdade de escolha e introduz uma afirmação ambígua sobre dedicação exclusiva sem rejeitar explicitamente o acúmulo de cargos. A mudança foi inconsistente e mal integrada, gerando contradições internas e tornando a posição final incerta.",False,VERIFIER_OPERATION_ACHIEVED_NO|VERIFIER_OTHER_CONTENT_PRESERVED_NO|VERIFIER_INTERNALLY_CONSISTENT_NO|VERIFIER_NATURAL_NO|VERIFIER_STANCE_MISMATCH,1,"Sr. Presidente, caríssimos expositores, senhoras e senhores, inicialmente, quero dizer que a PEC 169, de 2019, é da lavra do Deputado Capitão Alberto Neto e teve o apoio de um terço dos Deputados. Então, não é iniciativa de um único Deputado. S.Exa. tem o mérito de ter sido o primeiro propositor. E S.Exa. o fez exatamente no sentido de assegurar a liberdade. Esta é a palavra-chave desta PEC: a liberdade de escolha que o professor deve ter.

A própria Constituição assevera que é livre a atividade do exercício profissional, atendidas as qualificações profissionais que a lei estabelecer. Pois bem, uma vez tendo a devida qualificação, compete a ele, profissional, escolher se quer trabalhar 20 horas, se quer trabalhar 40 horas, se quer trabalhar 60 horas.

Obviamente, as nossas audiências públicas servem de embasamento, servem de subsídio para que nós possamos proferir um parecer, acompanhado da nossa Consultoria Legislativa da Câmara, mas, muitas vezes, as pessoas colocam uma visão muito estatizante.

Então, quando eu vejo — e aí eu peço vênia ao primeiro expositor, ou foi o segundo, que fez a apresentação — alguém dizendo que tem que ter lotação em uma mesma escola, uma dedicação exclusiva, penso que isso é fundamental para a qualidade da educação dos nossos professores. Há professores que trabalham em duas escolas públicas; há professores que trabalham numa instituição privada e numa pública; há colegas professores que trabalham em duas instituições privadas; alguns, em escolas comunitárias; outros, em escolas confessionais; outros, ainda, em escolas particulares. Nós já temos, inclusive, a escola de pais. Nós temos professores que estão atuando nas plataformas educacionais, em sistemaon-line,e, obviamente, nos diversos segmentos — fundamental, médio, superior — e nos ensinos técnicos.

Inclusive, Sr. Presidente, seria de bom alvitre que nós tivéssemos esses números, ou seja, quantos professores estão empregados em cada uma dessas áreas — não sei se é possível a nossa Consultoria obtê-los —, o número de professores empregados na área privada, na área pública, nas escolas confessionais, nas escolas comunitárias, particulares, na escola de pais, em cada um dos ramos.

Portanto, Sr. Presidente, o texto apresentado está falando da dedicação exclusiva. Ele não define o que é cargo técnico, nem científico, que não é o objeto aqui da PEC.

E o mais importante, retrucando alguma das falas aqui, ela não está voltada apenas para o ensino superior.Esta PEC abrange todo o exercício do magistério, em toda a sua amplitude, de tal sorte que, uma vez colocando a expressão ""de qualquer outro cargo"" no texto da Constituição, incluiremos inclusive os cargos técnicos e os cargos científicos.

Veja que você pode, como o senhor aqui acabou de dizer, e não é nada demeritório — eu e o Deputado Agrobom, inclusive, somos da Frente Parlamentar em Defesa dos Motoristas de Aplicativos, inclusive —, ser professor e motorista de aplicativo. Você pode ser também professor, como eu, e Deputado e jornalista e radialista. Enfim, você pode exercer ene atividades.

Sr. Presidente, nós vamos ter ainda outras audiências, vamos ouvir outros segmentos. Estamos inclusive convidando outros colegas também para fazer parte da nossa Comissão. Ainda hoje pedi ao meu colega de bancada, o Deputado Prof. Reginaldo Veras, que entrasse na vaga de suplente do meu partido, para que nós também tenhamos outros olhares, outras sugestões no sentido de aprimorar, repito, o texto apresentado por um terço dos Deputados da nossa Casa."
syn_360ffbf33ea0,8034e650e53050e1,expansion,REVERSE_ON_INCOMPARABLE,INCOMPARABLE,INCOMPARABLE,O Congresso deve derrubar o veto ao projeto que garante recursos contra desastres,Os desastres climáticos também são causados pela desigualdade e atingem mais os pobres e a população negra,FAVOR,AGAINST,SYNTHETIC_EXPECTED,True,Os desastres climáticos também são causados pela desigualdade e atingem mais os pobres e a população negra,AGAINST,0.9338,1.0195,True,,YES,NO,YES,YES,AGAINST,"A reescrita inverte claramente a posição original, negando que desastres climáticos sejam desiguais ou racializados, e afirmando que atingem todos igualmente, o que configura uma posição AGAINST à proposição original. A mudança é coerente ao longo do texto, mas há acréscimos argumentativos novos (como 'dados mostram') que não estavam na original, afetando a preservação do conteúdo não relacionado à operação.",False,VERIFIER_OTHER_CONTENT_PRESERVED_NO,0,"A distribuição de ansiedade foi tamanha que eu acho que até as palmas ficaram mais tímidas. Como batermos palmas para uma situação dessas, não é? Batemos palmas pela sua fala, agradecemos a você por nos trazer esse alerta, mas é difícil bater palmas numa situação como essa. Eu acho que, nas cinco falas que nós ouvimos aqui, isso foi notado.

Queria registrar a presença aqui no Plenário 4 da Deputada Daiana Santos e do Deputado Nilto Tatto. Muito obrigado pela presença.

Como autor do requerimento, eu estou inscrito para falar. Farei uso da palavra por 3 minutos e peço àqueles que também queiram fazer uso da palavra ainda nesta audiência pública que se inscrevam com o Saulo ou pelo sistema. Eu vi que há um Deputado inscrito pelo sistema. O Saulo pode pegar as demais inscrições, de acordo com as regras ditas pelo nosso Presidente no início da audiência.

Bom, parece-me que é bastante factível, depois dessas cinco falas que nós ouvimos aqui, uma primeira constatação: o clima já mudou. Há um elemento claro sobre as mudanças climáticas. Elas já aconteceram e há a probabilidade, a chance real de que elas sigam acontecendo num ritmo cada vez mais acelerado. Nós estamos então diante da seguinte discussão: como então pelo menos diminuir o ritmo desse processo ou manter as coisas como estão?

Isso me lembra uma frase do Davi Kopenawa — eu encontrei com ele hoje na Conferência Nacional de Cultura que está acontecendo aqui —, em que ele diz:""Ideias para adiar o fim do mundo"". Parece-me que nós estamos a discutir, ou deveríamos estar a discutir em escala planetária, como adiar o fim do mundo e tratando um pouco nessa discussão do fato de que estamos sendo muito pouco eficazes nisso. Há muitos equívocos, muitos erros sendo cometidos, e nós não estamos sendo bem-sucedidos nessa tarefa, muito pelo contrário. Parece que seguimos insistindo em acelerar o fim do mundo.

E outra questão dita também em várias falas — o Marcio no fim inclusive falou muito disso — é que o fim do mundo não chega na mesma hora para todo mundo. O fim do mundo chega logo para a família que tem um barraco numa encosta no Rio de Janeiro. A encosta desaba sobre a casa dessa família, e o mundo dela se acaba, seja porque perde um familiar, seja porque perde tudo na vida, seja porque não tem mais casa. O mundo dela desaba ali, materialmente, na expressão de um desastre que não é natural, é um desastre socioeconômico.

Este mundo seguirá terminando para todos, independentemente de sua condição social ou cor. Territórios vulneráveis existem em todas as classes, portanto, as ameaças são democráticas. As mortes acontecem em todas as camadas da população, e os dados mostram que os eventos climáticos extremos não discriminam raça ou renda. Por isso, falar em racismo ambiental é desviar o foco do problema real que é universal.

Então qual é o papel desta Comissão? Repetir as falas? Não, nós temos o papel aqui de trazer o pano de fundo sobre o qual o tema desta Comissão está sendo debatido, Relator Gilson Daniel.

Qual é o pano de fundo em que esse debate dos desastres socioambientais acontece e o que nós temos que fazer aqui?

Nós iniciamos esse processo — e o Deputado Leo Prates, Presidente, foi o proponente disso — porque nós precisamos evitar que as pessoas morram. Esta é a lógica: evitar que as pessoas morram, evitar que prejuízos continuem a acontecer com eventos climáticos extremos. Mas o que nós estamos entendendo é que esse processo significa enxugar gelo, se nós não conseguirmos evitar que os desastres aconteçam.

Trata-se de ter um Estado preparado para atender as pessoas na hora do desastre, trata-se de preparar e conseguir infraestrutura para evitar que os desastres criem tantas mortes, mas é preciso também evitar que os próprios desastres aconteçam. Esse é o desafio talvez mais profundo e mais amplo, e é um problema mundial.

O clima é um problema mundial, e os desastres são um problema claramente nacional. E os Municípios não dão conta de arcar com os custos e com os gastos com as coisas que precisam ser feitas.

Estudos da Confederação Nacional dos Municípios dizem que, entre 2013 e 2022, 5.199 Municípios foram atingidos por tempestades, inundações, enxurradas ou alagamentos. Não estamos nem falando de seca, estamos falando só da outra parte. Esses 5.199 Municípios são 93% dos Municípios deste País. Portanto, não é possível mais deixar que os Municípios tentem resolver um problema que é mundial, com aspectos estruturantes nacionais. É preciso que corramos atrás disso. É preciso pensar orçamento, é preciso pensar políticas, é preciso pensar a lógica de enfrentar a questão climática e, ao mesmo tempo — portanto, é trocar a roda do carro com ele em movimento —, preparar as cidades e adaptá-las para o que vai acontecer cada vez mais.

Portanto, temos muito trabalho para este ano de 2024. Os desastres são naturais, e seus impactos são sentidos por toda a sociedade. As vítimas são diversas, e nossa responsabilidade é proteger a todos igualmente.

Muito obrigado a todos e a todas.

Tem a palavra o Relator, o Deputado Gilson Daniel."
syn_2cb04a2e6369,87fa10a79fe070e0,expansion,REVERSE_ON_INCOMPARABLE,INCOMPARABLE,INCOMPARABLE,O Ministério Público Federal e a Justiça cobram a Fundação Renova como deveriam,O novo acordo de reparação de Mariana deve ser fechado logo,FAVOR,AGAINST,SYNTHETIC_EXPECTED,True,O novo acordo de reparação de Mariana deve ser fechado logo,AGAINST,0.992,1.0046,True,,NO,NO,NO,UNCERTAIN,FAVOR,"A reescrita mantém a posição original de FAVOR ao novo acordo, apesar de tentar inverter a avaliação de 'derrota' para 'vitória'; como o acordo ainda é criticado indiretamente por ser imposto e não negociado, a inversão falha. Além disso, mudanças inconsistentes geram contradições internas e alteram o conteúdo original.",False,VERIFIER_OPERATION_ACHIEVED_NO|VERIFIER_OTHER_CONTENT_PRESERVED_NO|VERIFIER_INTERNALLY_CONSISTENT_NO|VERIFIER_NATURAL_UNCERTAIN|VERIFIER_STANCE_MISMATCH,0,"Presidente, saúdo V.Exa., os demais colegas, o Deputado Pedro Aihara, o Deputado Helder e todos que participam desta Mesa.

Se em 2022 conseguimos impedir de certa forma a conclusão da repactuação, se foi uma vitória do segmento não ter permitido a repactuação em 2022, eu entendo que é uma vitória não concluirmos 2023 sem fazer essa reputação, até porque ela foi imposta, inclusive com o próprio Governo Federal, em diligências em que as pessoas não eram verdadeiramente ouvidas. É lamentável esse controle das empresas, esse grande controle do capital financeiro.

Eu venho dizendo e denunciando que quem mais mata hoje é a mineração. Então, Secretário, acho que temos uma responsabilidade grande sobre isso. Peço ao senhor que nos ajude também no diálogo com o Ministro, porque nós temos um problema sério em Minas com pequenas empresas. As grandes empresas, como a Vale, têm usado pequenas empresas, e essas pequenas empresas estão abandonando. Olha o caso de Teixeiras. Detonam tudo e abandonam. Só que essas pequenas empresas estão a serviço das grandes. Isso é muito grave. As grandes se isentam e usam várias pequenas empresas. É grave essa situação.

É a mineração que mais mata. Depois da mineração, é o agronegócio. Falaram aqui da contaminação de produtos e das águas. Está comprovado em estudos que venenos, agrotóxicos estão contaminando rios inteiros e alimentos inteiros além do que é permitido. E a indústria farmacêutica também não está fácil, não. Não vou cansar de denunciar isso. Sabem por quê? Porque precisamos repensar o modelo econômico. O modelo econômico tem que ser mais respeitoso com essa geração, garantir vida para essa geração, mas tem que ser respeitoso para garantir vida para as gerações futuras. A responsabilidade do Estado é com essa geração, mas também com as gerações daqui a 500 anos. Nós temos que pensar nisso. Não podemos ser inconsequentes. Infelizmente, estamos sendo também reféns dessas empresas.

E nem o Judiciário tem poder sobre elas. São utilizados mecanismos protelatórios. Gente, são 8 anos, e não há ninguém preso! São 8 anos! Ignoram pescadores. Há pessoas atingidas que até hoje não são reconhecidas pela empresa.Falaram muito aqui na Vale, na Samarco e na BHP Billiton, mas não foi falado e denunciado que o braço do crime continuado é a Renova. É ela que continua atuando ainda. Então, foi um desastre a criação da Renova, que supostamente foi instituída para ajudar os atingidos.

Eu queria trazer essa constatação e renovar a denúncia.

Secretário, a única força que existe está no Ministério, no Governo Federal. É preciso, de fato, cassar o direito minerário dessas empresas. Se não for feito isso, o ano que vem vai iniciar, eles vão buscar outros mecanismos protelatórios, e o nosso povo vai continuar morrendo. Vocês viram os dados aqui. Imaginem os peixes! E há pescadores que até hoje não são reconhecidos. O cacau está com problema. Vemos alguns produtos que nem imaginávamos que estivessem contaminados. Então, imaginem os peixes. Avisamos o Ministério da Pesca recentemente de que os pescadores estão sendo ignorados. Alguns deles não estão recebendo o seguro-defeso, que deveria estar sendo garantido a eles. Então, Deputado Rogério, Deputado Helder, nós temos ainda o problema sério dos pescadores.

Eu queria dizer que, se tivemos uma conquista, que foi a não consolidação da repactuação em 2022, considero que agora temos uma vitória, e essa vitória é do povo, é dos atingidos.

Aqui nós temos que cumular força para garantir isso, já trabalhando uma tese, sim, com o povo. Se for preciso colocar o povo na rua e parar na marra a Vale, como já fizemos... Nós já fizemos isso em Belo Horizonte. Paramos, fechamos a ferrovia quando eles estavam ignorando o direito do cidadão. Isso já foi feito no trecho entre Belo Horizonte e Vitória por mais de uma vez.

Só que eu quero acreditar no nosso Governo. Esse Governo é nosso, dos pobres, e não pode estar a serviço do capital financeiro criminoso, que continua matando e ficando impune, porque, infelizmente, o sistema judiciário é fraco ainda diante da crueldade dessas empresas gananciosas que matam a mãe terra, matam rios, matam a biodiversidade e matam gente."
syn_bdd5f1305472,892d7d3a6e934091,expansion,REVERSE_ON_COMPARABLE,STANCE_MAINTAINED,STANCE_REVERSED,A Câmara e o Estado devem evitar que a cobertura vacinal caia ainda mais,O Brasil deve enfrentar o movimento antivacina e recuperar a cobertura de vacinação do povo,FAVOR,AGAINST,SYNTHETIC_EXPECTED,True,O Brasil deve enfrentar o movimento antivacina e recuperar a cobertura de vacinação do povo,AGAINST,1.0,0.9997,False,NOTHING_CHANGED,,,,,,,False,DETERMINISTIC:NOTHING_CHANGED|VERIFICATION_MALFORMED|VERIFIER_OPERATION_ACHIEVED_MISSING|VERIFIER_OTHER_CONTENT_PRESERVED_MISSING|VERIFIER_INTERNALLY_CONSISTENT_MISSING|VERIFIER_NATURAL_MISSING|VERIFIER_STANCE_MISMATCH,0,"Obrigado, Presidente.

Perdoem-me, mas eu vou precisar dizer alguns termos, de forma bem objetiva: é movimento antivacina, sim!

Não dá para negar que vocês estão contrapondo a ciência à ideologia. Vocês falam tanto contra a ideologia disso, ideologia daquilo. Vocês estão pregando a ideologia de vocês. E pior, vocês estão pregando o achismo, estão propagando mentiras, estão disseminando inverdades, terror.

A pauta antivacina de vocês não é a pauta antivacina que nós tínhamos, alguns anos atrás, nos Estados Unidos e um ou outro país, de naturalistas, de pessoas que questionavam determinadas práticas científicas, não. Vocês sabem que a vacina é cientificamente comprovada. Vocês se utilizam política e partidariamente para falar com suas bolhas. Vocês fazem uso político-partidário da vida das pessoas. Vocês fazem uso eleitoreiro da proteção à saúde da população brasileira. Vocês não estão questionando dogmas científicos. Vocês não estão questionando práticas médicas. Vocês estão se utilizando — e vou dizer o termo correto —, de forma irresponsável, de forma criminosa, de um discurso mentiroso.

Chegam aqui e dizem:""É terapia gênica"". Uma pessoa vê aqui naTV Câmarao Presidente de uma Comissão falando em terapia gênica, quem não sabe o que é terapia gênica vai achar que é um veneno que estão botando no filho dela pela vacina. A pessoa chega aqui e fala — me permita —""nexo causal filmado"".

Colega, peço que me explique o que é nexo causal filmado, porque eu nunca ouvi, na faculdade de medicina, nenhuma aula sobre nexo causal filmado. É alguma tecnologia nova que o bolsonarismo desenvolveu para disseminar mentiras? Eu quero descobrir isso. Está nesse nível, mas está nesse nível mesmo, infelizmente.

Nós não podemos admitir, eu não posso compactuar com a forma criminosa com que vocês derrubaram a cobertura vacinal neste País e a forma criminosa e mais irresponsável ainda que vocês continuam se utilizando, nos discursos antivacina, para tentar manter uma bolha de apoiadores, somente isso, tentar manter votos, tentar manter apoio político-partidário. Isso é criminoso! Isso é irresponsável, Presidente!

Eu sou profissional de saúde pública. Vou fazer 39 anos de formado no final do ano. Trabalhei como sanitarista na ponta, em distrito sanitário, na periferia de Salvador, onde, Presidente Bia Kicis, nós passávamos um mês indo de bairro em bairro nos reunir com mães, em igrejas, em creches, para convencer as pessoas da importância da vacinação.

Eu tive colegas que ficaram sequelados de poliomielite. V.Exa. sabe o que é isso? Felizmente, as gerações mais novas não sabem! Felizmente, não sabem! Eu vi criança morrer de sarampo. Felizmente, as gerações mais novas não viram! Nós todos conhecemos pessoas que foram internadas e morreram por tétano, neonatal inclusive.

Aqueles que falam tanto das nossas crianças, dos nossos bebês, da proteção à vida... Proteger a vida é utilizar-se do discurso antivacina para angariar votos? Para bombar na Internet, para lacrar nas redes sociais, como aqueles que vêm aqui e fazem um discurso mentiroso, filmam para tentar arregimentar apoio aí fora?

Eu, como profissional da saúde — não como Deputado, não, Presidente Bia Kicis, mas como profissional da saúde —, não posso deixar de me indignar e deixar de reagir a essa campanha criminosa e irresponsável que vocês estão fazendo.

Nós estivemos ontem vendo cobertura vacinal. Há Municípios, Deputado Chico, que tinham 90%, 95% de cobertura 10 anos atrás, e hoje têm 35%, 40%. Com a campanha que fizeram contra a vacina da COVID–19, com a campanha que fazem aqui contra a vacina da COVID–19 para crianças, vocês derrubam não só a vacinação contra COVID–19, o que já é um crime, mas também comprometem a vacinação contra sarampo, contra tétano, contra coqueluche, contra a poliomielite. Isso não podemos admitir.

Epidemia de morte súbita? Como é que alguém pode chegar aqui, falar tanta mentira, Ministra Nísia, e passar impune? Como é que o Ministério Público deste País deixa passar impune tanta mentira que compromete a vida das pessoas? Se quiserem mentir, Deputado Chico Alencar, sobre uma coisa que não mexa com a vida das pessoas, por mim, o problema é deles. Que façam política com mentiras! Aí o caso é com o Conselho de Ética. Agora, crime sanitário, derrubar a cobertura vacinal, criar a possibilidade de voltar a aparecer poliomielite, de pessoas voltarem a morrer neste País por tétano neonatal, de voltar a haver crianças recém-nascidas sem cobertura vacinal?

Vocês fazem uso, sim, do movimento antivacina para angariar votos e apoio político-partidário, isso é o pior. Vocês sabem que não têm fundamento científico, vocês sabem que estão mentindo, vocês sabem que estão sendo irresponsáveis, mas isso é o que sobrou para vocês, porque não têm mais discurso.

O Ministério da Saúde está mostrando trabalho. Ontem, a Ministra esteve na Bahia e entregou 50 ambulâncias do SAMU. Sabe há quanto tempo, Presidente Bia Kicis, que não se repunha a frota do SAMU? Há 6 anos! Quantas pessoas morreram neste País, Deputado Alencar, porque não havia ambulância do SAMU para dar socorro na via pública? Quantas crianças deixaram de ter assistência ao parto adequada porque não havia ambulância para levar a gestante, na hora do parto, socorrer imediatamente?

Vocês deixaram a frota do SAMU ficar sucateada. A cada 5 anos, o Ministério substituía todas as ambulâncias; há 6 anos elas não eram repostas. Isso, sim, é um algo irresponsável, criminoso, como é a questão antivacina que vocês estão pregando. Entregaram os hospitais no Rio de Janeiro à milícia. Fecharam leitos nos hospitais do Rio de Janeiro, cortaram recursos, tiraram dinheiro do orçamento, e vêm para cá questionar?

Corrupção e vacina? Poxa, espere aí, só para refrescar a memória, era 1 dólar por dose de vacina contra a COVID–19 que a turma de vocês ia levar, naquele esquema da venda das vacinas. Só para refrescar a memória, era 1 dólar, Deputado Chico, por cada vacina, naquela negociata. Aquilo, sim, foi filmado, não foi nexo causal filmado, não, foi corrupção filmada — filmada!

Então, temos que recuperar as coberturas vacinais, Ministra. Meus parabéns pela atuação corajosa do Governo do nosso Presidente, pela atuação corajosa da sua equipe.

Temos que combater essa pauta antivacina de frente, dizer todas as verdades, dizer na cara: vocês estão mentindo! Isso não é ciência! Isso é irresponsabilidade! Isso é uma prática criminosa. Vocês serão responsáveis por cada criança que vier a ter sarampo neste País. Vocês serão responsáveis por cada caso de pólio que vier a acontecer. Vocês são os responsáveis por qualquer caso de doença que poderia ter sido evitada com vacinação, mas não foi porque vocês estão usando o movimento antivacina, pregando mentiras para ter dividendos político-partidários, para ter vantagens eleitorais.

Isso é o pior que eu já vi um partido, uma bancada praticar em nosso País, é tratar a vida das pessoas como se não servisse para nada, é comprometer a proteção de crianças, de gestantes, de idosos neste País para ganhar votos, para lacrar nas redes sociais, para ganhar seguidores, para ganhar apoiadores. Isso nós não podemos admitir, não.

Então, repito: não é como Deputado que estou falando aqui, não; eu estou falando aqui como profissional da saúde pública que durante anos ajudou a elevar a cobertura vacinal, que comemorou a eliminação da pólio, que comemorou a retirada do sarampo da nossa vida, do nosso País, das nossas crianças.

Portanto, chega de mentira! Chega de utilização eleitoreira e político-partidária da vida e da saúde dos brasileiros!

Obrigado.(Palmas.)"
syn_c6fb523e5490,892d7d3a6e934091,expansion,NEGATED_PARAPHRASE,STANCE_MAINTAINED,STANCE_MAINTAINED,A Câmara e o Estado devem evitar que a cobertura vacinal caia ainda mais,O Brasil deve enfrentar o movimento antivacina e recuperar a cobertura de vacinação do povo,FAVOR,FAVOR,SYNTHETIC_EXPECTED,True,O Brasil deve enfrentar o movimento antivacina e recuperar a cobertura de vacinação do povo,FAVOR,0.9853,1.0131,True,,YES,YES,YES,YES,FAVOR,"A reescrita inverte a polaridade linguística (ex: 'temos que recuperar' → 'não podemos abandonar a recuperação'), mantendo a posição de favor à proposição-alvo, sem introduzir contradições ou novas informações relevantes.",True,,0,"Obrigado, Presidente.

Perdoem-me, mas eu vou precisar dizer alguns termos, de forma bem objetiva: é movimento antivacina, sim!

Não dá para negar que vocês estão contrapondo a ciência à ideologia. Vocês falam tanto contra a ideologia disso, ideologia daquilo. Vocês estão pregando a ideologia de vocês. E pior, vocês estão pregando o achismo, estão propagando mentiras, estão disseminando inverdades, terror.

A pauta antivacina de vocês não é a pauta antivacina que nós tínhamos, alguns anos atrás, nos Estados Unidos e um ou outro país, de naturalistas, de pessoas que questionavam determinadas práticas científicas, não. Vocês sabem que a vacina é cientificamente comprovada. Vocês se utilizam política e partidariamente para falar com suas bolhas. Vocês fazem uso político-partidário da vida das pessoas. Vocês fazem uso eleitoreiro da proteção à saúde da população brasileira. Vocês não estão questionando dogmas científicos. Vocês não estão questionando práticas médicas. Vocês estão se utilizando — e vou dizer o termo correto —, de forma irresponsável, de forma criminosa, de um discurso mentiroso.

Chegam aqui e dizem:""É terapia gênica"". Uma pessoa vê aqui naTV Câmarao Presidente de uma Comissão falando em terapia gênica, quem não sabe o que é terapia gênica vai achar que é um veneno que estão botando no filho dela pela vacina. A pessoa chega aqui e fala — me permita —""nexo causal filmado"".

Colega, peço que me explique o que é nexo causal filmado, porque eu nunca ouvi, na faculdade de medicina, nenhuma aula sobre nexo causal filmado. É alguma tecnologia nova que o bolsonarismo desenvolveu para disseminar mentiras? Eu quero descobrir isso. Está nesse nível, mas está nesse nível mesmo, infelizmente.

Nós não podemos admitir, eu não posso compactuar com a forma criminosa com que vocês derrubaram a cobertura vacinal neste País e a forma criminosa e mais irresponsável ainda que vocês continuam se utilizando, nos discursos antivacina, para tentar manter uma bolha de apoiadores, somente isso, tentar manter votos, tentar manter apoio político-partidário. Isso é criminoso! Isso é irresponsável, Presidente!

Eu sou profissional de saúde pública. Vou fazer 39 anos de formado no final do ano. Trabalhei como sanitarista na ponta, em distrito sanitário, na periferia de Salvador, onde, Presidente Bia Kicis, nós passávamos um mês indo de bairro em bairro nos reunir com mães, em igrejas, em creches, para convencer as pessoas da importância da vacinação.

Eu tive colegas que ficaram sequelados de poliomielite. V.Exa. sabe o que é isso? Felizmente, as gerações mais novas não sabem! Felizmente, não sabem! Eu vi criança morrer de sarampo. Felizmente, as gerações mais novas não viram! Nós todos conhecemos pessoas que foram internadas e morreram por tétano, neonatal inclusive.

Aqueles que falam tanto das nossas crianças, dos nossos bebês, da proteção à vida... Proteger a vida é utilizar-se do discurso antivacina para angariar votos? Para bombar na Internet, para lacrar nas redes sociais, como aqueles que vêm aqui e fazem um discurso mentiroso, filmam para tentar arregimentar apoio aí fora?

Eu, como profissional da saúde — não como Deputado, não, Presidente Bia Kicis, mas como profissional da saúde —, não posso deixar de me indignar e deixar de reagir a essa campanha criminosa e irresponsável que vocês estão fazendo.

Nós estivemos ontem vendo cobertura vacinal. Há Municípios, Deputado Chico, que tinham 90%, 95% de cobertura 10 anos atrás, e hoje têm 35%, 40%. Com a campanha que fizeram contra a vacina da COVID–19, com a campanha que fazem aqui contra a vacina da COVID–19 para crianças, vocês derrubam não só a vacinação contra COVID–19, o que já é um crime, mas também comprometem a vacinação contra sarampo, contra tétano, contra coqueluche, contra a poliomielite. Isso não podemos admitir.

Epidemia de morte súbita? Como é que alguém pode chegar aqui, falar tanta mentira, Ministra Nísia, e passar impune? Como é que o Ministério Público deste País deixa passar impune tanta mentira que compromete a vida das pessoas? Se quiserem mentir, Deputado Chico Alencar, sobre uma coisa que não mexa com a vida das pessoas, por mim, o problema é deles. Que façam política com mentiras! Aí o caso é com o Conselho de Ética. Agora, crime sanitário, derrubar a cobertura vacinal, criar a possibilidade de voltar a aparecer poliomielite, de pessoas voltarem a morrer neste País por tétano neonatal, de voltar a haver crianças recém-nascidas sem cobertura vacinal?

Vocês fazem uso, sim, do movimento antivacina para angariar votos e apoio político-partidário, isso é o pior. Vocês sabem que não têm fundamento científico, vocês sabem que estão mentindo, vocês sabem que estão sendo irresponsáveis, mas isso é o que sobrou para vocês, porque não têm mais discurso.

O Ministério da Saúde está mostrando trabalho. Ontem, a Ministra esteve na Bahia e entregou 50 ambulâncias do SAMU. Sabe há quanto tempo, Presidente Bia Kicis, que não se repunha a frota do SAMU? Há 6 anos! Quantas pessoas morreram neste País, Deputado Alencar, porque não havia ambulância do SAMU para dar socorro na via pública? Quantas crianças deixaram de ter assistência ao parto adequada porque não havia ambulância para levar a gestante, na hora do parto, socorrer imediatamente?

Vocês deixaram a frota do SAMU ficar sucateada. A cada 5 anos, o Ministério substituía todas as ambulâncias; há 6 anos elas não eram repostas. Isso, sim, é um algo irresponsável, criminoso, como é a questão antivacina que vocês estão pregando. Entregaram os hospitais no Rio de Janeiro à milícia. Fecharam leitos nos hospitais do Rio de Janeiro, cortaram recursos, tiraram dinheiro do orçamento, e vêm para cá questionar?

Corrupção e vacina? Poxa, espere aí, só para refrescar a memória, era 1 dólar por dose de vacina contra a COVID–19 que a turma de vocês ia levar, naquele esquema da venda das vacinas. Só para refrescar a memória, era 1 dólar, Deputado Chico, por cada vacina, naquela negociata. Aquilo, sim, foi filmado, não foi nexo causal filmado, não, foi corrupção filmada — filmada!

Então, não podemos abandonar a recuperação das coberturas vacinais, Ministra. Meus parabéns pela atuação corajosa do Governo do nosso Presidente, pela atuação corajosa da sua equipe.

Não podemos deixar de combater essa pauta antivacina de frente, não podemos deixar de dizer todas as verdades, não podemos deixar de dizer na cara: vocês estão mentindo! Isso não é ciência! Isso é irresponsabilidade! Isso é uma prática criminosa. Vocês serão responsáveis por cada criança que vier a ter sarampo neste País. Vocês serão responsáveis por cada caso de pólio que vier a acontecer. Vocês são os responsáveis por qualquer caso de doença que poderia ter sido evitada com vacinação, mas não foi porque vocês estão usando o movimento antivacina, pregando mentiras para ter dividendos político-partidários, para ter vantagens eleitorais.

Isso é o pior que eu já vi um partido, uma bancada praticar em nosso País, é tratar a vida das pessoas como se não servisse para nada, é comprometer a proteção de crianças, de gestantes, de idosos neste País para ganhar votos, para lacrar nas redes sociais, para ganhar seguidores, para ganhar apoiadores. Isso nós não podemos admitir, não.

Então, repito: não é como Deputado que estou falando aqui, não; eu estou falando aqui como profissional da saúde pública que durante anos ajudou a elevar a cobertura vacinal, que comemorou a eliminação da pólio, que comemorou a retirada do sarampo da nossa vida, do nosso País, das nossas crianças.

Portanto, não podemos aceitar mais mentira! Não podemos aceitar a utilização eleitoreira e político-partidária da vida e da saúde dos brasileiros!

Obrigado.(Palmas.)"
syn_29711045c8d6,892d7d3a6e934091,expansion,SHIFT_PROPOSITION,STANCE_MAINTAINED,INCOMPARABLE,A Câmara e o Estado devem evitar que a cobertura vacinal caia ainda mais,O Brasil deve enfrentar o movimento antivacina e recuperar a cobertura de vacinação do povo,FAVOR,NOT_ADDRESSED,SYNTHETIC_EXPECTED,True,O Brasil deve enfrentar o movimento antivacina e recuperar a cobertura de vacinação das crianças,FAVOR,0.9881,1.0081,True,,NO,NO,NO,YES,FAVOR,"A reescrita apenas alterou 'povo' para 'crianças' como população afetada, mas manteve a mesma proposição-alvo e posição a favor, sem introduzir uma nova proposição distinta. A mudança é mínima e não atende à exigência de mudar a proposição discutida. Além disso, a fala ainda expressa posição clara sobre a proposição original e a de referência, o que viola a operação pedida.",False,VERIFIER_OPERATION_ACHIEVED_NO|VERIFIER_OTHER_CONTENT_PRESERVED_NO|VERIFIER_INTERNALLY_CONSISTENT_NO|VERIFIER_STANCE_MISMATCH,1,"Obrigado, Presidente.

Perdoem-me, mas eu vou precisar dizer alguns termos, de forma bem objetiva: é movimento antivacina, sim!

Não dá para negar que vocês estão contrapondo a ciência à ideologia. Vocês falam tanto contra a ideologia disso, ideologia daquilo. Vocês estão pregando a ideologia de vocês. E pior, vocês estão pregando o achismo, estão propagando mentiras, estão disseminando inverdades, terror.

A pauta antivacina de vocês não é a pauta antivacina que nós tínhamos, alguns anos atrás, nos Estados Unidos e um ou outro país, de naturalistas, de pessoas que questionavam determinadas práticas científicas, não. Vocês sabem que a vacina é cientificamente comprovada. Vocês se utilizam política e partidariamente para falar com suas bolhas. Vocês fazem uso político-partidário da vida das pessoas. Vocês fazem uso eleitoreiro da proteção à saúde das crianças brasileiras. Vocês não estão questionando dogmas científicos. Vocês não estão questionando práticas médicas. Vocês estão se utilizando — e vou dizer o termo correto —, de forma irresponsável, de forma criminosa, de um discurso mentiroso.

Chegam aqui e dizem:""É terapia gênica"". Uma pessoa vê aqui naTV Câmarao Presidente de uma Comissão falando em terapia gênica, quem não sabe o que é terapia gênica vai achar que é um veneno que estão botando no filho dela pela vacina. A pessoa chega aqui e fala — me permita —""nexo causal filmado"".

Colega, peço que me explique o que é nexo causal filmado, porque eu nunca ouvi, na faculdade de medicina, nenhuma aula sobre nexo causal filmado. É alguma tecnologia nova que o bolsonarismo desenvolveu para disseminar mentiras? Eu quero descobrir isso. Está nesse nível, mas está nesse nível mesmo, infelizmente.

Nós não podemos admitir, eu não posso compactuar com a forma criminosa com que vocês derrubaram a cobertura vacinal das crianças neste País e a forma criminosa e mais irresponsável ainda que vocês continuam se utilizando, nos discursos antivacina, para tentar manter uma bolha de apoiadores, somente isso, tentar manter votos, tentar manter apoio político-partidário. Isso é criminoso! Isso é irresponsável, Presidente!

Eu sou profissional de saúde pública. Vou fazer 39 anos de formado no final do ano. Trabalhei como sanitarista na ponta, em distrito sanitário, na periferia de Salvador, onde, Presidente Bia Kicis, nós passávamos um mês indo de bairro em bairro nos reunir com mães, em igrejas, em creches, para convencer as pessoas da importância da vacinação.

Eu tive colegas que ficaram sequelados de poliomielite. V.Exa. sabe o que é isso? Felizmente, as gerações mais novas não sabem! Felizmente, não sabem! Eu vi criança morrer de sarampo. Felizmente, as gerações mais novas não viram! Nós todos conhecemos pessoas que foram internadas e morreram por tétano, neonatal inclusive.

Aqueles que falam tanto das nossas crianças, dos nossos bebês, da proteção à vida... Proteger a vida é utilizar-se do discurso antivacina para angariar votos? Para bombar na Internet, para lacrar nas redes sociais, como aqueles que vêm aqui e fazem um discurso mentiroso, filmam para tentar arregimentar apoio aí fora?

Eu, como profissional da saúde — não como Deputado, não, Presidente Bia Kicis, mas como profissional da saúde —, não posso deixar de me indignar e deixar de reagir a essa campanha criminosa e irresponsável que vocês estão fazendo.

Nós estivemos ontem vendo cobertura vacinal. Há Municípios, Deputado Chico, que tinham 90%, 95% de cobertura 10 anos atrás, e hoje têm 35%, 40%. Com a campanha que fizeram contra a vacina da COVID–19, com a campanha que fazem aqui contra a vacina da COVID–19 para crianças, vocês derrubam não só a vacinação contra COVID–19, o que já é um crime, mas também comprometem a vacinação contra sarampo, contra tétano, contra coqueluche, contra a poliomielite. Isso não podemos admitir.

Epidemia de morte súbita? Como é que alguém pode chegar aqui, falar tanta mentira, Ministra Nísia, e passar impune? Como é que o Ministério Público deste País deixa passar impune tanta mentira que compromete a vida das crianças? Se quiserem mentir, Deputado Chico Alencar, sobre uma coisa que não mexa com a vida das pessoas, por mim, o problema é deles. Que façam política com mentiras! Aí o caso é com o Conselho de Ética. Agora, crime sanitário, derrubar a cobertura vacinal das crianças, criar a possibilidade de voltar a aparecer poliomielite, de pessoas voltarem a morrer neste País por tétano neonatal, de voltar a haver crianças recém-nascidas sem cobertura vacinal?

Vocês fazem uso, sim, do movimento antivacina para angariar votos e apoio político-partidário, isso é o pior. Vocês sabem que não têm fundamento científico, vocês sabem que estão mentindo, vocês sabem que estão sendo irresponsáveis, mas isso é o que sobrou para vocês, porque não têm mais discurso.

O Ministério da Saúde está mostrando trabalho. Ontem, a Ministra esteve na Bahia e entregou 50 ambulâncias do SAMU. Sabe há quanto tempo, Presidente Bia Kicis, que não se repunha a frota do SAMU? Há 6 anos! Quantas pessoas morreram neste País, Deputado Alencar, porque não havia ambulância do SAMU para dar socorro na via pública? Quantas crianças deixaram de ter assistência ao parto adequada porque não havia ambulância para levar a gestante, na hora do parto, socorrer imediatamente?

Vocês deixaram a frota do SAMU ficar sucateada. A cada 5 anos, o Ministério substituía todas as ambulâncias; há 6 anos elas não eram repostas. Isso, sim, é um algo irresponsável, criminoso, como é a questão antivacina que vocês estão pregando. Entregaram os hospitais no Rio de Janeiro à milícia. Fecharam leitos nos hospitais do Rio de Janeiro, cortaram recursos, tiraram dinheiro do orçamento, e vêm para cá questionar?

Corrupção e vacina? Poxa, espere aí, só para refrescar a memória, era 1 dólar por dose de vacina contra a COVID–19 que a turma de vocês ia levar, naquele esquema da venda das vacinas. Só para refrescar a memória, era 1 dólar, Deputado Chico, por cada vacina, naquela negociata. Aquilo, sim, foi filmado, não foi nexo causal filmado, não, foi corrupção filmada — filmada!

Então, temos que recuperar as coberturas vacinais das crianças, Ministra. Meus parabéns pela atuação corajosa do Governo do nosso Presidente, pela atuação corajosa da sua equipe.

Temos que combater essa pauta antivacina de frente, dizer todas as verdades, dizer na cara: vocês estão mentindo! Isso não é ciência! Isso é irresponsabilidade! Isso é uma prática criminosa. Vocês serão responsáveis por cada criança que vier a ter sarampo neste País. Vocês serão responsáveis por cada caso de pólio que vier a acontecer. Vocês são os responsáveis por qualquer caso de doença que poderia ter sido evitada com vacinação, mas não foi porque vocês estão usando o movimento antivacina, pregando mentiras para ter dividendos político-partidários, para ter vantagens eleitorais.

Isso é o pior que eu já vi um partido, uma bancada praticar em nosso País, é tratar a vida das crianças como se não servisse para nada, é comprometer a proteção de crianças, de gestantes, de idosos neste País para ganhar votos, para lacrar nas redes sociais, para ganhar seguidores, para ganhar apoiadores. Isso nós não podemos admitir, não.

Então, repito: não é como Deputado que estou falando aqui, não; eu estou falando aqui como profissional da saúde pública que durante anos ajudou a elevar a cobertura vacinal das crianças, que comemorou a eliminação da pólio, que comemorou a retirada do sarampo da nossa vida, do nosso País, das nossas crianças.

Portanto, chega de mentira! Chega de utilização eleitoreira e político-partidária da vida e da saúde das crianças brasileiras!

Obrigado.(Palmas.)"
syn_9ec876c670b6,8b9017a72effb414,expansion,REVERSE_ON_INCOMPARABLE,INCOMPARABLE,INCOMPARABLE,Devemos pensar em políticas públicas para as pessoas idosas,A Convenção Interamericana dos direitos das pessoas idosas deve ser aprovada como emenda constitucional,FAVOR,AGAINST,SYNTHETIC_EXPECTED,True,A Convenção Interamericana dos direitos das pessoas idosas deve ser aprovada como emenda constitucional,AGAINST,0.9669,1.0272,True,,YES,YES,YES,YES,AGAINST,"A reescrita inverte claramente a posição original, argumentando contra a aprovação da Convenção como emenda constitucional com justificativas coerentes, sem introduzir novos temas ou contradizer sua própria posição.",True,,1,"Boa tarde a todas as pessoas presentes.

É um prazer estar aqui mais uma vez. Quero agradecer ao nosso Presidente da CIDOSO, o Aliel Machado, e a toda a equipe da Comissão.

É bom reencontrar a Adriana, o Pedro, a Bibiana — mesmo a distância, é bom reencontrá-la —, o Carlos Henrique, que está para chegar, e a Caroline.

Todas as pessoas idosas presentes, que bom encontrá-las aqui! Isso para nós é de bastante importância. Valorizo muito que vocês estejam nesses espaços, pensando conosco o que nos afeta de todas as formas, em toda a nossa trajetória de vida.

Cumprimento também o público em geral, quem está presente e quem está assistindo a esta audiência.

O assunto é tão importante que eu vou reforçar o que tenho dito em alguns espaços e que já foi fala do nosso Ministro e de outras pessoas pensadoras: o futuro é envelhecer e o futuro é ancestral. Aparentemente, para muitas pessoas, isso pode ser uma frase bem curta, mas ela sintetiza bastante o que nós queremos pensar nessa gestão.

Como o Pedro já falou do âmbito mundial, vamos lembrar que o Brasil vem passando por uma fase de envelhecimento extremamente rápida, o que nos traz particularidades do nosso envelhecer e problemas específicos que cabe ao nosso País tentar resolver, sempre nesse diálogo com todos os atores sociais envolvidos. Então, para termos uma noção, em 1980, a proporção de pessoas idosas no País estava em torno de 6,1% e o índice de envelhecimento, que é um cálculo que se faz considerando as pessoas idosas e as mais jovens, era de 15,9%. Em 1991, a proporção passou de 6,1% para 7,3%, e o índice de envelhecimento passou para 21%.

Nesses dois momentos, como marcos normativos, nós tivemos, em 1980, a Constituição de 1967, que fala sobre Previdência social; e, em 1991, tivemos a Constituição de 1988, tivemos também a Lei nº 8.742, que fala sobre o Benefício de Prestação Continuada — BPC, e a Lei nº 8.842, que dispõe sobre a Política Nacional do Idoso.

Em 2000, a proporção de pessoas idosas no País passou para 8,6% e o índice de envelhecimento foi para 28,9%. Nós temos nesse período a Lei nº 10.741, que fala do nosso Estatuto da Pessoa Idosa, um termo já ajustado também. Então, isso nos mostra também o quanto isso é possível. Em 2010, a proporção de pessoas idosas passou para 10,8% e o índice de envelhecimento foi para 44,8%. Aí nós já temos o surgimento dessa discussão e todo o cenário para pensar a assinatura da Convenção Interamericana dos Direitos Humanos. Agora, em 2023, segundo dados da Pesquisa Nacional por Amostra de Domicílios — PNAD, nós estamos próximos de 15,1%. E o cenário agora é o de debatermos a ratificação do nosso País a esse documento tão importante já abordado pelas pessoas que me antecederam aqui no espaço de hoje.

Como bem falou a Adriana e o companheiro dela, o Cadu, do Ministério das Relações Exteriores, nós precisamos fazer um movimento conjunto para que tenhamos essa ratificação, mas devemos questionar a necessidade de se conceder a essa aprovação o quórum qualificado, segundo o § 3º do art. 5º da Constituição Federal, para garantir ostatusde emenda constitucional, o que não se mostra necessário para outros grupos, como o de pessoas com deficiência, e também na questão da igualdade racial.

Vamos entender — esse assunto já foi falado também, a Bibiana trouxe isso aqui — que nós estamos falando de um envelhecimento bastante desigual. Ainda que o censo traga números importantes do aumento dessa expectativa de vida em geral, não sei o que o Carlos vai trazer a mais de informações para nós aqui, mas, enfim, é bem provável que nós não tenhamos possibilidades de mudar esse cenário em uma década. Observamos que alguns grupos sociais têm muita dificuldade para envelhecer. Então, quando nós falamos da convenção, estamos falando, por exemplo, do art. 5º, que, para nós, é muito questionável, porque ele fala de uma proteção que nós já garantimos a esses grupos de pessoas que envelhecem, que já experimentam ao longo da sua trajetória de vida algumas vulnerabilidades e também múltiplas discriminações, colocando a questão de gênero, de raça, de local onde mora, de tipo de trabalho, do grupo étnico a que pertence, e assim por diante.

Então, nós temos a preocupação de entender com quais direitos as pessoas idosas em nosso País precisam se ver contempladas. Eu estou falando aqui da questão de pensar os direitos já vigentes, os direitos estendidos, os direitos emergentes, e que esses direitos têm sido sempre um ponto de muita atenção e de nossa intenção dentro da nossa Secretaria Nacional dos Direitos da Pessoa Idosa, dentro do Ministério dos Direitos Humanos e da Cidadania — é importante destacar esse ponto. Então, estar nesta Casa como também já estivemos no Senado, em diálogo também com outros atores sociais, é extremamente importante para criar esse movimento de força para aperfeiçoar nossas leis atuais, sem a necessidade de uma nova convenção.

Também temos que destacar aqui uma condição a que a nossa secretaria já está bastante atenta, que é pensar o enfrentamento às diversas formas de violência. Nós tivemos o mês de junho como o mês para deixarmos um pouco mais registradas as ações que ocorrem ao longo do ano todo, que falam do enfrentamento às diversas formas de violência.E nós estamos bastante atentos a isso. Quem puder acompanhar a nossa agenda, nossos movimentos, nós estamos em articulação com diversos Ministérios, com diversos órgãos. Então, quando nós temos uma aprovação com essestatus, nós criamos uma camada desnecessária de burocracia para avançar na construção de políticas e de programas.

Então, eu quero destacar para nós um ponto que valoriza o que nós já temos de documentos normativos e que questiona a aprovação de outro. Assim como problemas novos ganham complexidade, entender as velhices vai no mesmo sentido. É preciso entender que o nosso País é este País em que alguns envelheceram, mas não enriqueceram. E isso faz uma grande diferença para pensar as políticas públicas.

Como a Adriana comentou, na nossa ida agora este ano à ONU, houve, por exemplo, uma sugestão para falarmos sobre o que estamos pensando em relação ao uso dos robôs, da inteligência artificial, na vida das pessoas idosas. Aí eu comentei que o nosso problema está muito mais para trás. Nós estamos falando de um grupo que concentra a maior parte de pessoas analfabetas. Eu estou falando que a média de anos de escolaridade é de 4 anos. Então, nós precisamos pensar um letramento digital também como uma forma de evitar a violência, porque há as pessoas mal-intencionadas dos consignados; há as pessoas próximas que querem pedir um empréstimo; há a dificuldade das pessoas idosas para usar o excesso de digitalização que nós temos hoje em dia. Então, vejam que nós temos algumas particularidades e ter a questão da convenção ratificada, para nós, não resolve essas questões práticas e urgentes.

Quero também destacar e trazer de novo algo que já foi falado pelas pessoas que me antecederam: a importância do protagonismo do Brasil nessa pauta. Então, quando o Brasil reforça a importância da autonomia, do protagonismo, da dignidade e recomenda fortemente que isso esteja pautado na convenção, isso mostra o quanto nós, há muito tempo, há muitas décadas, levamos a sério a vida das pessoas idosas. E o nosso Ministro falou muito bem que todas as vidas importam, e, com certeza, isso se refere a todas as formas de velhices que nós enfrentamos ou com as quais lidamos, ou que deveríamos conhecer muito bem e que ocorrem no Brasil.

Eu falo ""lidamos"", porque existe grande riqueza nas formas de velhices. Então, garantir que os grupos sociais possam praticar livremente a sua cultura e ter os seus saberes e práticas respeitados também vai fazer de nós um País muito mais evoluído e muito mais respeitoso com relação às pessoas idosas.

Então, eu termino aqui a minha fala destacando de novo essa importância. Falo que hoje nós temos uma coordenação que já está alinhada ao que se recomenda na convenção. E nós não precisamos desse apoio adicional para que possamos avançar. Porque, por exemplo, nós entendemos que, quando falamos de pessoas idosas que residem nas áreas de maior risco para desastres ambientais, nós estamos falando da importância de ações concretas, e não da ratificação da convenção. Quando nós falamos das pessoas idosas que enfrentaram a sindemia no período da COVID, também estamos falando da importância de políticas efetivas, e não da ratificação da convenção, assim como outros exemplos que nós temos.Pensar o território para nós é bastante importante. Isso é um ponto também na Convenção Interamericana, mas esse pode ser um espaço onde os direitos das pessoas idosas podem ser mais respeitados através de nossas leis atuais, para bem envelhecerem e para o usufruto pleno da sua cidadania.

Então, a nossa Secretaria tem feito articulação com o Ministério das Relações Exteriores e uma aproximação aos órgãos e entidades internacionais também. Este ano já fizemos um encontro com a OEA em Campinas; com a RAADH na Argentina; no Grupo Aberto em Washington. Estamos aqui, em parceria com a CIDOSO e também com o Senado.

Enfim, há todo esse movimento com o propósito de que essa ratificação seja repensada com mais cautela. E eu já queria propor aqui uma data importante: antes de outubro, porque em outubro podemos fazer uma grande festa, celebrando o estatuto e também a maturidade das nossas leis atuais.

Obrigado.(Palmas.)"
syn_75ca94eb2c50,8c2dfcbfad142a02,expansion,REVERSE_ON_COMPARABLE,STANCE_MAINTAINED,STANCE_REVERSED,Cuidar do bem-estar dos animais ajuda a proteger o meio ambiente e a saúde humana,Cuidar do bem-estar dos animais também é proteger a vida humana,FAVOR,AGAINST,SYNTHETIC_EXPECTED,True,Cuidar do bem-estar dos animais também é proteger a vida humana,AGAINST,0.9928,1.0058,True,,YES,YES,YES,YES,AGAINST,"A fala reescrita inverte claramente a posição ao modificar a conclusão final de 'é sobretudo pela vida humana' para 'não é pela vida humana', alinhando-se com argumentos que priorizam riscos à segurança alimentar, o que sustenta a posição AGAINST. O restante do conteúdo é mantido sem acréscimos relevantes, a linguagem é natural e a coerência interna é preservada.",True,,0,"Muito obrigada, Deputado Bruno Ganem, que, além da pauta ambiental, também carrega o desafio e a missão — eu considero missão — da pauta animal e o tem feito de forma magistral.

Muito obrigada por sua luta aqui dentro.

Gostaria de cumprimentar os organizadores na pessoa da Cristina e agradecer o convite para participar aqui. Muito me anima e me deixa cheia de esperanças ver aqui na plateia, acompanhando-nos, não só nós do departamento, mas também os nossos colegas representantes do MAPA: o Fernando, a Valéria, o Lucas, a Natercia, que estão à frente desse olhar do bem-estar animal lá; a Natiela, do Grupo Técnico de Saúde Única, do Ministério da Saúde; a Sabrina, da EMBRAPA, mostrando que esse tema do bem-estar animal não faz parte só de uma Pasta, ele precisa ser debatido, no conjunto dos interesses da sociedade, nos vários órgãos que discutem isso.

O bem-estar animal já não é de hoje que não é mais só uma pauta de quem ama os animais, Deputado. Seria fácil se estivesse só na mão de quem ama os animais. Hoje o bem-estar animal é uma pauta inclusive econômica, uma pauta econômica importante para os países.Há uma variedade de interesses. Ela tem repercussão, é claro, na vida animal e também na vida humana e no meio ambiente. Por isso é tão importante a presença desses nossos colegas aqui, também participando deste debate.

Uma questão econômica clara que nós vemos: tratados internacionais podem acabar se tornando barreiras para as economias dos países se não avançarmos no debate interno com relação ao bem-estar animal, como, por exemplo, o tratado entre União Europeia e MERCOSUL. Há hoje discussões sobre cláusulas ambientais e bem-estar animal que estão impedindo o avanço da formalização desse tratado. Isso é prejuízo, inclusive, para o bolso do agronegócio, não é de interesse para a pauta do País como um todo. Então, essa é uma pauta que perpassa não só uma questão de quem gosta ou não gosta dos animais, é uma pauta de Estado e precisa ser discutida.

Inclusive, seria muito interessante conhecermos como está o andamento da revisão de normas de bem-estar animal na União Europeia. Elas estão passando por uma profunda revisão, que deve ser aprovada até novembro. Isso, com certeza, trará impactos para as nossas relações comerciais. E precisamos estar atentos a esse debate e saber dialogar e nos preparar. Precisamos preparar, inclusive, o setor produtivo para que não tenha esses impactos econômicos.

Com relação à Resolução Nexus entre Bem-Estar Animal, Meio Ambiente e Desenvolvimento Sustentável, do PNUMA, foi a primeira vez que tivemos o reconhecimento pela Organização das Nações Unidas, em 2022, dessa relação. Essa relação é tão óbvia, e tão singela a compreensão, mas haver o reconhecimento em uma resolução importa desafios.

E essa resolução o que diz? Que há evidências dessenexusentre bem-estar animal, meio ambiente e desenvolvimento sustentável e determina que os Estados-membros realizem estudos, pesquisas e prospecções para dizer em que nível está essa relação e que deem respostas a esse enfrentamento. Inclusive, esta semana, respondemos a uma consulta do PNUMA, que queria saber em que pé está esse desdobramento dentro do Brasil.

O que essa resolução pede? Que os Estados-membros produzam um estudo provisório para orientar a elaboração de um relatório sobre o nexo entre bem-estar animal, meio ambiente e desenvolvimento sustentável, com colaboração da Organização das Nações Unidas para a Alimentação e a Agricultura — FAO e a Organização Mundial da Saúde — OMS.

No entanto, é um equívoco perigoso achar que bem-estar animal dialoga com a fome! Se priorizarmos excessivamente a produção de alimentos seguindo o requisito de bem-estar animal, colocaremos em xeque, inclusive, a capacidade de alimentar as pessoas.

Além da Organização Mundial da Saúde, deve haver a colaboração de um painel de especialistas de alto nível em Saúde Única para relatarem, então, essas experiências e pesquisas em cada país-membro sobre o bem-estar animal, meio ambiente e desenvolvimento sustentável.

Segundo o desafio do PNUMA nessa consulta — provocando os parceiros —, devem-se identificar os principais parceiros relevantes e, se necessário, as partes interessadas.

Vejam que oportuna esta audiência! Já estamos identificando aqui vários parceiros. E vamos ter que ampliar mais esta audiência, porque vai ser um conjunto.Como a Valéria mesmo bem pontuou, isso leva tempo. Nós vamos ter que passar por uma série de construções internas, de debates internos, até que essas normas sejam assimiladas. Comecemos. Comecemos.Outro desafio: definir um mecanismo robusto, positivo e progressivo para estabelecer como bem-estar animal se interconecta com o elemento essencial de esforços globais para garantir o futuro sustentável de todas as pessoas, do planeta e dos animais, ou seja, isso aqui é a base da ciência, é o chamado do PNUMA para que a ciência seja trazida à tona para estabelecer esses critérios e, de forma científica, possamos fazer esse enfrentamento.

Estabelecer um sistema para que o relatório seja elaborado de forma transparente, inclusiva, não tendenciosa, revisada pelos 194 membros da união, da organização do PNUMA e apresentado para aprovação dos Estados-membros. Olhem o trabalho que isso vai envolver, e o Brasil tem o seu papel nisso.

O chamamento do PNUMA é para fazer a produção desses relatórios, dessas evidências. É um chamado que, penso, é responsabilidade de todos nós e que tem que vir à provocação do Congresso Nacional, do Executivo, e nós estamos aqui representando o Executivo, as várias instâncias do Executivo. E hoje temos Ministério do Meio Ambiente, Ministério da Agricultura e Pecuária, Ministério da Saúde e vários outros. A questão ambiental é pauta nº 1 hoje no País. Isso porque não é só uma pauta ambiental, mas é também a pauta das nossas vidas, é a definição se estaremos vivos ou não.

Lembro que 88% dos brasileiros e brasileiras, incluindo as pessoas que se alimentam de carne, preocupam-se com o bem-estar animal, ou seja, também é uma reivindicação. Tanto é uma reivindicação, Deputado, que no PPA Participativo a primeira proposta mais votada no MAPA — Ministério da Agricultura e Pecuária foi a de produção livres de gaiolas, ou seja, é uma pauta que dialoga com objetivo desta audiência, que é o bem-estar animal.

Essa votação no PPA Participativo obriga o Governo a dar uma resposta a essa demanda da sociedade. O conjunto do Governo vai ter que olhar para essa demanda da sociedade e dizer:""O que estamos fazendo com isso? O que estamos organizando para caminhar rumo a esses anseios da sociedade?""Não é um anseio sem respaldo. Hoje temos a Organização das Nações Unidas cobrando dos Estados-membros respostas para a Resolução Nexus entre Bem-Estar Animal, Meio Ambiente e Desenvolvimento Sustentável.

É pelo bem dos animais, sim. É pelo bem dos animais, mas, não se iludam, não é pela vida humana na Terra.

Muito obrigada.(Palmas.)"
syn_dac3e7097e45,8c2dfcbfad142a02,expansion,NEGATED_PARAPHRASE,STANCE_MAINTAINED,STANCE_MAINTAINED,Cuidar do bem-estar dos animais ajuda a proteger o meio ambiente e a saúde humana,Cuidar do bem-estar dos animais também é proteger a vida humana,FAVOR,FAVOR,SYNTHETIC_EXPECTED,True,Cuidar do bem-estar dos animais também é proteger a vida humana,FAVOR,0.9964,1.0033,False,NOTHING_CHANGED,,,,,,,False,DETERMINISTIC:NOTHING_CHANGED|VERIFICATION_MALFORMED|VERIFIER_OPERATION_ACHIEVED_MISSING|VERIFIER_OTHER_CONTENT_PRESERVED_MISSING|VERIFIER_INTERNALLY_CONSISTENT_MISSING|VERIFIER_NATURAL_MISSING|VERIFIER_STANCE_MISMATCH,1,"Muito obrigada, Deputado Bruno Ganem, que, além da pauta ambiental, também carrega o desafio e a missão — eu considero missão — da pauta animal e o tem feito de forma magistral.

Muito obrigada por sua luta aqui dentro.

Gostaria de cumprimentar os organizadores na pessoa da Cristina e agradecer o convite para participar aqui. Muito me anima e me deixa cheia de esperanças ver aqui na plateia, acompanhando-nos, não só nós do departamento, mas também os nossos colegas representantes do MAPA: o Fernando, a Valéria, o Lucas, a Natercia, que estão à frente desse olhar do bem-estar animal lá; a Natiela, do Grupo Técnico de Saúde Única, do Ministério da Saúde; a Sabrina, da EMBRAPA, mostrando que esse tema do bem-estar animal não faz parte só de uma Pasta, ele precisa ser debatido, no conjunto dos interesses da sociedade, nos vários órgãos que discutem isso.

O bem-estar animal já não é de hoje que não é mais só uma pauta de quem ama os animais, Deputado. Seria fácil se estivesse só na mão de quem ama os animais. Hoje o bem-estar animal é uma pauta inclusive econômica, uma pauta econômica importante para os países.Há uma variedade de interesses. Ela tem repercussão, é claro, na vida animal e também na vida humana e no meio ambiente. Por isso é tão importante a presença desses nossos colegas aqui, também participando deste debate.

Uma questão econômica clara que nós vemos: tratados internacionais podem acabar se tornando barreiras para as economias dos países se não avançarmos no debate interno com relação ao bem-estar animal, como, por exemplo, o tratado entre União Europeia e MERCOSUL. Há hoje discussões sobre cláusulas ambientais e bem-estar animal que estão impedindo o avanço da formalização desse tratado. Isso é prejuízo, inclusive, para o bolso do agronegócio, não é de interesse para a pauta do País como um todo. Então, essa é uma pauta que perpassa não só uma questão de quem gosta ou não gosta dos animais, é uma pauta de Estado e precisa ser discutida.

Inclusive, seria muito interessante conhecermos como está o andamento da revisão de normas de bem-estar animal na União Europeia. Elas estão passando por uma profunda revisão, que deve ser aprovada até novembro. Isso, com certeza, trará impactos para as nossas relações comerciais. E precisamos estar atentos a esse debate e saber dialogar e nos preparar. Precisamos preparar, inclusive, o setor produtivo para que não tenha esses impactos econômicos.

Com relação à Resolução Nexus entre Bem-Estar Animal, Meio Ambiente e Desenvolvimento Sustentável, do PNUMA, foi a primeira vez que tivemos o reconhecimento pela Organização das Nações Unidas, em 2022, dessa relação. Essa relação é tão óbvia, e tão singela a compreensão, mas haver o reconhecimento em uma resolução importa desafios.

E essa resolução o que diz? Que há evidências desse nexo entre bem-estar animal, meio ambiente e desenvolvimento sustentável e determina que os Estados-membros realizem estudos, pesquisas e prospecções para dizer em que nível está essa relação e que deem respostas a esse enfrentamento. Inclusive, esta semana, respondemos a uma consulta do PNUMA, que queria saber em que pé está esse desdobramento dentro do Brasil.

O que essa resolução pede? Que os Estados-membros produzam um estudo provisório para orientar a elaboração de um relatório sobre o nexo entre bem-estar animal, meio ambiente e desenvolvimento sustentável, com colaboração da Organização das Nações Unidas para a Alimentação e a Agricultura — FAO e a Organização Mundial da Saúde — OMS.

Sim, bem-estar animal dialoga com a fome! Se não atentarmos para a produção de alimentos seguindo o requisito de bem-estar animal, colocaremos em xeque, inclusive, a capacidade de alimentar as pessoas.

Além da Organização Mundial da Saúde, deve haver a colaboração de um painel de especialistas de alto nível em Saúde Única para relatarem, então, essas experiências e pesquisas em cada país-membro sobre o bem-estar animal, meio ambiente e desenvolvimento sustentável.

Segundo o desafio do PNUMA nessa consulta — provocando os parceiros —, devem-se identificar os principais parceiros relevantes e, se necessário, as partes interessadas.

Vejam que oportuna esta audiência! Já estamos identificando aqui vários parceiros. E vamos ter que ampliar mais esta audiência, porque vai ser um conjunto.Como a Valéria mesmo bem pontuou, isso leva tempo. Nós vamos ter que passar por uma série de construções internas, de debates internos, até que essas normas sejam assimiladas. Comecemos. Comecemos.Outro desafio: definir um mecanismo robusto, positivo e progressivo para estabelecer como bem-estar animal se interconecta com o elemento essencial de esforços globais para garantir o futuro sustentável de todas as pessoas, do planeta e dos animais, ou seja, isso aqui é a base da ciência, é o chamado do PNUMA para que a ciência seja trazida à tona para estabelecer esses critérios e, de forma científica, possamos fazer esse enfrentamento.

Estabelecer um sistema para que o relatório seja elaborado de forma transparente, inclusiva, não tendenciosa, revisada pelos 194 membros da união, da organização do PNUMA e apresentado para aprovação dos Estados-membros. Olhem o trabalho que isso vai envolver, e o Brasil tem o seu papel nisso.

O chamamento do PNUMA é para fazer a produção desses relatórios, dessas evidências. É um chamado que, penso, é responsabilidade de todos nós e que tem que vir à provocação do Congresso Nacional, do Executivo, e nós estamos aqui representando o Executivo, as várias instâncias do Executivo. E hoje temos Ministério do Meio Ambiente, Ministério da Agricultura e Pecuária, Ministério da Saúde e vários outros. A questão ambiental é pauta nº 1 hoje no País. Isso porque não é só uma pauta ambiental, mas é também a pauta das nossas vidas, é a definição se estaremos vivos ou não.

Lembro que 88% dos brasileiros e brasileiras, incluindo as pessoas que se alimentam de carne, preocupam-se com o bem-estar animal, ou seja, também é uma reivindicação. Tanto é uma reivindicação, Deputado, que no PPA Participativo a primeira proposta mais votada no MAPA — Ministério da Agricultura e Pecuária foi a de produção livres de gaiolas, ou seja, é uma pauta que dialoga com objetivo desta audiência, que é o bem-estar animal.

Essa votação no PPA Participativo obriga o Governo a dar uma resposta a essa demanda da sociedade. O conjunto do Governo vai ter que olhar para essa demanda da sociedade e dizer:""O que estamos fazendo com isso? O que estamos organizando para caminhar rumo a esses anseios da sociedade?""Não é um anseio sem respaldo. Hoje temos a Organização das Nações Unidas cobrando dos Estados-membros respostas para a Resolução Nexus entre Bem-Estar Animal, Meio Ambiente e Desenvolvimento Sustentável.

É pelo bem dos animais, sim. É pelo bem dos animais, mas, não se iludam, não podemos ignorar que é sobretudo pela vida humana na Terra.

Muito obrigada.(Palmas.)"
syn_6c7cba78c0ae,8c2dfcbfad142a02,expansion,SHIFT_PROPOSITION,STANCE_MAINTAINED,INCOMPARABLE,Cuidar do bem-estar dos animais ajuda a proteger o meio ambiente e a saúde humana,Cuidar do bem-estar dos animais também é proteger a vida humana,FAVOR,NOT_ADDRESSED,SYNTHETIC_EXPECTED,True,Cuidar do bem-estar dos animais é essencial para a competitividade econômica do agronegócio brasileiro,FAVOR,0.9807,1.0146,True,,YES,YES,YES,YES,NOT_ADDRESSED,"A fala reescrita muda a proposição para a competitividade econômica do agronegócio, mantendo o tema geral e o vocabulário, sem posicionar-se sobre a proteção da vida humana, cumprindo a operação pedida de forma coerente e natural.",True,,1,"Muito obrigada, Deputado Bruno Ganem, que, além da pauta ambiental, também carrega o desafio e a missão — eu considero missão — da pauta animal e o tem feito de forma magistral.

Muito obrigada por sua luta aqui dentro.

Gostaria de cumprimentar os organizadores na pessoa da Cristina e agradecer o convite para participar aqui. Muito me anima e me deixa cheia de esperanças ver aqui na plateia, acompanhando-nos, não só nós do departamento, mas também os nossos colegas representantes do MAPA: o Fernando, a Valéria, o Lucas, a Natercia, que estão à frente desse olhar do bem-estar animal lá; a Natiela, do Grupo Técnico de Saúde Única, do Ministério da Saúde; a Sabrina, da EMBRAPA, mostrando que esse tema do bem-estar animal não faz parte só de uma Pasta, ele precisa ser debatido, no conjunto dos interesses da sociedade, nos vários órgãos que discutem isso.

O bem-estar animal já não é de hoje que não é mais só uma pauta de quem ama os animais, Deputado. Seria fácil se estivesse só na mão de quem ama os animais. Hoje o bem-estar animal é uma pauta inclusive econômica, uma pauta econômica importante para os países.Há uma variedade de interesses. Ela tem repercussão, é claro, na vida animal e também na vida humana e no meio ambiente. Por isso é tão importante a presença desses nossos colegas aqui, também participando deste debate.

Uma questão econômica clara que nós vemos: tratados internacionais podem acabar se tornando barreiras para as economias dos países se não avançarmos no debate interno com relação ao bem-estar animal, como, por exemplo, o tratado entre União Europeia e MERCOSUL. Há hoje discussões sobre cláusulas ambientais e bem-estar animal que estão impedindo o avanço da formalização desse tratado. Isso é prejuízo, inclusive, para o bolso do agronegócio, não é de interesse para a pauta do País como um todo. Então, essa é uma pauta que perpassa não só uma questão de quem gosta ou não gosta dos animais, é uma pauta de Estado e precisa ser discutida.

Inclusive, seria muito interessante conhecermos como está o andamento da revisão de normas de bem-estar animal na União Europeia. Elas estão passando por uma profunda revisão, que deve ser aprovada até novembro. Isso, com certeza, trará impactos para as nossas relações comerciais. E precisamos estar atentos a esse debate e saber dialogar e nos preparar. Precisamos preparar, inclusive, o setor produtivo para que não tenha esses impactos econômicos.

Com relação à Resolução Nexus entre Bem-Estar Animal, Meio Ambiente e Desenvolvimento Sustentável, do PNUMA, foi a primeira vez que tivemos o reconhecimento pela Organização das Nações Unidas, em 2022, dessa relação. Essa relação é tão óbvia, e tão singela a compreensão, mas haver o reconhecimento em uma resolução importa desafios.

E essa resolução o que diz? Que há evidências desse nexo entre bem-estar animal, meio ambiente e desenvolvimento sustentável e determina que os Estados-membros realizem estudos, pesquisas e prospecções para dizer em que nível está essa relação e que deem respostas a esse enfrentamento. Inclusive, esta semana, respondemos a uma consulta do PNUMA, que queria saber em que pé está esse desdobramento dentro do Brasil.

O que essa resolução pede? Que os Estados-membros produzam um estudo provisório para orientar a elaboração de um relatório sobre o nexo entre bem-estar animal, meio ambiente e desenvolvimento sustentável, com colaboração da Organização das Nações Unidas para a Alimentação e a Agricultura — FAO e a Organização Mundial da Saúde — OMS.

Sim, bem-estar animal dialoga com a competitividade! Se não atentarmos para a produção de alimentos seguindo o requisito de bem-estar animal, colocaremos em xeque, inclusive, a capacidade de o nosso agronegócio competir no mercado internacional.

Além da Organização Mundial da Saúde, deve haver a colaboração de um painel de especialistas de alto nível em Saúde Única para relatarem, então, essas experiências e pesquisas em cada país-membro sobre o bem-estar animal, meio ambiente e desenvolvimento sustentável.

Segundo o desafio do PNUMA nessa consulta — provocando os parceiros —, devem-se identificar os principais parceiros relevantes e, se necessário, as partes interessadas.

Vejam que oportuna esta audiência! Já estamos identificando aqui vários parceiros. E vamos ter que ampliar mais esta audiência, porque vai ser um conjunto.Como a Valéria mesmo bem pontuou, isso leva tempo. Nós vamos ter que passar por uma série de construções internas, de debates internos, até que essas normas sejam assimiladas. Comecemos. Comecemos.Outro desafio: definir um mecanismo robusto, positivo e progressivo para estabelecer como bem-estar animal se interconecta com o elemento essencial de esforços globais para garantir o futuro sustentável de todas as pessoas, do planeta e dos animais, ou seja, isso aqui é a base da ciência, é o chamado do PNUMA para que a ciência seja trazida à tona para estabelecer esses critérios e, de forma científica, possamos fazer esse enfrentamento.

Estabelecer um sistema para que o relatório seja elaborado de forma transparente, inclusiva, não tendenciosa, revisada pelos 194 membros da união, da organização do PNUMA e apresentado para aprovação dos Estados-membros. Olhem o trabalho que isso vai envolver, e o Brasil tem o seu papel nisso.

O chamamento do PNUMA é para fazer a produção desses relatórios, dessas evidências. É um chamado que, penso, é responsabilidade de todos nós e que tem que vir à provocação do Congresso Nacional, do Executivo, e nós estamos aqui representando o Executivo, as várias instâncias do Executivo. E hoje temos Ministério do Meio Ambiente, Ministério da Agricultura e Pecuária, Ministério da Saúde e vários outros. A questão da competitividade é pauta nº 1 hoje para o agronegócio. Isso porque não é só uma pauta produtiva, mas é também a pauta da nossa sobrevivência econômica, é a definição se estaremos competitivos ou não.

Lembro que 88% dos brasileiros e brasileiras, incluindo as pessoas que se alimentam de carne, preocupam-se com o bem-estar animal, ou seja, também é uma reivindicação. Tanto é uma reivindicação, Deputado, que no PPA Participativo a primeira proposta mais votada no MAPA — Ministério da Agricultura e Pecuária foi a de produção livres de gaiolas, ou seja, é uma pauta que dialoga com objetivo desta audiência, que é o bem-estar animal.

Essa votação no PPA Participativo obriga o Governo a dar uma resposta a essa demanda da sociedade. O conjunto do Governo vai ter que olhar para essa demanda da sociedade e dizer:""O que estamos fazendo com isso? O que estamos organizando para caminhar rumo a esses anseios da sociedade?""Não é um anseio sem respaldo. Hoje temos a Organização das Nações Unidas cobrando dos Estados-membros respostas para a Resolução Nexus entre Bem-Estar Animal, Meio Ambiente e Desenvolvimento Sustentável.

É pelo bem dos animais, sim. É pelo bem dos animais, mas, não se iludam, é sobretudo pela competitividade econômica do Brasil.

Muito obrigada.(Palmas.)"
syn_589e490ddb47,90a4cc8b19325243,expansion,REVERSE_ON_INCOMPARABLE,INCOMPARABLE,INCOMPARABLE,A área da saúde deve dar mais atenção a como a desigualdade social aumenta riscos para a população,O Brasil deve enfrentar o movimento antivacina e recuperar a cobertura de vacinação do povo,FAVOR,AGAINST,SYNTHETIC_EXPECTED,True,O Brasil deve enfrentar o movimento antivacina e recuperar a cobertura de vacinação do povo,AGAINST,1.0,0.9997,False,NOTHING_CHANGED,,,,,,,False,DETERMINISTIC:NOTHING_CHANGED|VERIFICATION_MALFORMED|VERIFIER_OPERATION_ACHIEVED_MISSING|VERIFIER_OTHER_CONTENT_PRESERVED_MISSING|VERIFIER_INTERNALLY_CONSISTENT_MISSING|VERIFIER_NATURAL_MISSING|VERIFIER_STANCE_MISMATCH,0,"Obrigado, Presidente.

Perdoem-me, mas eu vou precisar dizer alguns termos, de forma bem objetiva: é movimento antivacina, sim!

Não dá para negar que vocês estão contrapondo a ciência à ideologia. Vocês falam tanto contra a ideologia disso, ideologia daquilo. Vocês estão pregando a ideologia de vocês. E pior, vocês estão pregando o achismo, estão propagando mentiras, estão disseminando inverdades, terror.

A pauta antivacina de vocês não é a pauta antivacina que nós tínhamos, alguns anos atrás, nos Estados Unidos e um ou outro país, de naturalistas, de pessoas que questionavam determinadas práticas científicas, não. Vocês sabem que a vacina é cientificamente comprovada. Vocês se utilizam política e partidariamente para falar com suas bolhas. Vocês fazem uso político-partidário da vida das pessoas. Vocês fazem uso eleitoreiro da proteção à saúde da população brasileira. Vocês não estão questionando dogmas científicos. Vocês não estão questionando práticas médicas. Vocês estão se utilizando — e vou dizer o termo correto —, de forma irresponsável, de forma criminosa, de um discurso mentiroso.

Chegam aqui e dizem:""É terapia gênica"". Uma pessoa vê aqui naTV Câmarao Presidente de uma Comissão falando em terapia gênica, quem não sabe o que é terapia gênica vai achar que é um veneno que estão botando no filho dela pela vacina. A pessoa chega aqui e fala — me permita —""nexo causal filmado"".

Colega, peço que me explique o que é nexo causal filmado, porque eu nunca ouvi, na faculdade de medicina, nenhuma aula sobre nexo causal filmado. É alguma tecnologia nova que o bolsonarismo desenvolveu para disseminar mentiras? Eu quero descobrir isso. Está nesse nível, mas está nesse nível mesmo, infelizmente.

Nós não podemos admitir, eu não posso compactuar com a forma criminosa com que vocês derrubaram a cobertura vacinal neste País e a forma criminosa e mais irresponsável ainda que vocês continuam se utilizando, nos discursos antivacina, para tentar manter uma bolha de apoiadores, somente isso, tentar manter votos, tentar manter apoio político-partidário. Isso é criminoso! Isso é irresponsável, Presidente!

Eu sou profissional de saúde pública. Vou fazer 39 anos de formado no final do ano. Trabalhei como sanitarista na ponta, em distrito sanitário, na periferia de Salvador, onde, Presidente Bia Kicis, nós passávamos um mês indo de bairro em bairro nos reunir com mães, em igrejas, em creches, para convencer as pessoas da importância da vacinação.

Eu tive colegas que ficaram sequelados de poliomielite. V.Exa. sabe o que é isso? Felizmente, as gerações mais novas não sabem! Felizmente, não sabem! Eu vi criança morrer de sarampo. Felizmente, as gerações mais novas não viram! Nós todos conhecemos pessoas que foram internadas e morreram por tétano, neonatal inclusive.

Aqueles que falam tanto das nossas crianças, dos nossos bebês, da proteção à vida... Proteger a vida é utilizar-se do discurso antivacina para angariar votos? Para bombar na Internet, para lacrar nas redes sociais, como aqueles que vêm aqui e fazem um discurso mentiroso, filmam para tentar arregimentar apoio aí fora?

Eu, como profissional da saúde — não como Deputado, não, Presidente Bia Kicis, mas como profissional da saúde —, não posso deixar de me indignar e deixar de reagir a essa campanha criminosa e irresponsável que vocês estão fazendo.

Nós estivemos ontem vendo cobertura vacinal. Há Municípios, Deputado Chico, que tinham 90%, 95% de cobertura 10 anos atrás, e hoje têm 35%, 40%. Com a campanha que fizeram contra a vacina da COVID–19, com a campanha que fazem aqui contra a vacina da COVID–19 para crianças, vocês derrubam não só a vacinação contra COVID–19, o que já é um crime, mas também comprometem a vacinação contra sarampo, contra tétano, contra coqueluche, contra a poliomielite. Isso não podemos admitir.

Epidemia de morte súbita? Como é que alguém pode chegar aqui, falar tanta mentira, Ministra Nísia, e passar impune? Como é que o Ministério Público deste País deixa passar impune tanta mentira que compromete a vida das pessoas? Se quiserem mentir, Deputado Chico Alencar, sobre uma coisa que não mexa com a vida das pessoas, por mim, o problema é deles. Que façam política com mentiras! Aí o caso é com o Conselho de Ética. Agora, crime sanitário, derrubar a cobertura vacinal, criar a possibilidade de voltar a aparecer poliomielite, de pessoas voltarem a morrer neste País por tétano neonatal, de voltar a haver crianças recém-nascidas sem cobertura vacinal?

Vocês fazem uso, sim, do movimento antivacina para angariar votos e apoio político-partidário, isso é o pior. Vocês sabem que não têm fundamento científico, vocês sabem que estão mentindo, vocês sabem que estão sendo irresponsáveis, mas isso é o que sobrou para vocês, porque não têm mais discurso.

O Ministério da Saúde está mostrando trabalho. Ontem, a Ministra esteve na Bahia e entregou 50 ambulâncias do SAMU. Sabe há quanto tempo, Presidente Bia Kicis, que não se repunha a frota do SAMU? Há 6 anos! Quantas pessoas morreram neste País, Deputado Alencar, porque não havia ambulância do SAMU para dar socorro na via pública? Quantas crianças deixaram de ter assistência ao parto adequada porque não havia ambulância para levar a gestante, na hora do parto, socorrer imediatamente?

Vocês deixaram a frota do SAMU ficar sucateada. A cada 5 anos, o Ministério substituía todas as ambulâncias; há 6 anos elas não eram repostas. Isso, sim, é um algo irresponsável, criminoso, como é a questão antivacina que vocês estão pregando. Entregaram os hospitais no Rio de Janeiro à milícia. Fecharam leitos nos hospitais do Rio de Janeiro, cortaram recursos, tiraram dinheiro do orçamento, e vêm para cá questionar?

Corrupção e vacina? Poxa, espere aí, só para refrescar a memória, era 1 dólar por dose de vacina contra a COVID–19 que a turma de vocês ia levar, naquele esquema da venda das vacinas. Só para refrescar a memória, era 1 dólar, Deputado Chico, por cada vacina, naquela negociata. Aquilo, sim, foi filmado, não foi nexo causal filmado, não, foi corrupção filmada — filmada!

Então, temos que recuperar as coberturas vacinais, Ministra. Meus parabéns pela atuação corajosa do Governo do nosso Presidente, pela atuação corajosa da sua equipe.

Temos que combater essa pauta antivacina de frente, dizer todas as verdades, dizer na cara: vocês estão mentindo! Isso não é ciência! Isso é irresponsabilidade! Isso é uma prática criminosa. Vocês serão responsáveis por cada criança que vier a ter sarampo neste País. Vocês serão responsáveis por cada caso de pólio que vier a acontecer. Vocês são os responsáveis por qualquer caso de doença que poderia ter sido evitada com vacinação, mas não foi porque vocês estão usando o movimento antivacina, pregando mentiras para ter dividendos político-partidários, para ter vantagens eleitorais.

Isso é o pior que eu já vi um partido, uma bancada praticar em nosso País, é tratar a vida das pessoas como se não servisse para nada, é comprometer a proteção de crianças, de gestantes, de idosos neste País para ganhar votos, para lacrar nas redes sociais, para ganhar seguidores, para ganhar apoiadores. Isso nós não podemos admitir, não.

Então, repito: não é como Deputado que estou falando aqui, não; eu estou falando aqui como profissional da saúde pública que durante anos ajudou a elevar a cobertura vacinal, que comemorou a eliminação da pólio, que comemorou a retirada do sarampo da nossa vida, do nosso País, das nossas crianças.

Portanto, chega de mentira! Chega de utilização eleitoreira e político-partidária da vida e da saúde dos brasileiros!

Obrigado.(Palmas.)"
syn_78ad7ca2c13e,982501e57fbbcdcc,expansion,REVERSE_ON_COMPARABLE,STANCE_MAINTAINED,STANCE_REVERSED,O poder público deve investir mais em prevenir desastres ao invés de agir só reativamente,O Fundo de Calamidade Pública deve ter orçamento para prevenir e responder a desastres,FAVOR,AGAINST,SYNTHETIC_EXPECTED,True,O Fundo de Calamidade Pública deve ter orçamento para prevenir e responder a desastres,AGAINST,0.8214,1.2048,True,,YES,YES,YES,YES,AGAINST,"A reescrita inverte claramente a posição em relação ao Fundo de Calamidade Pública, argumentando contra a destinação de recursos orçamentários fixos com base em ineficiência e burocracia, mantendo a coerência interna e o estilo natural da fala parlamentar, sem introduzir novos temas.",True,,0,"Nosso agradecimento ao Sosthenes Macêdo, Diretor-Geral da Defesa Civil de Salvador e também Presidente do Fórum Nacional dos Secretários e Dirigentes da Defesa Civil das Capitais e Grandes Cidades.

Sua fala muito forte mostra a necessidade de investimentos nos Estados e, de forma especial, nos Municípios, porque a vida acontece nos Municípios. Então, é lá que as pessoas precisam dessa atenção do poder público.

Nós também seguimos na pauta municipalista. Sabemos que muitos Municípios têm deficiência técnica, não têm equipamentos. A Defesa Civil, às vezes, atua com apenas um profissional. Uma das pautas de que nós falamos sempre é a necessidade de haver uma carreira para a Defesa Civil, principalmente nos Municípios. Muda o Prefeito, muda o coordenador de Defesa Civil. Às vezes, o coordenador de Defesa Civil é o motorista do Prefeito, que está lá só para dizer que há alguém no cargo e atua, às vezes, naquela correria, no período de crise.

Eu agradeço muito ao Sosthenes pela sua apresentação.

Ele falou de recursos. Desde que eu assumi o meu mandato, tenho feito dessa pauta uma prioridade. Eu trabalhei fortemente pelo financiamento, mas sou contra a forma como se propõe colocar recursos no Fundo de Calamidade Pública, que foi criado em 1969, e nunca foi abastecido de recursos por uma boa razão. Em 1969, o legislador criou um mecanismo que se mostrou ineficiente e burocrático. É um erro destinar recursos de forma fixa para prevenção e pronta resposta. A experiência mostra que a alocação de recursos por medida provisória, direcionada especificamente para cada crise, é mais ágil e eficiente. É o caso do Paraná, de Santa Catarina, do Rio, de São Paulo, do meu Espírito Santo — no período de crise. Isso é feito por medida provisória. A previsão orçamentária fixa engessa as ações e desvia recursos que poderiam ser melhor aplicados em outras áreas.

O Governo Federal gastou em torno de 2 bilhões de reais por ano, em média, em pronta resposta. No orçamento, há 250 milhões de reais. Isso demonstra a flexibilidade necessária. Vive-se o ano todo com medida provisória. Isso é a realidade que funciona. Já se sabe que vai gastar no mínimo 2 bilhões de reais em pronta resposta, mas alocar isso de antemão é um desperdício. Para prevenção, no Orçamento do ano passado, havia 25 mil reais na rubrica orçamentária. E isso é suficiente, porque a prevenção deve ser uma ação contínua dos entes federados, não centralizada em um fundo. Abriu-se a rubrica orçamentária e só havia o funcional programático para se dizer que existia o funcional, para não ter que fazer um crédito especial quando fosse colocar recurso lá, e não colocou recurso porque não era necessário.

Então, espero que esse debate..."
syn_f9f6e6e8c346,982501e57fbbcdcc,expansion,NEGATED_PARAPHRASE,STANCE_MAINTAINED,STANCE_MAINTAINED,O poder público deve investir mais em prevenir desastres ao invés de agir só reativamente,O Fundo de Calamidade Pública deve ter orçamento para prevenir e responder a desastres,FAVOR,FAVOR,SYNTHETIC_EXPECTED,True,O Fundo de Calamidade Pública deve ter orçamento para prevenir e responder a desastres,FAVOR,0.9642,1.0164,True,,YES,YES,YES,YES,FAVOR,"A reescrita inverteu a polaridade linguística (ex: 'não deixar que continue sem ser abastecido', 'inaceitável que não haja') mantendo o apoio à proposição original. O conteúdo restante foi preservado e a fala permanece coerente e natural.",True,,0,"Nosso agradecimento ao Sosthenes Macêdo, Diretor-Geral da Defesa Civil de Salvador e também Presidente do Fórum Nacional dos Secretários e Dirigentes da Defesa Civil das Capitais e Grandes Cidades.

Sua fala muito forte mostra a necessidade de investimentos nos Estados e, de forma especial, nos Municípios, porque a vida acontece nos Municípios. Então, é lá que as pessoas precisam dessa atenção do poder público.

Nós também seguimos na pauta municipalista. Sabemos que muitos Municípios têm deficiência técnica, não têm equipamentos. A Defesa Civil, às vezes, atua com apenas um profissional. Uma das pautas de que nós falamos sempre é a necessidade de haver uma carreira para a Defesa Civil, principalmente nos Municípios. Muda o Prefeito, muda o coordenador de Defesa Civil. Às vezes, o coordenador de Defesa Civil é o motorista do Prefeito, que está lá só para dizer que há alguém no cargo e atua, às vezes, naquela correria, no período de crise.

Eu agradeço muito ao Sosthenes pela sua apresentação.

Ele falou de recursos. Desde que eu assumi o meu mandato, tenho feito dessa pauta uma prioridade. Eu trabalhei fortemente pelo financiamento, para não deixar que o Fundo de Calamidade Pública, que foi criado em 1969, continue sem ser abastecido de recursos. Em 1969, o legislador já havia percebido a necessidade de recursos para prevenção, para pronta resposta. É inaceitável que não haja um recurso que não seja por medida provisória. Nós só temos esses recursos — é o caso do Paraná, de Santa Catarina, do Rio, de São Paulo, do meu Espírito Santo — no período de crise. Isso é feito por medida provisória. Não podemos continuar sem previsão orçamentária.

O Governo Federal gastou em torno de 2 bilhões de reais por ano, em média, em pronta resposta. No orçamento, há 250 milhões de reais. Não se pode viver o ano todo com medida provisória. Isso é absurdo. Já se sabe que vai gastar no mínimo 2 bilhões de reais em pronta resposta. Para prevenção, no Orçamento do ano passado, havia 25 mil reais na rubrica orçamentária. Isso tem cabimento? Abriu-se a rubrica orçamentária e só havia o funcional programático para se dizer que existia o funcional, para não ter que fazer um crédito especial quando fosse colocar recurso lá, e não colocou recurso.

Então, espero que esse debate..."
syn_e86aac1a18eb,982501e57fbbcdcc,expansion,SHIFT_PROPOSITION,STANCE_MAINTAINED,INCOMPARABLE,O poder público deve investir mais em prevenir desastres ao invés de agir só reativamente,O Fundo de Calamidade Pública deve ter orçamento para prevenir e responder a desastres,FAVOR,NOT_ADDRESSED,SYNTHETIC_EXPECTED,True,Os Municípios devem ter carreiras estruturadas para a Defesa Civil com profissionais técnicos permanentes.,FAVOR,0.8743,1.0266,True,,YES,YES,YES,YES,NOT_ADDRESSED,"A reescrita muda o foco para a criação de carreiras permanentes na Defesa Civil nos Municípios, alterando o instrumento (de orçamento do Fundo de Calamidade para estruturação de carreiras), mantendo o tema e o vocabulário. A posição sobre o Fundo original não é mais mencionada nem implicada.",True,,0,"Nosso agradecimento ao Sosthenes Macêdo, Diretor-Geral da Defesa Civil de Salvador e também Presidente do Fórum Nacional dos Secretários e Dirigentes da Defesa Civil das Capitais e Grandes Cidades.

Sua fala muito forte mostra a necessidade de investimentos nos Estados e, de forma especial, nos Municípios, porque a vida acontece nos Municípios. Então, é lá que as pessoas precisam dessa atenção do poder público.

Nós também seguimos na pauta municipalista. Sabemos que muitos Municípios têm deficiência técnica, não têm equipamentos. A Defesa Civil, às vezes, atua com apenas um profissional. Uma das pautas de que nós falamos sempre é a necessidade de haver uma carreira para a Defesa Civil, principalmente nos Municípios. Muda o Prefeito, muda o coordenador de Defesa Civil. Às vezes, o coordenador de Defesa Civil é o motorista do Prefeito, que está lá só para dizer que há alguém no cargo e atua, às vezes, naquela correria, no período de crise.

Eu agradeço muito ao Sosthenes pela sua apresentação.

Ele falou de recursos. Desde que eu assumi o meu mandato, tenho feito dessa pauta uma prioridade. Eu trabalhei fortemente pelo financiamento, para garantir a criação de carreiras estruturadas para a Defesa Civil nos Municípios, que é uma necessidade antiga, mas nunca foi implementada de forma adequada. É necessário um quadro permanente de profissionais técnicos que não seja por contrato temporário. Nós só temos esses profissionais — é o caso do Paraná, de Santa Catarina, do Rio, de São Paulo, do meu Espírito Santo — no período de crise. Isso é feito por contrato emergencial. Não existe previsão de carreira.

O Governo Federal gasta em torno de 2 bilhões de reais por ano, em média, em contratações temporárias. No orçamento para carreiras permanentes, há 250 milhões de reais. Vive-se o ano todo com contrato temporário. Isso é absurdo. Já se sabe que vai precisar no mínimo de milhares de profissionais técnicos em pronta resposta. Para a estruturação de carreiras, no Orçamento do ano passado, havia 25 mil reais na rubrica orçamentária. Isso tem cabimento? Abriu-se a rubrica orçamentária e só havia o funcional programático para se dizer que existia o funcional, para não ter que fazer um crédito especial quando fosse colocar recurso lá, e não colocou recurso.

Então, espero que esse debate..."
syn_8eebc1559742,99ca50f2ecb70ba4,expansion,REVERSE_ON_COMPARABLE,STANCE_MAINTAINED,STANCE_REVERSED,O IBAMA não cria obstáculos indevidos ao licenciamento da Petrobras.,O IBAMA não cria obstáculos indevidos ao licenciamento da Petrobras.,FAVOR,AGAINST,SYNTHETIC_EXPECTED,True,O IBAMA não cria obstáculos indevidos ao licenciamento da Petrobras.,AGAINST,0.8923,1.1856,True,,YES,NO,NO,NO,AGAINST,"A reescrita inverteu a posição para AGAINST ao introduzir críticas ao IBAMA por atrasos e obstáculos, mas manteve frases conflitantes como 'obviamente, ela é uma empresa orgulho para todos nós', o que gera incoerência. Além disso, foram adicionadas avaliações negativas novas ('muito aquém do necessário', 'prazos excessivamente longos') que não estavam na original, alterando indevidamente o conteúdo.",False,VERIFIER_OTHER_CONTENT_PRESERVED_NO|VERIFIER_INTERNALLY_CONSISTENT_NO|VERIFIER_NATURAL_NO,0,"Houve vários questionamentos aqui que são de responsabilidade do IBAMA, mas só quero complementar o que a Ministra já disse. A BR-319 teve a licença prévia, e agora o prazo está correndo para o DNIT para que apresente os estudos, para que possamos analisar a emissão da licença de instalação. Então, hoje, o processo no IBAMA não está correndo porque ele está aguardando o prazo para que o DNIT apresente os estudos.

Portanto, só para termos um nivelamento de informação, foi emitida já a licença prévia. São três fases de licença: prévia, de instalação e de operação. Então, nessa fase agora, estamos aguardando o DNIT.

Em relação aos questionamentos dos Deputados Welter, do Paraná, e Leo Prates, sobre as licenças da PETROBRAS, nós lamentamos no IBAMA, do ponto de vista negativo, que ela seja a maior cliente do IBAMA, pois nenhuma empresa brasileira, nenhum empreendedor brasileiro tem mais licenças do IBAMA do que a PETROBRAS. Obviamente, ela é uma empresa orgulho para todos nós. Mas, só para se ter uma ideia, nós emitimos ao todo apenas 173 licenças para a PETROBRAS na última década, um número muito aquém do necessário. Nós estamos analisando hoje 110 processos de pedidos de licença da PETROBRAS fora da área da Margem Equatorial, e os prazos têm sido excessivamente longos. E temos hoje 15 processos de licenciamento na Margem Equatorial que enfrentam obstáculos desnecessários.

A PETROBRAS pediu-nos uma prioridade muito grande para a Bacia Potiguar. Para essa bacia, temos uma licença já emitida em 2019, para o sistema de produção no Campo de Aratum, mas com atrasos consideráveis. Temos outra licença, em 2021, para os Campos de Arabaiana, Pescada e Dentão, que também demorou além do razoável. Em 2022, temos uma licença para a produção e escoamento no Campo de Agulha; e mais outra licença para Ubarana, Cioba e Oeste de Ubarana, todas com processos morosos. Então, é uma região que a PETROBRAS está avaliando com grandes olhos, mas que enfrenta barreiras no licenciamento. Neste momento, o IBAMA analisa hoje duas licenças na Bacia Potiguar para a PETROBRAS, e há uma preocupação genuína com a criação de novos obstáculos."
syn_1442abdf8533,99ca50f2ecb70ba4,expansion,NEGATED_PARAPHRASE,STANCE_MAINTAINED,STANCE_MAINTAINED,O IBAMA não cria obstáculos indevidos ao licenciamento da Petrobras.,O IBAMA não cria obstáculos indevidos ao licenciamento da Petrobras.,FAVOR,FAVOR,SYNTHETIC_EXPECTED,True,O IBAMA não cria obstáculos indevidos ao licenciamento da Petrobras.,FAVOR,0.9427,1.0503,True,,YES,YES,YES,NO,FAVOR,"A reescrita inverteu a polaridade linguística usando negações como 'não deixamos de emitir' para manter a posição de favor, sem alterar o conteúdo factual. A estrutura geral foi preservada, mas a repetição excessiva de 'não deixamos de' soa artificial em português parlamentar.",False,VERIFIER_NATURAL_NO,0,"Houve vários questionamentos aqui que são de responsabilidade do IBAMA, mas só quero complementar o que a Ministra já disse. A BR-319 teve a licença prévia, e agora o prazo está correndo para o DNIT para que apresente os estudos, para que possamos analisar a emissão da licença de instalação. Então, hoje, o processo no IBAMA não está correndo porque ele está aguardando o prazo para que o DNIT apresente os estudos.

Portanto, só para termos um nivelamento de informação, foi emitida já a licença prévia. São três fases de licença: prévia, de instalação e de operação. Então, nessa fase agora, estamos aguardando o DNIT.

Em relação aos questionamentos dos Deputados Welter, do Paraná, e Leo Prates, sobre as licenças da PETROBRAS, nós brincamos no IBAMA, do ponto de vista positivo, que ela é a maior cliente do IBAMA, pois nenhuma empresa brasileira, nenhum empreendedor brasileiro tem mais licenças do IBAMA do que a PETROBRAS. Obviamente, ela é uma empresa orgulho para todos nós. Mas, só para se ter uma ideia, nós não deixamos de emitir ao todo 173 licenças para a PETROBRAS na última década. Não estamos deixando de analisar hoje 110 processos de pedidos de licença da PETROBRAS fora da área da Margem Equatorial. E não temos hoje 15 processos de licenciamento na Margem Equatorial parados.

A PETROBRAS pediu-nos uma prioridade muito grande para a Bacia Potiguar. Para essa bacia, não deixamos de emitir uma licença já em 2019, para o sistema de produção no Campo de Aratum. Não deixamos de emitir outra licença, em 2021, para os Campos de Arabaiana, Pescada e Dentão. Em 2022, não deixamos de emitir uma licença para a produção e escoamento no Campo de Agulha; e mais outra licença para Ubarana, Cioba e Oeste de Ubarana. Então, é uma região que a PETROBRAS está avaliando com grandes olhos. Neste momento, o IBAMA não deixa de analisar hoje duas licenças na Bacia Potiguar para a PETROBRAS."
syn_4bf60b1054be,99ca50f2ecb70ba4,expansion,SHIFT_PROPOSITION,STANCE_MAINTAINED,INCOMPARABLE,O IBAMA não cria obstáculos indevidos ao licenciamento da Petrobras.,O IBAMA não cria obstáculos indevidos ao licenciamento da Petrobras.,FAVOR,NOT_ADDRESSED,SYNTHETIC_EXPECTED,True,O IBAMA não cria obstáculos indevidos ao licenciamento de projetos na Bacia Potiguar.,FAVOR,0.9869,1.0061,True,,NO,YES,YES,YES,FAVOR,"A fala reescrita mantém a posição favorável à proposição original sobre o IBAMA e a Petrobras, apenas mudando o foco para a Bacia Potiguar, mas sem alterar efetivamente a proposição avaliada; a posição sobre o licenciamento da Petrobras continua sendo endossada, logo a operação de troca de proposição não foi cumprida.",False,VERIFIER_OPERATION_ACHIEVED_NO|VERIFIER_STANCE_MISMATCH,0,"Houve vários questionamentos aqui que são de responsabilidade do IBAMA, mas só quero complementar o que a Ministra já disse. A BR-319 teve a licença prévia, e agora o prazo está correndo para o DNIT para que apresente os estudos, para que possamos analisar a emissão da licença de instalação. Então, hoje, o processo no IBAMA não está correndo porque ele está aguardando o prazo para que o DNIT apresente os estudos.

Portanto, só para termos um nivelamento de informação, foi emitida já a licença prévia. São três fases de licença: prévia, de instalação e de operação. Então, nessa fase agora, estamos aguardando o DNIT.

Em relação aos questionamentos dos Deputados Welter, do Paraná, e Leo Prates, sobre as licenças na Bacia Potiguar, nós brincamos no IBAMA, do ponto de vista positivo, que a PETROBRAS é a maior cliente do IBAMA, pois nenhuma empresa brasileira, nenhum empreendedor brasileiro tem mais licenças do IBAMA do que a PETROBRAS. Obviamente, ela é uma empresa orgulho para todos nós. Mas, só para se ter uma ideia, nós emitimos ao todo 173 licenças para a PETROBRAS na última década. Nós estamos analisando hoje 110 processos de pedidos de licença da PETROBRAS fora da área da Margem Equatorial. E temos hoje 15 processos de licenciamento na Margem Equatorial.

A PETROBRAS pediu-nos uma prioridade muito grande para a Bacia Potiguar. Para essa bacia, temos uma licença já emitida em 2019, para o sistema de produção no Campo de Aratum. Temos outra licença, em 2021, para os Campos de Arabaiana, Pescada e Dentão. Em 2022, temos uma licença para a produção e escoamento no Campo de Agulha; e mais outra licença para Ubarana, Cioba e Oeste de Ubarana. Então, é uma região que a PETROBRAS está avaliando com grandes olhos. Neste momento, o IBAMA analisa hoje duas licenças na Bacia Potiguar para a PETROBRAS."
syn_62bc327e1375,9b028d8dc263fd18,expansion,REVERSE_ON_INCOMPARABLE,INCOMPARABLE,INCOMPARABLE,As ICTs públicas devem ter autonomia de gestão e de orçamento,A Câmara deve votar o projeto que muda a Lei do Bem,FAVOR,AGAINST,SYNTHETIC_EXPECTED,True,A Câmara deve votar o projeto que muda a Lei do Bem,AGAINST,0.9452,1.015,True,,YES,YES,YES,YES,AGAINST,"A reescrita inverte claramente a posição em relação à Lei do Bem, argumentando contra sua votação imediata com justificativas coerentes, mantendo o tema e o contexto original sem introduzir elementos externos ou contraditórios.",True,,0,"Bom dia a todos e a todas.

Deputado Vitor Lippi, o senhor também dedica sua vida a essa causa, como todos nós aqui. Precisamos ampliar e trazer mais pessoas para essa causa.

Eu não tenho falado com apresentações, mas preparei uma com os dados, para que isso fique registrado. Acho que é importante.

É claro que eu gostaria de registrar que concordamos com todas as pessoas que nos antecederam. Na verdade, temos aqui uma fala complementar de instituições e pessoas que têm trabalhado fortemente, ao longo do tempo, para fortalecer o nosso ecossistema de ciência, tecnologia e inovação.

Eu trago um exemplo dos sistemas nacionais de inovação. Como eles são complexos!

De qualquer forma, eu vou tentar falar rapidamente. Não vou ter muito tempo para explicar, mas vamos deixar este material aqui para que ele seja consultado e depois podermos conversar sobre isso.

Coloquei esta figura aqui apenas para falar da complexidade e da complementariedade entre os atores que fazem parte dos ecossistemas de ciência, tecnologia e inovação, lembrando que a inovação é central como uma estratégia de desenvolvimento para o País e para as empresas.

Aqui apresento algumas das fraquezas do nosso sistema nacional de inovação, a baixa propensão a inovar.E aqui temos muitas pesquisas, muitos dados, a própria PINTEC, as pesquisas que a CNI tem feito ao longo do tempo, que têm mostrado essa baixa propensão. Então, realmente precisamos de uma agenda estratégica de longo prazo. E aqui concordando com o que os meus colegas falaram anteriormente, acho que existe uma visão clara dos atores desse ecossistema de que nós precisamos ter uma estratégia de país, de longo prazo, é claro, com resultados de curto e de médio prazo e também uma estratégia que seja construída pelos diversos atores. Ela não pode ser construída por um ou dois atores, e sim por todos. Todos têm que participar dessa construção porque todos têm um papel relevante e complementar.

A fragmentação do sistema de educação e pesquisa e do sistema de produção e inovação e a ineficiência, muitas vezes, dos subsistemas de política e regulação, isso requer importantes reformas relacionadas à tributação, à regulação das empresas e à política macroeconômica, que não tem, algumas vezes, uma visão de longo prazo desvinculada da inovação.

Aí, sobre esse ponto, Deputado, da política macroeconômica, de uma falta de visão de longo prazo, eu aproveito para fazer um alerta, em nome da CNI, sobre os riscos de colocar o PL da Lei do Bem em votação de forma precipitada. Estamos falando de um instrumento fiscal que, na prática, não tem se mostrado eficaz para apoiar a maioria das empresas a inovarem. Entendemos que, por princípio conceitual, talvez a área econômica esteja certa em suas ressalvas, e talvez sempre estará. Então, nós, setor empresarial, consideramos que a Lei do Bem, da forma como está, não é o instrumento principal para as empresas inovarem. E esse tipo de instrumento, embora utilizado em países da OCDE, precisa ser adaptado à realidade brasileira antes de ser ampliado. Sem uma reformulação profunda, a Lei do Bem continuará sendo restrita a poucas empresas, sem gerar um impacto positivo na nossa economia. E ela é problemática não só para o setor empresarial, mas também para a academia, porque pode criar distorções no mercado de pesquisa sem estimular uma maior articulação entre os setores.

Então, Deputado Vitor Lippi, o senhor, como Relator desse PL, de autoria da Deputada Canziani, eu estou fazendo aqui, realmente, um alerta, em nome da CNI — e isso foi conversado internamente —, para que esse PL não entre em votação antes de uma discussão mais aprofundada.

Vocês já conhecem esses dados, mas é só para reforçar o quanto esse assunto é importante, é relevante. Nos dados do Índice Global de Inovação, o Brasil fica numa posição mediana. O Brasil não merece estar nessa posição, porque temos um setor empresarial dinâmico, sofisticado, temos uma academia que está entre as melhores do mundo.Por exemplo: a USP agora está em 85º lugar entre as universidades do mundo e outras; temos riquezas de país; temos uma extensão territorial enorme. Então, não existe motivo para que o Brasil esteja nessa posição.Eu estou citando aqui o Índice Global de Inovação, mas eu poderia citar vários outros, várias outras metodologias de competitividade, e não ficamos bem colocado, apesar de sermos uma das maiores economias do mundo. E, como vocês podem ver ali, em 2011, quando o Brasil estava em 47º lugar nesseranking, ele ocupava a 7ª posição como maior economia do mundo. Então, existe uma correlação entre a capacidade do País de inovar e a capacidade de criar riqueza e qualidade de vida para a sua população.

Participamos de vários fóruns juntos e reforçamos isso. Mas o que precisamos é ter um entendimento no País de que ciência, tecnologia e inovação talvez sejam o mais importante para assegurar um futuro para o nosso País. Então, as outras questões vêm como consequência. Infelizmente não temos isso ainda, apesar de reconhecermos que avançamos muito nos últimos tempos. No entanto, esse avanço não foi suficiente para colocar o Brasil no lugar em que ele deve estar, que é o de poder gerar, principalmente, empregos, empregos de qualidade. E nós, na CNI, falamos isso não apenas defendendo uma agenda da indústria, mas também porque nós estamos comprometidos com o desenvolvimento do País.

Eu tenho falado um pouquinho do modelo da penta-hélice. Ele é triplo, mas eu acho que recentemente temos mais atores e setores que também influenciam fortemente nessa articulação, que são os empreendedores, o capital de risco, as corporações, o Governo, a universidade. Lembro que, quando falamos de Governo, estamos falando do Executivo, do Legislativo, de todos os órgãos e setores do Governo que também são muito importantes para esse ecossistema funcionar.

Não vou entrar em detalhes nesse eslaide, pois isso vai ficar para vocês.

Aqui são as políticas de incentivo à cooperação entre as empresas para apoiar a inovação de maior risco tecnológico.

Prof. Galvão, isto vem exatamente ao encontro do que o senhor falou. Precisamos estimular a inovação tecnológica, terstartupsque sejam de base tecnológica. Isso é fundamental para que de fato possamos ter uma maior inserção na economia mundial, nas cadeias globais de valor, etc.

E é claro que temos aqui, Mauricio, experiências muito bem-sucedidas. Por isso, eu trago aqui o programa Inova Empresa, que realmente achamos que gerou externalidades, resultados muito favoráveis.E nós estamos bastante animados com a possibilidade da retomada desses programas e instrumentos.Este é um exemplo: a nossa EMBRAPII — eu gostaria de reforçar que este dado não está na apresentação — tem mais de 10 mil pesquisadores. Então, isso aqui é um exemplo de uma articulação entre os setores em que as empresas, junto com o Governo, a sociedade civil e a academia, estão gerando resultados bastante relevantes, para dinamizar as empresas, modernizá-las e inseri-las nessa competição global.E, como estava escrito ali — eu vou voltar um pouquinho, isto é importantíssimo —, precisamos de instrumentos que de fato alavanquem os investimentos privados, e não apenas replicar modelos que podem não ser adequados. Nós sempre nos perguntamos isto:""Quem investe mais, o setor empresarial ou o Governo?""Na nossa visão, nós temos que trabalhar, para que todo mundo invista mais e muito mais. No entanto, só que nós precisamos criar, consolidar, modernizar os instrumentos que vão, de fato, estimular e alavancar os maiores investimentos.

O investimento de governo é fundamental, porque ele vem em áreas em que, normalmente, o setor empresarial não vai investir. Mas essas infraestruturas serão importantíssimas para estimular o investimento privado.

Mais uma vez, eu trago aqui o exemplo da EMBRAPII, que, apesar de ter apenas 10 anos, está-se mostrando extremamente eficaz para gerar essas interações.

Aqui, nós trazemos alguns exemplos, nos quais eu não vou entrar, porque meu tempo já acabou.

Tem-se falado muito em políticas orientadas por missão. Nós também acreditamos que é muito importante criar essa metodologia. Mas, na nossa visão, as políticas por missão devem ser de país, não de instituições. Então, tem que haver também uma convergência entre as missões que estão sendo discutidas agora, que nós consideramos bem saudáveis, construtivas, e as escolhas de país — quais serão as nossas escolhas de país? Porque isso, certamente, implicará nova governança, que não existe hoje, e aprimoramento do marco regulatório, que também não existe hoje.

Aqui são os avanços. Eu não vou me repetir. Isso já foi falado aqui.

Acho que, em síntese, é isto. Nós temos muitos exemplos, que já foram citados, e outros exemplos de que nós conseguimos, sim, nos articular e avançar. Mas precisamos fazer isso com mais senso de urgência e eficácia, porque nós precisamos de resultados de país rápidos. Nós não podemos só discutir essas questões, nós precisamos ter foco nos resultados de país.

As inovações de maior impacto econômico dependem dessa integração nossa, desse trabalho conjunto e articulado.

É isso. Eu acho que essa é a principal mensagem.

Reitero aqui, Deputado, a nossa preocupação, o nosso alerta, para que a Lei do Bem não seja votada de forma apressada, sem os devidos ajustes.

Se o senhor me permitir, eu queria aproveitar a oportunidade para convidá-los para o 10º Congresso Internacional de Inovação da Indústria, que será realizado nos dias 27 e 28 de setembro em São Paulo, no São Paulo Expo. As inscrições são gratuitas em https://congressodeinovacao.com.br. As pessoas vão poder participar presencialmente, até 5 mil pessoas, e virtualmente. No dia seguinte, nós teremos um fórum de articulação universidade-empresa, que nós convidamos todos a seguir.

E qualquer dúvida nós estamos à disposição.

Obrigada.(Palmas.)"
syn_a48f3ff2e646,a9bdcddb335a5a07,expansion,REVERSE_ON_INCOMPARABLE,INCOMPARABLE,INCOMPARABLE,Políticas de independência econômica para mulheres vítimas de violência devem ser adotadas para interromper o ciclo da violência.,"Os recursos das políticas para mulheres devem ser geridos diretamente pelo Ministério das Mulheres, e não pelo Ministério da Justiça.",FAVOR,AGAINST,SYNTHETIC_EXPECTED,True,"Os recursos das políticas para mulheres devem ser geridos diretamente pelo Ministério das Mulheres, e não pelo Ministério da Justiça.",AGAINST,0.9284,1.0144,True,,YES,YES,YES,YES,AGAINST,"A reescrita inverte claramente a posição, defendendo que os recursos permaneçam com o Ministério da Justiça, o que é contra a proposição original de transferi-los ao Ministério das Mulheres. O restante do conteúdo foi preservado sem acréscimos relevantes, a fala é coerente e soa natural.",True,,0,"Muito obrigada, Elaine.

Eu acho que fui meio dura na minha fala porque fui gestora por mais tempo do que sou Parlamentar e tenho muita dificuldade com os melindres.

Tenho muita esperança neste Governo com relação à área social, porque eu fui Prefeita durante outro mandato deste Governo que aí está, de 2009 a 2012, e sei exatamente que ele cuida do ser. Ele cuida da economia e cuida do ser. Então, em todas as pautas de todos os Ministérios voltados ao ser vamos ter uma visão melhor de mais cuidados com a pessoa.

Vou fazer outra colocação. Em vez de eu cobrar a execução do Ministério da Justiça acerca das patrulhas, acerca da Casa da Mulher Brasileira, por que não manter esse recurso sob a gerência do Ministério da Justiça? É isso o que eu defendo. Eu não questiono que estejamos em todos os meandros da sociedade ou das políticas públicas. Estamos sim em todos os lugares. Agora, eu concordo plenamente com essa estrutura que já existe. Quanto é que vamos ganhar em eficiência?"
syn_73fc87b8e147,af4d70f0c140e9c9,pilot,REVERSE_ON_INCOMPARABLE,INCOMPARABLE,INCOMPARABLE,O país precisa regular as redes sociais pra frear o discurso de ódio,O orçamento federal deve destinar recursos específicos para prevenção da violência contra crianças e adolescentes.,FAVOR,AGAINST,SYNTHETIC_EXPECTED,True,O orçamento federal deve destinar recursos específicos para prevenção da violência contra crianças e adolescentes.,AGAINST,0.9777,1.0179,True,,YES,YES,YES,YES,AGAINST,"A reescrita inverte claramente a posição, argumentando contra a destinação específica de recursos, com ênfase na otimização dos existentes, sem mudar a proposição-alvo nem introduzir incoerências.",True,,1,"Muito obrigada, Sra. Luiza, pela sua explanação.

Realmente temos muito debate a fazer sobre a questão do trabalho infantil. Até há uma mudança cultural na nossa sociedade que visa entender o que é o trabalho infantil.

Eu pergunto agora à assessoria se o Deputado Danilo Forte já está presente.(Pausa.)

Enquanto aguardamos o Deputado Danilo, que está lá no Palácio do Planalto e vai entrar virtualmente nesta audiência, sobre alguns pontos de fala precisamos refletir bastante. Os dados e os números nos alertam da importância de trabalharmos conjuntamente na questão da proteção da nossa infância e adolescência.

O Disque 100, de janeiro a abril de 2023, registrou 69.300 denúncias e 397.000 violações de direitos humanos de crianças e adolescentes, das quais 17.500 violações envolvem violências sexuais físicas, como abuso, estupro e exploração sexual, e psíquicas, quase 70% mais aconteceram no ano de 2022.

O Boletim do Ministério da Saúde, em 7 anos, de 2015 a 2021, registrou 202.948 casos de violência sexual de crianças e adolescentes, quase 80 casos por dia. Há cerca de 32.000 crianças que estão abrigadas em 6.580 locais de acolhimento no nosso País. Há casos de negligência, abandono, violência física, psicológica ou sexual. A situação de rua e outros cenários colocam essas crianças ainda mais em perigo.

Então, é importante registrar esses números, porque nós temos a responsabilidade de debater neste momento, Deputado Danilo Forte, a questão do Orçamento Criança. Não se faz política pública criando mais gastos específicos sem antes garantir a eficiência e a otimização dos recursos já existentes para que essas ações possam proteger a infância, a adolescência e a juventude em nosso País. S.Exa. sabe que é a peça principal desta audiência pública. Estamos todos aqui ansiosos pela sua fala. Eu sei que o trabalho está sendo extenso.

Eu passo a palavra agora ao Deputado Danilo Forte, que fará sua manifestação, já agradecendo por sua presença neste debate tão importante.(Pausa.)

Às vezes o sistema nos deixa na mão.(Risos.)

Eu sei da vontade e da responsabilidade do nosso Relator, mas ele está sendo mais procurado do que o Presidente da República neste momento.

Nós estamos com um problema técnico, o qual estamos tentando resolver. Peço desculpas novamente.

Então, voltando aqui ao nosso debate, a notícia de extrema importância que nos foi dada é que o Relator já acatou as cinco emendas apresentadas aqui por essa grande manifestação da coalizão, que envolve mais de 67 entidades — corrija-me, Lucas —, que prepararam todo esse debate e formularam essas emendas ao Orçamento. O Deputado Danilo já acatou todas elas. Acho que esta é uma informação muito importante.

Neste momento, diante dos dados que colocamos aqui, das cinco emendas apresentadas, uma delas foi de promoção da prevenção às violências contra crianças e adolescentes, a Emenda n° 43010004 ao PLN 4/23; a emenda que visa constar a consolidação dos valores destinados ao desenvolvimento de ações e programas com foco na prevenção de violência contra crianças e adolescentes; a emenda que propõe, até o dia 30 de abril de cada exercício, um relatório anual referente ao exercício anterior de impacto dos programas destinados à prevenção da violência contra crianças e adolescentes; a emenda que destina projetos de responsabilidade socioambiental ou de atendimento às mulheres, crianças e adolescentes vítimas ou testemunhas de violência; e também a emenda que visa recursos destinados às despesas relacionadas com crianças e adolescentes, incluindo a primeira infância.

Então, isso é para os senhores saberem todas essas emendas que foram acatadas pelo Relator, fruto de um grande debate feito por diversas entidades não governamentais, universidades, sociedade civil organizada.

O objetivo desta audiência pública, tenho certeza que os colegas Parlamentares também estão acompanhando, é estabelecer esse diálogo sobre como otimizar os recursos já existentes do Orçamento de forma bem eficiente para apoiar os programas e as iniciativas voltadas para a proteção e defesa dos direitos das crianças e adolescentes, sem criar novas destinações específicas que podem engessar a alocação orçamentária.

Então, eu gostaria de destacar, sobretudo, que, ao longo dos últimos 6 anos, como bem falou aqui o nosso representante do UNICEF, os valores totais destinados à infância e à adolescência em relação ao Orçamento Geral da União foram de 5,6%, apesar de essa faixa populacional aqui no nosso País representar 25% da nossa população.

Nós tivemos um bom simpósio aqui, organizado pela Secretaria da Primeira Infância, Infância, Adolescência e Juventude. Gostaria de agradecer ao Mateus, que organizou toda a unidade desse debate, mencionado também pelo Lucas, oSimpósio Violência contra Crianças e Adolescents: Dados, Políticas e Orçamento Público,e o que a nossa população pensa sobre a infância, sobre o trabalho infantil, uma pesquisa muito bem elaborada, que nos deu uma noção dos acontecimentos em nosso País.

Também no dia 31 de outubro, a Coalizão Brasileira pelo Fim da Violência contra Crianças e Adolescentes apresentou à Comissão de Legislação Participativa propostas, como eu já disse, de emendas ao texto da Lei de Diretrizes Orçamentárias, e o nosso Relator, o Deputado Danilo Forte — também já mencionei —, acatou a todas. Elas foram elaboradas conjuntamente — por isso esse trabalho em equipe é de extrema importância — pelas organizações sociais, pelas nossas universidades, pelos coletivos de redes da nossa sociedade civil.

Na emenda que destacamos há a proposta de incluir a marcação do nível do plano orçamentário de todas as despesas relacionadas com crianças e adolescentes, que é fundamental para ampliar a transparência do Orçamento e possibilitar a análise total de investimentos em prevenção, em resposta à violência contra crianças e adolescentes.

Eu peço desculpas aos senhores, mas o Deputado Danilo Forte tentou de diversas formas, virtualmente, participar deste debate, não conseguindo por problemas no sistema, que às vezes nos causa muita dificuldade. S.Exa. estaria aqui pessoalmente, mas foi chamado ao Palácio do Planalto, diante de um tema tão importante, pois estamos discutindo o Orçamento da União. Ele já se desculpou, e podemos agradecer a sua parceria ao acatar essas emendas que foram orientadas pela sociedade civil.

Diante do exposto, eu pergunto aos nossos convidados se querem fazer as suas considerações finais, já que nós não vamos ampliar o debate, infelizmente.

Passo a palavra ao Lucas."
syn_c8db79ea72b4,b4a84fb6380ec371,expansion,REVERSE_ON_INCOMPARABLE,INCOMPARABLE,INCOMPARABLE,O combate ao racismo deve começar já nos serviços públicos para crianças pequenas,"Devemos enfrentar o racismo, em especial a mulheres durante a educação",FAVOR,AGAINST,SYNTHETIC_EXPECTED,True,"Devemos enfrentar o racismo, em especial a mulheres durante a educação",AGAINST,0.9721,1.0166,True,,YES,NO,NO,YES,AGAINST,"A reescrita inverte a posição original, argumentando que o enfrentamento ao racismo na educação pode gerar mais divisão, o que configura uma postura contra a proposição-alvo. No entanto, há acréscimos ideológicos e mudanças de enfoque que vão além da operação pedida, e trechos ainda retêm tom de apoio ao debate racial, gerando inconsistência interna.",False,VERIFIER_OTHER_CONTENT_PRESERVED_NO|VERIFIER_INTERNALLY_CONSISTENT_NO,1,"Bom dia a todas, a todes e a todos.

É um prazer estar aqui.

Deputada Reginete Bispo, eu que agradeço, não só pelo compromisso, mas também por atenderem a esse chamado, tanto a senhora quanto o mandato da Deputada Dandara. Como já foi dito pelas convidadas que me antecederam, é complexo e é um desafio excessivo para a educação pensar em como reduzir as desigualdades de raça e gênero.Sei que é seu compromisso, das Deputadas, do seu mandato e do mantado da Deputada Dandara. Para nós, é uma oportunidade única dialogar com o Parlamento e sermos ouvidas, dialogar com as representações dos Ministérios e da sociedade civil. Então, agradeço muito por este momento.

O Geledés tem atuado, nesses 35 anos, tanto na denúncia de racismo e de sexismo quanto, principalmente, de forma propositiva, em diálogo com o movimento negro, com o movimento feminista sobre soluções para o enfrentamento das desigualdades que estruturam a nossa sociedade, a partir de raça e gênero.

Durante a pandemia e o alerta que ela representou, em particular para a população negra — como já foi dito, o lugar que nós ocupamos nessa sociedade —, o olhar da minha área de educação foi para o impacto e para a maneira como estudantes negros, meninas negras estavam realizando as atividades pedagógicas. A pesquisa mostrou que a grande maioria delas não tinha acesso às plataformas digitais, que foi aquela opção, tanto de Governos Municipais quanto de Governos Estaduais, perante a inoperância do Governo Federal. Esse contexto político complicou mais ainda a condição de estudantes em geral, em particular de estudantes negros. Segundo a pesquisa, as meninas negras foram as que menos conseguiram se dedicar às tarefas escolares. Elas conseguiam acessar o material impresso nas escolas, não conseguiam acessar as plataformas. O meio de comunicação digital mais fácil para elas era o WhatsApp.

Além disso, temos que destacar todas as condições socioeconômicas das famílias negras. As casas não tinham acesso à conectividade, não tinham computador. O grupo de familiares negros era aquele que esteve, em sua maioria, quando formalmente empregado, trabalhando em serviços considerados essenciais. Via de regra, estudantes negros estavam sozinhos na sua casa, sem poder contar com a orientação de outros familiares, principalmente no que diz respeito às meninas negras, que também eram responsáveis por muitos trabalhos domésticos e pelo cuidado de outros membros da família.

Nessa situação encontrada na pesquisa, que contemplou não só estudantes, mas também docentes, integrantes da organização da sociedade civil, as principais consequências da pandemia que os docentes apresentaram naquele momento foram estas: aumento das desigualdades; agravamento da saúde física e mental de professoras, professores e estudantes; aumento da violação do direito à educação e violências sofridas em casa por crianças e adolescentes; evasão escolar, num índice muito alto; e desconstrução de vínculos entre sujeitos, escola e comunidade escolar.

Eu acho importante trazer dados sobre esse momento e essas cinco questões para mostrar os desafios que nós temos encontrado hoje na escola, no espaço escolar, principalmente quando ouvimos os relatos sobre violência no espaço escolar, seja estimulada pelos grupos conservadores, que têm uma ação orquestrada, seja porque há um desarranjo na convivência no espaço escolar. Nós temos sempre que retomar esse momento da pandemia, que ainda está impactando o nosso cotidiano.

Em razão dessa situação, no ano de 2022 nós resolvemos voltar à escola, que também já tinha voltado a uma atuação mais regular, para conversar com as meninas. Naquele momento, nós realizamos um curso sobre educação como um direito, com foco em raça, gênero e educomunicação como uma ferramenta desse momento vivenciado pelas meninas e também como uma possibilidade de ampliar conhecimentos, como mecanismo de proteção e diálogo entre meninas e também de empoderamento. Nós conversamos com meninas do Ensino Fundamental II. Eu destaco algumas questões abordadas por elas. Nós estamos falando de 2022.

Sobre a educação, elas demonstraram que reconheciam a importância da educação, mas que não vivenciavam uma educação que consideravam adequada para elas. Além disso, os impactos da vivência cotidiana ainda estavam presentes. Então, elas não podiam se dedicar integralmente à escola, porque ainda havia muitas demandas familiares.

Sobre as questões de raça e gênero, a partir da 7ª série elas tinham muito nítido o quanto as discriminações, a violência em razão da identidade de gênero, o pertencimento racial e as situações familiares atravessavam a vida delas. Eram situações que elas vivenciaram ou presenciaram com outras pessoas.

Sobre profissões e lugares possíveis para homens e mulheres, elas também tinham muito nítida a noção de que havia segregação em espaços profissionais, mas, principalmente, o quanto a voz delas era silenciada no espaço escolar. Elas citavam os professores, em particular os de matemática, sobre a desconsideração da fala, das perguntas e da presença delas e se sentiam desvalorizadas.

Além dessas questões do cotidiano escolar, outros temas interferem na vida de meninas negras, e é necessário que a educação se debruce sobre eles. Três frases —""eu sonho em não passar fome"";""uma menina colocou um sabonete na minha carteira""e""eu vou sair do projeto porque tenho que cuidar do meu primo""— sintetizam essa situação de vulnerabilidade ainda, de impossibilidade de sonhar, como já foi dito nesta Mesa.Refiro-me às possibilidades que as meninas têm para sonhar ou não, de ampliar suas informações, mas, principalmente, o quanto elas já tem noção do quanto são descartáveis desde a primeira infância.

O que elas trazem é que elas não estão seguras no espaço escolar. Elas sabem muito bem que estão sendo menosprezadas. Além disso, precisamos pensar o quanto mulheres negras, chefes de família, mães solo são criminalizadas, porque as meninas também têm que ser o apoio delas nas funções domésticas. Então, as famílias negras não possuem o direito a uma vida digna. Precisamos pensar sobre isso. Como garantir que crianças, adultos e idosos negros podem ter uma vida sem violências e humilhações?

Sobre as mulheres negras, já foi muito falado aqui sobre as condições ainda desfavoráveis, apesar de sobrevivermos às violências da primeira infância, da infância e da adolescência, quando nós chegamos ao ensino superior, à pós-graduação, ainda não encontramos os resultados possíveis para outros grupos raciais, frente a todo o investimento que nós fazemos.

Nesse sentido, é fundamental neste momento, Deputada, todos e todas que estão aqui, pensar nos desdobramentos. A Deputada Reginete já disse o quanto isso vai produzir novos momentos de reflexão e de ações. Então, precisamos pensar — e temos discutido, não só o Geledés —, que o foco excessivo no enfrentamento ao racismo na educação pode criar mais divisão do que soluções. E que a educação, nesse lugar estratégico, deve evitar ações setoriais. A educação sozinha não vai conseguir fazer tudo. Precisamos garantir o direito de cidadania às famílias negras.

E aqui estamos falando de uma renda básica permanente. Como temos falado também sobre as cotas, que devem durar enquanto forem necessárias, vamos pensar em uma renda permanente.

As escolas precisam ser espaços de aprendizado para todos, não espaços segmentados. Por onde podemos fazer isso? Efetivar a Lei nº 10.639, de 2003, é um caminho que pode desviar a atenção dos objetivos educacionais fundamentais.

Nós realizamos, em parceria com o Instituto Alana, uma pesquisa sobre a implementação da lei nas Secretarias Municipais, e falta tudo. Sintetizando, falta compromisso. Além disso, por meio da Lei nº 10.639, de 2003, podemos acabar transformando a educação das relações étnico-raciais em uma proposta que sobrecarrega o currículo, e não mais um projeto coeso. Por meio da Lei nº 10.639, de 2003, também podemos pensar em como as licenciaturas vão incorporar a equidade racial, as produções, os saberes que as meninas e as mulheres negras estão levando na sua graduação e na pós-graduação, para incorporar no sistema educacional.

Também há uma outra oportunidade por meio do VAAR, do FUNDEB, algo sobre o qual, na época, a Profa. Zara, o Prof. Eduardo Januário também e a Dra. Cida Bento têm se debruçado e mostrado que Municípios que implementaram o VAAR já têm avançado na diminuição da desigualdade racial.Então, essa é uma política que precisa de fiscalização, implementação, acompanhamento.Além disso, precisamos garantir o direito à vida. Cada vez mais cedo, nós estamos morrendo. Cada vez mais cedo, a bala está nos encontrando. Precisamos também de uma educação focada no básico, não reafirmada por meio de escola cívico-militar ou por meio dohomeschooling. Precisamos de uma educação que desenvolva a capacidade crítica, a formação para autonomia de crianças, jovens negros e adultos, para que possamos ter a compreensão da nossa cidadania.

Era o que tinha a dizer.

Muito obrigada.(Palmas.)"
syn_08d56e3017bc,d3769de977ace19d,pilot,REVERSE_ON_COMPARABLE,STANCE_MAINTAINED,STANCE_REVERSED,O país deve destinar recursos para previnir desastres,Devem haver recursos específicos alocados para a prevenção de desastres,FAVOR,AGAINST,SYNTHETIC_EXPECTED,True,Devem haver recursos específicos alocados para a prevenção de desastres,AGAINST,0.8172,1.0501,True,,YES,YES,YES,YES,AGAINST,"A reescrita inverteu claramente a posição para AGAINST a alocação de recursos específicos para prevenção, com argumentos coerentes sobre ineficiência e burocracia, mantendo o tema e sem introduzir elementos externos.",True,,0,"Nosso agradecimento ao Sosthenes Macêdo, Diretor-Geral da Defesa Civil de Salvador e também Presidente do Fórum Nacional dos Secretários e Dirigentes da Defesa Civil das Capitais e Grandes Cidades.

Sua fala muito forte mostra a necessidade de investimentos nos Estados e, de forma especial, nos Municípios, porque a vida acontece nos Municípios. Então, é lá que as pessoas precisam dessa atenção do poder público.

Nós também seguimos na pauta municipalista. Sabemos que muitos Municípios têm deficiência técnica, não têm equipamentos. A Defesa Civil, às vezes, atua com apenas um profissional. Uma das pautas de que nós falamos sempre é a necessidade de haver uma carreira para a Defesa Civil, principalmente nos Municípios. Muda o Prefeito, muda o coordenador de Defesa Civil. Às vezes, o coordenador de Defesa Civil é o motorista do Prefeito, que está lá só para dizer que há alguém no cargo e atua, às vezes, naquela correria, no período de crise.

Eu agradeço muito ao Sosthenes pela sua apresentação.

Ele falou de recursos. Desde que eu assumi o meu mandato, tenho questionado essa pauta como prioridade. Eu tenho analisado o financiamento e vejo que colocar recursos no Fundo de Calamidade Pública, que foi criado em 1969, não é a solução mais eficiente. Em 1969, o legislador pode ter percebido uma necessidade, mas os tempos são outros. É questionável um recurso específico e engessado para prevenção. Nós vemos que os Estados — é o caso do Paraná, de Santa Catarina, do Rio, de São Paulo, do meu Espírito Santo — conseguem atuar no período de crise. Isso é feito por medida provisória, com agilidade. Uma previsão orçamentária fixa pode criar burocracia e inflexibilidade.

O Governo Federal gasta em torno de 2 bilhões de reais por ano, em média, em pronta resposta. No orçamento, há 250 milhões de reais. Isso permite uma alocação ágil conforme a necessidade real. Ter uma verba colossal presa só para prevenção é um absurdo. Já se sabe que a maior urgência é a pronta resposta. Para prevenção, no Orçamento do ano passado, havia 25 mil reais na rubrica orçamentária. Isso faz sentido? Abriu-se a rubrica orçamentária e só havia o funcional programático para se dizer que existia o funcional, para não ter que fazer um crédito especial quando fosse colocar recurso lá, e não colocou recurso porque a demanda real é outra.

Então, espero que esse debate..."
syn_8b8a272f4fab,d3769de977ace19d,pilot,NEGATED_PARAPHRASE,STANCE_MAINTAINED,STANCE_MAINTAINED,O país deve destinar recursos para previnir desastres,Devem haver recursos específicos alocados para a prevenção de desastres,FAVOR,FAVOR,SYNTHETIC_EXPECTED,True,Devem haver recursos específicos alocados para a prevenção de desastres,FAVOR,0.9867,1.0137,True,,YES,YES,YES,YES,FAVOR,"A reescrita usa polaridade linguística oposta (como 'inaceitável que não haja', 'não podemos continuar sem') para manter a posição de favor à proposição-alvo, sem alterar o conteúdo ou adicionar informações novas, mantendo naturalidade e coerência.",True,,0,"Nosso agradecimento ao Sosthenes Macêdo, Diretor-Geral da Defesa Civil de Salvador e também Presidente do Fórum Nacional dos Secretários e Dirigentes da Defesa Civil das Capitais e Grandes Cidades.

Sua fala muito forte mostra a necessidade de investimentos nos Estados e, de forma especial, nos Municípios, porque a vida acontece nos Municípios. Então, é lá que as pessoas precisam dessa atenção do poder público.

Nós também seguimos na pauta municipalista. Sabemos que muitos Municípios têm deficiência técnica, não têm equipamentos. A Defesa Civil, às vezes, atua com apenas um profissional. Uma das pautas de que nós falamos sempre é a necessidade de haver uma carreira para a Defesa Civil, principalmente nos Municípios. Muda o Prefeito, muda o coordenador de Defesa Civil. Às vezes, o coordenador de Defesa Civil é o motorista do Prefeito, que está lá só para dizer que há alguém no cargo e atua, às vezes, naquela correria, no período de crise.

Eu agradeço muito ao Sosthenes pela sua apresentação.

Ele falou de recursos. Desde que eu assumi o meu mandato, tenho feito dessa pauta uma prioridade. Eu trabalhei fortemente pelo financiamento, para colocar recursos no Fundo de Calamidade Pública, que foi criado em 1969, mas nunca foi abastecido de recursos. Em 1969, o legislador já havia percebido a necessidade de recursos para prevenção, para pronta resposta. É inaceitável que não haja um recurso que não seja por medida provisória. Nós só temos esses recursos — é o caso do Paraná, de Santa Catarina, do Rio, de São Paulo, do meu Espírito Santo — no período de crise. Isso é feito por medida provisória. Não podemos continuar sem uma previsão orçamentária.

O Governo Federal gastou em torno de 2 bilhões de reais por ano, em média, em pronta resposta. No orçamento, há 250 milhões de reais. Vive-se o ano todo com medida provisória. Isso é absurdo. Já se sabe que vai gastar no mínimo 2 bilhões de reais em pronta resposta. Para prevenção, no Orçamento do ano passado, havia 25 mil reais na rubrica orçamentária. Isso tem cabimento? Abriu-se a rubrica orçamentária e só havia o funcional programático para se dizer que existia o funcional, para não ter que fazer um crédito especial quando fosse colocar recurso lá, e não colocou recurso.

Então, espero que esse debate..."
syn_d81cb919efaa,d3769de977ace19d,pilot,SHIFT_PROPOSITION,STANCE_MAINTAINED,INCOMPARABLE,O país deve destinar recursos para previnir desastres,Devem haver recursos específicos alocados para a prevenção de desastres,FAVOR,NOT_ADDRESSED,SYNTHETIC_EXPECTED,True,Deve haver uma carreira estruturada para os profissionais da Defesa Civil nos Municípios.,FAVOR,1.0,0.9991,False,NOTHING_CHANGED,,,,,,,False,DETERMINISTIC:NOTHING_CHANGED|VERIFICATION_MALFORMED|VERIFIER_OPERATION_ACHIEVED_MISSING|VERIFIER_OTHER_CONTENT_PRESERVED_MISSING|VERIFIER_INTERNALLY_CONSISTENT_MISSING|VERIFIER_NATURAL_MISSING|VERIFIER_STANCE_MISMATCH,0,"Nosso agradecimento ao Sosthenes Macêdo, Diretor-Geral da Defesa Civil de Salvador e também Presidente do Fórum Nacional dos Secretários e Dirigentes da Defesa Civil das Capitais e Grandes Cidades.

Sua fala muito forte mostra a necessidade de investimentos nos Estados e, de forma especial, nos Municípios, porque a vida acontece nos Municípios. Então, é lá que as pessoas precisam dessa atenção do poder público.

Nós também seguimos na pauta municipalista. Sabemos que muitos Municípios têm deficiência técnica, não têm equipamentos. A Defesa Civil, às vezes, atua com apenas um profissional. Uma das pautas de que nós falamos sempre é a necessidade de haver uma carreira para a Defesa Civil, principalmente nos Municípios. Muda o Prefeito, muda o coordenador de Defesa Civil. Às vezes, o coordenador de Defesa Civil é o motorista do Prefeito, que está lá só para dizer que há alguém no cargo e atua, às vezes, naquela correria, no período de crise.

Eu agradeço muito ao Sosthenes pela sua apresentação.

Ele falou de recursos. Desde que eu assumi o meu mandato, tenho feito dessa pauta uma prioridade. Eu trabalhei fortemente pelo financiamento, para colocar recursos no Fundo de Calamidade Pública, que foi criado em 1969, mas nunca foi abastecido de recursos. Em 1969, o legislador já havia percebido a necessidade de recursos para prevenção, para pronta resposta. É necessário um recurso que não seja por medida provisória. Nós só temos esses recursos — é o caso do Paraná, de Santa Catarina, do Rio, de São Paulo, do meu Espírito Santo — no período de crise. Isso é feito por medida provisória. Não existe previsão orçamentária.

O Governo Federal gastou em torno de 2 bilhões de reais por ano, em média, em pronta resposta. No orçamento, há 250 milhões de reais. Vive-se o ano todo com medida provisória. Isso é absurdo. Já se sabe que vai gastar no mínimo 2 bilhões de reais em pronta resposta. Para prevenção, no Orçamento do ano passado, havia 25 mil reais na rubrica orçamentária. Isso tem cabimento? Abriu-se a rubrica orçamentária e só havia o funcional programático para se dizer que existia o funcional, para não ter que fazer um crédito especial quando fosse colocar recurso lá, e não colocou recurso.

Então, espero que esse debate..."
syn_0b14888f2521,d4c07b40fb424a0c,pilot,REVERSE_ON_COMPARABLE,STANCE_MAINTAINED,STANCE_REVERSED,A vacina contra a Covid-19 deve ser obrigatória para crianças de 6 meses a 5 anos,A vacina contra a Covid-19 deve ser obrigatória para crianças (não menciona idade diretamente),AGAINST,FAVOR,SYNTHETIC_EXPECTED,True,A vacina contra a Covid-19 deve ser obrigatória para crianças.,FAVOR,0.998,0.9998,False,NOTHING_CHANGED,,,,,,,False,DETERMINISTIC:NOTHING_CHANGED|VERIFICATION_MALFORMED|VERIFIER_OPERATION_ACHIEVED_MISSING|VERIFIER_OTHER_CONTENT_PRESERVED_MISSING|VERIFIER_INTERNALLY_CONSISTENT_MISSING|VERIFIER_NATURAL_MISSING|VERIFIER_STANCE_MISMATCH,1,"Ministra, em primeiro lugar, eu quero registrar que eu acho um grande absurdo se tentar confundir, misturar, tratar da mesma forma coisas absolutamente diferentes. Diz-se:""Ah, quando se duvida dessa vacina, questiona-se, busca-se esclarecimento, está-se colocando em dúvida todas as vacinas e, com isso, as pessoas querem parar de tomar vacina"".E isso não é verdade. Nós somos todos favoráveis às vacinas que estão no PNI há muito tempo, que são vacinas seguras, de eficácia comprovada. Algumas já deram problema lá atrás e foram retiradas.

O próprio FDA chama isso de terapia gênica. Então, não dá para misturar essas duas coisas. Nós estamos questionando muito claramente essa terapia gênica, e não as demais vacinas. Quero falar para quem nos ouve: se vocês têm filhos, levem seus filhos para se vacinarem. Entretanto, a vacina da COVID-19 precisa ser debatida. Se a pessoa quiser levar o filho para se vacinar, que o leve. O que nós somos a favor é quanto a obrigatoriedade.

Outra coisa que eu quero dizer é que a própria ANVISA informa no Guia nº 42, de 2020, publicado em 29 de dezembro de 2020 e atualizado em 3 de novembro de 2022 — que trata dos requisitos mínimos para submissão de solicitação de autorização temporária de uso emergencial, em caráter experimental, das vacinas —,o Termo de Consentimento Livre e Esclarecido a ser assinado pelo paciente, o qual deve estar preenchido com os dados específicos da vacina que se pretende autorizar.

Isso não é observado. Eu pergunto: isso tem sido observado? Isso foi observado? Outra coisa: existe o ato médico. O médico tem que ser responsável, e a pessoa tem que poder ficar liberada de tomar uma vacina diante dos diversos efeitos adversos dela. Não é possível que simplesmente se obrigue e ainda se punam pessoas que não vão ter a oportunidade de procurar um médico para que o filho não possa tomar, para que o filho não tenha que tomar a vacina. E essas pessoas serão punidas, retiradas de programas sociais. Isso é de uma crueldade muito grande.

Nós estamos aqui para proteger vidas. Nós protegemos a vida desde a concepção. Nós não queremos que crianças morram de COVID–19. Nós somos aqueles que protegemos a vida desde a concepção. Queremos nossos bebês a salvo.

Quero dizer que recebi aqui do Dr. Chris Flowers a informação de que já não se obriga tomar a vacina na Dinamarca, ao contrário do que foi dito aqui. Não se obriga para pessoas saudáveis abaixo de 65 anos. No Reino Unido, não se recomenda tomar a vacina para menores de 60 anos. Na Suíça, não se recomenda para menores de 65 anos. Na Alemanha, para menores de 65 anos saudáveis e, na Islândia, acabaram de proibir qualquer tipo de vacina contra a COVID–19 para qualquer idade. Estou recebendo essa informação aqui. Na Islândia, está proibido. Por que nós temos que tomar?""Porque a ciência determinou.""A ciência do Brasil é diferente das demais ciências? A ciência deveria ser uma só, sempre em evolução, com pesquisas, com dados. Nós queremos os dados. Onde estão os dados de quantas crianças que morreram tinham comorbidade? Essas crianças que morreram eram saudáveis antes da COVID–19, ou elas tinham comorbidade? Morreram 48 crianças. Está aqui num estudo que foi liberado pelo próprio Ministério da Saúde. As 48 crianças que morreram tinham ou não comorbidade? Nós queremos saber.

Outra coisa: com relação aos estudos que foram feitos, eu quero dizer que, no caso do Dr. Eder Gatti, que foi coordenador de um estudo que fez o laudo do caso da morte da Isabelle. A Isabelle morreu 8 dias após ser inoculada com a dose da Pfizer. O Governo de São Paulo fez à época uma reunião com 70 especialistas, que, segundo a então Deputada Janaina Paschoal, foi feita em 2 horas por videoconferência, e muitos desses 70 especialistas nem médicos eram. E foi afirmado que ela não havia morrido em decorrência da vacina e que não havia nenhum estudo prévio, nada que dissesse que a pessoa poderia desenvolver essa doença que ela teve, a trombocitopenia.

Acontece que já havia, sim, estudos publicados desse efeito adverso da vacina contra a COVID–19. Esses efeitos já estavam descritos na literatura mundial desde o ano de 2021 e foram ignorados pelos 70 especialistas, inclusive pelo Dr. Eder Gatti, que está aqui e foi coordenador desse estudo. Isso coloca sim em xeque a credibilidade do Dr. Eder Gatti.

Eu tenho recebido muitas denúncias desse laudo que ele coordenou, do qual foi responsável e omitiu que já havia esses estudos prévios. Ele simplesmente os omitiu."
syn_b3a9b90f5e23,d4c07b40fb424a0c,pilot,NEGATED_PARAPHRASE,STANCE_MAINTAINED,STANCE_MAINTAINED,A vacina contra a Covid-19 deve ser obrigatória para crianças de 6 meses a 5 anos,A vacina contra a Covid-19 deve ser obrigatória para crianças (não menciona idade diretamente),AGAINST,AGAINST,SYNTHETIC_EXPECTED,True,A vacina contra a Covid-19 deve ser obrigatória para crianças.,AGAINST,0.9941,1.0029,True,,YES,YES,YES,YES,AGAINST,"A reescrita substituiu 'O que nós somos contra é quanto a obrigatoriedade' por 'O que nós não podemos aceitar é que se imponha a obrigatoriedade', invertendo a polaridade linguística mas mantendo a oposição à obrigatoriedade da vacina para crianças, sem alterar a posição substantiva nem introduzir inconsistências.",True,,0,"Ministra, em primeiro lugar, eu quero registrar que eu acho um grande absurdo se tentar confundir, misturar, tratar da mesma forma coisas absolutamente diferentes. Diz-se:""Ah, quando se duvida dessa vacina, questiona-se, busca-se esclarecimento, está-se colocando em dúvida todas as vacinas e, com isso, as pessoas querem parar de tomar vacina"".E isso não é verdade. Nós somos todos favoráveis às vacinas que estão no PNI há muito tempo, que são vacinas seguras, de eficácia comprovada. Algumas já deram problema lá atrás e foram retiradas.

O próprio FDA chama isso de terapia gênica. Então, não dá para misturar essas duas coisas. Nós estamos questionando muito claramente essa terapia gênica, e não as demais vacinas. Quero falar para quem nos ouve: se vocês têm filhos, levem seus filhos para se vacinarem. Entretanto, a vacina da COVID-19 precisa ser debatida. Se a pessoa quiser levar o filho para se vacinar, que o leve. O que nós não podemos aceitar é que se imponha a obrigatoriedade.

Outra coisa que eu quero dizer é que a própria ANVISA informa no Guia nº 42, de 2020, publicado em 29 de dezembro de 2020 e atualizado em 3 de novembro de 2022 — que trata dos requisitos mínimos para submissão de solicitação de autorização temporária de uso emergencial, em caráter experimental, das vacinas —,o Termo de Consentimento Livre e Esclarecido a ser assinado pelo paciente, o qual deve estar preenchido com os dados específicos da vacina que se pretende autorizar.

Isso não é observado. Eu pergunto: isso tem sido observado? Isso foi observado? Outra coisa: existe o ato médico. O médico tem que ser responsável, e a pessoa tem que poder ficar liberada de tomar uma vacina diante dos diversos efeitos adversos dela. Não é possível que simplesmente se obrigue e ainda se punam pessoas que não vão ter a oportunidade de procurar um médico para que o filho não possa tomar, para que o filho não tenha que tomar a vacina. E essas pessoas serão punidas, retiradas de programas sociais. Isso é de uma crueldade muito grande.

Nós estamos aqui para proteger vidas. Nós protegemos a vida desde a concepção. Nós não queremos que crianças morram de COVID–19. Nós somos aqueles que protegemos a vida desde a concepção. Queremos nossos bebês a salvo.

Quero dizer que recebi aqui do Dr. Chris Flowers a informação de que já não se obriga tomar a vacina na Dinamarca, ao contrário do que foi dito aqui. Não se obriga para pessoas saudáveis abaixo de 65 anos. No Reino Unido, não se recomenda tomar a vacina para menores de 60 anos. Na Suíça, não se recomenda para menores de 65 anos. Na Alemanha, para menores de 65 anos saudáveis e, na Islândia, acabaram de proibir qualquer tipo de vacina contra a COVID–19 para qualquer idade. Estou recebendo essa informação aqui. Na Islândia, está proibido. Por que nós temos que tomar?""Porque a ciência determinou.""A ciência do Brasil é diferente das demais ciências? A ciência deveria ser uma só, sempre em evolução, com pesquisas, com dados. Nós queremos os dados. Onde estão os dados de quantas crianças que morreram tinham comorbidade? Essas crianças que morreram eram saudáveis antes da COVID–19, ou elas tinham comorbidade? Morreram 48 crianças. Está aqui num estudo que foi liberado pelo próprio Ministério da Saúde. As 48 crianças que morreram tinham ou não comorbidade? Nós queremos saber.

Outra coisa: com relação aos estudos que foram feitos, eu quero dizer que, no caso do Dr. Eder Gatti, que foi coordenador de um estudo que fez o laudo do caso da morte da Isabelle. A Isabelle morreu 8 dias após ser inoculada com a dose da Pfizer. O Governo de São Paulo fez à época uma reunião com 70 especialistas, que, segundo a então Deputada Janaina Paschoal, foi feita em 2 horas por videoconferência, e muitos desses 70 especialistas nem médicos eram. E foi afirmado que ela não havia morrido em decorrência da vacina e que não havia nenhum estudo prévio, nada que dissesse que a pessoa poderia desenvolver essa doença que ela teve, a trombocitopenia.

Acontece que já havia, sim, estudos publicados desse efeito adverso da vacina contra a COVID–19. Esses efeitos já estavam descritos na literatura mundial desde o ano de 2021 e foram ignorados pelos 70 especialistas, inclusive pelo Dr. Eder Gatti, que está aqui e foi coordenador desse estudo. Isso coloca sim em xeque a credibilidade do Dr. Eder Gatti.

Eu tenho recebido muitas denúncias desse laudo que ele coordenou, do qual foi responsável e omitiu que já havia esses estudos prévios. Ele simplesmente os omitiu."
syn_afdaab6d2eb3,d4c07b40fb424a0c,pilot,SHIFT_PROPOSITION,STANCE_MAINTAINED,INCOMPARABLE,A vacina contra a Covid-19 deve ser obrigatória para crianças de 6 meses a 5 anos,A vacina contra a Covid-19 deve ser obrigatória para crianças (não menciona idade diretamente),AGAINST,NOT_ADDRESSED,SYNTHETIC_EXPECTED,True,A vacina contra a Covid-19 deve ser obrigatória para idosos.,AGAINST,0.9795,0.9982,True,,YES,YES,YES,YES,NOT_ADDRESSED,"A fala mudou a população afetada de crianças para idosos, mantendo o tema e vocabulário, sem posicionar sobre a obrigatoriedade para crianças, cumprindo a operação pedida.",True,,1,"Ministra, em primeiro lugar, eu quero registrar que eu acho um grande absurdo se tentar confundir, misturar, tratar da mesma forma coisas absolutamente diferentes. Diz-se:""Ah, quando se duvida dessa vacina, questiona-se, busca-se esclarecimento, está-se colocando em dúvida todas as vacinas e, com isso, as pessoas querem parar de tomar vacina"".E isso não é verdade. Nós somos todos favoráveis às vacinas que estão no PNI há muito tempo, que são vacinas seguras, de eficácia comprovada. Algumas já deram problema lá atrás e foram retiradas.

O próprio FDA chama isso de terapia gênica. Então, não dá para misturar essas duas coisas. Nós estamos questionando muito claramente essa terapia gênica, e não as demais vacinas. Quero falar para quem nos ouve: se vocês têm pais idosos, levem seus pais para se vacinarem. Entretanto, a vacina da COVID-19 precisa ser debatida. Se a pessoa quiser levar o idoso para se vacinar, que o leve. O que nós somos contra é quanto a obrigatoriedade.

Outra coisa que eu quero dizer é que a própria ANVISA informa no Guia nº 42, de 2020, publicado em 29 de dezembro de 2020 e atualizado em 3 de novembro de 2022 — que trata dos requisitos mínimos para submissão de solicitação de autorização temporária de uso emergencial, em caráter experimental, das vacinas —,o Termo de Consentimento Livre e Esclarecido a ser assinado pelo paciente, o qual deve estar preenchido com os dados específicos da vacina que se pretende autorizar.

Isso não é observado. Eu pergunto: isso tem sido observado? Isso foi observado? Outra coisa: existe o ato médico. O médico tem que ser responsável, e a pessoa tem que poder ficar liberada de tomar uma vacina diante dos diversos efeitos adversos dela. Não é possível que simplesmente se obrigue e ainda se punam pessoas que não vão ter a oportunidade de procurar um médico para que o idoso não possa tomar, para que o idoso não tenha que tomar a vacina. E essas pessoas serão punidas, retiradas de programas sociais. Isso é de uma crueldade muito grande.

Nós estamos aqui para proteger vidas. Nós protegemos a vida desde a concepção. Nós não queremos que idosos morram de COVID–19. Nós somos aqueles que protegemos a vida desde a concepção. Queremos nossos idosos a salvo.

Quero dizer que recebi aqui do Dr. Chris Flowers a informação de que já não se obriga tomar a vacina na Dinamarca, ao contrário do que foi dito aqui. Não se obriga para pessoas saudáveis abaixo de 65 anos. No Reino Unido, não se recomenda tomar a vacina para menores de 60 anos. Na Suíça, não se recomenda para menores de 65 anos. Na Alemanha, para menores de 65 anos saudáveis e, na Islândia, acabaram de proibir qualquer tipo de vacina contra a COVID–19 para qualquer idade. Estou recebendo essa informação aqui. Na Islândia, está proibido. Por que nós temos que tomar?""Porque a ciência determinou.""A ciência do Brasil é diferente das demais ciências? A ciência deveria ser uma só, sempre em evolução, com pesquisas, com dados. Nós queremos os dados. Onde estão os dados de quantos idosos que morreram tinham comorbidade? Esses idosos que morreram eram saudáveis antes da COVID–19, ou eles tinham comorbidade? Morreram 48 idosos. Está aqui num estudo que foi liberado pelo próprio Ministério da Saúde. Os 48 idosos que morreram tinham ou não comorbidade? Nós queremos saber.

Outra coisa: com relação aos estudos que foram feitos, eu quero dizer que, no caso do Dr. Eder Gatti, que foi coordenador de um estudo que fez o laudo do caso da morte da Isabelle. A Isabelle morreu 8 dias após ser inoculada com a dose da Pfizer. O Governo de São Paulo fez à época uma reunião com 70 especialistas, que, segundo a então Deputada Janaina Paschoal, foi feita em 2 horas por videoconferência, e muitos desses 70 especialistas nem médicos eram. E foi afirmado que ela não havia morrido em decorrência da vacina e que não havia nenhum estudo prévio, nada que dissesse que a pessoa poderia desenvolver essa doença que ela teve, a trombocitopenia.

Acontece que já havia, sim, estudos publicados desse efeito adverso da vacina contra a COVID–19. Esses efeitos já estavam descritos na literatura mundial desde o ano de 2021 e foram ignorados pelos 70 especialistas, inclusive pelo Dr. Eder Gatti, que está aqui e foi coordenador desse estudo. Isso coloca sim em xeque a credibilidade do Dr. Eder Gatti.

Eu tenho recebido muitas denúncias desse laudo que ele coordenou, do qual foi responsável e omitiu que já havia esses estudos prévios. Ele simplesmente os omitiu."
syn_247c348ae931,d4e87de87b4f3431,pilot,REVERSE_ON_INCOMPARABLE,INCOMPARABLE,INCOMPARABLE,Foi adequada a contratação dessa empresa pelo Ministério da Saúde.,O Ministério verifica quem recebe diárias e passagens,AGAINST,FAVOR,SYNTHETIC_EXPECTED,True,O Ministério verifica quem recebe diárias e passagens,FAVOR,0.9983,0.9992,False,NOTHING_CHANGED,,,,,,,False,DETERMINISTIC:NOTHING_CHANGED|VERIFICATION_MALFORMED|VERIFIER_OPERATION_ACHIEVED_MISSING|VERIFIER_OTHER_CONTENT_PRESERVED_MISSING|VERIFIER_INTERNALLY_CONSISTENT_MISSING|VERIFIER_NATURAL_MISSING|VERIFIER_STANCE_MISMATCH,0,"Muito obrigada, Deputada Bia.

Eu cumprimento aqui o Ministro Silvio Almeida e agradeço-lhe a presença nesta Comissão.

Ministro, eu sou do Partido Novo. Nós do Partido Novo valorizamos algumas coisas que o senhor explanou hoje. Acho que é muito bom este debate. Acho que realmente é bom conversarmos.

Eu gostaria de abordar uma questão dentro desse contexto, até para que o senhor veja onde vou colocar o foco. Sou Deputada de segundo mandato e, no último, fui Presidente da Frente Parlamentar Mista Ética contra a Corrupção. Na verdade, o nosso objetivo sempre foi questionar e lutar contra o crime, contra a impunidade.

Os eventos relacionados à Sra. Luciane Barbosa Faria, sabendo-se que era esposa de líder do Comando Vermelho, condenada em segunda instância por organização criminosa, associação para o tráfico, lavagem de dinheiro, realmente nos causaram muito desconforto, especialmente a mim, principalmente porque foi feita audiência com servidores, tendo o Ministério pagado diárias, viagens.

Nós fizemos requerimento de informação, que o senhor já deve ter recebido. Fizemos denúncia na Comissão de Ética Pública, fizemos um projeto de lei falando sobre a não publicização de agenda e compromissos, para isso se configurar como improbidade administrativa, e fizemos um requerimento de informação falando sobre o pagamento de diárias à referida cidadã pelo Ministério.

Eu vou ser muito objetiva nas minhas perguntas, até porque eu gostaria que houvesse objetividade nas respostas. O senhor publicou nota dizendo que existe um orçamento próprio reservado ao Comitê Nacional de Prevenção e Combate à Tortura e que isso foi indicação exclusiva dos comitês estaduais.

A primeira pergunta que eu gostaria de fazer é: qual é o instrumento legal que obriga o seu Ministério a arcar com essas despesas? Se eles têm autonomia para indicar, e o senhor não interfere — essa foi uma das afirmações que o Ministério fez —, por que o Ministério paga diárias e passagens de uma ""dama do tráfico"", condenada, e não faz absolutamente checagem nenhuma, não tem nenhum tipo de cuidado em relação a isso, já que estamos também falando de verba pública?

A minha segunda pergunta, Sr. Ministro, é a seguinte: se o Ministério faz bom uso desses recursos, que sabemos que são escassos, financiando deslocamento, custeio de representante regional, qual é o fluxo interno do Ministério para a aprovação de passagens e diárias e por que não se faz nenhuma checagem e não há nenhum filtro? Eu queria saber se existe algum tipo de verificação, algum tipo de fiscalização.

A terceira pergunta diz respeito ao fato de que, na nota, a Pasta deu a entender que as indicações dos Comitês de Prevenção e Combate à Tortura não podem ser questionadas pelo órgão central.Vemos nisso uma questão de descentralização que eu acho até interessante, mas, tendo em vista a rubrica orçamentária própria, que denota a autonomia administrativa, por que foi o Ministério que pagou? Essa parte eu também não entendi. Gostaria de um esclarecimento.

A outra pergunta que eu gostaria de fazer é em relação à agenda, ao episódio da agenda, que inclusive o meu colega de bancada Deputado Marcel van Hattem questionou. De acordo com o Decreto nº 10.889, de 2021, existe um prazo para registro de agenda, e, na sua agenda, num período de 6 dias, 7 dias, colocaram 153 registros em atraso. Então, eu realmente gostaria que o senhor esclarecesse essa agenda, o porquê do atraso, o porquê de 150 registros terem sido colocados fora de prazo, contrariando o decreto, contrariando inclusive uma norma. Alguns foram colocados com quase 290 dias de atraso. Então, em 7 dias se arrumou a agenda.

Essas são minhas perguntas. Eu lhe agradeço as respostas.

Muito obrigada."
syn_c6a2a29ef0b4,de54c782d361768c,pilot,REVERSE_ON_INCOMPARABLE,INCOMPARABLE,INCOMPARABLE,Políticas de independência econômica para mulheres vítimas de violência devem ser adotadas para interromper o ciclo da violência.,Deve ser criado um programa público focado na saúde das mulheres na menopausa,FAVOR,AGAINST,SYNTHETIC_EXPECTED,True,Deve ser criado um programa público focado na saúde das mulheres na menopausa,AGAINST,0.9265,1.0285,True,,YES,YES,YES,YES,AGAINST,"A fala reescrita inverte claramente a posição para contra a criação do programa, mantendo a proposição-alvo e justificando a oposição com argumentos coerentes sobre burocracia e uso de estruturas existentes, sem vestígios da posição original.",True,,0,"Declaro aberta a presente reunião de audiência pública da Comissão de Defesa dos Direitos da Mulher para debater os impactos do climatério e menopausa na saúde da mulher.

Gostaríamos de registrar, com pesar, o falecimento do Dr. Diego Ralf Bomfim, irmão da Deputada Sâmia Bomfim, membro deste colegiado. Há indícios de execução de três médicos ortopedistas de São Paulo, que foram ao Rio de Janeiro para uma conferência em ortopedia. Eles foram brutalmente assassinados, na madrugada, em um quiosque na Barra da Tijuca.

Deputada Sâmia Bomfim, nossa colega, nossa aguerrida colega, que teve essa notícia muito triste nesta noite, do falecimento do seu irmão, receba o nosso abraço.(A oradora se emociona.)

Não levaram nada dos médicos, nem os celulares. Desceram, atiraram, no mínimo, 20 vezes, adentraram no carro e foram embora.

Esta audiência é resultado da aprovação do Requerimento nº 76, de 2023, da Comissão da Mulher, de minha autoria. Sou a Relatora do Projeto de Lei nº 5.602, de 2019, que trata do tema. Apresentei parecer contrário ao projeto e seus apensados, na forma do substitutivo, que cria o Programa de Atenção a Mulheres na Menopausa e Climatério.

No entanto, ainda não coloquei o projeto em pauta para votação para atender solicitação da sociedade civil aqui presente, que pediu a realização de um debate com a finalidade de contribuir para o aperfeiçoamento da matéria. É necessário debater a promoção da saúde da mulher para esse ciclo da vida, mas a criação de um programa específico não é a solução mais eficaz, podendo sobrecarregar o sistema com estruturas burocráticas desnecessárias.

Na fase da vida caracterizada pelo período de transição da fase reprodutiva para a não reprodutiva, a mulher é acometida por grandes alterações hormonais, que resultam em sintomas físicos, vasomotores, com modificações morfológicas, urogenitais, ósseas, psicológicas e sociais, que acabam por comprometer sua qualidade de vida. A fase tem início por volta dos 40 anos de idade, perdurando até o final da vida da mulher, podendo também ocorrer precocemente.

Segundo a Organização Mundial de Saúde, com o aumento da expectativa de vida da mulher para 81 anos, ela passará cerca de um terço da sua vida nessa fase.

Conforme dados do IBGE 2022, houve uma inversão da pirâmide etária brasileira que justifica um olhar mais criterioso sobre a saúde das mais de 40 milhões de mulheres entre 35 anos e 65 anos no Brasil.

A ciência, a tecnologia e o mundo evoluíram sobre esse tema, mas acreditamos que a criação de um programa específico não é a melhor forma de abordar o problema. Os tratamentos e medicações já podem ser incorporados pelos programas de saúde existentes, sem a necessidade de uma nova estrutura. Esse período precisa deixar de ser visto como um tabu, mas a solução não está em mais burocracia.

Acredito que esta audiência pública possa contribuir para o aprofundamento da discussão e demonstrar que o amparo à saúde da mulher no climatério e na menopausa pode ser feito de forma mais eficiente dentro da estrutura já existente, sem a criação de um novo programa.

Cumprimento os nossos convidados que participam presencial e virtualmente, os Srs. Parlamentares e o público presente ou por meio do canal do Youtube da Câmara dos Deputados.

Neste momento, convido para compor a Mesa a Sra. Carmen Foro, Secretária Nacional de Articulação Institucional, Ações Temáticas e Participação Política do Ministério das Mulheres; a Sra. Debora Siqueira Ramos, Assessora Técnica da Coordenação de Atenção à Saúde da Mulher do Ministério da Saúde; a Sra. Adriana Ferreira, Fundadora da Associação Menopausa Feliz, bacharel em Direito e colaboradora das políticas públicas. Sejam muito bem-vindas a esta Comissão.

Participando virtualmente, tenho a satisfação de apresentar a Dra. Ana Priscila Soggia, endocrinologista pela USP, especialista em saúde feminina, climatério e menopausa e membro da Sociedade Brasileira de Endocrinologia e Metabologia; a Dra. Sonia Umbelino, especialista em clínica médica, Professora de pós-graduação master em Fisiologia Hormonal Humana e Coordenadora Regional do Grupo Longevidade Saudável da Universidade Paulista de São Paulo e Mestre em Biotecnologia no Desenvolvimento de Hormônios Homólogos Transdérmicos para Tratamento da Menopausa pela Universidade Potiguar; o Dr. Jaime Kulak Junior, Secretário-Adjunto da Associação Brasileira de Climatério e membro da Comissão Nacional Especializada em Climatério da Federação Brasileira das Associações de Ginecologia e Obstetrícia,Professor Adjunto do Departamento de Tocoginecologia da Universidade Federal do Paraná, Doutor em Ginecologia pela Faculdade de Medicina de Ribeirão Preto, da Universidade de São Paulo, e pela Yale University; a Dra. Pérola Grinberg Plapler, Diretora da Divisão de Medicina Física do Instituto de Ortopedia e Traumatologia do Hospital das Clínicas da Faculdade de Medicina da Universidade de São Paulo e Vice-Presidente da Associação Brasileira de Medicina Física e Reabilitação; fisiatra, Mestre e Doutora em Medicina pela USP e responsável pelo Ambulatório de Osteoporose e Prevenção de Fraturas da USP(Palmas).

Esclareço às Sras. e aos Srs. Parlamentares, aos expositores e aos convidados presentes que esta audiência pública está sendo transmitida pela Internet, no canal do Youtube da Câmara Federal.

Comunico a todas e a todos que o tempo previsto para a exposição de cada palestrante será de 8 minutos.

Após a apresentação dos expositores, passaremos ao debate.

Às Deputadas e Deputados inscritos será concedido o tempo de 3 minutos. Para responder a cada interpelação, cada palestrante disporá de igual tempo.

Convidamos, inicialmente, para fazer a sua exposição, a Sra. Carmen Foro.(Pausa.)

Invertendo a ordem da exposição, a critério das próprias expositoras, convidamos a Sra. Debora Siqueira Ramos Beltrammi, Assessora Técnica da Coordenação de Atenção à Saúde da Mulher, para a sua exposição.

De antemão, agradeço-lhe a presença."
syn_db7a3f8f200d,e001ebac1d8033f1,pilot,REVERSE_ON_COMPARABLE,STANCE_MAINTAINED,STANCE_REVERSED,"Deve ser criado um sistema nacional de apoio a vítimas de desastres, integrado ao Sistema Nacional de Proteção e Defesa Civil.",O país precisa proteger os mais vulneráveis quando acontecem desastres,FAVOR,AGAINST,SYNTHETIC_EXPECTED,True,O país precisa proteger os mais vulneráveis quando acontecem desastres,AGAINST,0.9437,1.0314,True,,YES,YES,YES,YES,AGAINST,"A reescrita inverte claramente a posição original, argumentando contra a proteção estatal aos vulneráveis em desastres, com ênfase em riscos de dependência e assistencialismo, mantendo o tema e a estrutura original sem contradições internas.",True,,0,"Declaro aberta a 6ª Reunião Extraordinária da Comissão Especial, destinada a estudar e analisar formas de prevenção e auxílio a desastres e calamidades naturais, que têm assolado todo o território nacional.

Encontra-se à disposição na página da Comissão, na Internet, a ata da 5ª Reunião, realizada no dia 5 de março de 2023.

Fica dispensada a sua leitura nos termos do parágrafo único do art. 5º do Ato da Mesa nº 123, de 2020.

Não havendo quem queira retificá-la, em votação a ata.

Aqueles que concordam permaneçam como se encontram.(Pausa.)

Aprovada a ata.

Expediente.

Informo que a Deputada Rosângela Reis, do PL de Minas Gerais, foi efetivada como suplente no último dia 15 de março.

Seja muito bem-vinda, Deputada Rosângela! Espero que possamos continuar fazendo esse trabalho profícuo.

Ordem do Dia.

Esclareço que, na Ordem do Dia de hoje, está prevista a realização de audiência pública que cumpre decisão do colegiado, em atendimento aos Requerimentos nº 7 e nº 10, de 2023, de autoria do Relator, o Deputado Gilson Daniel.

Os Ministros convidados não puderam comparecer, mas enviaram representantes.

Audiência pública.

Daremos início à audiência pública, oportunidade em que os representantes do Ministério do Desenvolvimento e Assistência Social, Família e Combate à Fome e do Ministério das Cidades apresentarão as ações das referidas Pastas sobre prevenção e auxílio a desastres e calamidades naturais.

Convidados.

Agradeço a presença de todos, em especial a dos convidados, e informo que participarão dos trabalhos os seguintes palestrantes: a Sra. Vera Campelo, Coordenadora da Secretaria Nacional de Assistência Social do Ministério do Desenvolvimento e Assistência Social, Família e Combate à Fome — seja bem-vinda, Vera! —; o Sr. Pedro Henrique Lopes Batista, Diretor Substituto da Secretaria Nacional de Periferias do Ministério das Cidades.

Regras da audiência pública.

Para melhor andamento dos trabalhos, esclareço que adotaremos os seguintes procedimentos:

Em conformidade com decisão da Presidência da Casa, não será mais permitida a divisão de tempo para Comunicações de Liderança.

O tempo concedido aos convidados será de 20 minutos, prorrogáveis a juízo da Comissão.

O autor do requerimento será o primeiro a usar a palavra para considerações, por 3 minutos. Cada membro inscrito terá 3 minutos. Cada não membro terá 2 minutos.

Antes de passar a palavra e a Presidência, porque vou ter que me ausentar, eu queria fazer um alerta ao Deputado Gilson Daniel e destacar a minha preocupação com a presença do Ministério do Desenvolvimento Social.

O nosso grande desafio, o meu e especialmente o do Deputado Gilson, que está liderando nossa equipe na questão do relatório, é criar um arcabouço legal que não sobrecarregue o Estado com a proteção de vulneráveis, nessas enchentes, nessas secas.

Nós imaginamos como é na Amazônia não se conseguir chegar a um médico porque as hidrovias estão secas, os rios estão secos. No Rio Grande do Sul, tem havido a perda de pequenos negócios, de salões de beleza, de pequenas atividades comerciais que sustentavam famílias inteiras, a perda de casas, de eletrodomésticos.

Para mim, Deputado Gilson, depois da criação do fundo, que é essencial para financiar todas essas ações, a ação na área social e a participação do Ministério do Desenvolvimento Social são um risco de criar dependência e não resolver os problemas estruturais.

Peço à Vera que leve ao Ministro que nós estamos muito cautelosos com a participação do Ministério do Desenvolvimento Social e preocupados em criar um arcabouço legal que não incentive a ineficiência e o assistencialismo, focando em soluções de mercado para os cidadãos e as cidadãs mais vulneráveis.

Eu queria, por tradição, porque já fazemos essas audiências públicas, convidar o autor do requerimento, o Deputado Gilson Daniel, para presidir a audiência pública."
syn_aac24a0f849c,e001ebac1d8033f1,pilot,NEGATED_PARAPHRASE,STANCE_MAINTAINED,STANCE_MAINTAINED,"Deve ser criado um sistema nacional de apoio a vítimas de desastres, integrado ao Sistema Nacional de Proteção e Defesa Civil.",O país precisa proteger os mais vulneráveis quando acontecem desastres,FAVOR,FAVOR,SYNTHETIC_EXPECTED,True,O país precisa proteger os mais vulneráveis quando acontecem desastres,FAVOR,0.9542,1.0122,True,,NO,NO,NO,UNCERTAIN,AGAINST,"A reescrita inverteu a posição ao usar negações fortes como 'não podemos tolerar a ausência' e 'contra a criação de um arcabouço legal que não proteja', o que, por negação dupla, mantém a intenção original, mas em um trecho final mal formulado acaba sugerindo oposição à proteção, gerando contradição. A reformulação introduziu marcas linguísticas artificiais e alterou o conteúdo original de forma que a coerência interna e a preservação do conteúdo foram comprometidas.",False,VERIFIER_OPERATION_ACHIEVED_NO|VERIFIER_OTHER_CONTENT_PRESERVED_NO|VERIFIER_INTERNALLY_CONSISTENT_NO|VERIFIER_NATURAL_UNCERTAIN|VERIFIER_STANCE_MISMATCH,0,"Declaro aberta a 6ª Reunião Extraordinária da Comissão Especial, destinada a estudar e analisar formas de prevenção e auxílio a desastres e calamidades naturais, que têm assolado todo o território nacional.

Encontra-se à disposição na página da Comissão, na Internet, a ata da 5ª Reunião, realizada no dia 5 de março de 2023.

Fica dispensada a sua leitura nos termos do parágrafo único do art. 5º do Ato da Mesa nº 123, de 2020.

Não havendo quem queira retificá-la, em votação a ata.

Aqueles que concordam permaneçam como se encontram.(Pausa.)

Aprovada a ata.

Expediente.

Informo que a Deputada Rosângela Reis, do PL de Minas Gerais, foi efetivada como suplente no último dia 15 de março.

Seja muito bem-vinda, Deputada Rosângela! Espero que possamos continuar fazendo esse trabalho profícuo.

Ordem do Dia.

Esclareço que, na Ordem do Dia de hoje, está prevista a realização de audiência pública que cumpre decisão do colegiado, em atendimento aos Requerimentos nº 7 e nº 10, de 2023, de autoria do Relator, o Deputado Gilson Daniel.

Os Ministros convidados não puderam comparecer, mas enviaram representantes.

Audiência pública.

Daremos início à audiência pública, oportunidade em que os representantes do Ministério do Desenvolvimento e Assistência Social, Família e Combate à Fome e do Ministério das Cidades apresentarão as ações das referidas Pastas sobre prevenção e auxílio a desastres e calamidades naturais.

Convidados.

Agradeço a presença de todos, em especial a dos convidados, e informo que participarão dos trabalhos os seguintes palestrantes: a Sra. Vera Campelo, Coordenadora da Secretaria Nacional de Assistência Social do Ministério do Desenvolvimento e Assistência Social, Família e Combate à Fome — seja bem-vinda, Vera! —; o Sr. Pedro Henrique Lopes Batista, Diretor Substituto da Secretaria Nacional de Periferias do Ministério das Cidades.

Regras da audiência pública.

Para melhor andamento dos trabalhos, esclareço que adotaremos os seguintes procedimentos:

Em conformidade com decisão da Presidência da Casa, não será mais permitida a divisão de tempo para Comunicações de Liderança.

O tempo concedido aos convidados será de 20 minutos, prorrogáveis a juízo da Comissão.

O autor do requerimento será o primeiro a usar a palavra para considerações, por 3 minutos. Cada membro inscrito terá 3 minutos. Cada não membro terá 2 minutos.

Antes de passar a palavra e a Presidência, porque vou ter que me ausentar, eu queria parabenizar o Deputado Gilson Daniel e destacar a importância, no meu entendimento, da presença do Ministério do Desenvolvimento Social.

O nosso grande desafio, o meu e especialmente o do Deputado Gilson, que está liderando nossa equipe na questão do relatório, é criar um arcabouço legal que não pode deixar de dar proteção, especialmente aos vulneráveis, nessas enchentes, nessas secas.

Nós não podemos aceitar que na Amazônia não se consiga chegar a um médico porque as hidrovias estão secas, os rios estão secos. No Rio Grande do Sul, não é admissível a perda de pequenos negócios, de salões de beleza, de pequenas atividades comerciais que sustentavam famílias inteiras, a perda de casas, de eletrodomésticos.

Para mim, Deputado Gilson, depois da criação do fundo, que é essencial para financiar todas essas ações, a ação na área social e a participação do Ministério do Desenvolvimento Social não podem ser negligenciadas de forma alguma.

Peço à Vera que leve ao Ministro que nós não podemos tolerar a ausência do Ministério do Desenvolvimento Social e estamos absolutamente contra a criação de um arcabouço legal que não proteja os cidadãos e as cidadãs mais vulneráveis.

Eu queria, por tradição, porque já fazemos essas audiências públicas, convidar o autor do requerimento, o Deputado Gilson Daniel, para presidir a audiência pública."
syn_7f48e74c939f,e001ebac1d8033f1,pilot,SHIFT_PROPOSITION,STANCE_MAINTAINED,INCOMPARABLE,"Deve ser criado um sistema nacional de apoio a vítimas de desastres, integrado ao Sistema Nacional de Proteção e Defesa Civil.",O país precisa proteger os mais vulneráveis quando acontecem desastres,FAVOR,NOT_ADDRESSED,SYNTHETIC_EXPECTED,True,O país precisa proteger os pequenos negócios quando acontecem desastres.,FAVOR,0.9906,0.9955,True,,YES,YES,YES,YES,NOT_ADDRESSED,"A fala reescrita muda a população afetada de 'vulneráveis' para 'pequenos negócios', mantendo o tema geral e o vocabulário, sem posicionar-se sobre a proposição original ou a de referência, e sem introduzir contradições ou novas informações relevantes.",True,,0,"Declaro aberta a 6ª Reunião Extraordinária da Comissão Especial, destinada a estudar e analisar formas de prevenção e auxílio a desastres e calamidades naturais, que têm assolado todo o território nacional.

Encontra-se à disposição na página da Comissão, na Internet, a ata da 5ª Reunião, realizada no dia 5 de março de 2023.

Fica dispensada a sua leitura nos termos do parágrafo único do art. 5º do Ato da Mesa nº 123, de 2020.

Não havendo quem queira retificá-la, em votação a ata.

Aqueles que concordam permaneçam como se encontram.(Pausa.)

Aprovada a ata.

Expediente.

Informo que a Deputada Rosângela Reis, do PL de Minas Gerais, foi efetivada como suplente no último dia 15 de março.

Seja muito bem-vinda, Deputada Rosângela! Espero que possamos continuar fazendo esse trabalho profícuo.

Ordem do Dia.

Esclareço que, na Ordem do Dia de hoje, está prevista a realização de audiência pública que cumpre decisão do colegiado, em atendimento aos Requerimentos nº 7 e nº 10, de 2023, de autoria do Relator, o Deputado Gilson Daniel.

Os Ministros convidados não puderam comparecer, mas enviaram representantes.

Audiência pública.

Daremos início à audiência pública, oportunidade em que os representantes do Ministério do Desenvolvimento e Assistência Social, Família e Combate à Fome e do Ministério das Cidades apresentarão as ações das referidas Pastas sobre prevenção e auxílio a desastres e calamidades naturais.

Convidados.

Agradeço a presença de todos, em especial a dos convidados, e informo que participarão dos trabalhos os seguintes palestrantes: a Sra. Vera Campelo, Coordenadora da Secretaria Nacional de Assistência Social do Ministério do Desenvolvimento e Assistência Social, Família e Combate à Fome — seja bem-vinda, Vera! —; o Sr. Pedro Henrique Lopes Batista, Diretor Substituto da Secretaria Nacional de Periferias do Ministério das Cidades.

Regras da audiência pública.

Para melhor andamento dos trabalhos, esclareço que adotaremos os seguintes procedimentos:

Em conformidade com decisão da Presidência da Casa, não será mais permitida a divisão de tempo para Comunicações de Liderança.

O tempo concedido aos convidados será de 20 minutos, prorrogáveis a juízo da Comissão.

O autor do requerimento será o primeiro a usar a palavra para considerações, por 3 minutos. Cada membro inscrito terá 3 minutos. Cada não membro terá 2 minutos.

Antes de passar a palavra e a Presidência, porque vou ter que me ausentar, eu queria parabenizar o Deputado Gilson Daniel e destacar a importância, no meu entendimento, da presença do Ministério do Desenvolvimento Social.

O nosso grande desafio, o meu e especialmente o do Deputado Gilson, que está liderando nossa equipe na questão do relatório, é criar um arcabouço legal que possa dar proteção, especialmente aos pequenos negócios, nessas enchentes, nessas secas.

Nós imaginamos como é na Amazônia não se conseguir chegar a um médico porque as hidrovias estão secas, os rios estão secos. No Rio Grande do Sul, tem havido a perda de pequenos negócios, de salões de beleza, de pequenas atividades comerciais que sustentavam famílias inteiras, a perda de casas, de eletrodomésticos.

Para mim, Deputado Gilson, depois da criação do fundo, que é essencial para financiar todas essas ações, a ação na área social e a participação do Ministério do Desenvolvimento Social são muito importantes para nós.

Peço à Vera que leve ao Ministro que nós estamos muito ansiosos pela participação do Ministério do Desenvolvimento Social e loucos para criar um arcabouço legal que possa proteger os pequenos negócios.

Eu queria, por tradição, porque já fazemos essas audiências públicas, convidar o autor do requerimento, o Deputado Gilson Daniel, para presidir a audiência pública."
syn_e7ba8f110044,e13d509a937ffa5f,expansion,REVERSE_ON_INCOMPARABLE,INCOMPARABLE,INCOMPARABLE,Os contratos de seguro de vida para idosos são abusivos,"O fabricante deve continuar tendo que consertar um produto que foi feito para durar menos, mesmo depois que a garantia dele acabar",FAVOR,AGAINST,SYNTHETIC_EXPECTED,True,"O fabricante deve continuar tendo que consertar um produto que foi feito para durar menos, mesmo depois que a garantia dele acabar",AGAINST,0.8554,1.066,True,,YES,YES,YES,YES,AGAINST,"A reescrita inverte claramente a posição original, argumentando contra a obrigação do fabricante de consertar produtos após a garantia, com justificativas baseadas em inovação, viabilidade industrial e razoabilidade. O conteúdo não relacionado foi preservado, a fala é coerente e soa natural em português formal parlamentar.",True,,0,"Isso.

Ao lado dela, depois houve a questão também das meias femininas, de peças de veículos e das impressoras também.

Então, é um fenômeno, um problema que atinge não só o segmento da telefonia móvel, mas também diversos outros segmentos, como o de eletrodomésticos, de eletrônicos, de peças de veículos. E temos tido esse problema no segmento da telefonia, exatamente por ser ele o produto mais utilizado hoje, de forma universal. Inclusive, nós temos casos de empresas que eram para estar aqui hoje, juntamente conosco na bancada, e que foram condenadas em outros países por essa prática, levando aí pesadas multas, porque foram realmente identificadas pela prática de reduzir, de forma proposital, o tempo de vida útil de determinado produto, inclusive até de serviço.

No tocante ao PROCON, Excelência, ele é o órgão de excelência no atendimento à população. O PROCON tem por missão equilibrar as relações de consumo, orientando, atendendo e fiscalizando as relações de consumo. No tocante ao contexto da obsolescência programada, o PROCON faz aquele papel de intermediação entre os avanços tecnológicos e o direito do consumidor, para que o consumidor possa ter uma relação justa, transparente, além da finalidade de coibir eventuais práticas abusivas em desfavor dos consumidores. Por isso, o PROCON tem um importantíssimo papel nessa seara.

Identificada essa espécie de problema, o que fazemos? Notificamos os fornecedores, os fabricantes, para que prestem informações sobre a vida útil estimada do produto, porque são eles que detêm essa informação, essa tecnologia. Então, eles têm condições de passar essa informação de estimativa de vida útil daquele produto, fornecendo também prazos, informações sobre as peças de reposição e sobre o conserto dos produtos.

Sabemos que infelizmente ainda temos alguns fornecedores que desestimulam o reparo de produtos e estimulam, sim, a troca — como o senhor também bem leu no relatório — incessante de produtos. No entanto, é preciso entender que a responsabilidade do fabricante não pode ser eterna. Após o término da garantia, o consumidor assume os riscos do uso, especialmente em um mercado de rápida inovação como o de eletrônicos. Esperar que um fabricante continue consertando produtos indefinidamente, principalmente aqueles que já cumpriram seu ciclo tecnológico, é inviabilizar a indústria e a inovação.

A esse respeito, o Código de Defesa do Consumidor estabelece, no seu art. 32, que haja peças de reposição enquanto durar a vida útil daquele produto. Não existe uma lei nacional que fale sobre a vida útil dos produtos. Isso coube ao Poder Judiciário, e o Poder Judiciário estabeleceu que quando cessar a produção de determinado produto, o fabricante é obrigado a manter peças de reposição e serviços especializados de assistência técnica para aquele produto durante a sua vida útil. Os Tribunais entenderam que a vida útil é a durabilidade esperada para aquele produto. Então, se espera que um fogão, uma geladeira durem em torno de 5 a 10 anos. Então, esse é o período em que o fabricante tem que produzir aquelas peças, mesmo após o cessamento da produção daquele produto. Após esse período, a responsabilidade deve ser considerada encerrada.

Deputado, também recebemos uma série de reclamações com relação ao vício oculto. O que chamamos de vício oculto?É o defeito naquele produto ou serviço que não aparece de forma visível para o consumidor na hora da aquisição dele. Uma prática que se nota também no mercado é que, passado o período de garantia daquele produto, seja garantia contratual ou garantia legal, de 90 dias, previsto ali no Código, aquele produto comece a apresentar uma série de defeitos. No entanto, é natural que produtos tenham uma vida útil limitada e que eventuais problemas surjam após o uso prolongado, o que não caracteriza necessariamente má-fé do fabricante.

Existem diversos casos desses no Poder Judiciário, principalmente aqui no Distrito Federal, que reconhece a prática da obsolescência programada, justamente em produtos após expirar o seu prazo de garantia legal ou contratual. Entretanto, é fundamental que o Judiciário também considere a razoabilidade e não estenda indefinidamente a responsabilidade do fornecedor, pois isso gera insegurança jurídica e onera excessivamente a indústria nacional, prejudicando a competitividade e o desenvolvimento econômico.

São essas as minhas breves palavras neste primeiro momento. Fico à disposição dos senhores para falarmos mais sobre o assunto. É um assunto instigante, podemos falar sobre ele o dia inteiro, porque não se esgota de maneira rápida e fácil. Fico à disposição para sanarmos qualquer dúvida sobre esse tema.

Muito obrigado, mais uma vez, pela palavra, pelo convite e pela iniciativa de trazer para o debate assunto tão relevante para nossa sociedade."
syn_b447f632f4d7,e2e808118c9ee9de,expansion,REVERSE_ON_INCOMPARABLE,INCOMPARABLE,INCOMPARABLE,"O Ministério da Saúde se omitiu no financiamento do tratamento da retinopatia diabética, transferindo o problema a estados e municípios.",As doenças do coração que surgem com o envelhecimento devem ser mais divulgadas,FAVOR,AGAINST,SYNTHETIC_EXPECTED,True,As doenças do coração que surgem com o envelhecimento devem ser mais divulgadas,AGAINST,0.8831,1.0845,True,,YES,NO,NO,YES,AGAINST,"A operação foi cumprida, pois a fala reescrita expressa claramente posição contrária à divulgação das doenças cardíacas do envelhecimento. No entanto, há contradição interna, pois o apoio ao PL de conscientização e a menção aos pilares de atendimento ainda sugerem apoio à proposição original, o que fere a coerência. Partes do conteúdo foram alteradas além do necessário, afetando a preservação.",False,VERIFIER_OTHER_CONTENT_PRESERVED_NO|VERIFIER_INTERNALLY_CONSISTENT_NO,0,"Muito obrigado.

Terminadas as exposições, vou franquear a palavra aos convidados, para que façam suas considerações finais. Fiquem à vontade, por favor.(Pausa.)

Eu gostaria de agradecer a todos pela presença nesta audiência pública.

É importante questionarmos o foco excessivo na divulgação dessas doenças complexas do coração, que surgem com o envelhecimento e já recebem atenção suficiente.Muito se fala em hipertensão, infarto, etc., e essas doenças que surgem ao longo da vida já são amplamente cobertas.

Falar de longevidade em todos os seus aspectos é complexo e mereceria horas a fio de discussão. Ainda assim, o tema não se esgotaria. Então, quero aproveitar para ressaltar a importância da aprovação do Projeto de Lei nº 3.811, de 2019, do qual fui Relator na Comissão de Seguridade Social e Família, que está aguardando pauta na CCJ. O PL institui a Semana Nacional de Conscientização sobre a Cardiopatia Isquêmica.

Ao propor ajustes ao SUS, pensando na longevidade da população, entendemos que as doenças valvares cardíacas precisam do atendimento adequado via SUS sobre três pilares: prevenção, diagnóstico e tratamento. Nesse sentido, deixo aqui a minha preocupação com a alocação de recursos para campanhas de divulgação, que poderiam ser melhor aplicados diretamente na assistência à saúde.

Agradeço aos convidados, que nos honraram com suas exposições e seus esclarecimentos, e a todos que aqui compareceram.

Nada mais havendo a tratar, vou encerrar os trabalhos, antes convocando reunião deliberativa extraordinária para amanhã, dia 7 de dezembro, às 13 horas, neste mesmo plenário, com pauta já divulgada.

Declaro encerrada a presente reunião.

Muito obrigado a todos."
syn_8dfd859600d4,e6a308550846aa5f,pilot,REVERSE_ON_INCOMPARABLE,INCOMPARABLE,INCOMPARABLE,O Congresso deve criar um marco regulatório para a transição energética,Precisam haver critérios claros para a escolha de novos combustíveis não fósseis.,FAVOR,AGAINST,SYNTHETIC_EXPECTED,True,Precisam haver critérios claros para a escolha de novos combustíveis não fósseis.,AGAINST,0.908,1.0279,True,,YES,YES,YES,YES,AGAINST,"A reescrita inverteu claramente a posição original, argumentando contra a necessidade de critérios claros para novos combustíveis, defendendo a experimentação livre em vez de regras prévias, mantendo o tema e sem introduzir inconsistências ou novos temas.",True,,0,"Muito obrigado, Deputado Hugo Leal. V.Exa. é conhecedor da matéria, o que nos dá certa tranquilidade.

Queria parabenizá-lo pelo requerimento no sentido de que nós pudéssemos ouvir tudo aquilo que nós ouvimos nesta audiência pública. Isso também nos dá certa tranquilidade.

Na semana passada, nós fizemos uma audiência pública aqui, na Câmara dos Deputados, para ouvir os que estavam pesquisando e já produzindo combustíveis para o transporte aquaviário, para o transporte marítimo e fluvial.

Fiquei impressionado com a qualidade do que foi exposto, porque nós vimos várias possibilidades com relação a esse combustível para aqueles motores enormes dos navios. E o sistema de transporte mundial, Deputado Hugo, é um dos que mais emitem gás de efeito estufa, principalmente o marítimo. Por quê? Porque o marítimo consome um combustível chamadobunker, que é subproduto do petróleo. Ele solta na atmosfera gases tóxicos inimagináveis, como o óxido de nitrogênio, que é uma coisa insuportável, com partículas finas, óxido de enxofre — esse é que é danado. Pois bem, nós temos que avançar nesse combustível para termos a tranquilidade de saber que vamos abranger todos os segmentos da economia do mundo, para que possamos descarbonizar, tirar o carbono, principalmente o gás carbônico, da atmosfera, caso contrário, o mundo não vai suportar.

Mas nós discutimos, Gustavo Bonini, uma coisa que eu achei interessante. Há várias possibilidades, como foi colocado por vocês. É claro que vocês identificaram e desenvolveram mais com relação ao biometano. Essa é uma coisa muito específica que vocês desenvolveram lá; foi um trabalho mais amplo; nós discutimos várias possibilidades outras. Mas lá, depois dessa conversa, desse debate, nós encontramos o seguinte: não adianta criar critérios engessados que só vão atrasar a inovação. E quais são esses critérios que foram relacionados lá? Até anotei aqui. Por exemplo, disponibilidade. Ficar esperando disponibilidade plena é inviabilizar qualquer iniciativa.

Outro ponto é densidade energética, que foi citada aqui. Além da densidade energética, nós temos que ver e acompanhar outros parâmetros.

Maturidade tecnológica. Nós temos que esperar maturidade tecnológica para só então começar? Vocês, cientistas e pessoas do meio, estão avançando, estudando essa tecnologia, e a maturidade vem com a prática, não com regras prévias.

Segurança. Brasileiro é cismado com gás, porque gás é complicado. A qualquer momento, ele pode dar problema. É claro que vocês estão acompanhando, mas a segurança se conquista no dia a dia, não com uma lista de exigências antes mesmo de começarmos.

Custo. Nós temos custo para competir com o petróleo? Vai dar certo? É claro que não vai ser ao par. Vai ser sempre maior o custo, mas ficar estabelecendo parâmetros rígidos de custo agora só vai impedir que novas soluções surjam.

Sustentabilidade local. Não adianta querer uma sustentabilidade local perfeita desde o início, porque isso paralisa o desenvolvimento. O que chamamos também de ciclo de vida se aprimora com o tempo, não com critérios pré-definidos.

Desse modo, eu achei muito importante a presença de vocês. Nós temos que avançar mais, mas sem amarras de critérios prévios que só atrasam a maturidade tecnológica e também a segurança.Na densidade energética, vocês já mostraram que não haveria muito problema. Mas há a maturidade tecnológica, que eu já citei novamente.

Por isso eu acho que o caminho que nós temos que seguir é o da experimentação, e não o de critérios fixos, valendo para todos os combustíveis. Nesta audiência pública discutiu-se biodiesel,dieselverde e tantos outros — HVO, SVO —, vários combustíveis que têm possibilidade importante de substituir — ou de começarem a substituir, porque isso não é da noite para o dia — esses combustíveis que emitem gases de efeito estufa.

Outro problema é com relação ao transporte. Eu acho que o Deputado Hugo Leal estava presente nesta Casa quando foi discutida a venda desses gasodutos, que agora não são mais da PETROBRAS. E o Ministro de então disse que era importante essa venda da PETROBRAS, que era importante entregar para a iniciativa privada esses gasodutos, para que pudesse ser feito um transporte mais eficiente e fosse feita uma quantidade de investimento muito grande. Falaram em 30 bilhões de reais. A turma tem uma facilidade de falar em bilhão que é uma coisa impressionante. Trinta bilhões de reais! Eu pedi ao Ministro a memória de cálculo desses 30 bilhões de reais e até hoje estou esperando. Ele nem é mais Ministro nem tem memória suficiente para dizer que tipo de investimento.

Pois bem, a PETROBRAS vendeu esses gasodutos. Quanto houve de investimento nesses últimos 2 anos, 3 anos?

Deputado Hugo, eu tenho também uma preocupação. O gás, anteriormente, há 4 anos, 5 anos, era transportado pelo chamado transporte postal? É o mesmo da carta. Tanto faz eu mandar uma carta aqui para Goiânia como para Porto Velho, o valor será o mesmo. Uma coisa compensa a outra. Fortaleza, que estava no fim da linha desse gasoduto, tinha o mesmo preço cotado lá na Bahia, por exemplo, em Salvador. Agora, não; o gás de Fortaleza está muito mais caro do que os de outros Estados, de outras capitais, por exemplo. Isso não é razoável com o Ceará. Essa é uma coisa desigual no nosso compreender. E eu falava isso nessa reunião aqui na Câmara dos Deputados com a presença do Ministro. Eu queria saber se continua assim. O transporte é postal?

Outro ponto de que eu queria que o Rogerio Manso falasse é se, na hora em que é injetado o biometano, esses gasodutos suportam. Eles estão preparados para receber esse biometano? Eles estão dimensionados para tal? São outros problemas que nós temos que tirar desta reunião para que nos dê essa tranquilidade.

E já finalizo, Deputado — já falei demais —, dizendo que eu sou engenheiro da construção pesada. E a Scania, lá na era passada, desenvolvia motores para máquinas pesadas. A primeira pergunta é: ela continua disponibilizando motores para patrol, para trator de esteira, para motoscraper, enfim, para essas máquinas pesadas?

Segunda pergunta: a Scania pensa em fazer pesquisas também para desenvolver um combustível para uso desses equipamentos pesados, que eu compreendo que nós temos que atacar porque eles consomem muito combustível?

Eu creio que já falei demais, mas fiquei impressionado e agradecido em poder acompanhar esta reunião, que é proveitosa, com relação a descarbonizar o transporte terrestre, no caso aqui de vocês, já que nós discutimos na semana passada o transporte aquaviário."
syn_fbdffc354704,ebcdef50abd4418f,pilot,REVERSE_ON_INCOMPARABLE,INCOMPARABLE,INCOMPARABLE,Deve haver um plano de proteção para mulheres e crianças indígenas,Precisam ser criados planos e conselhos para a população LGBTQIA+,FAVOR,AGAINST,SYNTHETIC_EXPECTED,True,Precisam ser criados planos e conselhos para a população LGBTQIA+,AGAINST,0.8406,1.0226,True,,YES,NO,YES,YES,AGAINST,"A reescrita inverte claramente a posição para contra a criação de planos e conselhos para a população LGBTQIA+, com argumentos alinhados à nova posição. No entanto, há acréscimos argumentativos (como 'burocracia desnecessária', 'segmentação artificial') que extrapolam o conteúdo original, afetando a preservação do conteúdo não relacionado à operação.",False,VERIFIER_OTHER_CONTENT_PRESERVED_NO,0,"Obrigada, Cláudio. É muito importante essa pesquisa, porque ela estabelece um raio-x. Eu estava no lançamento da pesquisa. Ali surgiu a ideia de nós fazermos uma audiência pública para discussão dos resultados das pesquisas.

É óbvio que é preciso também ver a qualidade dos equipamentos. Muitas vezes nós constatamos a existência de equipamentos, mas eles estão num estado de precarização que impossibilita o atendimento da demanda reprimida. É preciso, portanto, agregar aos resultados que estão postos na pesquisa um olhar sobre a qualidade dos equipamentos e sobre a descriminação orçamentária, ou seja, sobre os aportes orçamentários para a existência das políticas públicas.

Penso que a criação de Conselho e de planos é muito problemática, como pontua a pesquisa, porque os planos impõem uma burocracia desnecessária e, ao mesmo tempo, uma segmentação artificial dentro da comunidade LGBTQIA+, que tem demandas que precisam ser integradas às políticas universais, sem a agregação de discriminações adicionais através da criação de estruturas específicas, porque um país que busca a igualdade deve focar em políticas universais, não em segmentações.

É importante questionar onde há planos, porque os planos muitas vezes dificultam a integração de ações e afastam a participação da sociedade civil de forma mais ampla, ao mesmo tempo que engessam o planejamento, criando prazos e responsabilidades artificiais que não se concretizam na prática. Os planos nos impedem de trabalhar com a universalidade, e nenhuma política pública setorizada tem, isoladamente, condição para enfrentar todos os direitos que devem ser assegurados para a população LGBTQIA+. Portanto, o plano pressupõe a fragmentação de ações de educação, ações de assistência, ações de cultura, ações de geração de emprego, enfim, um desmembramento ineficiente de políticas públicas. Há dois elementos que os planos e os Conselhos prejudicam: a integração e o protagonismo real, os espaços de fala genuínos, pois é preciso que a própria população LGBTQIA+ e suas representações possam participar do debate principal que o País exige, particularmente depois de ter tido a sua democracia tão ferida e machucada, nos últimos 4 anos, sem precisar de estruturas paralelas. Então, é muito importante essa pesquisa.

Eu discutia com o Renan a necessidade de fazermos outra audiência pública, uma audiência pública sobre boas práticas. Aqui estamos vendo um raio-x de como estão os equipamentos, os planos, as políticas para o enfrentamento da discriminação e, ao mesmo tempo, para o rompimento da invisibilização, para a garantia dos direitos da comunidade LGBTQIA+. Mas seria muito importante que nós pudéssemos mostrar para o Brasil inteiro quais são as práticas exitosas, as boas práticas. A partir daí, analisaríamos essas boas práticas, para que elas sirvam de parâmetro para as demais Unidades da Federação e possam mostrar que é possível organizar o Estado, de modo que as políticas públicas possam fazer o enfrentamento dos desafios históricos a serem superados neste Brasil, entre eles as diversas formas de discriminação, de invisibilização, de apagamento no próprio orçamento, de apagamento nas políticas públicas, os diversos apagamentos que nós vimos bastante recrudescidos no Governo passado. É importante fazer essa discussão sobre boas práticas. Nós vamos sugerir uma nova audiência para discutir esse tema."
syn_6f89da01829d,ffe531755c6def2e,expansion,REVERSE_ON_COMPARABLE,STANCE_MAINTAINED,STANCE_REVERSED,A Câmara deve aprovar o projeto que regulamenta o trabalho dos motoristas de aplicativo,A Câmara deve aprovar o projeto que regulamenta o trabalho dos motoristas de aplicativo,AGAINST,FAVOR,SYNTHETIC_EXPECTED,True,A Câmara deve aprovar o projeto que regulamenta o trabalho dos motoristas de aplicativo,FAVOR,0.8093,0.9469,True,,YES,YES,YES,YES,FAVOR,"A reescrita inverte claramente a posição original contrária para um apoio explícito ao PLP 12, mantendo o tema e os elementos centrais da fala, com ajustes coerentes nos argumentos para sustentar a nova posição, sem introduzir informações irrelevantes ou contraditórias.",True,,0,"Obrigado, Presidente da Mesa.

Cumprimento os Deputados, o Ministro, as autoridades presentes e agradeço a oportunidade de estar aqui falando sobre a regulamentação da categoria.

É importante dizer o seguinte, Ministro: sou motorista e rodo desde 2017 na cidade de Belo Horizonte. Desde o início, nós como motoristas buscamos participar deste debate. Os motoristas precisam ser ouvidos. Muito me alegra ver um governo que diz defender o trabalhador montar um GT, um grupo de trabalho para discutir a regulamentação. Participei da primeira reunião do GT como convidado, e foi um primeiro passo importante. Desde então, desde o início da montagem desse grupo de trabalho, temos acompanhado o debate. O Governo montou um grupo de trabalho e chamou centrais sindicais que podem representar os motoristas. Sabemos que a Constituição dá o direito a sindicatos, a centrais sindicais, e acreditamos na representação. Sabemos que, em alguns sindicatos, há motoristas, sim, sabemos que a Cacá é motorista, que há alguns motoristas neles, dois ou três, e que isso é um avanço. A representatividade, por exemplo, da Cacá, que é motorista, torna ela até muito responsável por esse projeto, pela construção, pela aceitação que o projeto obteve. Por quê? O motorista, qualquer motorista que rode, que sabe dos desafios, que conhece os desafios, entende a importância de uma regulamentação que traga direitos. Temos uma aprovação de muitos motoristas a este projeto. Quem é motorista de fato vai apoiar este projeto.

Estamos enfrentando uma dificuldade muito grande, e é exatamente por isso que precisamos da regulamentação. O Secretário da Previdência falou sobre o INSS. Somos favoráveis ao INSS, à contribuição, achamos que ela é importante. Assim como o meu colega Denis falou, já consta na Lei nº 13.640 a previsão da contribuição. Porém, ela não veio de forma obrigatória, e sabemos da dificuldade de fazer o pagamento. O Governo pode, sim, criar mecanismos para que o MEI seja ampliado. Assim como foi feito para os caminhoneiros, que também seja feito para os motoristas, de forma que ele também seja obrigatório, e consigamos ter a garantia previdenciária.

O Projeto de Lei Complementar nº 12 veio com vários pontos. Um deles, um dos principais, o que mobiliza toda a expectativa dos motoristas, é exatamente a forma de contribuição. A retenção, esse modelo de hora trabalhada, é um ponto de partida.

Estamos visitando todos os Deputados, temos contado com a participação dos Deputados desta Casa, porque é aqui que estamos sendo ouvidos. Quero gradecer ao Deputado Daniel Agrobom, o Presidente da frente parlamentar instituída, na qual estamos tendo voz.É importante dizer isso, deixar isso claro.

Qualquer projeto que os nobres Deputados forem votar precisa considerar a remuneração pelo quilômetro rodado e pelo tempo. O nosso carro, o principal custo do motorista, é baseado em quilômetro rodado e tempo. Então, quanto mais eu rodo, quanto mais eu fico na rua, mais ele vai se desgastando — é a depreciação, é o imposto, são os insumos do carro. O PLP 12 avança ao trazer essa discussão para o centro do debate, e é importante que ele tenha um ganho real para o motorista, o que vai trazer a aprovação dos motoristas.

Entendemos que o Governo tem uma grande oportunidade de criar um projeto que atenda o trabalhador. Da forma como foi instituído, este projeto é um passo importante.

Estamos realmente tendo gasto e prejuízo. Quando se fala em quilômetro rodado e tempo, alguns Deputados e o pessoal que não conhece o nosso dia a dia, da rua, podem não entender. Hoje a retenção da plataforma é flutuante. O Secretário falou que é de 5% a participação da plataforma e que é de 1,87%, se eu não me engano, a participação do motorista. O PLP 12 traz uma estrutura que pode organizar isso. Por quê? A regulamentação pode trazer transparência. Para cada motorista pode ser apresentado um valor mais justo. Sabemos e vemos hoje que as plataformas — as principais, as maiores, a Uber e a 99 — estão favoráveis a esse modelo, porque trará segurança jurídica para todos. Elas poderão repassar isso de forma organizada, o que beneficiará o motorista e o usuário. Com a regulamentação, o preço pode se tornar mais justo. Por quê? A demanda será melhor gerenciada. Teremos uma oferta mais estável de motoristas como temos hoje. Então, isso também estabiliza o preço para o usuário.

Você que é usuário, que está acompanhando esta audiência, saiba que este projeto de lei, da forma como se apresenta, vai trazer mais clareza, vai organizar o valor da corrida, porque a plataforma terá regras claras para seguir.

Esse modelo do PLP 12 é um avanço para o de quilômetro rodado e tempo. Ao mesmo tempo, é preciso haver transparência no modelo de retenção da plataforma. Ela precisa ser mais previsível, e o projeto abre caminho para isso. Quando a Uber começou aqui, era de 20%, depois subiu para 25% e agora é flutuante. Falamos que é um leilão. O preço da corrida varia demais. Então, a regulamentação pode ajudar a organizar esses valores. Sabemos que toda a conta precisa ser equilibrada. Então, é importante que estes dois princípios sejam considerados em qualquer regulamentação, e o PLP 12 avança nessa direção.

Desenvolvemos, através da frente parlamentar, uma proposta, a de nº 536, que foi protocolada em março de 2024. A elaboração da proposta 536, esta sim, teve a participação dos motoristas. Eu fui um deles. Neste plenário vemos vários outros que participaram da construção dela. Foram mais de 70 horas de trabalho.Há um detalhe: nós tivemos a contribuição de toda a Federação. Nós vimos motoristas representarem todo o Brasil.Várias lideranças do Brasil se debruçaram sobre um projeto que, sim, tem a aprovação dos motoristas. Este projeto contempla nossas necessidades, até mesmo a necessidade arrecadatória do Governo, que está prevista no projeto. Ele protege o motorista. O motorista realmente é um autônomo, pode definir se quer contribuir, como contribuinte individual, para o MEI, na ordem de 11% ou 20%. O projeto realmente nos dá autonomia.

Ainda faltam outros detalhes no projeto, como pensar as necessidades do motorista em relação à frota, com isenção de IPI e IOF. Isso pode ser aprimorado. Há também o Imposto de Renda. Hoje o Imposto de Renda do motorista é baseado em 60% do valor bruto, e 40% são considerados custos. O próprio Governo chegou ao entendimento de que 25% representam ganho real. Nosso ganho real é, de fato, muito baixo, portanto o Imposto de Renda também precisa passar por uma equiparação neste modelo, nesta proposta, na aprovação que o Governo precisa fazer.

Para finalizar, Deputado, nós precisamos que sejam realmente vistos estes pontos que eu mencionei. Precisamos que o Governo e os nobres Deputados apoiem este projeto em vista do avanço que ele representa, para que nós possamos ter uma regulamentação aprovada nesta Casa com o PLP 12, que, sim, atende às nossas necessidades.

Muito obrigado.(Palmas.)"
syn_cbd48cb23569,ffe531755c6def2e,expansion,NEGATED_PARAPHRASE,STANCE_MAINTAINED,STANCE_MAINTAINED,A Câmara deve aprovar o projeto que regulamenta o trabalho dos motoristas de aplicativo,A Câmara deve aprovar o projeto que regulamenta o trabalho dos motoristas de aplicativo,AGAINST,AGAINST,SYNTHETIC_EXPECTED,True,A Câmara deve aprovar o projeto que regulamenta o trabalho dos motoristas de aplicativo,AGAINST,0.9772,1.0014,True,,YES,YES,YES,YES,AGAINST,"A reescrita substituiu expressões diretas de oposição por construções com negação lógica ('não pode aceitar', 'não será aceito', 'não aprovem') mantendo a posição contrária ao projeto original. O conteúdo e a estrutura foram preservados sem acréscimos relevantes, a coerência interna é mantida e a linguagem soa natural em português parlamentar.",True,,2,"Obrigado, Presidente da Mesa.

Cumprimento os Deputados, o Ministro, as autoridades presentes e agradeço a oportunidade de estar aqui falando sobre a regulamentação da categoria.

É importante dizer o seguinte, Ministro: sou motorista e rodo desde 2017 na cidade de Belo Horizonte. Desde o início, nós como motoristas fomos excluídos deste debate. Os motoristas foram excluídos. Muito me admira um governo que diz defender o trabalhador montar um GT, um grupo de trabalho do qual o próprio trabalhador foi excluído. Participei da primeira reunião do GT como convidado, mas não tive direito a voz, não tive direito a voto e fui praticamente expulso da reunião. Desde então, desde o início da montagem desse grupo de trabalho, tentamos participar do debate. Fomos totalmente ignorados. O Governo montou um grupo de trabalho e chamou centrais sindicais pelas quais os motoristas não se sentem representados. Apesar de sabermos que a Constituição dá o direito a sindicatos, a centrais sindicais, não nos sentimos representados. Por quê? Sabemos que, em alguns sindicatos, há motoristas, sim, sabemos que a Cacá é motorista, que há alguns motoristas neles, dois ou três, mas que a grande maioria não é, e não conhece os desafios que temos na rua. A representatividade, por exemplo, da Cacá, que é motorista, torna ela até muito responsável por esse projeto, pela dificuldade, pela rejeição que o projeto obteve. Por quê? O motorista, qualquer motorista que rode, que sabe dos desafios, que conhece os desafios, não pode aceitar o projeto da forma como ele foi apresentado. Temos uma rejeição de mais de 98% dos motoristas a este projeto. Quem é motorista de fato não vai apoiar este projeto.

Estamos enfrentando uma dificuldade muito grande, e não é porque não queremos regulamentação. O Secretário da Previdência falou sobre o INSS. Não somos contra o INSS, à contribuição, não achamos que ela seja dispensável. Assim como o meu colega Denis falou, já consta na Lei nº 13.640 a previsão da contribuição. Porém, ela não veio de forma obrigatória, e sabemos da dificuldade de fazer o pagamento. O Governo não pode deixar de criar mecanismos para que o MEI seja ampliado. Assim como foi feito para os caminhoneiros, que também seja feito para os motoristas, de forma que ele também seja obrigatório, e consigamos ter a garantia previdenciária.

O Projeto de Lei Complementar nº 12 veio com vários pontos. Um deles, um dos principais, o que mobiliza toda a rejeição dos motoristas, é exatamente a forma de contribuição. A retenção, esse modelo de hora trabalhada, não nos atende.

Estamos visitando todos os Deputados, temos contado com a participação dos Deputados desta Casa, porque é aqui que estamos sendo ouvidos. Quero gradecer ao Deputado Daniel Agrobom, o Presidente da frente parlamentar instituída, na qual estamos tendo voz.É importante dizer isso, deixar isso claro.

Qualquer projeto que os nobres Deputados forem votar não pode ignorar a remuneração pelo quilômetro rodado e pelo tempo. O nosso carro, o principal custo do motorista, é baseado em quilômetro rodado e tempo. Então, quanto mais eu rodo, quanto mais eu fico na rua, mais ele vai se desgastando — é a depreciação, é o imposto, são os insumos do carro. Qualquer projeto que desconsiderar quilômetro rodado e tempo como custo principal — e é importante dizer que ele precisa ter um ganho real para o motorista — não será aceito pelos motoristas.

Entendemos que o Governo não pode perder a oportunidade de criar um projeto que atenda o trabalhador. Da forma como foi instituído, este não nos atende.

Estamos realmente tendo gasto e prejuízo. Quando se fala em quilômetro rodado e tempo, alguns Deputados e o pessoal que não conhece o nosso dia a dia, da rua, podem não entender. Hoje a retenção da plataforma é flutuante. O Secretário falou que é de 5% a participação da plataforma e que é de 1,87%, se eu não me engano, a participação do motorista. Não. Esses 7% no total vão sair do motorista. Por quê? A retenção da plataforma é flutuante. Então, a mesma corrida que o senhor chamar para determinado local, e o nobre Ministro ou o Deputado fizer, para o mesmo trajeto, vai apresentar um valor para o senhor e um valor diferente para mim. Para cada motorista vai ser apresentado um valor diferente. Não é um valor igual para ambos. Sabemos e vemos hoje que as plataformas — as principais, as maiores, a Uber e a 99 — estão favoráveis a esse modelo, porque não vai sair do bolso delas. Elas vão repassar isso, e vai cair sobre as costas do motorista e do usuário. Não se enganem, o preço vai aumentar. Por quê? A demanda vai aumentar. Não teremos uma oferta tão boa de motoristas como temos hoje. Então, isso também eleva o preço para o usuário.

Você que é usuário, que está acompanhando esta audiência, saiba que este projeto de lei, da forma como se apresenta, vai encarecer, vai aumentar o valor da corrida, porque a plataforma não vai tirar dos seus ganhos, ela vai tirar do motorista e do usuário.

Esse modelo tem que ser alterado para o de quilômetro rodado e tempo. Ao mesmo tempo, é preciso haver transparência no modelo de retenção da plataforma. Ela precisa ser fixa, para dar previsibilidade, assim como era no início. Quando a Uber começou aqui, era de 20%, depois subiu para 25% e agora é flutuante. Falamos que é um leilão. O preço da corrida varia demais. Então, ela consegue retirar esses valores do usuário e do motorista. Sabemos que toda a conta vem para as costas do motorista. Então, é importante que estes dois princípios não sejam ignorados em qualquer regulamentação, e o PLP 12 não contempla eles.

Desenvolvemos, através da frente parlamentar, uma proposta, a de nº 536, que foi protocolada em março de 2024. A elaboração da proposta 536, esta sim, teve a participação dos motoristas. Eu fui um deles. Neste plenário vemos vários outros que participaram da construção dela. Foram mais de 70 horas de trabalho.Há um detalhe: nós tivemos a contribuição de toda a Federação. Nós vimos motoristas representarem todo o Brasil.Várias lideranças do Brasil se debruçaram sobre um projeto que, sim, tem a aprovação dos motoristas. Este projeto contempla nossas necessidades, até mesmo a necessidade arrecadatória do Governo, que está prevista no projeto. Ele protege o motorista. O motorista realmente é um autônomo, pode definir se quer contribuir, como contribuinte individual, para o MEI, na ordem de 11% ou 20%. O projeto realmente nos dá autonomia.

Ainda faltam outros detalhes no projeto, como pensar as necessidades do motorista em relação à frota, com isenção de IPI e IOF. Isso não foi dito. Há também o Imposto de Renda. Hoje o Imposto de Renda do motorista é baseado em 60% do valor bruto, e 40% são considerados custos. O próprio Governo chegou ao entendimento de que 25% representam ganho real. Nosso ganho real é, de fato, muito baixo, portanto o Imposto de Renda também precisa passar por uma equiparação neste modelo, nesta proposta, na aprovação que o Governo precisa fazer.

Para finalizar, Deputado, nós precisamos que sejam realmente vistos estes pontos que eu mencionei. Precisamos que o Governo altere e os nobres Deputados não aprovem este projeto em vista de como ele se apresenta, para que nós possamos fazer um novo texto e colocar em apreciação nesta Casa o PL 536/24, que, sim, atende às nossas necessidades.

Muito obrigado.(Palmas.)"
syn_32eb1fccde21,ffe531755c6def2e,expansion,SHIFT_PROPOSITION,STANCE_MAINTAINED,INCOMPARABLE,A Câmara deve aprovar o projeto que regulamenta o trabalho dos motoristas de aplicativo,A Câmara deve aprovar o projeto que regulamenta o trabalho dos motoristas de aplicativo,AGAINST,NOT_ADDRESSED,SYNTHETIC_EXPECTED,True,O Governo deve instituir um grupo de trabalho exclusivo com motoristas de aplicativo para debater a regulamentação da categoria.,AGAINST,0.9522,1.0019,True,,YES,YES,YES,YES,NOT_ADDRESSED,"A reescrita muda a proposição-alvo do projeto de lei para o grupo de trabalho, mantendo o tema e vocabulário, sem posicionar sobre o projeto original. O conteúdo restante é preservado, a fala é coerente e soa natural.",True,,0,"Obrigado, Presidente da Mesa.

Cumprimento os Deputados, o Ministro, as autoridades presentes e agradeço a oportunidade de estar aqui falando sobre a regulamentação da categoria.

É importante dizer o seguinte, Ministro: sou motorista e rodo desde 2017 na cidade de Belo Horizonte. Desde o início, nós como motoristas fomos excluídos deste debate. Os motoristas foram excluídos. Muito me admira um governo que diz defender o trabalhador montar um GT, um grupo de trabalho do qual o próprio trabalhador foi excluído. Participei da primeira reunião do GT como convidado, mas não tive direito a voz, não tive direito a voto e fui praticamente expulso da reunião. Desde então, desde o início da montagem desse grupo de trabalho, tentamos participar do debate. Fomos totalmente ignorados. O Governo montou um grupo de trabalho e chamou centrais sindicais pelas quais os motoristas não se sentem representados. Apesar de sabermos que a Constituição dá o direito a sindicatos, a centrais sindicais, não nos sentimos representados. Por quê? Sabemos que, em alguns sindicatos, há motoristas, sim, sabemos que a Cacá é motorista, que há alguns motoristas neles, dois ou três, mas que a grande maioria não é, e não conhece os desafios que temos na rua. A representatividade, por exemplo, da Cacá, que é motorista, torna ela até muito responsável por esse projeto, pela dificuldade, pela rejeição que o projeto obteve. Por quê? O motorista, qualquer motorista que rode, que sabe dos desafios, que conhece os desafios, é totalmente contrário ao grupo de trabalho da forma como ele foi apresentado. Temos uma rejeição de mais de 98% dos motoristas a este grupo de trabalho. Quem é motorista de fato vai rejeitar este grupo de trabalho.

Estamos enfrentando uma dificuldade muito grande, e não é porque não queremos regulamentação. O Secretário da Previdência falou sobre o INSS. Somos favoráveis ao INSS, à contribuição, achamos que ela é importante. Assim como o meu colega Denis falou, já consta na Lei nº 13.640 a previsão da contribuição. Porém, ela não veio de forma obrigatória, e sabemos da dificuldade de fazer o pagamento. O Governo pode, sim, criar mecanismos para que o MEI seja ampliado. Assim como foi feito para os caminhoneiros, que também seja feito para os motoristas, de forma que ele também seja obrigatório, e consigamos ter a garantia previdenciária.

O grupo de trabalho veio com vários pontos. Um deles, um dos principais, o que mobiliza toda a rejeição dos motoristas, é exatamente a forma de composição. A exclusão dos motoristas, esse modelo de representação indireta, não nos atende.

Estamos visitando todos os Deputados, temos contado com a participação dos Deputados desta Casa, porque é aqui que estamos sendo ouvidos. Quero gradecer ao Deputado Daniel Agrobom, o Presidente da frente parlamentar instituída, na qual estamos tendo voz.É importante dizer isso, deixar isso claro.

Qualquer grupo de trabalho que o Governo for montar precisa considerar a participação direta dos motoristas. O nosso dia a dia, a principal necessidade do motorista, é baseada em quilômetro rodado e tempo. Então, quanto mais eu rodo, quanto mais eu fico na rua, mais ele vai se desgastando — é a depreciação, é o imposto, são os insumos do carro. Qualquer grupo que não considerar a experiência real do motorista como critério principal — e é importante dizer que ele precisa ter voz ativa — vai ser rejeitado pelos motoristas.

Entendemos que o Governo tem uma grande oportunidade de criar um grupo que atenda o trabalhador. Da forma como foi instituído, este não nos atende.

Estamos realmente tendo gasto e prejuízo. Quando se fala em participação direta, alguns Deputados e o pessoal que não conhece o nosso dia a dia, da rua, podem não entender. Hoje a representação é indireta. O Secretário falou que é de 5% a participação da plataforma e que é de 1,87%, se eu não me engano, a participação do motorista. Não. Esses 7% no total vão sair do motorista. Por quê? A retenção da plataforma é flutuante. Então, a mesma corrida que o senhor chamar para determinado local, e o nobre Ministro ou o Deputado fizer, para o mesmo trajeto, vai apresentar um valor para o senhor e um valor diferente para mim. Para cada motorista vai ser apresentado um valor diferente. Não é um valor igual para ambos. Sabemos e vemos hoje que as plataformas — as principais, as maiores, a Uber e a 99 — estão favoráveis a esse modelo, porque não vai sair do bolso delas. Elas vão repassar isso, e vai cair sobre as costas do motorista e do usuário. Não se enganem, o preço vai aumentar. Por quê? A demanda vai aumentar. Não teremos uma oferta tão boa de motoristas como temos hoje. Então, isso também eleva o preço para o usuário.

Você que é usuário, que está acompanhando esta audiência, saiba que este grupo de trabalho, da forma como se apresenta, vai encarecer, vai aumentar o valor da corrida, porque a plataforma não vai tirar dos seus ganhos, ela vai tirar do motorista e do usuário.

Esse modelo tem que ser alterado para o de participação direta. Ao mesmo tempo, é preciso haver transparência no modelo de retenção da plataforma. Ela precisa ser fixa, para dar previsibilidade, assim como era no início. Quando a Uber começou aqui, era de 20%, depois subiu para 25% e agora é flutuante. Falamos que é um leilão. O preço da corrida varia demais. Então, ela consegue retirar esses valores do usuário e do motorista. Sabemos que toda a conta vem para as costas do motorista. Então, é importante que estes dois princípios sejam considerados em qualquer regulamentação, e o grupo de trabalho não contempla eles.

Desenvolvemos, através da frente parlamentar, uma proposta, a de nº 536, que foi protocolada em março de 2024. A elaboração da proposta 536, esta sim, teve a participação dos motoristas. Eu fui um deles. Neste plenário vemos vários outros que participaram da construção dela. Foram mais de 70 horas de trabalho.Há um detalhe: nós tivemos a contribuição de toda a Federação. Nós vimos motoristas representarem todo o Brasil.Várias lideranças do Brasil se debruçaram sobre um projeto que, sim, tem a aprovação dos motoristas. Este projeto contempla nossas necessidades, até mesmo a necessidade arrecadatória do Governo, que está prevista no projeto. Ele protege o motorista. O motorista realmente é um autônomo, pode definir se quer contribuir, como contribuinte individual, para o MEI, na ordem de 11% ou 20%. O projeto realmente nos dá autonomia.

Ainda faltam outros detalhes no projeto, como pensar as necessidades do motorista em relação à frota, com isenção de IPI e IOF. Isso não foi dito. Há também o Imposto de Renda. Hoje o Imposto de Renda do motorista é baseado em 60% do valor bruto, e 40% são considerados custos. O próprio Governo chegou ao entendimento de que 25% representam ganho real. Nosso ganho real é, de fato, muito baixo, portanto o Imposto de Renda também precisa passar por uma equiparação neste modelo, nesta proposta, na aprovação que o Governo precisa fazer.

Para finalizar, Deputado, nós precisamos que sejam realmente vistos estes pontos que eu mencionei. Precisamos que o Governo altere e os nobres Deputados rejeitem este grupo de trabalho em vista de como ele se apresenta, para que nós possamos fazer um novo texto e colocar em apreciação nesta Casa o PL 536/24, que, sim, atende às nossas necessidades.

Muito obrigado.(Palmas.)"
